/**
 * generated by fontconvert.py
 * name: notosans_8_regular
 * size: 8
 * mode: 1-bit
 * Command used: fontconvert.py notosans_8_regular 8 ../builtinFonts/source/NotoSans/NotoSans-Regular.ttf ../builtinFonts/source/NotoSansHebrew/NotoSansHebrew-Regular.ttf ../builtinFonts/source/NotoSansArabic/NotoSansArabic-Regular.ttf ../builtinFonts/source/NotoSansKR/NotoSansKR-Regular.otf --additional-intervals 0x05D0,0x05EA --additional-intervals 0x060C,0x060C --additional-intervals 0x061B,0x061B --additional-intervals 0x061F,0x061F --additional-intervals 0x0621,0x0621 --additional-intervals 0x0640,0x0640 --additional-intervals 0x0660,0x0669 --additional-intervals 0x06BA,0x06BA --additional-intervals 0x06D4,0x06D4 --additional-intervals 0x06F0,0x06F9 --additional-intervals 0xFB56,0xFB59 --additional-intervals 0xFB66,0xFB69 --additional-intervals 0xFB7A,0xFB7D --additional-intervals 0xFB88,0xFB95 --additional-intervals 0xFB9E,0xFB9F --additional-intervals 0xFBA6,0xFBB1 --additional-intervals 0xFBFC,0xFBFF --additional-intervals 0xFE80,0xFEFC --additional-intervals 0x3131,0x3163 --additional-intervals 0xAC00,0xD7A3
 */
#pragma once
#include "EpdFontData.h"

static const uint8_t notosans_8_regularBitmaps[90215] = {
    0xDB, 0x6D, 0xB6, 0xC3, 0xF4, 0xDE, 0xF7, 0xBD, 0x80, 0x0D, 0x83, 0x30, 0x66, 0x3F, 0xF7, 0xFE,
    0x36, 0x04, 0xC7, 0xFE, 0xFF, 0xC6, 0x40, 0xD8, 0x1B, 0x00, 0x18, 0x18, 0xFE, 0xFE, 0xD8, 0xF8,
    0xFC, 0x3E, 0x1F, 0x1B, 0xFF, 0xFE, 0x38, 0x18, 0x00, 0x01, 0xE1, 0x86, 0xCC, 0x13, 0x30, 0xCD,
    0x83, 0x36, 0x86, 0xFF, 0x9F, 0xF6, 0x36, 0xD8, 0x1B, 0x60, 0xCD, 0x87, 0x36, 0x18, 0x78, 0x00,
    0x80, 0x00, 0x01, 0xF8, 0x0F, 0xC0, 0x66, 0x03, 0x30, 0x1F, 0x80, 0x70, 0x0F, 0xCE, 0x67, 0x63,
    0x1F, 0x18, 0x70, 0xFF, 0xC3, 0xF7, 0x04, 0x00, 0xFF, 0xC0, 0x39, 0x9C, 0xC6, 0x73, 0x9C, 0xE7,
    0x18, 0xC7, 0x18, 0x60, 0xE3, 0x1C, 0x63, 0x1C, 0xE7, 0x39, 0xCC, 0x67, 0x33, 0x00, 0x1C, 0x0E,
    0x13, 0x5F, 0xF7, 0xF1, 0xF0, 0xD8, 0x6C, 0x0C, 0x06, 0x03, 0x0F, 0xFF, 0xF8, 0x60, 0x30, 0x18,
    0x08, 0x00, 0x66, 0x6C, 0x40, 0x77, 0xDE, 0x1F, 0xA0, 0x0C, 0x18, 0x70, 0xC1, 0x86, 0x0C, 0x38,
    0x60, 0xC3, 0x86, 0x00, 0x00, 0x1F, 0x1F, 0xCC, 0x76, 0x1B, 0x0F, 0x87, 0xC3, 0x61, 0xB0, 0xD8,
    0xEE, 0xE3, 0xE0, 0x40, 0x1B, 0xFE, 0xB1, 0x8C, 0x63, 0x18, 0xC6, 0x30, 0x00, 0x3F, 0x1F, 0xC0,
    0x70, 0x38, 0x18, 0x1C, 0x0C, 0x0C, 0x0C, 0x0C, 0x0F, 0xFF, 0xF8, 0x00, 0x3F, 0x9F, 0xC0, 0x70,
    0x38, 0x38, 0xF8, 0x7E, 0x03, 0x80, 0xC0, 0xFC, 0xEF, 0xF0, 0xC0, 0x07, 0x03, 0xC0, 0xF0, 0x6C,
    0x3B, 0x0C, 0xC6, 0x33, 0x8C, 0xFF, 0xFF, 0xE0, 0x30, 0x0C, 0xFE, 0xFE, 0xC0, 0xC0, 0xF8, 0xFE,
    0x0F, 0x03, 0x03, 0x07, 0xEE, 0xFC, 0x30, 0x00, 0x0F, 0x8F, 0xCE, 0x06, 0x03, 0x71, 0xFC, 0xE7,
    0x61, 0xB0, 0xD8, 0x6E, 0xF3, 0xF0, 0x60, 0xFF, 0xBF, 0xC0, 0xE0, 0x60, 0x70, 0x30, 0x38, 0x18,
    0x1C, 0x0C, 0x06, 0x07, 0x00, 0x00, 0x1F, 0x9F, 0xCC, 0x76, 0x3B, 0xB8, 0xF8, 0x7E, 0x63, 0xF0,
    0xF8, 0x6E, 0x73, 0xF0, 0x40, 0x00, 0x1F, 0x1F, 0xCC, 0x7E, 0x1F, 0x0D, 0x8E, 0xFF, 0x3D, 0x81,
    0xC0, 0xC1, 0xE7, 0xE1, 0x80, 0x1F, 0x80, 0x00, 0xFD, 0x00, 0x07, 0x60, 0x00, 0x00, 0x66, 0x6C,
    0x00, 0x00, 0x00, 0xC1, 0xE3, 0xC7, 0x83, 0x80, 0xF8, 0x1F, 0x01, 0x80, 0x00, 0x7F, 0x3F, 0xC0,
    0x00, 0x07, 0xFB, 0xFC, 0x00, 0x70, 0x1E, 0x03, 0xC0, 0x78, 0x3C, 0x7C, 0xF0, 0xE0, 0x00, 0x00,
    0x01, 0xFB, 0xF8, 0x30, 0x61, 0xC7, 0x1C, 0x30, 0x60, 0x01, 0x83, 0x00, 0x00, 0x07, 0xE0, 0x3F,
    0xF0, 0xE0, 0x63, 0x9F, 0x66, 0x7E, 0xCD, 0x8D, 0x9B, 0x1B, 0x36, 0x76, 0x6C, 0xEC, 0xCF, 0xF1,
    0x88, 0x41, 0xC1, 0x01, 0xFE, 0x00, 0xF8, 0x00, 0x0E, 0x01, 0xC0, 0x78, 0x0D, 0x81, 0xB0, 0x67,
    0x0C, 0x63, 0xFC, 0x7F, 0xCC, 0x1B, 0x03, 0x60, 0x30, 0xFF, 0x7F, 0xF8, 0xFC, 0x3E, 0x3F, 0xFB,
    0xFF, 0xC3, 0xE1, 0xF0, 0xFF, 0xFF, 0xE0, 0x00, 0x0F, 0xE7, 0xFB, 0x80, 0xC0, 0x30, 0x0C, 0x03,
    0x00, 0xC0, 0x30, 0x0E, 0x01, 0xFE, 0x3F, 0x81, 0x80, 0xFF, 0x1F, 0xF3, 0x87, 0x70, 0x6E, 0x0D,
    0xC1, 0xF8, 0x3F, 0x06, 0xE0, 0xDC, 0x3B, 0xFE, 0x7F, 0x80, 0xFF, 0xFE, 0xE0, 0xE0, 0xE0, 0xFE,
    0xFE, 0xE0, 0xE0, 0xE0, 0xFE, 0xFF, 0xFF, 0xFE, 0xE0, 0xE0, 0xE0, 0xFE, 0xFE, 0xE0, 0xE0, 0xE0,
    0xE0, 0xE0, 0x00, 0x07, 0xF7, 0xFD, 0x80, 0xE0, 0x30, 0x0C, 0x3F, 0x1F, 0xC0, 0xF0, 0x3E, 0x0D,
    0xFF, 0x3F, 0xC1, 0x80, 0xC0, 0xF8, 0x3E, 0x0F, 0x83, 0xE0, 0xFF, 0xFF, 0xFF, 0x83, 0xE0, 0xF8,
    0x3E, 0x0F, 0x83, 0xFB, 0x8C, 0x63, 0x18, 0xC6, 0x31, 0x8D, 0xF0, 0x18, 0x61, 0x86, 0x18, 0x61,
    0x86, 0x18, 0x61, 0x86, 0x19, 0xEF, 0x90, 0xC1, 0xB8, 0xCE, 0x63, 0xB8, 0xFC, 0x3E, 0x0F, 0xC3,
    0xB0, 0xE6, 0x39, 0xCE, 0x3B, 0x86, 0xC0, 0xE0, 0xE0, 0xE0, 0xE0, 0xE0, 0xE0, 0xE0, 0xE0, 0xE0,
    0xFE, 0xFF, 0xE0, 0x3F, 0x83, 0xFC, 0x1F, 0xE0, 0xFD, 0x8D, 0xEC, 0x6F, 0x77, 0x79, 0xB3, 0xCD,
    0x9E, 0x38, 0xF1, 0xC7, 0x8E, 0x30, 0xE0, 0xDE, 0x1B, 0xC3, 0x7C, 0x6D, 0xCD, 0x99, 0xB3, 0xB6,
    0x3E, 0xC3, 0xD8, 0x7B, 0x07, 0x60, 0x60, 0x00, 0x07, 0xF1, 0xFF, 0x70, 0x7C, 0x07, 0x80, 0xF0,
    0x1E, 0x03, 0xC0, 0x78, 0x0F, 0x83, 0xBF, 0xE3, 0xF8, 0x08, 0x00, 0xFE, 0x7F, 0xB8, 0xDC, 0x7E,
    0x37, 0x3B, 0xF9, 0xF0, 0xE0, 0x70, 0x38, 0x1C, 0x00, 0x00, 0x07, 0xF1, 0xFF, 0x70, 0x7C, 0x07,
    0x80, 0xF0, 0x1E, 0x03, 0xC0, 0x78, 0x0F, 0x83, 0xBF, 0xE3, 0xF8, 0x0F, 0x00, 0x70, 0x0E, 0xFE,
    0x3F, 0xCE, 0x33, 0x8E, 0xE3, 0x3F, 0xCF, 0xE3, 0xB8, 0xE6, 0x39, 0xCE, 0x3B, 0x86, 0x00, 0x1F,
    0x9F, 0xCC, 0x06, 0x03, 0x80, 0xF0, 0x3E, 0x03, 0x81, 0xC0, 0xFF, 0xE7, 0xE0, 0xC0, 0xFF, 0xBF,
    0xE0, 0xC0, 0x30, 0x0C, 0x03, 0x00, 0xC0, 0x30, 0x0C, 0x03, 0x00, 0xC0, 0x30, 0xC0, 0xF0, 0x3C,
    0x0F, 0x03, 0xC0, 0xF0, 0x3C, 0x0F, 0x03, 0xC0, 0xF8, 0x77, 0xF8, 0xFC, 0x0C, 0x00, 0xC0, 0xF0,
    0x3E, 0x1D, 0x86, 0x63, 0x8C, 0xC3, 0x30, 0xFC, 0x1E, 0x07, 0x81, 0xE0, 0x30, 0xC3, 0x87, 0xE3,
    0x86, 0xE3, 0xC6, 0x63, 0xCE, 0x66, 0xCC, 0x76, 0xCC, 0x36, 0x6C, 0x3E, 0x7C, 0x3C, 0x78, 0x3C,
    0x78, 0x1C, 0x38, 0x18, 0x38, 0xE1, 0xD8, 0x67, 0x30, 0xFC, 0x1E, 0x07, 0x01, 0xE0, 0x78, 0x37,
    0x1C, 0xE6, 0x1B, 0x07, 0xC1, 0xF8, 0x66, 0x39, 0xCC, 0x36, 0x07, 0x81, 0xC0, 0x30, 0x0C, 0x03,
    0x00, 0xC0, 0x30, 0xFF, 0xBF, 0xC0, 0xC0, 0xE0, 0xE0, 0x60, 0x70, 0x70, 0x30, 0x38, 0x3F, 0xFF,
    0xF0, 0xF7, 0xB1, 0x8C, 0x63, 0x18, 0xC6, 0x31, 0x8C, 0x7B, 0xC0, 0xC1, 0xC1, 0x83, 0x07, 0x06,
    0x0C, 0x0C, 0x18, 0x30, 0x30, 0x60, 0xFF, 0xCE, 0x73, 0x9C, 0xE7, 0x39, 0xCE, 0x73, 0xFF, 0xC0,
    0x0C, 0x0E, 0x07, 0x86, 0xC3, 0x33, 0x19, 0x87, 0x83, 0x7F, 0xBF, 0xC0, 0xE3, 0x8C, 0x00, 0x3F,
    0x37, 0x03, 0x1F, 0x7F, 0x63, 0xE3, 0x67, 0x7F, 0x10, 0xC0, 0x60, 0x30, 0x18, 0x0F, 0xE7, 0xFB,
    0x8D, 0x87, 0xC3, 0xE1, 0xF8, 0xDE, 0xEF, 0xE0, 0x40, 0x00, 0x3F, 0x7E, 0x60, 0x60, 0x60, 0x60,
    0x60, 0x7F, 0x3F, 0x0C, 0x01, 0x80, 0xC0, 0x60, 0x33, 0xFB, 0xFD, 0x86, 0xC3, 0x61, 0xB0, 0xD8,
    0x6E, 0xF3, 0xF8, 0x40, 0x00, 0x1F, 0x9F, 0xCC, 0x77, 0xFB, 0xFD, 0x80, 0xC0, 0x7B, 0x1F, 0x81,
    0x00, 0x1E, 0x7C, 0xC3, 0x8F, 0xDF, 0x1C, 0x38, 0x70, 0xE1, 0xC3, 0x87, 0x00, 0x00, 0x1F, 0xDF,
    0xEC, 0x36, 0x1B, 0x0D, 0x86, 0xC3, 0x73, 0x9F, 0xC2, 0x60, 0x37, 0xFB, 0xF8, 0xC0, 0xC0, 0xC0,
    0xC0, 0xFE, 0xFF, 0xE3, 0xC3, 0xC3, 0xC3, 0xC3, 0xC3, 0xC3, 0x5B, 0x0D, 0xB6, 0xDB, 0x6C, 0x11,
    0x8C, 0x03, 0x18, 0xC6, 0x31, 0x8C, 0x63, 0x18, 0xDE, 0xF0, 0xC0, 0xC0, 0xC0, 0xC0, 0xC7, 0xCE,
    0xDC, 0xF8, 0xF8, 0xFC, 0xCC, 0xCE, 0xC7, 0xFF, 0xFF, 0xFF, 0xC0, 0x00, 0x03, 0xFB, 0xEF, 0xFF,
    0xB8, 0xC7, 0xC3, 0x1F, 0x0C, 0x7C, 0x31, 0xF0, 0xC7, 0xC3, 0x1F, 0x0C, 0x70, 0x00, 0xFE, 0xFF,
    0xE3, 0xC3, 0xC3, 0xC3, 0xC3, 0xC3, 0xC3, 0x00, 0x0F, 0xC7, 0xF9, 0x86, 0x61, 0x98, 0x76, 0x19,
    0x86, 0x73, 0x8F, 0xC0, 0xC0, 0x00, 0x7F, 0x3F, 0xDC, 0x6C, 0x3E, 0x1F, 0x0F, 0xC6, 0xF7, 0x7F,
    0x32, 0x18, 0x0C, 0x06, 0x00, 0x00, 0x1F, 0xDF, 0xEC, 0x36, 0x1B, 0x0D, 0x86, 0xC3, 0x73, 0x9F,
    0xC2, 0x60, 0x30, 0x18, 0x0C, 0x03, 0xFF, 0xF8, 0xC3, 0x0C, 0x30, 0xC3, 0x00, 0x00, 0x7E, 0x7E,
    0xE0, 0x78, 0x3E, 0x0E, 0x07, 0x66, 0x7E, 0x10, 0x21, 0x8F, 0xFE, 0x61, 0x86, 0x18, 0x61, 0xC3,
    0xC2, 0xC3, 0xC3, 0xC3, 0xC3, 0xC3, 0xC3, 0xC3, 0xEF, 0x7F, 0x10, 0xC3, 0xE1, 0x98, 0xCC, 0xE7,
    0x61, 0xB0, 0xF0, 0x78, 0x1C, 0x00, 0xC7, 0x1E, 0x38, 0xF9, 0xCE, 0xDB, 0x66, 0xDB, 0x36, 0xD8,
    0xE3, 0xC7, 0x1C, 0x38, 0xE0, 0xE3, 0x3B, 0x8D, 0x87, 0x81, 0xC1, 0xE0, 0xD8, 0xCE, 0xE3, 0x80,
    0xC3, 0xF1, 0x98, 0xCC, 0xE7, 0x61, 0xB0, 0xF0, 0x38, 0x1C, 0x0C, 0x06, 0x1E, 0x0F, 0x00, 0x7E,
    0x7E, 0x0E, 0x1C, 0x18, 0x30, 0x70, 0x7E, 0xFF, 0x1C, 0xF3, 0x0C, 0x30, 0xCF, 0x38, 0x70, 0xC3,
    0x0C, 0x30, 0x70, 0xC0, 0x6D, 0xB6, 0xDB, 0x6D, 0xB6, 0xDB, 0x60, 0xE3, 0xC3, 0x0C, 0x30, 0xC3,
    0xC7, 0x38, 0xC3, 0x0C, 0x33, 0xCE, 0x00, 0x7D, 0xFF, 0xC0, 0x80, 0x1F, 0x8D, 0xB6, 0xDB, 0x6C,
    0x00, 0x00, 0x18, 0x3E, 0x7E, 0x60, 0xE0, 0xC0, 0xC0, 0xE0, 0x60, 0x7E, 0x3E, 0x18, 0x08, 0x00,
    0x0F, 0xCF, 0xE6, 0x03, 0x01, 0x83, 0xF9, 0xFC, 0x30, 0x18, 0x0C, 0x1F, 0xFF, 0xF8, 0x49, 0x3F,
    0xCC, 0xCC, 0x66, 0x13, 0x99, 0xFC, 0xDB, 0xC1, 0x98, 0x66, 0x30, 0xCC, 0x36, 0x07, 0x87, 0xF1,
    0xFC, 0x3F, 0x1F, 0xC0, 0xC0, 0x30, 0x6D, 0xB6, 0xD8, 0x01, 0x36, 0xDB, 0x60, 0x3E, 0x7E, 0x60,
    0x78, 0x3E, 0x6F, 0x63, 0x73, 0x3E, 0x0E, 0x03, 0x67, 0x7E, 0x00, 0x03, 0x6C, 0x80, 0x00, 0x00,
    0x7F, 0x03, 0x87, 0x1D, 0xEC, 0x6F, 0x99, 0x30, 0x2C, 0xC0, 0xB3, 0x02, 0x4C, 0x09, 0xBE, 0x66,
    0x7B, 0x0E, 0x1C, 0x1F, 0xE0, 0x0C, 0x00, 0x01, 0xE0, 0x9F, 0xCF, 0xF7, 0x80, 0x1B, 0x37, 0x7E,
    0xEC, 0x6E, 0x37, 0x1B, 0x00, 0x7F, 0xFF, 0xC0, 0x60, 0x30, 0x18, 0x77, 0xDE, 0x00, 0x00, 0x7F,
    0x03, 0x87, 0x1F, 0xEC, 0x6F, 0xD9, 0x33, 0x2C, 0xFC, 0xB3, 0xE2, 0x4D, 0x89, 0xB3, 0x66, 0xCF,
    0x0E, 0x1C, 0x1F, 0xE0, 0x0C, 0x00, 0x7F, 0xDF, 0xF0, 0x00, 0xF9, 0xB2, 0x36, 0xCF, 0x80, 0x00,
    0x0C, 0x06, 0x03, 0x0F, 0xF7, 0xF8, 0x60, 0x30, 0x18, 0x7F, 0xFF, 0xC0, 0x33, 0xE5, 0x86, 0x18,
    0xC6, 0x3E, 0x00, 0x33, 0xE1, 0x86, 0x78, 0x30, 0xFE, 0x20, 0x33, 0xB8, 0xC3, 0xC3, 0xC3, 0xC3,
    0xC3, 0xC3, 0xC3, 0xE7, 0xFF, 0xD0, 0xC0, 0xC0, 0xC0, 0x3F, 0x9F, 0xF7, 0xED, 0xFB, 0x7E, 0xDF,
    0xB7, 0xED, 0xFB, 0x3E, 0xC1, 0xB0, 0x6C, 0x1B, 0x06, 0xC1, 0xB0, 0x6C, 0x00, 0x1F, 0xA0, 0x67,
    0x3E, 0x07, 0xF3, 0x33, 0x33, 0x00, 0x01, 0xEC, 0xF3, 0xCD, 0xF7, 0x80, 0x4C, 0x6E, 0x36, 0x3B,
    0x37, 0x6E, 0x6C, 0x00, 0x30, 0x67, 0x86, 0x1C, 0x70, 0x63, 0x03, 0x32, 0x19, 0xB8, 0xDB, 0xC3,
    0xDE, 0x0D, 0xB0, 0xDF, 0xC6, 0x7C, 0x60, 0x60, 0x70, 0xC7, 0x86, 0x0C, 0x60, 0x66, 0x03, 0x36,
    0x1B, 0xF8, 0xDA, 0x43, 0x86, 0x18, 0x30, 0xC3, 0x0C, 0x30, 0xE3, 0xF0, 0x00, 0x07, 0xC3, 0x36,
    0x18, 0x31, 0x87, 0x8C, 0x0E, 0xC8, 0x3C, 0xDF, 0x6E, 0x76, 0xF0, 0x37, 0x83, 0x7E, 0x33, 0xF1,
    0x83, 0x00, 0x00, 0x38, 0x70, 0x01, 0x83, 0x06, 0x38, 0x61, 0x83, 0x07, 0x77, 0xE3, 0x00, 0x18,
    0x01, 0x80, 0x18, 0x00, 0x00, 0xE0, 0x1C, 0x07, 0x80, 0xD8, 0x1B, 0x06, 0x70, 0xC6, 0x3F, 0xC7,
    0xFC, 0xC1, 0xB0, 0x36, 0x03, 0x07, 0x00, 0xC0, 0x30, 0x00, 0x00, 0xE0, 0x1C, 0x07, 0x80, 0xD8,
    0x1B, 0x06, 0x70, 0xC6, 0x3F, 0xC7, 0xFC, 0xC1, 0xB0, 0x36, 0x03, 0x0E, 0x03, 0xC0, 0xEC, 0x00,
    0x00, 0xE0, 0x1C, 0x07, 0x80, 0xD8, 0x1B, 0x06, 0x70, 0xC6, 0x3F, 0xC7, 0xFC, 0xC1, 0xB0, 0x36,
    0x03, 0x09, 0x07, 0xF0, 0xDC, 0x00, 0x00, 0xE0, 0x1C, 0x07, 0x80, 0xD8, 0x1B, 0x06, 0x70, 0xC6,
    0x3F, 0xC7, 0xFC, 0xC1, 0xB0, 0x36, 0x03, 0x00, 0x03, 0x60, 0x6C, 0x00, 0x00, 0xE0, 0x1C, 0x07,
    0x80, 0xD8, 0x1B, 0x06, 0x70, 0xC6, 0x3F, 0xC7, 0xFC, 0xC1, 0xB0, 0x36, 0x03, 0x0E, 0x03, 0xC0,
    0x68, 0x07, 0x00, 0xE0, 0x3C, 0x06, 0xC0, 0xD8, 0x33, 0x86, 0x31, 0xFE, 0x3F, 0xE6, 0x0D, 0x81,
    0xB0, 0x18, 0x03, 0xFE, 0x07, 0xFC, 0x1B, 0x00, 0x36, 0x00, 0xCC, 0x01, 0x9F, 0xC7, 0x3F, 0x8F,
    0xE0, 0x3F, 0xC0, 0x61, 0x81, 0xC3, 0xFB, 0x07, 0xF0, 0x00, 0x0F, 0xE7, 0xFB, 0x80, 0xC0, 0x30,
    0x0C, 0x03, 0x00, 0xC0, 0x30, 0x0E, 0x01, 0xFE, 0x3F, 0x83, 0x80, 0xE0, 0x18, 0x1E, 0x00, 0x30,
    0x38, 0x18, 0x00, 0xFF, 0xFE, 0xE0, 0xE0, 0xE0, 0xFE, 0xFE, 0xE0, 0xE0, 0xE0, 0xFE, 0xFF, 0x0E,
    0x0C, 0x18, 0x00, 0xFF, 0xFE, 0xE0, 0xE0, 0xE0, 0xFE, 0xFE, 0xE0, 0xE0, 0xE0, 0xFE, 0xFF, 0x18,
    0x3C, 0x66, 0x00, 0xFF, 0xFE, 0xE0, 0xE0, 0xE0, 0xFE, 0xFE, 0xE0, 0xE0, 0xE0, 0xFE, 0xFF, 0x00,
    0x76, 0x24, 0x00, 0xFF, 0xFE, 0xE0, 0xE0, 0xE0, 0xFE, 0xFE, 0xE0, 0xE0, 0xE0, 0xFE, 0xFF, 0xE3,
    0x8C, 0x0F, 0xB8, 0xC6, 0x31, 0x8C, 0x63, 0x18, 0xDF, 0x18, 0xE3, 0x00, 0xF9, 0xC3, 0x0C, 0x30,
    0xC3, 0x0C, 0x30, 0xC3, 0x3E, 0x71, 0xED, 0xC0, 0xF9, 0xC3, 0x0C, 0x30, 0xC3, 0x0C, 0x30, 0xC3,
    0x3E, 0x03, 0x74, 0x80, 0xF9, 0xC3, 0x0C, 0x30, 0xC3, 0x0C, 0x30, 0xC3, 0x3E, 0x7F, 0x87, 0xFC,
    0x70, 0xE7, 0x06, 0x70, 0x6F, 0xC7, 0xFE, 0x77, 0x06, 0x70, 0x67, 0x0E, 0x7F, 0xC7, 0xF8, 0x08,
    0x07, 0xF0, 0xDC, 0x00, 0x0E, 0x0D, 0xE1, 0xBC, 0x37, 0xC6, 0xDC, 0xD9, 0x9B, 0x3B, 0x63, 0xEC,
    0x3D, 0x87, 0xB0, 0x76, 0x06, 0x1C, 0x01, 0x80, 0x18, 0x00, 0x03, 0xF8, 0xFF, 0xB8, 0x3E, 0x03,
    0xC0, 0x78, 0x0F, 0x01, 0xE0, 0x3C, 0x07, 0xC1, 0xDF, 0xF1, 0xFC, 0x04, 0x00, 0x03, 0x00, 0xE0,
    0x38, 0x00, 0x03, 0xF8, 0xFF, 0xB8, 0x3E, 0x03, 0xC0, 0x78, 0x0F, 0x01, 0xE0, 0x3C, 0x07, 0xC1,
    0xDF, 0xF1, 0xFC, 0x04, 0x00, 0x0E, 0x03, 0xE0, 0x6C, 0x00, 0x03, 0xF8, 0xFF, 0xB8, 0x3E, 0x03,
    0xC0, 0x78, 0x0F, 0x01, 0xE0, 0x3C, 0x07, 0xC1, 0xDF, 0xF1, 0xFC, 0x04, 0x00, 0x08, 0x83, 0xF0,
    0xDC, 0x00, 0x03, 0xF8, 0xFF, 0xB8, 0x3E, 0x03, 0xC0, 0x78, 0x0F, 0x01, 0xE0, 0x3C, 0x07, 0xC1,
    0xDF, 0xF1, 0xFC, 0x04, 0x00, 0x00, 0x03, 0x60, 0x6C, 0x00, 0x03, 0xF8, 0xFF, 0xB8, 0x3E, 0x03,
    0xC0, 0x78, 0x0F, 0x01, 0xE0, 0x3C, 0x07, 0xC1, 0xDF, 0xF1, 0xFC, 0x04, 0x00, 0xC2, 0xC7, 0x6E,
    0x3C, 0x38, 0x7C, 0xE6, 0xC2, 0x00, 0x47, 0xF9, 0xFF, 0x70, 0xFC, 0x3F, 0x8E, 0xF1, 0x9E, 0x63,
    0xDC, 0x7F, 0x0F, 0xC3, 0xBF, 0xEF, 0xF8, 0x88, 0x00, 0x18, 0x07, 0x00, 0xC0, 0x00, 0xC0, 0xF0,
    0x3C, 0x0F, 0x03, 0xC0, 0xF0, 0x3C, 0x0F, 0x03, 0xC0, 0xF8, 0x77, 0xF8, 0xFC, 0x0C, 0x00, 0x07,
    0x01, 0x80, 0xC0, 0x00, 0xC0, 0xF0, 0x3C, 0x0F, 0x03, 0xC0, 0xF0, 0x3C, 0x0F, 0x03, 0xC0, 0xF8,
    0x77, 0xF8, 0xFC, 0x0C, 0x00, 0x0C, 0x07, 0x83, 0x30, 0x00, 0xC0, 0xF0, 0x3C, 0x0F, 0x03, 0xC0,
    0xF0, 0x3C, 0x0F, 0x03, 0xC0, 0xF8, 0x77, 0xF8, 0xFC, 0x0C, 0x00, 0x00, 0x0E, 0xC1, 0x20, 0x00,
    0xC0, 0xF0, 0x3C, 0x0F, 0x03, 0xC0, 0xF0, 0x3C, 0x0F, 0x03, 0xC0, 0xF8, 0x77, 0xF8, 0xFC, 0x0C,
    0x00, 0x06, 0x03, 0x80, 0xC0, 0x00, 0xC1, 0xF8, 0x66, 0x39, 0xCC, 0x36, 0x07, 0x81, 0xC0, 0x30,
    0x0C, 0x03, 0x00, 0xC0, 0x30, 0xC0, 0x70, 0x3F, 0x9F, 0xEE, 0x37, 0x1F, 0x8F, 0xCE, 0xFE, 0x7E,
    0x38, 0x1C, 0x00, 0x7E, 0x7F, 0xB0, 0xD8, 0x6C, 0xE6, 0x63, 0x31, 0x9C, 0xC7, 0x61, 0xF0, 0x7B,
    0x7D, 0xF0, 0x20, 0x38, 0x18, 0x0C, 0x00, 0x3F, 0x37, 0x03, 0x1F, 0x7F, 0x63, 0xE3, 0x67, 0x7F,
    0x10, 0x06, 0x0E, 0x0C, 0x00, 0x3F, 0x37, 0x03, 0x1F, 0x7F, 0x63, 0xE3, 0x67, 0x7F, 0x10, 0x1C,
    0x3E, 0x37, 0x00, 0x3F, 0x37, 0x03, 0x1F, 0x7F, 0x63, 0xE3, 0x67, 0x7F, 0x10, 0x11, 0x3F, 0x6E,
    0x00, 0x3F, 0x37, 0x03, 0x1F, 0x7F, 0x63, 0xE3, 0x67, 0x7F, 0x10, 0x00, 0x36, 0x36, 0x00, 0x3F,
    0x37, 0x03, 0x1F, 0x7F, 0x63, 0xE3, 0x67, 0x7F, 0x10, 0x1C, 0x1E, 0x16, 0x1C, 0x00, 0x3F, 0x37,
    0x03, 0x1F, 0x7F, 0x63, 0xE3, 0x67, 0x7F, 0x10, 0x00, 0x01, 0xFB, 0xE7, 0x7F, 0x80, 0xC7, 0x1F,
    0xFD, 0xFF, 0xF6, 0x30, 0x38, 0xE0, 0x67, 0xD9, 0xF3, 0xE1, 0x02, 0x00, 0x00, 0x3F, 0x7E, 0x60,
    0x60, 0x60, 0x60, 0x60, 0x7F, 0x3F, 0x0C, 0x0C, 0x06, 0x1C, 0x38, 0x0E, 0x03, 0x00, 0x03, 0xF3,
    0xF9, 0x8E, 0xFF, 0x7F, 0xB0, 0x18, 0x0F, 0x63, 0xF0, 0x20, 0x06, 0x07, 0x03, 0x00, 0x03, 0xF3,
    0xF9, 0x8E, 0xFF, 0x7F, 0xB0, 0x18, 0x0F, 0x63, 0xF0, 0x20, 0x1C, 0x0F, 0x0D, 0xC0, 0x03, 0xF3,
    0xF9, 0x8E, 0xFF, 0x7F, 0xB0, 0x18, 0x0F, 0x63, 0xF0, 0x20, 0x00, 0x1B, 0x0C, 0x80, 0x03, 0xF3,
    0xF9, 0x8E, 0xFF, 0x7F, 0xB0, 0x18, 0x0F, 0x63, 0xF0, 0x20, 0x63, 0x8E, 0x03, 0x18, 0xC6, 0x31,
    0x8C, 0x63, 0x00, 0x76, 0xC0, 0xCC, 0xCC, 0xCC, 0xCC, 0xC0, 0x31, 0xEC, 0xC0, 0x30, 0xC3, 0x0C,
    0x30, 0xC3, 0x0C, 0x30, 0x03, 0xB4, 0x80, 0x30, 0xC3, 0x0C, 0x30, 0xC3, 0x0C, 0x30, 0x19, 0x07,
    0xC1, 0xE0, 0xEC, 0x03, 0x8F, 0xE7, 0xF9, 0x87, 0x61, 0xD8, 0x66, 0x19, 0xCE, 0x3F, 0x03, 0x00,
    0x22, 0x7E, 0x7E, 0x00, 0xFE, 0xFF, 0xE3, 0xC3, 0xC3, 0xC3, 0xC3, 0xC3, 0xC3, 0x18, 0x07, 0x00,
    0xC0, 0x00, 0x3F, 0x1F, 0xE6, 0x19, 0x86, 0x61, 0xD8, 0x66, 0x19, 0xCE, 0x3F, 0x03, 0x00, 0x07,
    0x01, 0x80, 0xC0, 0x00, 0x3F, 0x1F, 0xE6, 0x19, 0x86, 0x61, 0xD8, 0x66, 0x19, 0xCE, 0x3F, 0x03,
    0x00, 0x0C, 0x07, 0x83, 0x30, 0x00, 0x3F, 0x1F, 0xE6, 0x19, 0x86, 0x61, 0xD8, 0x66, 0x19, 0xCE,
    0x3F, 0x03, 0x00, 0x11, 0x0F, 0xC2, 0xF0, 0x00, 0x3F, 0x1F, 0xE6, 0x19, 0x86, 0x61, 0xD8, 0x66,
    0x19, 0xCE, 0x3F, 0x03, 0x00, 0x00, 0x0E, 0xC1, 0x20, 0x00, 0x3F, 0x1F, 0xE6, 0x19, 0x86, 0x61,
    0xD8, 0x66, 0x19, 0xCE, 0x3F, 0x03, 0x00, 0x0C, 0x0E, 0x02, 0x0F, 0xFF, 0xF8, 0x00, 0x30, 0x18,
    0x00, 0x0F, 0xE7, 0xF9, 0x9E, 0x67, 0x9B, 0x77, 0xD9, 0xE6, 0x73, 0x9F, 0xC6, 0xC0, 0x30, 0x38,
    0x1C, 0x00, 0xC3, 0xC3, 0xC3, 0xC3, 0xC3, 0xC3, 0xC3, 0xEF, 0x7F, 0x10, 0x0E, 0x0C, 0x18, 0x00,
    0xC3, 0xC3, 0xC3, 0xC3, 0xC3, 0xC3, 0xC3, 0xEF, 0x7F, 0x10, 0x18, 0x3C, 0x66, 0x00, 0xC3, 0xC3,
    0xC3, 0xC3, 0xC3, 0xC3, 0xC3, 0xEF, 0x7F, 0x10, 0x00, 0x76, 0x24, 0x00, 0xC3, 0xC3, 0xC3, 0xC3,
    0xC3, 0xC3, 0xC3, 0xEF, 0x7F, 0x10, 0x0E, 0x06, 0x06, 0x00, 0x0C, 0x3F, 0x19, 0x8C, 0xCE, 0x76,
    0x1B, 0x0F, 0x03, 0x81, 0xC0, 0xC0, 0x61, 0xE0, 0xF0, 0x00, 0xC0, 0x60, 0x30, 0x18, 0x0F, 0xE7,
    0xFB, 0x8D, 0x87, 0xC3, 0xE1, 0xF8, 0xDE, 0xEF, 0xE6, 0x43, 0x01, 0x80, 0xC0, 0x00, 0x00, 0x1B,
    0x09, 0x80, 0x0C, 0x3F, 0x19, 0x8C, 0xCE, 0x76, 0x1B, 0x0F, 0x03, 0x81, 0xC0, 0xC0, 0x61, 0xE0,
    0xF0, 0x00, 0x1F, 0x07, 0xE0, 0x00, 0x07, 0x00, 0xE0, 0x3C, 0x06, 0xC0, 0xD8, 0x33, 0x86, 0x31,
    0xFE, 0x3F, 0xE6, 0x0D, 0x81, 0xB0, 0x18, 0x3E, 0x3F, 0x00, 0x3F, 0x37, 0x03, 0x1F, 0x7F, 0x63,
    0xE3, 0x67, 0x7F, 0x10, 0x11, 0x03, 0xE0, 0x78, 0x00, 0x00, 0xE0, 0x1C, 0x07, 0x80, 0xD8, 0x1B,
    0x06, 0x70, 0xC6, 0x3F, 0xC7, 0xFC, 0xC1, 0xB0, 0x36, 0x03, 0x22, 0x3E, 0x1E, 0x00, 0x3F, 0x37,
    0x03, 0x1F, 0x7F, 0x63, 0xE3, 0x67, 0x7F, 0x10, 0x0E, 0x01, 0xC0, 0x78, 0x0D, 0x81, 0xB0, 0x67,
    0x0C, 0x63, 0xFC, 0x7F, 0xCC, 0x1B, 0x03, 0x60, 0x30, 0x0C, 0x01, 0x80, 0x38, 0x07, 0x00, 0x1F,
    0x8D, 0xC0, 0x61, 0xF3, 0xF9, 0x8D, 0xC6, 0x67, 0x3F, 0x84, 0xC0, 0xC0, 0x78, 0x1C, 0x07, 0x01,
    0x80, 0xC0, 0x00, 0x3F, 0x9F, 0xEE, 0x03, 0x00, 0xC0, 0x30, 0x0C, 0x03, 0x00, 0xC0, 0x38, 0x07,
    0xF8, 0xFE, 0x06, 0x00, 0x06, 0x0E, 0x0C, 0x00, 0x3F, 0x7E, 0x60, 0x60, 0x60, 0x60, 0x60, 0x7F,
    0x3F, 0x0C, 0x0E, 0x07, 0xC3, 0xB0, 0x00, 0x3F, 0x9F, 0xEE, 0x03, 0x00, 0xC0, 0x30, 0x0C, 0x03,
    0x00, 0xC0, 0x38, 0x07, 0xF8, 0xFE, 0x06, 0x00, 0x1C, 0x1E, 0x37, 0x00, 0x3F, 0x7E, 0x60, 0x60,
    0x60, 0x60, 0x60, 0x7F, 0x3F, 0x0C, 0x04, 0x03, 0x80, 0xC0, 0x00, 0x3F, 0x9F, 0xEE, 0x03, 0x00,
    0xC0, 0x30, 0x0C, 0x03, 0x00, 0xC0, 0x38, 0x07, 0xF8, 0xFE, 0x06, 0x00, 0x08, 0x0C, 0x0C, 0x00,
    0x3F, 0x7E, 0x60, 0x60, 0x60, 0x60, 0x60, 0x7F, 0x3F, 0x0C, 0x33, 0x07, 0xC0, 0xE0, 0x00, 0x3F,
    0x9F, 0xEE, 0x03, 0x00, 0xC0, 0x30, 0x0C, 0x03, 0x00, 0xC0, 0x38, 0x07, 0xF8, 0xFE, 0x06, 0x00,
    0x33, 0x3E, 0x1C, 0x00, 0x3F, 0x7E, 0x60, 0x60, 0x60, 0x60, 0x60, 0x7F, 0x3F, 0x0C, 0x33, 0x03,
    0xC0, 0x30, 0x00, 0x0F, 0xF1, 0xFF, 0x38, 0x77, 0x06, 0xE0, 0xDC, 0x1F, 0x83, 0xF0, 0x6E, 0x0D,
    0xC3, 0xBF, 0xE7, 0xF8, 0x01, 0xB0, 0x1E, 0x01, 0xE0, 0x18, 0x3F, 0x87, 0xF8, 0x61, 0x86, 0x18,
    0x61, 0x86, 0x18, 0x61, 0x87, 0x78, 0x3F, 0x80, 0x80, 0x7F, 0x87, 0xFC, 0x70, 0xE7, 0x06, 0x70,
    0x6F, 0xC7, 0xFE, 0x77, 0x06, 0x70, 0x67, 0x0E, 0x7F, 0xC7, 0xF8, 0x01, 0x81, 0xF8, 0x7F, 0x00,
    0xC3, 0xF8, 0xFF, 0x18, 0x63, 0x0C, 0x61, 0x8C, 0x31, 0x86, 0x39, 0xC3, 0xF8, 0x10, 0x00, 0x3E,
    0x7E, 0x00, 0xFF, 0xFE, 0xE0, 0xE0, 0xE0, 0xFE, 0xFE, 0xE0, 0xE0, 0xE0, 0xFE, 0xFF, 0x3E, 0x1F,
    0x80, 0x07, 0xE7, 0xF3, 0x1D, 0xFE, 0xFF, 0x60, 0x30, 0x1E, 0xC7, 0xE0, 0x40, 0x62, 0x7E, 0x3C,
    0x00, 0xFF, 0xFE, 0xE0, 0xE0, 0xE0, 0xFE, 0xFE, 0xE0, 0xE0, 0xE0, 0xFE, 0xFF, 0x22, 0x1F, 0x87,
    0x80, 0x03, 0xF3, 0xF9, 0x8E, 0xFF, 0x7F, 0xB0, 0x18, 0x0F, 0x63, 0xF0, 0x20, 0x08, 0x18, 0x18,
    0x00, 0xFF, 0xFE, 0xE0, 0xE0, 0xE0, 0xFE, 0xFE, 0xE0, 0xE0, 0xE0, 0xFE, 0xFF, 0x08, 0x06, 0x03,
    0x00, 0x03, 0xF3, 0xF9, 0x8E, 0xFF, 0x7F, 0xB0, 0x18, 0x0F, 0x63, 0xF0, 0x20, 0xFF, 0xFE, 0xE0,
    0xE0, 0xE0, 0xFE, 0xFE, 0xE0, 0xE0, 0xE0, 0xFE, 0xFF, 0x06, 0x0C, 0x0E, 0x06, 0x00, 0x1F, 0x9F,
    0xCC, 0x77, 0xFB, 0xFD, 0x80, 0xC0, 0x7B, 0x1F, 0x81, 0xC0, 0xC0, 0x70, 0x38, 0x66, 0x3C, 0x1C,
    0x00, 0xFF, 0xFE, 0xE0, 0xE0, 0xE0, 0xFE, 0xFE, 0xE0, 0xE0, 0xE0, 0xFE, 0xFF, 0x33, 0x1F, 0x07,
    0x00, 0x03, 0xF3, 0xF9, 0x8E, 0xFF, 0x7F, 0xB0, 0x18, 0x0F, 0x63, 0xF0, 0x20, 0x0E, 0x03, 0xC1,
    0xB8, 0x00, 0x1F, 0xDF, 0xF6, 0x03, 0x80, 0xC0, 0x30, 0xFC, 0x7F, 0x03, 0xC0, 0xF8, 0x37, 0xFC,
    0xFF, 0x06, 0x00, 0x0C, 0x0F, 0x0C, 0xC0, 0x03, 0xFB, 0xFD, 0x86, 0xC3, 0x61, 0xB0, 0xD8, 0x6E,
    0x73, 0xF8, 0x4C, 0x06, 0xFF, 0x7F, 0x00, 0x11, 0x07, 0xE0, 0xF0, 0x00, 0x1F, 0xDF, 0xF6, 0x03,
    0x80, 0xC0, 0x30, 0xFC, 0x7F, 0x03, 0xC0, 0xF8, 0x37, 0xFC, 0xFF, 0x06, 0x00, 0x23, 0x1F, 0x87,
    0x80, 0x03, 0xFB, 0xFD, 0x86, 0xC3, 0x61, 0xB0, 0xD8, 0x6E, 0x73, 0xF8, 0x4C, 0x06, 0xFF, 0x7F,
    0x00, 0x04, 0x01, 0x80, 0x60, 0x00, 0x1F, 0xDF, 0xF6, 0x03, 0x80, 0xC0, 0x30, 0xFC, 0x7F, 0x03,
    0xC0, 0xF8, 0x37, 0xFC, 0xFF, 0x06, 0x00, 0x08, 0x06, 0x03, 0x00, 0x03, 0xFB, 0xFD, 0x86, 0xC3,
    0x61, 0xB0, 0xD8, 0x6E, 0x73, 0xF8, 0x4C, 0x06, 0xFF, 0x7F, 0x00, 0x00, 0x07, 0xF7, 0xFD, 0x80,
    0xE0, 0x30, 0x0C, 0x3F, 0x1F, 0xC0, 0xF0, 0x3E, 0x0D, 0xFF, 0x3F, 0xC1, 0x80, 0x60, 0x18, 0x0C,
    0x00, 0x04, 0x06, 0x03, 0x00, 0x03, 0xFB, 0xFD, 0x86, 0xC3, 0x61, 0xB0, 0xD8, 0x6E, 0x73, 0xF8,
    0x4C, 0x06, 0xFF, 0x7F, 0x00, 0x0E, 0x07, 0x83, 0x30, 0x00, 0xC0, 0xF8, 0x3E, 0x0F, 0x83, 0xE0,
    0xFF, 0xFF, 0xFF, 0x83, 0xE0, 0xF8, 0x3E, 0x0F, 0x83, 0x38, 0x1E, 0x0C, 0xC0, 0x00, 0x30, 0x0C,
    0x03, 0x00, 0xC0, 0x3F, 0x8F, 0xF3, 0x8C, 0xC3, 0x30, 0xCC, 0x33, 0x0C, 0xC3, 0x30, 0xC0, 0x60,
    0x63, 0x83, 0x3F, 0xFF, 0xFF, 0xE7, 0x06, 0x3F, 0xF1, 0xFF, 0x8E, 0x0C, 0x70, 0x63, 0x83, 0x1C,
    0x18, 0xE0, 0xC0, 0x60, 0x7E, 0x3F, 0x8C, 0x06, 0xF3, 0xFD, 0xC6, 0xC3, 0x61, 0xB0, 0xD8, 0x6C,
    0x36, 0x18, 0x22, 0xFF, 0x78, 0x07, 0xC7, 0x06, 0x0C, 0x18, 0x30, 0x60, 0xC1, 0x83, 0x06, 0x3E,
    0x45, 0xFB, 0xF0, 0x03, 0x06, 0x0C, 0x18, 0x30, 0x60, 0xC1, 0x83, 0x00, 0xFB, 0xF0, 0x3E, 0x70,
    0xC3, 0x0C, 0x30, 0xC3, 0x0C, 0x30, 0xCF, 0x80, 0x7F, 0xF0, 0x0C, 0x30, 0xC3, 0x0C, 0x30, 0xC3,
    0x0C, 0x8F, 0xF7, 0x80, 0xF9, 0xC3, 0x0C, 0x30, 0xC3, 0x0C, 0x30, 0xC3, 0x3E, 0xC7, 0xF7, 0x80,
    0x30, 0xC3, 0x0C, 0x30, 0xC3, 0x0C, 0x30, 0xFB, 0x8C, 0x63, 0x18, 0xC6, 0x31, 0x8D, 0xF3, 0x98,
    0xE7, 0x26, 0x60, 0x66, 0x66, 0x66, 0x66, 0x66, 0xCE, 0x60, 0x21, 0x8C, 0x0F, 0xB8, 0xC6, 0x31,
    0x8C, 0x63, 0x18, 0xDF, 0xFF, 0xFF, 0xC0, 0xF9, 0xB8, 0xCC, 0x66, 0x33, 0x19, 0x8C, 0xC6, 0x63,
    0x31, 0x98, 0xCC, 0x7F, 0x30, 0x18, 0x7C, 0x3C, 0x08, 0x45, 0x9F, 0x10, 0x0C, 0xF9, 0xF3, 0xE7,
    0xCF, 0x9F, 0x3E, 0x7C, 0xE1, 0xC3, 0x9E, 0x3C, 0x1C, 0x3C, 0x76, 0x00, 0x18, 0x18, 0x18, 0x18,
    0x18, 0x18, 0x18, 0x18, 0x18, 0x18, 0x18, 0x18, 0x18, 0x78, 0xF8, 0x40, 0x31, 0xEC, 0xC0, 0x30,
    0xC3, 0x0C, 0x30, 0xC3, 0x0C, 0x30, 0xC3, 0x3C, 0xF0, 0xC1, 0xB8, 0xCE, 0x63, 0xB8, 0xFC, 0x3E,
    0x0F, 0xC3, 0xB0, 0xE6, 0x39, 0xCE, 0x3B, 0x86, 0x00, 0x03, 0x01, 0x80, 0x60, 0xC0, 0xC0, 0xC0,
    0xC0, 0xC7, 0xCE, 0xDC, 0xF8, 0xF8, 0xFC, 0xCC, 0xCE, 0xC7, 0x00, 0x18, 0x30, 0x30, 0xC7, 0xCE,
    0xDC, 0xF8, 0xF8, 0xFC, 0xCC, 0xCE, 0xC7, 0x70, 0x60, 0xC0, 0x00, 0xC0, 0xE0, 0xE0, 0xE0, 0xE0,
    0xE0, 0xE0, 0xE0, 0xE0, 0xE0, 0xFE, 0xFF, 0x76, 0xC0, 0xCC, 0xCC, 0xCC, 0xCC, 0xCC, 0xCC, 0xC0,
    0xC0, 0xE0, 0xE0, 0xE0, 0xE0, 0xE0, 0xE0, 0xE0, 0xE0, 0xE0, 0xFE, 0xFF, 0x00, 0x18, 0x18, 0x10,
    0xDB, 0x6D, 0xB6, 0xDB, 0x6C, 0x36, 0x80, 0xC7, 0xE6, 0xE6, 0xE0, 0xE0, 0xE0, 0xE0, 0xE0, 0xE0,
    0xE0, 0xFE, 0xFF, 0xDE, 0xFD, 0x8C, 0x63, 0x18, 0xC6, 0x31, 0x8C, 0x00, 0xC0, 0xE0, 0xE0, 0xE0,
    0xE4, 0xEE, 0xEC, 0xE0, 0xE0, 0xE0, 0xFE, 0xFF, 0xC6, 0x31, 0x8C, 0x6B, 0xFE, 0xC6, 0x31, 0x8C,
    0x00, 0x60, 0x38, 0x1C, 0x0E, 0x07, 0xC3, 0xE1, 0xE1, 0xE0, 0x70, 0x38, 0x1F, 0xCF, 0xF0, 0x30,
    0xC3, 0x0C, 0x30, 0xE3, 0xDC, 0x70, 0xC3, 0x0C, 0x30, 0x07, 0x00, 0xC0, 0x30, 0x00, 0x0E, 0x0D,
    0xE1, 0xBC, 0x37, 0xC6, 0xDC, 0xD9, 0x9B, 0x3B, 0x63, 0xEC, 0x3D, 0x87, 0xB0, 0x76, 0x06, 0x0E,
    0x0C, 0x18, 0x00, 0xFE, 0xFF, 0xE3, 0xC3, 0xC3, 0xC3, 0xC3, 0xC3, 0xC3, 0xE0, 0xDE, 0x1B, 0xC3,
    0x7C, 0x6D, 0xCD, 0x99, 0xB3, 0xB6, 0x3E, 0xC3, 0xD8, 0x7B, 0x07, 0x60, 0x60, 0x00, 0x1C, 0x03,
    0x00, 0x60, 0x00, 0xFE, 0xFF, 0xE3, 0xC3, 0xC3, 0xC3, 0xC3, 0xC3, 0xC3, 0x00, 0x18, 0x18, 0x10,
    0x33, 0x03, 0xE0, 0x38, 0x00, 0x0E, 0x0D, 0xE1, 0xBC, 0x37, 0xC6, 0xDC, 0xD9, 0x9B, 0x3B, 0x63,
    0xEC, 0x3D, 0x87, 0xB0, 0x76, 0x06, 0x66, 0x3C, 0x1C, 0x00, 0xFE, 0xFF, 0xE3, 0xC3, 0xC3, 0xC3,
    0xC3, 0xC3, 0xC3, 0xE0, 0x1C, 0x03, 0x00, 0x7F, 0xEB, 0xFC, 0x71, 0x8C, 0x39, 0x87, 0x30, 0xE6,
    0x1C, 0xC3, 0x98, 0x70, 0xE0, 0xDE, 0x1B, 0xC3, 0x7C, 0x6D, 0xCD, 0x99, 0xB3, 0xB6, 0x3E, 0xC3,
    0xD8, 0x3B, 0x07, 0x60, 0x60, 0x0C, 0x07, 0x81, 0xF0, 0x10, 0x00, 0xFE, 0xFF, 0xE3, 0xC3, 0xC3,
    0xC3, 0xC3, 0xC3, 0xC3, 0x03, 0x03, 0x0F, 0x0F, 0x1F, 0x03, 0xE0, 0x00, 0x1F, 0xC7, 0xFD, 0xC1,
    0xF0, 0x1E, 0x03, 0xC0, 0x78, 0x0F, 0x01, 0xE0, 0x3E, 0x0E, 0xFF, 0x8F, 0xE0, 0x20, 0x1F, 0x0F,
    0xC0, 0x00, 0xFC, 0x7F, 0x98, 0x66, 0x19, 0x87, 0x61, 0x98, 0x67, 0x38, 0xFC, 0x0C, 0x00, 0x11,
    0x03, 0xE0, 0x7C, 0x00, 0x03, 0xF8, 0xFF, 0xB8, 0x3E, 0x03, 0xC0, 0x78, 0x0F, 0x01, 0xE0, 0x3C,
    0x07, 0xC1, 0xDF, 0xF1, 0xFC, 0x04, 0x00, 0x31, 0x0F, 0xC1, 0xE0, 0x00, 0x3F, 0x1F, 0xE6, 0x19,
    0x86, 0x61, 0xD8, 0x66, 0x19, 0xCE, 0x3F, 0x03, 0x00, 0x1F, 0x83, 0x60, 0xD8, 0x00, 0x03, 0xF8,
    0xFF, 0xB8, 0x3E, 0x03, 0xC0, 0x78, 0x0F, 0x01, 0xE0, 0x3C, 0x07, 0xC1, 0xDF, 0xF1, 0xFC, 0x04,
    0x00, 0x1B, 0x0F, 0xC3, 0x60, 0x00, 0x3F, 0x1F, 0xE6, 0x19, 0x86, 0x61, 0xD8, 0x66, 0x19, 0xCE,
    0x3F, 0x03, 0x00, 0x00, 0x00, 0xFF, 0xF7, 0xFF, 0xF8, 0x60, 0xC1, 0x83, 0x06, 0x0C, 0x1F, 0xF0,
    0x7E, 0xC1, 0x83, 0x06, 0x0E, 0x18, 0x1F, 0xFF, 0x3F, 0xFC, 0x10, 0x00, 0x00, 0x00, 0x7E, 0xF9,
    0xFF, 0xFB, 0x0E, 0x36, 0x1F, 0xEC, 0x3F, 0xD8, 0x60, 0x30, 0xE0, 0x73, 0xEE, 0x7E, 0xFC, 0x20,
    0x40, 0x0E, 0x03, 0x01, 0x80, 0x00, 0xFE, 0x3F, 0xCE, 0x33, 0x8E, 0xE3, 0x3F, 0xCF, 0xE3, 0xB8,
    0xE6, 0x39, 0xCE, 0x3B, 0x86, 0x1C, 0x63, 0x00, 0xFF, 0xFE, 0x30, 0xC3, 0x0C, 0x30, 0xC0, 0xFE,
    0x3F, 0xCE, 0x33, 0x8E, 0xE3, 0x3F, 0xCF, 0xE3, 0xB8, 0xE6, 0x39, 0xCE, 0x3B, 0x86, 0x00, 0x03,
    0x01, 0x80, 0x60, 0x03, 0xFF, 0xF8, 0xC3, 0x0C, 0x30, 0xC3, 0x00, 0x30, 0xC2, 0x00, 0x66, 0x0F,
    0x01, 0xC0, 0x00, 0xFE, 0x3F, 0xCE, 0x33, 0x8E, 0xE3, 0x3F, 0xCF, 0xE3, 0xB8, 0xE6, 0x39, 0xCE,
    0x3B, 0x86, 0xCD, 0xE3, 0x00, 0xFF, 0xFE, 0x30, 0xC3, 0x0C, 0x30, 0xC0, 0x06, 0x07, 0x03, 0x00,
    0x03, 0xF3, 0xF9, 0x80, 0xC0, 0x70, 0x1E, 0x07, 0xC0, 0x70, 0x38, 0x1F, 0xFC, 0xFC, 0x18, 0x00,
    0x0E, 0x0C, 0x18, 0x00, 0x7E, 0x7E, 0xE0, 0x78, 0x3E, 0x0E, 0x07, 0x66, 0x7E, 0x10, 0x1C, 0x0F,
    0x0D, 0xC0, 0x03, 0xF3, 0xF9, 0x80, 0xC0, 0x70, 0x1E, 0x07, 0xC0, 0x70, 0x38, 0x1F, 0xFC, 0xFC,
    0x18, 0x00, 0x18, 0x3C, 0x66, 0x00, 0x7E, 0x7E, 0xE0, 0x78, 0x3E, 0x0E, 0x07, 0x66, 0x7E, 0x10,
    0x00, 0x1F, 0x9F, 0xCC, 0x06, 0x03, 0x80, 0xF0, 0x3E, 0x03, 0x81, 0xC0, 0xFF, 0xE7, 0xE0, 0xC0,
    0x70, 0x18, 0x3C, 0x00, 0x00, 0x7E, 0x7E, 0xE0, 0x78, 0x3E, 0x0E, 0x07, 0x66, 0x7E, 0x18, 0x1C,
    0x0C, 0x3C, 0x33, 0x1F, 0x07, 0x00, 0x03, 0xF3, 0xF9, 0x80, 0xC0, 0x70, 0x1E, 0x07, 0xC0, 0x70,
    0x38, 0x1F, 0xFC, 0xFC, 0x18, 0x00, 0x66, 0x3C, 0x18, 0x00, 0x7E, 0x7E, 0xE0, 0x78, 0x3E, 0x0E,
    0x07, 0x66, 0x7E, 0x10, 0xFF, 0xBF, 0xE0, 0xC0, 0x30, 0x0C, 0x03, 0x00, 0xC0, 0x30, 0x0C, 0x03,
    0x00, 0xC0, 0x30, 0x08, 0x07, 0x00, 0x60, 0x70, 0x21, 0x8F, 0xFE, 0x61, 0x86, 0x18, 0x61, 0xC3,
    0xC6, 0x38, 0x33, 0x80, 0x37, 0x0F, 0x81, 0xC0, 0x00, 0xFF, 0xBF, 0xE0, 0xC0, 0x30, 0x0C, 0x03,
    0x00, 0xC0, 0x30, 0x0C, 0x03, 0x00, 0xC0, 0x30, 0x03, 0x03, 0x22, 0x60, 0xFC, 0xF8, 0x60, 0x60,
    0x60, 0x60, 0x60, 0x70, 0x3C, 0x08, 0xFF, 0xBF, 0xE1, 0xC0, 0x70, 0x1C, 0x1F, 0xC7, 0xF0, 0x70,
    0x1C, 0x07, 0x01, 0xC0, 0x70, 0x21, 0x8F, 0xFE, 0x63, 0xFF, 0xD8, 0x61, 0xC3, 0xC2, 0x11, 0x0F,
    0xC2, 0xF0, 0x00, 0xC0, 0xF0, 0x3C, 0x0F, 0x03, 0xC0, 0xF0, 0x3C, 0x0F, 0x03, 0xC0, 0xF8, 0x77,
    0xF8, 0xFC, 0x0C, 0x00, 0x22, 0x7E, 0x7E, 0x00, 0xC3, 0xC3, 0xC3, 0xC3, 0xC3, 0xC3, 0xC3, 0xEF,
    0x7F, 0x10, 0x1F, 0x0F, 0xC0, 0x03, 0x03, 0xC0, 0xF0, 0x3C, 0x0F, 0x03, 0xC0, 0xF0, 0x3C, 0x0F,
    0x03, 0xE1, 0xDF, 0xE3, 0xF0, 0x30, 0x3E, 0x7E, 0x00, 0xC3, 0xC3, 0xC3, 0xC3, 0xC3, 0xC3, 0xC3,
    0xEF, 0x7F, 0x10, 0x31, 0x0F, 0xC1, 0xE0, 0x00, 0xC0, 0xF0, 0x3C, 0x0F, 0x03, 0xC0, 0xF0, 0x3C,
    0x0F, 0x03, 0xC0, 0xF8, 0x77, 0xF8, 0xFC, 0x0C, 0x00, 0x62, 0x7E, 0x3C, 0x00, 0xC3, 0xC3, 0xC3,
    0xC3, 0xC3, 0xC3, 0xC3, 0xEF, 0x7F, 0x10, 0x0E, 0x07, 0x81, 0xA0, 0x78, 0x00, 0x30, 0x3C, 0x0F,
    0x03, 0xC0, 0xF0, 0x3C, 0x0F, 0x03, 0xC0, 0xF0, 0x3E, 0x1D, 0xFE, 0x3F, 0x03, 0x00, 0x1C, 0x3C,
    0x34, 0x3C, 0x00, 0xC3, 0xC3, 0xC3, 0xC3, 0xC3, 0xC3, 0xC3, 0xEF, 0x7F, 0x10, 0x1B, 0x0F, 0xC3,
    0x60, 0x00, 0xC0, 0xF0, 0x3C, 0x0F, 0x03, 0xC0, 0xF0, 0x3C, 0x0F, 0x03, 0xC0, 0xF8, 0x77, 0xF8,
    0xFC, 0x0C, 0x00, 0x36, 0x3E, 0x6C, 0x00, 0xC3, 0xC3, 0xC3, 0xC3, 0xC3, 0xC3, 0xC3, 0xEF, 0x7F,
    0x10, 0xC0, 0xF0, 0x3C, 0x0F, 0x03, 0xC0, 0xF0, 0x3C, 0x0F, 0x03, 0xC0, 0xF8, 0x77, 0xF8, 0xFC,
    0x0F, 0x01, 0x80, 0x78, 0x0E, 0xC3, 0x61, 0xB0, 0xD8, 0x6C, 0x36, 0x1B, 0x0D, 0xDE, 0x7F, 0x09,
    0x81, 0x80, 0xE0, 0x70, 0x03, 0x80, 0x03, 0xC0, 0x06, 0xE0, 0x00, 0x00, 0xC3, 0x87, 0xE3, 0x86,
    0xE3, 0xC6, 0x63, 0xCE, 0x66, 0xCC, 0x76, 0xCC, 0x36, 0x6C, 0x3E, 0x7C, 0x3C, 0x78, 0x3C, 0x78,
    0x1C, 0x38, 0x18, 0x38, 0x07, 0x00, 0x7C, 0x03, 0x70, 0x00, 0x0C, 0x71, 0xE3, 0x8F, 0x9C, 0xED,
    0xB6, 0x6D, 0xB3, 0x6D, 0x8E, 0x3C, 0x71, 0xC3, 0x8E, 0x00, 0x1C, 0x07, 0x83, 0x70, 0x00, 0xC1,
    0xF8, 0x66, 0x39, 0xCC, 0x36, 0x07, 0x81, 0xC0, 0x30, 0x0C, 0x03, 0x00, 0xC0, 0x30, 0x1C, 0x1E,
    0x1D, 0x80, 0x0C, 0x3F, 0x19, 0x8C, 0xCE, 0x76, 0x1B, 0x0F, 0x03, 0x81, 0xC0, 0xC0, 0x61, 0xE0,
    0xF0, 0x00, 0x00, 0x0D, 0x83, 0x20, 0x00, 0xC1, 0xF8, 0x66, 0x39, 0xCC, 0x36, 0x07, 0x81, 0xC0,
    0x30, 0x0C, 0x03, 0x00, 0xC0, 0x30, 0x06, 0x07, 0x03, 0x00, 0x0F, 0xFB, 0xFC, 0x0C, 0x0E, 0x0E,
    0x06, 0x07, 0x07, 0x03, 0x03, 0x83, 0xFF, 0xFF, 0x0E, 0x1C, 0x18, 0x00, 0x7E, 0x7E, 0x0E, 0x1C,
    0x18, 0x30, 0x70, 0x7E, 0xFF, 0x08, 0x06, 0x03, 0x00, 0x0F, 0xFB, 0xFC, 0x0C, 0x0E, 0x0E, 0x06,
    0x07, 0x07, 0x03, 0x03, 0x83, 0xFF, 0xFF, 0x10, 0x18, 0x18, 0x00, 0x7E, 0x7E, 0x0E, 0x1C, 0x18,
    0x30, 0x70, 0x7E, 0xFF, 0x33, 0x1F, 0x07, 0x00, 0x0F, 0xFB, 0xFC, 0x0C, 0x0E, 0x0E, 0x06, 0x07,
    0x07, 0x03, 0x03, 0x83, 0xFF, 0xFF, 0x66, 0x3C, 0x38, 0x00, 0x7E, 0x7E, 0x0E, 0x1C, 0x18, 0x30,
    0x70, 0x7E, 0xFF, 0x7B, 0xEC, 0x30, 0xC3, 0x0C, 0x30, 0xC3, 0x0C, 0x30, 0xC0, 0x00, 0x39, 0xFD,
    0xDF, 0xFD, 0xC1, 0xCC, 0x06, 0x60, 0x33, 0x01, 0x98, 0x0C, 0xC0, 0x66, 0x03, 0x38, 0x38, 0xFF,
    0x83, 0xF8, 0x02, 0x00, 0x00, 0x60, 0x0C, 0xFF, 0xBF, 0xE6, 0x18, 0xC3, 0x18, 0x73, 0x0C, 0x61,
    0x8E, 0x70, 0xFC, 0x06, 0x00, 0x00, 0x1E, 0x07, 0xF0, 0x3D, 0x81, 0xCC, 0x0C, 0x60, 0x63, 0x03,
    0x18, 0x18, 0xC0, 0xC6, 0x06, 0x38, 0x70, 0xFF, 0x03, 0xF0, 0x06, 0x00, 0x00, 0x60, 0x0F, 0x0F,
    0xE1, 0xEC, 0x31, 0x86, 0x30, 0xC6, 0x18, 0xC3, 0x1D, 0xE1, 0xFC, 0x08, 0x00, 0x00, 0x06, 0x60,
    0x00, 0x3C, 0x00, 0x03, 0x80, 0x00, 0x00, 0xFF, 0x1F, 0xFF, 0xF8, 0xFF, 0xE1, 0xC0, 0x6E, 0x0C,
    0x0E, 0xE0, 0xC1, 0xCE, 0x0E, 0x18, 0xE0, 0xE3, 0x8E, 0x0C, 0x70, 0xE0, 0xC6, 0x0E, 0x1C, 0xE0,
    0xFF, 0x9F, 0xFF, 0xF1, 0xFF, 0x00, 0x0C, 0xDF, 0xE0, 0xF3, 0xFE, 0x0E, 0x70, 0xE0, 0x0E, 0x0C,
    0xFF, 0xC1, 0x9F, 0xB8, 0x38, 0x77, 0x07, 0x0C, 0xE0, 0xC3, 0x1C, 0x18, 0xE3, 0x87, 0x38, 0x7F,
    0xC7, 0xEF, 0xF1, 0xFE, 0x01, 0x99, 0x80, 0x63, 0xC0, 0x18, 0x70, 0x06, 0x00, 0x3F, 0x9F, 0xDF,
    0xE7, 0xE6, 0x18, 0x39, 0x86, 0x0C, 0x61, 0x86, 0x18, 0x63, 0x86, 0x18, 0xC1, 0xDE, 0x7E, 0x3F,
    0x9F, 0xC2, 0x00, 0x00, 0xC0, 0x7C, 0x0F, 0x81, 0xF0, 0x3E, 0x07, 0xC0, 0xF8, 0x1F, 0x03, 0xE0,
    0x7C, 0x0F, 0xF9, 0xFF, 0xB0, 0x06, 0x07, 0xC0, 0xF0, 0x08, 0x00, 0x58, 0x0F, 0x81, 0xF0, 0x0E,
    0x07, 0xC0, 0xF8, 0x1F, 0x03, 0xE0, 0x7C, 0x0F, 0x81, 0xFF, 0x3F, 0xF6, 0x00, 0xC0, 0x18, 0x0F,
    0x03, 0xC0, 0xC5, 0x9F, 0x16, 0x0C, 0xF9, 0xF3, 0xE7, 0xCF, 0x9F, 0x3E, 0x7C, 0xE1, 0xC3, 0x9E,
    0x3C, 0xE0, 0xC7, 0xE1, 0x8F, 0xC3, 0x1F, 0xC6, 0x3D, 0xCC, 0x79, 0x98, 0xF3, 0xB1, 0xE3, 0xE3,
    0xC3, 0xC7, 0x87, 0x8F, 0x07, 0x1E, 0x06, 0x30, 0x00, 0x60, 0x07, 0xC0, 0x0F, 0x00, 0x08, 0x00,
    0x05, 0xC1, 0x8F, 0xC3, 0x1F, 0x86, 0x0F, 0x8C, 0x7B, 0x98, 0xF3, 0x31, 0xE7, 0x63, 0xC7, 0xC7,
    0x87, 0x8F, 0x0F, 0x1E, 0x0E, 0x3C, 0x0C, 0x60, 0x00, 0xC0, 0x01, 0x80, 0x0F, 0x00, 0x3C, 0x00,
    0x10, 0x01, 0xC0, 0x04, 0x00, 0x0F, 0xE3, 0xFF, 0x9F, 0x8C, 0xF8, 0x67, 0xC3, 0x3E, 0x19, 0xF0,
    0xCF, 0x86, 0x7C, 0x33, 0x80, 0x1C, 0x00, 0xE0, 0x1E, 0x00, 0xF0, 0x33, 0x03, 0xE0, 0x38, 0x00,
    0x00, 0xE0, 0x1C, 0x07, 0x80, 0xD8, 0x1B, 0x06, 0x70, 0xC6, 0x3F, 0xC7, 0xFC, 0xC1, 0xB0, 0x36,
    0x03, 0x33, 0x3E, 0x1C, 0x00, 0x3F, 0x37, 0x03, 0x1F, 0x7F, 0x63, 0xE3, 0x67, 0x7F, 0x10, 0xCF,
    0xE7, 0x00, 0xF9, 0xC3, 0x0C, 0x30, 0xC3, 0x0C, 0x30, 0xC3, 0x3E, 0xCD, 0xE3, 0x80, 0x30, 0xC3,
    0x0C, 0x30, 0xC3, 0x0C, 0x30, 0x1B, 0x83, 0xE0, 0x38, 0x00, 0x03, 0xF8, 0xFF, 0xB8, 0x3E, 0x03,
    0xC0, 0x78, 0x0F, 0x01, 0xE0, 0x3C, 0x07, 0xC1, 0xDF, 0xF1, 0xFC, 0x04, 0x00, 0x33, 0x07, 0x80,
    0xC0, 0x00, 0x3F, 0x1F, 0xE6, 0x19, 0x86, 0x61, 0xD8, 0x66, 0x19, 0xCE, 0x3F, 0x03, 0x00, 0x33,
    0x07, 0x80, 0xE0, 0x00, 0xC0, 0xF0, 0x3C, 0x0F, 0x03, 0xC0, 0xF0, 0x3C, 0x0F, 0x03, 0xC0, 0xF8,
    0x77, 0xF8, 0xFC, 0x0C, 0x00, 0x66, 0x3C, 0x1C, 0x00, 0xC3, 0xC3, 0xC3, 0xC3, 0xC3, 0xC3, 0xC3,
    0xEF, 0x7F, 0x10, 0x3F, 0x07, 0xC1, 0x30, 0xEC, 0x00, 0x30, 0x3C, 0x0F, 0x03, 0xC0, 0xF0, 0x3C,
    0x0F, 0x03, 0xC0, 0xF0, 0x3E, 0x1D, 0xFE, 0x3F, 0x03, 0x00, 0x7E, 0x3E, 0x26, 0x36, 0x00, 0xC3,
    0xC3, 0xC3, 0xC3, 0xC3, 0xC3, 0xC3, 0xEF, 0x7F, 0x10, 0x07, 0x01, 0x80, 0xC0, 0x4C, 0x3B, 0x00,
    0x0C, 0x0F, 0x03, 0xC0, 0xF0, 0x3C, 0x0F, 0x03, 0xC0, 0xF0, 0x3C, 0x0F, 0x87, 0x7F, 0x8F, 0xC0,
    0xC0, 0x0E, 0x0C, 0x18, 0x26, 0x36, 0x00, 0xC3, 0xC3, 0xC3, 0xC3, 0xC3, 0xC3, 0xC3, 0xEF, 0x7F,
    0x10, 0x33, 0x07, 0x80, 0xE0, 0x4C, 0x3B, 0x00, 0x0C, 0x0F, 0x03, 0xC0, 0xF0, 0x3C, 0x0F, 0x03,
    0xC0, 0xF0, 0x3C, 0x0F, 0x87, 0x7F, 0x8F, 0xC0, 0xC0, 0x66, 0x3C, 0x1C, 0x26, 0x36, 0x00, 0xC3,
    0xC3, 0xC3, 0xC3, 0xC3, 0xC3, 0xC3, 0xEF, 0x7F, 0x10, 0x38, 0x06, 0x00, 0xC0, 0x4C, 0x3B, 0x00,
    0x0C, 0x0F, 0x03, 0xC0, 0xF0, 0x3C, 0x0F, 0x03, 0xC0, 0xF0, 0x3C, 0x0F, 0x87, 0x7F, 0x8F, 0xC0,
    0xC0, 0x30, 0x38, 0x18, 0x26, 0x36, 0x00, 0xC3, 0xC3, 0xC3, 0xC3, 0xC3, 0xC3, 0xC3, 0xEF, 0x7F,
    0x10, 0x00, 0x3F, 0x1F, 0xC0, 0x70, 0x1B, 0xFF, 0xFE, 0xC7, 0x77, 0x1F, 0x02, 0x00, 0x3F, 0x03,
    0xE0, 0x6C, 0x0D, 0x80, 0x00, 0x1C, 0x03, 0x80, 0xF0, 0x1B, 0x03, 0x60, 0xCE, 0x18, 0xC7, 0xF8,
    0xFF, 0x98, 0x36, 0x06, 0xC0, 0x60, 0x3F, 0x3E, 0x36, 0x36, 0x00, 0x3F, 0x37, 0x03, 0x1F, 0x7F,
    0x63, 0xE3, 0x67, 0x7F, 0x10, 0x3F, 0x03, 0xE0, 0x30, 0x06, 0x00, 0x00, 0x1C, 0x03, 0x80, 0xF0,
    0x1B, 0x03, 0x60, 0xCE, 0x18, 0xC7, 0xF8, 0xFF, 0x98, 0x36, 0x06, 0xC0, 0x60, 0x3F, 0x3E, 0x0C,
    0x0C, 0x00, 0x3F, 0x37, 0x03, 0x1F, 0x7F, 0x63, 0xE3, 0x67, 0x7F, 0x10, 0x01, 0xF0, 0x07, 0xE0,
    0x00, 0x00, 0x1F, 0xF0, 0x3F, 0xE0, 0xD8, 0x01, 0xB0, 0x06, 0x60, 0x0C, 0xFE, 0x39, 0xFC, 0x7F,
    0x01, 0xFE, 0x03, 0x0C, 0x0E, 0x1F, 0xD8, 0x3F, 0x80, 0x07, 0xC0, 0x3F, 0x00, 0x00, 0x1F, 0xBE,
    0x77, 0xF8, 0x0C, 0x71, 0xFF, 0xDF, 0xFF, 0x63, 0x03, 0x8E, 0x06, 0x7D, 0x9F, 0x3E, 0x10, 0x20,
    0x00, 0x03, 0xF9, 0xFF, 0x30, 0x0C, 0x01, 0x80, 0x30, 0xF6, 0x3E, 0xC0, 0xD8, 0x7F, 0x8F, 0xBF,
    0xE3, 0xFC, 0x0C, 0x00, 0x00, 0x0F, 0xE7, 0xF9, 0x86, 0x61, 0x98, 0x66, 0x19, 0x86, 0x7F, 0x8F,
    0xE0, 0xFC, 0x3F, 0x7F, 0x9F, 0xC0, 0x19, 0x87, 0xC0, 0xE0, 0x00, 0x1F, 0xDF, 0xF6, 0x03, 0x80,
    0xC0, 0x30, 0xFC, 0x7F, 0x03, 0xC0, 0xF8, 0x37, 0xFC, 0xFF, 0x06, 0x00, 0x33, 0x0F, 0x07, 0x00,
    0x03, 0xFB, 0xFD, 0x86, 0xC3, 0x61, 0xB0, 0xD8, 0x6E, 0x73, 0xF8, 0x4C, 0x06, 0xFF, 0x7F, 0x00,
    0x33, 0x0F, 0x81, 0xC0, 0x00, 0xC1, 0xB8, 0xCE, 0x63, 0xB8, 0xFC, 0x3E, 0x0F, 0xC3, 0xB0, 0xE6,
    0x39, 0xCE, 0x3B, 0x86, 0xCC, 0x1E, 0x03, 0x80, 0x00, 0x30, 0x0C, 0x03, 0x00, 0xC0, 0x31, 0xCC,
    0xE3, 0x70, 0xF8, 0x3E, 0x0F, 0xC3, 0x30, 0xCE, 0x31, 0xC0, 0x00, 0x07, 0xF1, 0xFF, 0x70, 0x7C,
    0x07, 0x80, 0xF0, 0x1E, 0x03, 0xC0, 0x78, 0x0F, 0x83, 0xBF, 0xE3, 0xF8, 0x1C, 0x03, 0x00, 0x70,
    0x0E, 0x00, 0x00, 0x0F, 0xC7, 0xF9, 0x86, 0x61, 0x98, 0x76, 0x19, 0x86, 0x73, 0x8F, 0xC0, 0xC0,
    0x30, 0x0E, 0x03, 0x80, 0x1F, 0x03, 0xE0, 0x00, 0x1F, 0xC7, 0xFD, 0xC1, 0xF0, 0x1E, 0x03, 0xC0,
    0x78, 0x0F, 0x01, 0xE0, 0x3E, 0x0E, 0xFF, 0x8F, 0xE0, 0x30, 0x0C, 0x01, 0xC0, 0x18, 0x00, 0x1F,
    0x0F, 0xC0, 0x00, 0xFC, 0x7F, 0x98, 0x66, 0x19, 0x87, 0x61, 0x98, 0x67, 0x38, 0xFC, 0x0C, 0x03,
    0x00, 0xE0, 0x38, 0x37, 0x1F, 0x07, 0x00, 0x07, 0xFB, 0xFC, 0x1C, 0x1C, 0x18, 0x1F, 0x0F, 0xE0,
    0x70, 0x18, 0x0F, 0x9F, 0xFE, 0x18, 0x00, 0x66, 0x3C, 0x38, 0x00, 0xFF, 0xFE, 0x0E, 0x1C, 0x38,
    0x3C, 0x3E, 0x07, 0x03, 0x03, 0x07, 0xFE, 0xFC, 0xCD, 0xE3, 0x80, 0x30, 0xC3, 0x0C, 0x30, 0xC3,
    0x0C, 0x30, 0xC3, 0x3C, 0xF0, 0xFF, 0x1F, 0xFF, 0xF8, 0xFF, 0xE1, 0xC0, 0x6E, 0x0C, 0x0E, 0xE0,
    0xC1, 0xCE, 0x0E, 0x18, 0xE0, 0xE3, 0x8E, 0x0C, 0x70, 0xE0, 0xC6, 0x0E, 0x1C, 0xE0, 0xFF, 0x9F,
    0xFF, 0xF1, 0xFF, 0xFF, 0x00, 0x1F, 0xF0, 0x03, 0x87, 0x00, 0x70, 0x67, 0xFE, 0x0C, 0xFD, 0xC1,
    0xC3, 0xB8, 0x38, 0x67, 0x06, 0x18, 0xE0, 0xC7, 0x1C, 0x39, 0xC3, 0xFE, 0x3F, 0x7F, 0x8F, 0xF0,
    0x01, 0x80, 0x00, 0x60, 0x00, 0x18, 0x00, 0x06, 0x00, 0x3F, 0x9F, 0xDF, 0xE7, 0xE6, 0x18, 0x39,
    0x86, 0x0C, 0x61, 0x86, 0x18, 0x63, 0x86, 0x18, 0xC1, 0xDE, 0x7E, 0x3F, 0x9F, 0xC2, 0x00, 0x00,
    0x03, 0x01, 0xC0, 0x60, 0x00, 0x1F, 0xDF, 0xF6, 0x03, 0x80, 0xC0, 0x30, 0xFC, 0x7F, 0x03, 0xC0,
    0xF8, 0x37, 0xFC, 0xFF, 0x06, 0x00, 0x07, 0x07, 0x03, 0x00, 0x03, 0xFB, 0xFD, 0x86, 0xC3, 0x61,
    0xB0, 0xD8, 0x6E, 0x73, 0xF8, 0x4C, 0x06, 0xFF, 0x7F, 0x00, 0xC1, 0x83, 0x86, 0x0E, 0x18, 0x38,
    0x67, 0xE1, 0x9F, 0xFE, 0x7F, 0xF9, 0xF8, 0x67, 0xE1, 0x9F, 0x86, 0x6E, 0x1F, 0xB8, 0x7E, 0x00,
    0x20, 0x00, 0x37, 0xCF, 0xFB, 0x86, 0xE1, 0xB8, 0x6E, 0x1B, 0x86, 0xE3, 0xB9, 0xCE, 0xE3, 0xF0,
    0xF0, 0x38, 0x0E, 0x03, 0x80, 0xE0, 0x00, 0x18, 0x01, 0x80, 0x18, 0x00, 0x0E, 0x0D, 0xE1, 0xBC,
    0x37, 0xC6, 0xDC, 0xD9, 0x9B, 0x3B, 0x63, 0xEC, 0x3D, 0x87, 0xB0, 0x76, 0x06, 0x30, 0x38, 0x1C,
    0x00, 0xFE, 0xFF, 0xE3, 0xC3, 0xC3, 0xC3, 0xC3, 0xC3, 0xC3, 0x07, 0x01, 0xC0, 0x30, 0x0F, 0x01,
    0xB0, 0x3C, 0x03, 0x80, 0xF0, 0x1B, 0x07, 0x60, 0xC6, 0x1F, 0xC7, 0xFC, 0xC1, 0xB8, 0x36, 0x03,
    0x0E, 0x0C, 0x1C, 0x1E, 0x16, 0x1C, 0x00, 0x3F, 0x37, 0x03, 0x1F, 0x7F, 0x63, 0xE3, 0x67, 0x7F,
    0x10, 0x00, 0x70, 0x00, 0xC0, 0x03, 0x00, 0x00, 0x00, 0x3F, 0xE0, 0x7F, 0xC1, 0xB0, 0x03, 0x60,
    0x0C, 0xC0, 0x19, 0xFC, 0x73, 0xF8, 0xFE, 0x03, 0xFC, 0x06, 0x18, 0x1C, 0x3F, 0xB0, 0x7F, 0x01,
    0xC0, 0x06, 0x00, 0x30, 0x00, 0x00, 0x7E, 0xF9, 0xDF, 0xE0, 0x31, 0xC7, 0xFF, 0x7F, 0xFD, 0x8C,
    0x0E, 0x38, 0x19, 0xF6, 0x7C, 0xF8, 0x40, 0x80, 0x03, 0x00, 0xE0, 0x38, 0x00, 0x23, 0xFC, 0xFF,
    0xB8, 0x7E, 0x1F, 0xC7, 0x78, 0xCF, 0x31, 0xEE, 0x3F, 0x87, 0xE1, 0xDF, 0xF7, 0xFC, 0x44, 0x00,
    0x07, 0x01, 0x80, 0xC0, 0x00, 0x3F, 0x9F, 0xE6, 0x79, 0x9E, 0x6D, 0xDF, 0x67, 0x99, 0xCE, 0x7F,
    0x1B, 0x00, 0x7E, 0x06, 0xC0, 0x6C, 0x00, 0x00, 0xE0, 0x1C, 0x07, 0x80, 0xD8, 0x1B, 0x06, 0x70,
    0xC6, 0x3F, 0xC7, 0xFC, 0xC1, 0xB0, 0x36, 0x03, 0x6C, 0x7E, 0x36, 0x00, 0x3F, 0x37, 0x03, 0x1F,
    0x7F, 0x63, 0xE3, 0x67, 0x7F, 0x10, 0x0E, 0x03, 0xE0, 0xCC, 0x00, 0x00, 0xE0, 0x1C, 0x07, 0x80,
    0xD8, 0x1B, 0x06, 0x70, 0xC6, 0x3F, 0xC7, 0xFC, 0xC1, 0xB0, 0x36, 0x03, 0x0C, 0x3E, 0x33, 0x00,
    0x3F, 0x37, 0x03, 0x1F, 0x7F, 0x63, 0xE3, 0x67, 0x7F, 0x10, 0xF8, 0x6C, 0x36, 0x00, 0xFF, 0xFE,
    0xE0, 0xE0, 0xE0, 0xFE, 0xFE, 0xE0, 0xE0, 0xE0, 0xFE, 0xFF, 0x6C, 0x3F, 0x0D, 0x80, 0x03, 0xF3,
    0xF9, 0x8E, 0xFF, 0x7F, 0xB0, 0x18, 0x0F, 0x63, 0xF0, 0x20, 0x18, 0x3E, 0x66, 0x00, 0xFF, 0xFE,
    0xE0, 0xE0, 0xE0, 0xFE, 0xFE, 0xE0, 0xE0, 0xE0, 0xFE, 0xFF, 0x0C, 0x1F, 0x0C, 0xC0, 0x03, 0xF3,
    0xF9, 0x8E, 0xFF, 0x7F, 0xB0, 0x18, 0x0F, 0x63, 0xF0, 0x20, 0xD9, 0xF9, 0xB0, 0x07, 0xC7, 0x06,
    0x0C, 0x18, 0x30, 0x60, 0xC1, 0x83, 0x06, 0x3E, 0xFC, 0xD8, 0xD8, 0x01, 0x83, 0x06, 0x0C, 0x18,
    0x30, 0x60, 0xC1, 0x80, 0x33, 0xEC, 0xC0, 0xF9, 0xC3, 0x0C, 0x30, 0xC3, 0x0C, 0x30, 0xC3, 0x3E,
    0x31, 0xFC, 0xC0, 0x30, 0xC3, 0x0C, 0x30, 0xC3, 0x0C, 0x30, 0x36, 0x06, 0xC0, 0x6C, 0x00, 0x03,
    0xF8, 0xFF, 0xB8, 0x3E, 0x03, 0xC0, 0x78, 0x0F, 0x01, 0xE0, 0x3C, 0x07, 0xC1, 0xDF, 0xF1, 0xFC,
    0x04, 0x00, 0x6C, 0x0D, 0x81, 0xA0, 0x00, 0x3F, 0x1F, 0xE6, 0x19, 0x86, 0x61, 0xD8, 0x66, 0x19,
    0xCE, 0x3F, 0x03, 0x00, 0x0E, 0x03, 0xE0, 0x44, 0x00, 0x03, 0xF8, 0xFF, 0xB8, 0x3E, 0x03, 0xC0,
    0x78, 0x0F, 0x01, 0xE0, 0x3C, 0x07, 0xC1, 0xDF, 0xF1, 0xFC, 0x04, 0x00, 0x0C, 0x07, 0xC3, 0x30,
    0x00, 0x3F, 0x1F, 0xE6, 0x19, 0x86, 0x61, 0xD8, 0x66, 0x19, 0xCE, 0x3F, 0x03, 0x00, 0xFC, 0x1B,
    0x03, 0x60, 0x00, 0xFE, 0x3F, 0xCE, 0x33, 0x8E, 0xE3, 0x3F, 0xCF, 0xE3, 0xB8, 0xE6, 0x39, 0xCE,
    0x3B, 0x86, 0xD8, 0xD8, 0xF0, 0x07, 0xEF, 0xDC, 0x30, 0x60, 0xC1, 0x83, 0x06, 0x00, 0x18, 0x0F,
    0x86, 0x60, 0x00, 0xFE, 0x3F, 0xCE, 0x33, 0x8E, 0xE3, 0x3F, 0xCF, 0xE3, 0xB8, 0xE6, 0x39, 0xCE,
    0x3B, 0x86, 0x31, 0xFC, 0xC0, 0xFF, 0xFE, 0x30, 0xC3, 0x0C, 0x30, 0xC0, 0x7C, 0x0D, 0x81, 0xB0,
    0x00, 0xC0, 0xF0, 0x3C, 0x0F, 0x03, 0xC0, 0xF0, 0x3C, 0x0F, 0x03, 0xC0, 0xF8, 0x77, 0xF8, 0xFC,
    0x0C, 0x00, 0xFC, 0x6C, 0x36, 0x00, 0xC3, 0xC3, 0xC3, 0xC3, 0xC3, 0xC3, 0xC3, 0xEF, 0x7F, 0x10,
    0x0C, 0x07, 0xC3, 0x30, 0x00, 0xC0, 0xF0, 0x3C, 0x0F, 0x03, 0xC0, 0xF0, 0x3C, 0x0F, 0x03, 0xC0,
    0xF8, 0x77, 0xF8, 0xFC, 0x0C, 0x00, 0x18, 0x3E, 0x66, 0x00, 0xC3, 0xC3, 0xC3, 0xC3, 0xC3, 0xC3,
    0xC3, 0xEF, 0x7F, 0x10, 0x00, 0x1F, 0x9F, 0xCC, 0x06, 0x03, 0x80, 0xF0, 0x3E, 0x03, 0x81, 0xC0,
    0xFF, 0xE7, 0xE0, 0xC0, 0x70, 0x30, 0x18, 0x00, 0x00, 0x7E, 0x7E, 0xE0, 0x78, 0x3E, 0x0E, 0x07,
    0x66, 0x7E, 0x10, 0x18, 0x18, 0x10, 0xFF, 0xBF, 0xE0, 0xC0, 0x30, 0x0C, 0x03, 0x00, 0xC0, 0x30,
    0x0C, 0x03, 0x00, 0xC0, 0x30, 0x00, 0x03, 0x00, 0xC0, 0x60, 0x21, 0x8F, 0xFE, 0x61, 0x86, 0x18,
    0x61, 0xC3, 0xC2, 0x18, 0xC3, 0x00, 0x00, 0x3F, 0xBF, 0xE0, 0x70, 0x38, 0x38, 0x7C, 0x7E, 0x03,
    0x80, 0xC0, 0x60, 0x70, 0x70, 0xFB, 0xF1, 0xE0, 0x00, 0x7E, 0x6E, 0x07, 0x06, 0x1E, 0x3E, 0x27,
    0x03, 0x07, 0x06, 0x1E, 0xFC, 0xF0, 0x33, 0x07, 0x80, 0xE0, 0x00, 0xC0, 0xF8, 0x3E, 0x0F, 0x83,
    0xE0, 0xFF, 0xFF, 0xFF, 0x83, 0xE0, 0xF8, 0x3E, 0x0F, 0x83, 0xCC, 0x1E, 0x03, 0x80, 0x00, 0x30,
    0x0C, 0x03, 0x00, 0xC0, 0x3F, 0x8F, 0xF3, 0x8C, 0xC3, 0x30, 0xCC, 0x33, 0x0C, 0xC3, 0x30, 0xC0,
    0x63, 0x8C, 0x37, 0xE0, 0x31, 0xEC, 0xC0, 0x22, 0xFD, 0x78, 0xFF, 0xF0, 0x00, 0xFF, 0x7E, 0x8F,
    0xF7, 0x80, 0xFC, 0x03, 0xF4, 0x80, 0xF7, 0x76, 0x00, 0x6F, 0xFF, 0x36, 0xFD, 0xB0, 0xCD, 0xE3,
    0x00, 0xFC, 0xFF, 0xF0, 0xF8, 0xD8, 0xD8, 0x00, 0xCB, 0xFF, 0x78, 0x31, 0xFC, 0xC0, 0x26, 0x6E,
    0x40, 0x76, 0x64, 0x40, 0xE6, 0x66, 0x20, 0x76, 0x66, 0x40, 0xE6, 0x30, 0x76, 0xC0, 0x3F, 0xF3,
    0xCF, 0xFC, 0xFF, 0xC6, 0x31, 0x80, 0x33, 0xEC, 0xFF, 0x06, 0xFF, 0xFF, 0x66, 0x6F, 0xF6, 0xFF,
    0x6D, 0xFE, 0xDB, 0x7E, 0xF0, 0x03, 0xF4, 0x80, 0x6F, 0xFF, 0x66, 0x40, 0x67, 0x3F, 0x26, 0xCF,
    0x70, 0xFC, 0xFF, 0xFC, 0xE1, 0x5A, 0x7E, 0xCD, 0xE3, 0x00, 0x31, 0xEC, 0xC0, 0x8F, 0xF7, 0x80,
    0x31, 0xFC, 0xC0, 0x22, 0x7E, 0x5E, 0xFF, 0xF0, 0xFF, 0xFF, 0xFF, 0xFF, 0xFF, 0xFF, 0x45, 0xFA,
    0xF0, 0x00, 0xFF, 0x7E, 0xFF, 0xFF, 0xFF, 0x08, 0xF7, 0x38, 0x02, 0x06, 0x06, 0x0C, 0x0C, 0x0C,
    0x18, 0x18, 0x30, 0x30, 0x30, 0x60, 0x60, 0x60, 0xFF, 0x87, 0x3F, 0xFF, 0x7E, 0xFF, 0xC3, 0xFF,
    0x7E, 0x5A, 0xFE, 0xF2, 0x26, 0x66, 0x64, 0xFF, 0xFF, 0xFF, 0xFF, 0xE6, 0x30, 0x76, 0xC0, 0x22,
    0x7E, 0x5E, 0xE6, 0x60, 0x19, 0xFF, 0xD0, 0xDB, 0x80, 0xFF, 0xFF, 0xC3, 0x00, 0xFF, 0xFF, 0xFF,
    0xFF, 0xFF, 0xF0, 0xF3, 0x30, 0x2A, 0x7E, 0x5E, 0x10, 0x18, 0x18, 0x32, 0x7E, 0x5C, 0x18, 0x18,
    0x67, 0xF9, 0xBF, 0xFC, 0x03, 0xFF, 0xD2, 0x6F, 0x66, 0xEF, 0x78, 0x01, 0x8F, 0x11, 0x08, 0xA0,
    0x5A, 0x05, 0xA0, 0x5A, 0x05, 0x10, 0x88, 0xF1, 0x80, 0x1E, 0xF7, 0x0E, 0x7E, 0x00, 0x1B, 0x64,
    0x7B, 0xFB, 0x4C, 0x6F, 0xF7, 0x0F, 0xE7, 0x0E, 0x7E, 0x40, 0x7E, 0x7E, 0x6A, 0x19, 0x68, 0x7C,
    0x6F, 0xFF, 0x7E, 0x7E, 0xDB, 0x7E, 0x0C, 0xF3, 0x00, 0x40, 0x09, 0x80, 0x63, 0xFF, 0x07, 0xF8,
    0x40, 0x09, 0x80, 0x63, 0xFF, 0x07, 0xF8, 0xFF, 0xFF, 0xF0, 0xFF, 0xFF, 0xF0, 0x18, 0x09, 0xFF,
    0xFC, 0x3F, 0x80, 0x00, 0x00, 0x7F, 0x87, 0xCF, 0xB8, 0x07, 0x00, 0x00, 0x00, 0x01, 0xFF, 0xF7,
    0xFF, 0xC0, 0x06, 0x77, 0xDF, 0x7F, 0xC7, 0x1F, 0xD0, 0xF4, 0xB4, 0xE0, 0x99, 0xDF, 0x7C, 0xC7,
    0x11, 0xF9, 0x9F, 0x8C, 0xFD, 0xD9, 0xFD, 0x6A, 0xD4, 0xA0, 0xF2, 0x40, 0x67, 0x66, 0x70, 0xD7,
    0x98, 0xC0, 0xF3, 0x1D, 0xA0, 0x30, 0x38, 0x18, 0x00, 0xFF, 0xFE, 0xE0, 0xE0, 0xE0, 0xFE, 0xFE,
    0xE0, 0xE0, 0xE0, 0xFE, 0xFF, 0x24, 0x3E, 0x34, 0x00, 0xFF, 0xFE, 0xE0, 0xE0, 0xE0, 0xFE, 0xFE,
    0xE0, 0xE0, 0xE0, 0xFE, 0xFF, 0xFF, 0x8F, 0xF8, 0x18, 0x01, 0x80, 0x1B, 0x01, 0xFC, 0x1C, 0xE1,
    0x86, 0x18, 0x61, 0x86, 0x1B, 0xE1, 0xBC, 0x01, 0x00, 0x0E, 0x1C, 0x18, 0x00, 0xFE, 0xFE, 0xE0,
    0xE0, 0xE0, 0xE0, 0xE0, 0xE0, 0xE0, 0xE0, 0xE0, 0xE0, 0x00, 0x1F, 0xDF, 0xFC, 0x0C, 0x06, 0x03,
    0xFD, 0xFE, 0xC0, 0x60, 0x38, 0x0F, 0xF3, 0xF8, 0x20, 0x00, 0x1F, 0x9F, 0xCC, 0x06, 0x03, 0x80,
    0xF0, 0x3E, 0x03, 0x81, 0xC0, 0xFF, 0xE7, 0xE0, 0xC0, 0xDF, 0xFF, 0xFF, 0xFF, 0xF0, 0x07, 0xFC,
    0x06, 0x39, 0xCE, 0x73, 0x9C, 0xE7, 0x39, 0xCE, 0x18, 0x61, 0x86, 0x18, 0x61, 0x86, 0x18, 0x61,
    0x86, 0x19, 0xEF, 0x90, 0x1F, 0xC0, 0x3F, 0xC0, 0x38, 0xC0, 0x38, 0xC0, 0x30, 0xF8, 0x30, 0xFE,
    0x30, 0xC7, 0x30, 0xC3, 0x30, 0xC3, 0x30, 0xC3, 0xF0, 0xFF, 0xE0, 0xFE, 0x40, 0x00, 0xC1, 0x80,
    0xE1, 0xC0, 0xE1, 0xC0, 0xE1, 0xC0, 0xE1, 0xC0, 0xFF, 0xFC, 0xFF, 0xFE, 0xE1, 0xC7, 0xE1, 0xC7,
    0xE1, 0xC6, 0xE1, 0xFE, 0xE1, 0xFC, 0xFF, 0x9F, 0xF0, 0x60, 0x0C, 0x01, 0xB0, 0x3F, 0x87, 0x38,
    0xC3, 0x18, 0x63, 0x0C, 0x61, 0x8C, 0x30, 0x06, 0x03, 0x01, 0x80, 0x00, 0xC1, 0xB8, 0xCE, 0x73,
    0x98, 0xEC, 0x3F, 0x0F, 0xC3, 0xB8, 0xE6, 0x39, 0xCE, 0x3B, 0x86, 0x1C, 0x03, 0x00, 0x60, 0x00,
    0xC0, 0xF8, 0x7E, 0x3F, 0x8F, 0xE6, 0xFB, 0xBE, 0xCF, 0x73, 0xF8, 0xFC, 0x3F, 0x0F, 0x83, 0x00,
    0x03, 0x60, 0x7C, 0x00, 0x0C, 0x0D, 0xC1, 0x98, 0x73, 0x8C, 0x33, 0x87, 0x60, 0x7C, 0x0F, 0x00,
    0xE0, 0x18, 0x1F, 0x03, 0xC0, 0x20, 0x00, 0xC0, 0xF8, 0x3E, 0x0F, 0x83, 0xE0, 0xF8, 0x3E, 0x0F,
    0x83, 0xE0, 0xF8, 0x3F, 0xFF, 0xFF, 0x0C, 0x03, 0x00, 0xC0, 0x0E, 0x01, 0xC0, 0x78, 0x0D, 0x81,
    0xB0, 0x67, 0x0C, 0x63, 0xFC, 0x7F, 0xCC, 0x1B, 0x03, 0x60, 0x30, 0xFF, 0x7F, 0xB8, 0x1C, 0x0F,
    0x87, 0xFB, 0x9D, 0xC7, 0xE3, 0xF1, 0xFF, 0xDF, 0xC0, 0xFF, 0x7F, 0xF8, 0xFC, 0x3E, 0x3F, 0xFB,
    0xFF, 0xC3, 0xE1, 0xF0, 0xFF, 0xFF, 0xE0, 0xFE, 0xFE, 0xE0, 0xE0, 0xE0, 0xE0, 0xE0, 0xE0, 0xE0,
    0xE0, 0xE0, 0xE0, 0x1F, 0xE1, 0xFE, 0x18, 0x61, 0x86, 0x18, 0x61, 0x86, 0x18, 0x63, 0x86, 0x30,
    0x63, 0x06, 0xFF, 0xFF, 0xFF, 0xC0, 0x3C, 0x03, 0xC0, 0x30, 0xFF, 0xFE, 0xE0, 0xE0, 0xE0, 0xFE,
    0xFE, 0xE0, 0xE0, 0xE0, 0xFE, 0xFF, 0xE3, 0x8E, 0x63, 0x8C, 0x33, 0x9C, 0x3B, 0xB8, 0x1B, 0xB0,
    0x0F, 0xF0, 0x1F, 0xF0, 0x3B, 0xB8, 0x33, 0x98, 0x73, 0x9C, 0x63, 0x8C, 0xC3, 0x86, 0x00, 0x3F,
    0x9F, 0xC0, 0x70, 0x38, 0x38, 0xF8, 0x7E, 0x03, 0x80, 0xC0, 0xFF, 0xFF, 0xF0, 0xC0, 0xC0, 0xF8,
    0x7E, 0x3F, 0x8F, 0xE6, 0xFB, 0xBE, 0xCF, 0x73, 0xF8, 0xFC, 0x3F, 0x0F, 0x83, 0x00, 0x0E, 0xC1,
    0xF0, 0x00, 0xC0, 0xF8, 0x7E, 0x3F, 0x8F, 0xE6, 0xFB, 0xBE, 0xCF, 0x73, 0xF8, 0xFC, 0x3F, 0x0F,
    0x83, 0xC1, 0xB8, 0xCE, 0x73, 0x98, 0xEC, 0x3F, 0x0F, 0xC3, 0xB8, 0xE6, 0x39, 0xCE, 0x3B, 0x86,
    0x1F, 0xC7, 0xF8, 0xE3, 0x1C, 0x63, 0x0C, 0x61, 0x8C, 0x31, 0x86, 0x30, 0xC6, 0x1B, 0xC3, 0x70,
    0x64, 0x00, 0xE0, 0x3F, 0x83, 0xFC, 0x1F, 0xE0, 0xFD, 0x8D, 0xEC, 0x6F, 0x77, 0x79, 0xB3, 0xCD,
    0x9E, 0x38, 0xF1, 0xC7, 0x8E, 0x30, 0xC0, 0xF8, 0x3E, 0x0F, 0x83, 0xE0, 0xFF, 0xFF, 0xFF, 0x83,
    0xE0, 0xF8, 0x3E, 0x0F, 0x83, 0x00, 0x07, 0xF1, 0xFF, 0x70, 0x6C, 0x0F, 0x80, 0xF0, 0x1E, 0x03,
    0xC0, 0x78, 0x1F, 0x83, 0x3F, 0xE3, 0xF8, 0x08, 0x00, 0xFF, 0xFF, 0xFE, 0x0F, 0x83, 0xE0, 0xF8,
    0x3E, 0x0F, 0x83, 0xE0, 0xF8, 0x3E, 0x0F, 0x83, 0xFE, 0x7F, 0xB8, 0xDC, 0x7E, 0x37, 0x3B, 0xF9,
    0xF0, 0xE0, 0x70, 0x38, 0x1C, 0x00, 0x00, 0x1F, 0xDF, 0xFC, 0x0C, 0x06, 0x03, 0x01, 0x80, 0xC0,
    0x60, 0x38, 0x0F, 0xF3, 0xF8, 0x20, 0xFF, 0xBF, 0xE0, 0xC0, 0x30, 0x0C, 0x03, 0x00, 0xC0, 0x30,
    0x0C, 0x03, 0x00, 0xC0, 0x30, 0xC0, 0xDC, 0x19, 0x87, 0x38, 0xC3, 0x38, 0x76, 0x07, 0xC0, 0xF0,
    0x0E, 0x01, 0x81, 0xF0, 0x3C, 0x02, 0x00, 0x00, 0x00, 0x18, 0x03, 0xF0, 0x7F, 0xE7, 0x33, 0xB1,
    0x8D, 0x8C, 0x6C, 0x63, 0x63, 0x1B, 0x99, 0xCF, 0xFC, 0x1F, 0x80, 0x30, 0x01, 0x00, 0xE1, 0xD8,
    0x67, 0x30, 0xFC, 0x1E, 0x07, 0x01, 0xE0, 0x78, 0x37, 0x1C, 0xE6, 0x1B, 0x07, 0xC0, 0xCE, 0x0C,
    0xE0, 0xCE, 0x0C, 0xE0, 0xCE, 0x0C, 0xE0, 0xCE, 0x0C, 0xE0, 0xCE, 0x0C, 0xFF, 0xEF, 0xFF, 0x00,
    0x70, 0x07, 0x00, 0x60, 0xC1, 0xE0, 0xF0, 0x78, 0x3C, 0x1F, 0x1D, 0xFE, 0x7F, 0x01, 0x80, 0xC0,
    0x60, 0x30, 0xC1, 0x87, 0xC7, 0x0F, 0x8E, 0x1F, 0x1C, 0x3E, 0x38, 0x7C, 0x70, 0xF8, 0xE1, 0xF1,
    0xC3, 0xE3, 0x87, 0xC7, 0x0F, 0xFF, 0xFF, 0xFF, 0xF0, 0xC3, 0x8E, 0xE3, 0x8E, 0xE3, 0x8E, 0xE3,
    0x8E, 0xE3, 0x8E, 0xE3, 0x8E, 0xE3, 0x8E, 0xE3, 0x8E, 0xE3, 0x8E, 0xE3, 0x8E, 0xFF, 0xFF, 0xFF,
    0xFF, 0x00, 0x03, 0x00, 0x03, 0x00, 0x03, 0xF8, 0x1F, 0x00, 0x60, 0x0C, 0x01, 0xF0, 0x3F, 0x86,
    0x78, 0xC3, 0x18, 0x63, 0x1C, 0x7F, 0x0F, 0xC0, 0xC0, 0x3C, 0x03, 0xC0, 0x3C, 0x03, 0xF8, 0x3F,
    0xF3, 0xE7, 0x3E, 0x3B, 0xE3, 0xBE, 0x33, 0xFF, 0x3F, 0xE3, 0xE0, 0x70, 0x38, 0x1C, 0x0F, 0x87,
    0xFB, 0x9D, 0xC7, 0xE3, 0xF1, 0xBF, 0xDF, 0xC0, 0x00, 0x1F, 0xC7, 0xF8, 0x06, 0x01, 0xC0, 0x33,
    0xFC, 0xFF, 0x00, 0xC0, 0x70, 0x19, 0xFE, 0x7F, 0x06, 0x00, 0x00, 0x01, 0x87, 0xF3, 0x9F, 0xF7,
    0x30, 0x6E, 0xE0, 0xFD, 0x80, 0xFF, 0x01, 0xFE, 0x03, 0xEC, 0x07, 0xDC, 0x1F, 0x98, 0x37, 0x3F,
    0xEE, 0x3F, 0x80, 0x08, 0x00, 0x3F, 0x9F, 0xE6, 0x19, 0x86, 0x61, 0x9F, 0xE3, 0xF8, 0x7E, 0x39,
    0x8C, 0x67, 0x1B, 0x86, 0x00, 0x7E, 0x7F, 0x03, 0x1F, 0x7F, 0x63, 0xE3, 0x67, 0x7F, 0x10, 0x0F,
    0x8F, 0xE3, 0x81, 0x80, 0x7F, 0x1F, 0xE6, 0x19, 0x86, 0x61, 0xD8, 0x66, 0x19, 0xCE, 0x3F, 0x03,
    0x00, 0xFE, 0xFF, 0xC7, 0xFE, 0xFE, 0xC7, 0xC3, 0xFF, 0xFE, 0xFF, 0xFC, 0x30, 0xC3, 0x0C, 0x30,
    0xC0, 0x3F, 0x8F, 0xE3, 0x18, 0xC6, 0x31, 0x8C, 0x67, 0x1B, 0xFF, 0xFF, 0xF0, 0x3C, 0x0F, 0x03,
    0x00, 0x1F, 0x1F, 0xCC, 0x77, 0xFF, 0xFF, 0x80, 0xC0, 0x7B, 0x1F, 0x83, 0x00, 0xE6, 0x33, 0x33,
    0x8D, 0x98, 0x7F, 0x81, 0xFC, 0x1F, 0x71, 0xD9, 0x8C, 0xCE, 0xE6, 0x38, 0x00, 0xFE, 0x7E, 0x06,
    0x3E, 0x3E, 0x06, 0x07, 0xCF, 0xFE, 0x10, 0xC7, 0xC7, 0xCF, 0xCF, 0xDB, 0xDB, 0xF3, 0xF3, 0xE3,
    0x26, 0x7E, 0x3C, 0x00, 0xC7, 0xC7, 0xCF, 0xCF, 0xDB, 0xDB, 0xF3, 0xF3, 0xE3, 0xC7, 0xC6, 0xCC,
    0xFC, 0xF8, 0xDC, 0xCC, 0xC6, 0xC7, 0x3F, 0x9F, 0xCC, 0x66, 0x33, 0x19, 0x8D, 0xC7, 0xC3, 0xE1,
    0x80, 0x00, 0xE0, 0xFC, 0x3F, 0xC7, 0xF8, 0xFD, 0xB7, 0xB6, 0xF7, 0x9E, 0x73, 0xCE, 0x60, 0xC3,
    0xC3, 0xC3, 0xFF, 0xFF, 0xC3, 0xC3, 0xC3, 0xC3, 0x00, 0x0F, 0xC7, 0xF9, 0x86, 0x61, 0xB8, 0x66,
    0x19, 0x86, 0x73, 0x8F, 0xC0, 0xC0, 0xFF, 0xFF, 0xC3, 0xC3, 0xC3, 0xC3, 0xC3, 0xC3, 0xC3, 0x00,
    0x7F, 0x3F, 0xDC, 0x6C, 0x3E, 0x1F, 0x0F, 0xC6, 0xF7, 0x7F, 0x32, 0x18, 0x0C, 0x06, 0x00, 0x00,
    0x3F, 0x7E, 0x60, 0x60, 0xE0, 0xE0, 0x60, 0x7B, 0x3F, 0x0C, 0xFF, 0xFF, 0x18, 0x18, 0x18, 0x18,
    0x18, 0x18, 0x18, 0xC3, 0xE1, 0x98, 0xCC, 0xE7, 0x61, 0xB0, 0xF0, 0x38, 0x1C, 0x0C, 0x06, 0x1E,
    0x0F, 0x00, 0x06, 0x00, 0x60, 0x06, 0x00, 0x60, 0x3F, 0xC7, 0xFE, 0x66, 0x66, 0x67, 0xE6, 0x36,
    0x67, 0x66, 0x77, 0xEE, 0x3F, 0xC0, 0xF0, 0x06, 0x00, 0x60, 0x06, 0x00, 0xE3, 0x33, 0x8F, 0x87,
    0x81, 0xC1, 0xE1, 0xD8, 0xCE, 0xE3, 0x00, 0xC3, 0x30, 0xCC, 0x33, 0x0C, 0xC3, 0x30, 0xCC, 0x33,
    0xFE, 0xFF, 0x80, 0x60, 0x18, 0x02, 0xC3, 0xC3, 0xC3, 0xC3, 0xFF, 0x7F, 0x03, 0x03, 0x03, 0xC7,
    0x1E, 0x38, 0xF1, 0xC7, 0x8E, 0x3C, 0x71, 0xE3, 0x8F, 0x1C, 0x7F, 0xFF, 0xFF, 0xF8, 0xC7, 0x1B,
    0x1C, 0x6C, 0x71, 0xB1, 0xC6, 0xC7, 0x1B, 0x1C, 0x6C, 0x71, 0xBF, 0xFF, 0xFF, 0xFC, 0x00, 0x30,
    0x00, 0xC0, 0x03, 0xF8, 0x3E, 0x03, 0x80, 0xFC, 0x3F, 0xCE, 0x33, 0x8C, 0xFF, 0x3F, 0x80, 0xC0,
    0xF8, 0x1F, 0x03, 0xFE, 0x7F, 0xEF, 0x8F, 0xF1, 0xFF, 0xF7, 0xFE, 0xE0, 0xC0, 0xC0, 0xC0, 0xFC,
    0xFE, 0xC7, 0xC7, 0xFE, 0xFE, 0x00, 0xFC, 0x7E, 0x07, 0x3F, 0x7F, 0x07, 0x07, 0xCE, 0xFC, 0x30,
    0x00, 0x0C, 0x7C, 0xCF, 0xED, 0xC7, 0xFC, 0x3F, 0x83, 0xDC, 0x3D, 0xC7, 0xCE, 0xEC, 0x7C, 0x01,
    0x00, 0x3F, 0xBF, 0xD8, 0xEC, 0x77, 0xF9, 0xFC, 0xCE, 0xE7, 0xE3, 0x80, 0x38, 0x0E, 0x03, 0x00,
    0x03, 0xE3, 0xF9, 0x8E, 0xFF, 0xFF, 0xF0, 0x18, 0x0F, 0x63, 0xF0, 0x60, 0x00, 0x1B, 0x0D, 0x80,
    0x03, 0xE3, 0xF9, 0x8E, 0xFF, 0xFF, 0xF0, 0x18, 0x0F, 0x63, 0xF0, 0x60, 0x60, 0x7E, 0x3F, 0x0C,
    0x06, 0xF3, 0xFD, 0xC6, 0xC3, 0x61, 0xB0, 0xD8, 0x6C, 0x36, 0x18, 0x0C, 0x06, 0x0F, 0x0F, 0x00,
    0x1C, 0x63, 0x00, 0xFF, 0xFC, 0x30, 0xC3, 0x0C, 0x30, 0xC0, 0x00, 0x3F, 0x7E, 0x60, 0x7E, 0xFE,
    0xE0, 0x60, 0x7B, 0x3F, 0x0C, 0x00, 0x7E, 0xFE, 0xE0, 0x70, 0x3C, 0x0E, 0x06, 0xEE, 0xFE, 0x10,
    0x5B, 0x0D, 0xB6, 0xDB, 0x6C, 0x5F, 0xF0, 0x66, 0x66, 0x66, 0x66, 0x60, 0x11, 0x8C, 0x03, 0x18,
    0xC6, 0x31, 0x8C, 0x63, 0x18, 0xDE, 0xF0, 0x3F, 0x80, 0xFE, 0x03, 0x38, 0x0C, 0xFC, 0x33, 0xFC,
    0xCE, 0x37, 0x38, 0xF8, 0xFF, 0xE3, 0xF8, 0x00, 0x00, 0xC3, 0x03, 0x0C, 0x0C, 0x30, 0x3F, 0xF8,
    0xFF, 0xFB, 0x0C, 0x6C, 0x31, 0xB0, 0xFE, 0xC3, 0xF0, 0x60, 0x7E, 0x3F, 0x8C, 0x06, 0xF3, 0xFD,
    0xC6, 0xC3, 0x61, 0xB0, 0xD8, 0x6C, 0x36, 0x18, 0x0E, 0x0C, 0x18, 0x00, 0xC7, 0xC6, 0xCC, 0xFC,
    0xF8, 0xDC, 0xCC, 0xC6, 0xC7, 0x30, 0x18, 0x0C, 0x00, 0xC7, 0xC7, 0xCF, 0xCF, 0xDB, 0xDB, 0xF3,
    0xF3, 0xE3, 0x26, 0x1B, 0x0F, 0x00, 0x0C, 0x3E, 0x19, 0x8C, 0xCE, 0x76, 0x1B, 0x0F, 0x03, 0x81,
    0xC0, 0xC0, 0x61, 0xE0, 0xF0, 0x00, 0xC3, 0xC3, 0xC3, 0xC3, 0xC3, 0xC3, 0xC3, 0xFF, 0xFF, 0x18,
    0x18, 0x18, 0xC3, 0x87, 0x87, 0x0F, 0x86, 0x1F, 0x0C, 0x36, 0x38, 0x6C, 0x79, 0xDC, 0xF3, 0x1B,
    0x66, 0x36, 0xEC, 0x7C, 0xF0, 0x71, 0xE0, 0xE1, 0x80, 0x00, 0x00, 0xC6, 0x1E, 0x38, 0xF1, 0xC7,
    0xC6, 0x76, 0x73, 0x33, 0xD8, 0xF7, 0xC7, 0xBC, 0x18, 0xC0, 0x38, 0x1F, 0xC3, 0xFC, 0x1C, 0x03,
    0x80, 0x7F, 0x0F, 0xF1, 0xC7, 0x38, 0xE7, 0x1C, 0xFF, 0x1F, 0xC0, 0x30, 0x0C, 0x0F, 0xE3, 0xF0,
    0x30, 0x0F, 0x83, 0xF8, 0xC7, 0x30, 0xCF, 0xF3, 0xF8, 0x00, 0x03, 0x07, 0xFE, 0x3F, 0xF9, 0xC0,
    0xE6, 0x03, 0x98, 0x0F, 0xFF, 0x3F, 0xFC, 0xE6, 0x03, 0x98, 0x0E, 0x70, 0x38, 0xFF, 0xE1, 0xFC,
    0x00, 0x80, 0x00, 0x18, 0xFF, 0x1F, 0xE6, 0x0F, 0xFD, 0xFF, 0xB3, 0x06, 0x60, 0xCF, 0x78, 0xFC,
    0x02, 0x00, 0x0E, 0x00, 0xE0, 0x0F, 0x01, 0xB0, 0x1B, 0x83, 0xF8, 0x3F, 0x87, 0x6C, 0x66, 0xC6,
    0x6E, 0xE6, 0x6C, 0x67, 0x1C, 0x07, 0x83, 0xE0, 0xFC, 0x3F, 0x1B, 0xC6, 0xDB, 0xB6, 0xCD, 0xC0,
    0xC0, 0xC1, 0xC3, 0xC3, 0x87, 0x87, 0x1F, 0x0E, 0x37, 0x1F, 0xFE, 0x3F, 0xFE, 0x73, 0x6C, 0xEE,
    0xD9, 0xD9, 0xBB, 0xF3, 0x37, 0xC6, 0x70, 0xC3, 0x8C, 0x78, 0xC7, 0xCF, 0xFC, 0xFF, 0xCC, 0xF6,
    0xDB, 0x6D, 0xB7, 0xFB, 0x30, 0x7F, 0xE7, 0xFE, 0x30, 0xC1, 0x98, 0x0F, 0x81, 0xFC, 0x3F, 0xC7,
    0x66, 0x66, 0x66, 0x67, 0xE6, 0x3C, 0x63, 0x7F, 0xCF, 0xF0, 0xEC, 0x0F, 0x83, 0xF8, 0xDB, 0x9B,
    0x37, 0x66, 0xCC, 0xE0, 0xCF, 0xFE, 0xEF, 0xFC, 0xE7, 0x1C, 0xE3, 0xB8, 0xE1, 0xF0, 0xFF, 0xF8,
    0xFF, 0xFC, 0xE6, 0xEC, 0xEE, 0xEE, 0xEC, 0xE6, 0xEC, 0xE6, 0xFC, 0xE7, 0xDF, 0xF3, 0x3F, 0xCC,
    0x66, 0x3F, 0xF0, 0xFF, 0xE3, 0x36, 0xCD, 0x9B, 0x36, 0x66, 0xF9, 0x98, 0x21, 0x1B, 0x87, 0x8F,
    0xE7, 0xF8, 0x0C, 0x06, 0x07, 0x3E, 0x1F, 0x80, 0xE0, 0x30, 0x18, 0x7D, 0xFD, 0xE0, 0xE6, 0x3F,
    0xCF, 0xE0, 0x00, 0x6E, 0x3C, 0xFE, 0x7E, 0x06, 0x3E, 0x3E, 0x07, 0x03, 0x0F, 0xFE, 0xE0, 0xFE,
    0xFF, 0x00, 0xC6, 0x7C, 0x67, 0xC6, 0x7C, 0x67, 0xC6, 0x7E, 0x66, 0x66, 0x67, 0xFE, 0x3F, 0x80,
    0x60, 0x06, 0x00, 0x60, 0x0C, 0x01, 0x80, 0x30, 0x06, 0x0C, 0xCD, 0x99, 0xB3, 0x3E, 0x63, 0xCC,
    0x79, 0x9F, 0x33, 0x3F, 0xE7, 0xF8, 0x18, 0x03, 0x00, 0x60, 0x0C, 0x00, 0x00, 0x07, 0xF1, 0xFF,
    0x70, 0x7C, 0x07, 0x80, 0xFF, 0xFF, 0xFF, 0xC0, 0x78, 0x0F, 0x83, 0xBF, 0xE3, 0xF8, 0x08, 0x00,
    0x00, 0x0F, 0xC7, 0xF9, 0x86, 0x7F, 0x9F, 0xF6, 0x19, 0x86, 0x73, 0x8F, 0xC0, 0xC0, 0xC0, 0xEC,
    0x0E, 0xE1, 0x86, 0x18, 0x71, 0x83, 0x30, 0x33, 0x03, 0xB0, 0x1E, 0x01, 0xE0, 0x1E, 0x00, 0xE0,
    0x00, 0x61, 0xF0, 0xEC, 0x66, 0x63, 0xB0, 0xD8, 0x78, 0x3C, 0x0E, 0x00, 0x7E, 0x03, 0x60, 0x1B,
    0x00, 0x00, 0xC0, 0xEC, 0x0E, 0xE1, 0x86, 0x18, 0x71, 0x83, 0x30, 0x33, 0x03, 0xB0, 0x1E, 0x01,
    0xE0, 0x1E, 0x00, 0xE0, 0xFC, 0x36, 0x0D, 0x80, 0x0C, 0x3E, 0x1D, 0x8C, 0xCC, 0x76, 0x1B, 0x0F,
    0x07, 0x81, 0xC0, 0x00, 0x00, 0x03, 0xF0, 0x00, 0x7F, 0x80, 0x0E, 0x1C, 0x00, 0xC0, 0xD8, 0x6C,
    0x0D, 0x86, 0xC0, 0xFC, 0xEC, 0x0E, 0xCC, 0xC0, 0xCC, 0xCC, 0x0C, 0x7C, 0xE1, 0xC7, 0x87, 0xF8,
    0x78, 0x3F, 0x03, 0x00, 0xC0, 0x30, 0x00, 0x07, 0x00, 0x01, 0xE0, 0x00, 0x1C, 0x00, 0x00, 0x00,
    0x07, 0xE6, 0x19, 0xFE, 0xC3, 0x30, 0xDC, 0xE6, 0x19, 0x98, 0xC3, 0xB3, 0x18, 0x63, 0xE3, 0x0C,
    0x78, 0x73, 0x8F, 0x07, 0xE0, 0xC0, 0x30, 0x18, 0x00, 0x07, 0x00, 0x03, 0xC0, 0x00, 0x70, 0x00,
    0x0E, 0x03, 0xF8, 0x7F, 0xCE, 0x06, 0xC0, 0x7C, 0x03, 0xC0, 0x3C, 0x03, 0xC0, 0x3C, 0x07, 0xE0,
    0x67, 0xFE, 0x3F, 0x80, 0xE0, 0x0E, 0x07, 0xF1, 0xFF, 0x30, 0x66, 0x0C, 0xC1, 0x98, 0x33, 0x06,
    0x7F, 0xC7, 0xF0, 0x38, 0x00, 0x02, 0x00, 0x0F, 0xE0, 0x0D, 0xE0, 0x03, 0x80, 0x03, 0x00, 0x02,
    0x00, 0x3E, 0xF8, 0x7E, 0xFC, 0xE0, 0x0E, 0xC0, 0x06, 0xC0, 0x06, 0xC0, 0x06, 0xC1, 0x86, 0xC3,
    0x86, 0xC3, 0x86, 0xE3, 0x8E, 0x7F, 0xFC, 0x3F, 0xF8, 0x08, 0x20, 0x07, 0x80, 0x1F, 0xC0, 0x3F,
    0x80, 0x0C, 0x00, 0x30, 0x00, 0x00, 0x0F, 0xBE, 0x3E, 0x3E, 0x60, 0x0C, 0xC0, 0x19, 0x86, 0x33,
    0x1C, 0x66, 0x38, 0xCE, 0xFB, 0x8F, 0xFE, 0x04, 0x10, 0x0F, 0xE0, 0x1B, 0xC0, 0x00, 0x06, 0x1C,
    0x3C, 0x38, 0x7C, 0x30, 0xF8, 0x61, 0xB1, 0xC3, 0x63, 0xCE, 0xE7, 0x98, 0xDB, 0x31, 0xB7, 0x63,
    0xE7, 0x83, 0x8F, 0x07, 0x0C, 0x00, 0x00, 0x1F, 0xC0, 0xD6, 0x00, 0x01, 0x8C, 0x3C, 0x71, 0xE3,
    0x8F, 0x8C, 0xEC, 0xE6, 0x67, 0xB1, 0xEF, 0x8F, 0x78, 0x31, 0x80, 0x00, 0x0F, 0xE7, 0xFB, 0x80,
    0xE0, 0x30, 0x0C, 0x03, 0x00, 0xC0, 0x30, 0x0E, 0x01, 0xF8, 0x3F, 0x01, 0xC0, 0x70, 0x1C, 0x07,
    0x00, 0x00, 0x3F, 0x7F, 0x60, 0x60, 0x60, 0x60, 0x60, 0x7A, 0x3E, 0x06, 0x06, 0x06, 0x06, 0x01,
    0x00, 0xE1, 0xF0, 0x3C, 0x07, 0x93, 0x67, 0xC0, 0xE0, 0x3E, 0x0D, 0x82, 0x00, 0x00, 0x7F, 0xFF,
    0x00, 0x09, 0xFF, 0x98, 0xD9, 0x80, 0xCF, 0x00, 0x78, 0xFD, 0x18, 0x00, 0x00, 0x00, 0x0F, 0x00,
    0x00, 0x90, 0x00, 0x80, 0x10, 0x3C, 0x07, 0xC2, 0x60, 0x6C, 0x00, 0x00, 0x00, 0x00, 0x00, 0x70,
    0x00, 0xEF, 0x80, 0x1F, 0xC8, 0x01, 0x30, 0x00, 0x00, 0x00, 0x00, 0x01, 0xC0, 0x38, 0x3E, 0x07,
    0xC2, 0x40, 0x44, 0x00, 0xF0, 0x00, 0x0F, 0x00, 0x00, 0x00, 0x00, 0x00, 0x20, 0x00, 0x06, 0x00,
    0x08, 0x60, 0x01, 0x86, 0x18, 0x0C, 0x07, 0x80, 0xC0, 0x70, 0x04, 0x00, 0x00, 0x00, 0x00, 0x60,
    0x01, 0x87, 0x80, 0x1E, 0x18, 0x00, 0x60, 0x00, 0x00, 0x00, 0x00, 0x00, 0x40, 0x30, 0x0E, 0x03,
    0x01, 0xC6, 0x30, 0x00, 0x61, 0x80, 0x06, 0x00, 0x00, 0x40, 0x00, 0x31, 0x83, 0x38, 0x1F, 0x00,
    0x40, 0xC0, 0xEC, 0x1E, 0xC3, 0xEC, 0x3E, 0xC7, 0xEC, 0x6E, 0xCC, 0xED, 0xCE, 0xD8, 0xEF, 0x0E,
    0xF0, 0xFE, 0x0F, 0x00, 0x30, 0x06, 0x00, 0x60, 0x04, 0x63, 0x1F, 0xC3, 0xE0, 0x00, 0xC3, 0xB1,
    0xEC, 0x7B, 0x36, 0xDD, 0xB6, 0x6F, 0x1B, 0xC7, 0xE1, 0xC0, 0x30, 0x1C, 0x06, 0x00, 0x00, 0x60,
    0x3F, 0x0F, 0xC1, 0xC0, 0x70, 0x1F, 0xC7, 0xF9, 0xC7, 0x71, 0xDC, 0x77, 0xF9, 0xFC, 0x60, 0x18,
    0x0F, 0xC3, 0xF0, 0x60, 0x18, 0x06, 0x01, 0xF8, 0x7F, 0x98, 0x66, 0x19, 0xFE, 0x7F, 0x00, 0xFE,
    0x7F, 0xB8, 0xFC, 0x7E, 0xBF, 0x7B, 0xFD, 0xFE, 0xE2, 0x70, 0x38, 0x1C, 0x00, 0x00, 0x7F, 0x3F,
    0xDC, 0x6C, 0x3E, 0x1F, 0x0F, 0xDE, 0xFF, 0x7F, 0x32, 0xD8, 0x0C, 0x06, 0x00, 0x03, 0x03, 0x03,
    0xFF, 0xFF, 0xE0, 0xE0, 0xE0, 0xE0, 0xE0, 0xE0, 0xE0, 0xE0, 0xE0, 0xE0, 0x0C, 0x30, 0xFF, 0xFF,
    0x0C, 0x30, 0xC3, 0x0C, 0x30, 0x7F, 0xBF, 0xDC, 0x0E, 0x07, 0x07, 0xF3, 0xF8, 0xE0, 0x70, 0x38,
    0x1C, 0x0E, 0x00, 0x7E, 0xFD, 0x83, 0x0F, 0xCC, 0x18, 0x30, 0x60, 0xFF, 0x3F, 0xCE, 0x03, 0x80,
    0xE0, 0x3F, 0x0F, 0xF3, 0x8E, 0xE1, 0xB8, 0x7E, 0x1F, 0x87, 0x01, 0x80, 0x63, 0xF8, 0xFC, 0x08,
    0x00, 0xFC, 0xFC, 0xC0, 0xF0, 0xFC, 0xFE, 0xC7, 0xC7, 0xC3, 0x07, 0x07, 0x7E, 0x7C, 0x00, 0xE3,
    0x0C, 0xC6, 0x30, 0xCC, 0xE1, 0xDB, 0x81, 0xFE, 0x01, 0xF8, 0x03, 0xF0, 0x0F, 0xB0, 0x3B, 0x70,
    0x66, 0x71, 0x8C, 0x7F, 0x18, 0x70, 0x00, 0x60, 0x00, 0xC0, 0x01, 0x80, 0x00, 0xE6, 0x33, 0xB3,
    0x0D, 0xB8, 0x3F, 0x81, 0xF8, 0x0F, 0xE0, 0xDB, 0x8C, 0xCF, 0xE6, 0x38, 0x00, 0xC0, 0x06, 0x00,
    0x30, 0x00, 0x00, 0x00, 0x3F, 0x9F, 0xC0, 0x70, 0x38, 0x38, 0xF8, 0x7E, 0x03, 0x80, 0xC0, 0xFF,
    0xFF, 0xF0, 0xE0, 0x30, 0x38, 0x1C, 0x00, 0x00, 0xFE, 0x7E, 0x06, 0x3E, 0x3E, 0x06, 0x07, 0xCF,
    0xFE, 0x18, 0x08, 0x38, 0x38, 0xC1, 0xB8, 0xCE, 0x63, 0xB8, 0xFC, 0x3E, 0x0F, 0x83, 0xF0, 0xEE,
    0x39, 0xCE, 0x3F, 0x87, 0x00, 0xC0, 0x30, 0x0C, 0x01, 0xC6, 0x66, 0x37, 0x1F, 0x0F, 0x07, 0xC3,
    0x71, 0x9E, 0xC7, 0x01, 0x80, 0xC0, 0x60, 0x00, 0xC1, 0xB8, 0xCF, 0xE3, 0xF8, 0xFC, 0x3E, 0x0F,
    0x83, 0xF0, 0xFE, 0x3D, 0xCE, 0x33, 0x86, 0xD6, 0xFC, 0xFC, 0xF8, 0xF0, 0xF8, 0xFC, 0xFE, 0xD7,
    0x60, 0xDF, 0x33, 0xEE, 0x39, 0x87, 0x60, 0xFC, 0x1F, 0x83, 0xB8, 0x73, 0x0E, 0x71, 0xC7, 0x38,
    0x60, 0x60, 0x7E, 0x3F, 0x0C, 0x06, 0x33, 0x31, 0xB8, 0xF8, 0x78, 0x3E, 0x1B, 0x8C, 0xE6, 0x38,
    0xF8, 0x6F, 0x8E, 0x39, 0xC3, 0xB8, 0x3F, 0x03, 0xE0, 0x3E, 0x03, 0xF0, 0x3B, 0x83, 0x9C, 0x38,
    0xE3, 0x87, 0xF8, 0xDF, 0x30, 0x6C, 0x0F, 0x01, 0xE0, 0x3E, 0x06, 0xE0, 0xCC, 0x18, 0xC0, 0xC0,
    0xCE, 0x0C, 0xE0, 0xCE, 0x0C, 0xE0, 0xCF, 0xFC, 0xFF, 0xCE, 0x0C, 0xE0, 0xCE, 0x0C, 0xE0, 0xEE,
    0x0F, 0x00, 0x70, 0x07, 0x00, 0x70, 0x02, 0xC3, 0xB0, 0xEC, 0x3B, 0xFE, 0xFF, 0xB0, 0xEC, 0x3B,
    0x0E, 0xC3, 0xC0, 0x30, 0x0C, 0x03, 0x00, 0x00, 0xC0, 0xFF, 0x07, 0xF8, 0x31, 0xC1, 0x8E, 0x0C,
    0x7F, 0xE3, 0xFF, 0x1C, 0x18, 0xE0, 0xC7, 0x06, 0x38, 0x31, 0xC1, 0x80, 0xC3, 0xEC, 0x3E, 0xC3,
    0x8F, 0xF8, 0xFF, 0x8C, 0x38, 0xC3, 0x8C, 0x38, 0xC3, 0x80, 0xFF, 0xC0, 0xFF, 0xC0, 0xE1, 0xC0,
    0xE1, 0xC0, 0xE1, 0xC0, 0xE1, 0xF8, 0xE1, 0xFE, 0xE1, 0xCF, 0xE1, 0xC3, 0xE1, 0xC3, 0xE1, 0xC3,
    0xE1, 0xC3, 0x00, 0x03, 0x00, 0x07, 0x00, 0x7E, 0x00, 0x7E, 0x00, 0x10, 0xFF, 0x07, 0xF8, 0x30,
    0xC1, 0x87, 0x0C, 0x3F, 0x61, 0xBF, 0x0C, 0x78, 0x63, 0xC3, 0x18, 0x00, 0xC0, 0x06, 0x03, 0xF0,
    0x1F, 0x00, 0x00, 0x00, 0x03, 0xE0, 0x7E, 0x0E, 0x3C, 0xC7, 0xEC, 0x66, 0xCE, 0x6C, 0xE6, 0xC6,
    0x6C, 0x66, 0xE7, 0xE7, 0xFC, 0x3F, 0xF0, 0x4F, 0x00, 0x07, 0x81, 0xF0, 0x33, 0xC6, 0x7C, 0xDD,
    0x9B, 0xB3, 0x36, 0x77, 0x87, 0xF8, 0x37, 0x00, 0x00, 0x0F, 0xE7, 0xFB, 0x80, 0xC0, 0x30, 0x0C,
    0x03, 0x00, 0xC0, 0x30, 0x0E, 0x01, 0xFE, 0x3F, 0x83, 0x80, 0x60, 0x38, 0x0C, 0x00, 0x00, 0x3F,
    0x7E, 0x60, 0x60, 0x60, 0x60, 0x60, 0x7F, 0x3F, 0x0C, 0x04, 0x1C, 0x1C, 0xFF, 0xBF, 0xE1, 0xC0,
    0x70, 0x1C, 0x07, 0x01, 0xC0, 0x70, 0x1C, 0x07, 0x01, 0xE0, 0x78, 0x06, 0x01, 0x80, 0x60, 0x00,
    0xFF, 0xFF, 0x18, 0x18, 0x18, 0x18, 0x18, 0x1C, 0x1C, 0x0C, 0x0C, 0x0C, 0x00, 0xC1, 0xF8, 0x66,
    0x39, 0xCC, 0x36, 0x07, 0x81, 0xC0, 0x30, 0x0C, 0x03, 0x00, 0xC0, 0x30, 0xC3, 0xE1, 0x98, 0xCC,
    0xE7, 0x61, 0xB0, 0xF0, 0x38, 0x1C, 0x0C, 0x06, 0x03, 0x01, 0x80, 0xC1, 0xF8, 0x66, 0x39, 0xCC,
    0x36, 0x07, 0x81, 0xC0, 0xFC, 0x7F, 0x0F, 0xC0, 0xC0, 0x30, 0xC3, 0xE1, 0x98, 0xCC, 0xE7, 0x61,
    0xB0, 0xF0, 0x38, 0x1C, 0x3F, 0x86, 0x03, 0x01, 0x80, 0xE1, 0xCC, 0x31, 0xCC, 0x1F, 0x81, 0xE0,
    0x38, 0x07, 0x80, 0xF0, 0x37, 0x0E, 0x71, 0x87, 0x60, 0xF0, 0x0E, 0x01, 0xC0, 0x38, 0x02, 0xE3,
    0x3B, 0x8D, 0x87, 0x81, 0xC1, 0xE0, 0xD8, 0xCF, 0xE3, 0x80, 0xC0, 0x60, 0x30, 0x00, 0xFF, 0x9B,
    0xFE, 0x61, 0x81, 0x86, 0x06, 0x18, 0x18, 0x60, 0x61, 0x81, 0x86, 0x06, 0x18, 0x18, 0x60, 0x61,
    0xFF, 0xC7, 0xFF, 0x00, 0x0C, 0x00, 0x30, 0x00, 0xC0, 0x01, 0xFF, 0x6F, 0xE6, 0x18, 0x61, 0x86,
    0x18, 0x61, 0x86, 0x18, 0x61, 0xFF, 0x1F, 0xF0, 0x03, 0x00, 0x30, 0x03, 0x00, 0x00, 0xC1, 0x98,
    0x33, 0x06, 0x60, 0xCC, 0x19, 0x83, 0x3F, 0xE3, 0xFC, 0x01, 0x80, 0x30, 0x07, 0x80, 0xF0, 0x06,
    0x00, 0xC0, 0x18, 0x02, 0xC3, 0x30, 0xCC, 0x33, 0x0C, 0xFF, 0x1F, 0xC0, 0x30, 0x0E, 0x03, 0xC0,
    0x70, 0x1C, 0x07, 0x00, 0x00, 0xC1, 0xB0, 0x6C, 0x1B, 0x26, 0xCD, 0xB3, 0x6F, 0xF9, 0xFE, 0x0D,
    0x83, 0x60, 0x98, 0x06, 0xC3, 0xC3, 0xDB, 0xDB, 0xFF, 0x7F, 0x1B, 0x1B, 0x03, 0xC0, 0x38, 0x0E,
    0x03, 0x80, 0xFF, 0x3F, 0xEE, 0x1F, 0x87, 0xE1, 0xF8, 0x7E, 0x1F, 0x87, 0xC0, 0xC0, 0xC0, 0xC0,
    0xFE, 0xFF, 0xE3, 0xC3, 0xC3, 0xC3, 0xC3, 0xC3, 0xC3, 0x00, 0x00, 0x1F, 0x80, 0xFF, 0x07, 0x0E,
    0xD8, 0x1B, 0x60, 0x6F, 0xFF, 0xDF, 0xFE, 0x18, 0x00, 0x60, 0x01, 0xC0, 0x03, 0xFE, 0x07, 0xF8,
    0x03, 0x00, 0x00, 0x01, 0xF0, 0x7F, 0x6C, 0x6F, 0xFE, 0xFF, 0xCE, 0x00, 0xC0, 0x1C, 0xC1, 0xF8,
    0x0C, 0x00, 0x00, 0x00, 0x1F, 0x80, 0xFF, 0x07, 0x0E, 0xD8, 0x1B, 0x60, 0x6F, 0xFF, 0xDF, 0xFE,
    0x18, 0x00, 0x60, 0x01, 0xC0, 0x03, 0xFE, 0x07, 0xF8, 0x07, 0x00, 0x18, 0x00, 0x60, 0x00, 0x80,
    0x00, 0x01, 0xF0, 0x7F, 0x6C, 0x6F, 0xFE, 0xFF, 0xCE, 0x01, 0xC0, 0x1C, 0xC1, 0xF8, 0x0C, 0x01,
    0x80, 0x30, 0x00, 0x00, 0xFB, 0x8C, 0x63, 0x18, 0xC6, 0x31, 0x8D, 0xF0, 0x00, 0x00, 0x06, 0xC0,
    0x07, 0xC0, 0x00, 0x00, 0xE3, 0x8E, 0x63, 0x8C, 0x33, 0x9C, 0x3B, 0xB8, 0x1B, 0xB0, 0x0F, 0xF0,
    0x1F, 0xF0, 0x3B, 0xB8, 0x33, 0x98, 0x73, 0x9C, 0x63, 0x8C, 0xC3, 0x86, 0x09, 0x80, 0x6C, 0x03,
    0xC0, 0x00, 0x0E, 0x63, 0x33, 0x38, 0xD9, 0x87, 0xF8, 0x1F, 0xC1, 0xF7, 0x1D, 0x98, 0xCC, 0xEE,
    0x63, 0x80, 0xC3, 0xB8, 0xCE, 0x63, 0xB0, 0xFC, 0x3F, 0x0F, 0xF3, 0x8E, 0xE1, 0xF8, 0x3E, 0x0F,
    0x83, 0x00, 0xC0, 0x71, 0xF8, 0x7C, 0x0C, 0x00, 0xC6, 0xCE, 0xDC, 0xF8, 0xFC, 0xFE, 0xC7, 0xC3,
    0xC3, 0x03, 0x03, 0x3E, 0x3E, 0x00, 0x1F, 0xE1, 0xFE, 0x18, 0xE1, 0x8E, 0x18, 0xE1, 0x8E, 0x38,
    0xE3, 0x0E, 0x30, 0xE3, 0x0E, 0xF0, 0xFE, 0x0F, 0x40, 0x30, 0x06, 0x00, 0x60, 0x04, 0x3F, 0x8F,
    0xE3, 0x38, 0xCE, 0x33, 0x8C, 0xE7, 0x39, 0x8F, 0xE3, 0xC0, 0x30, 0x18, 0x06, 0x00, 0x00, 0xC0,
    0xF8, 0x3E, 0x0F, 0x83, 0xE0, 0xFF, 0xFF, 0xFF, 0x83, 0xE0, 0xF8, 0x3E, 0x0F, 0x83, 0x00, 0xC0,
    0x71, 0xF8, 0x7C, 0x0C, 0x00, 0xC3, 0xE1, 0xF0, 0xFF, 0xFF, 0xFE, 0x1F, 0x0F, 0x87, 0xC3, 0x81,
    0xC0, 0xC3, 0xE1, 0xE0, 0x00, 0xC0, 0xCE, 0x0C, 0xE0, 0xCE, 0x0C, 0xE0, 0xCF, 0xFC, 0xFF, 0xCE,
    0x0C, 0xE0, 0xCE, 0x0C, 0xE0, 0xEE, 0x0F, 0x00, 0x60, 0x06, 0x00, 0xE0, 0x04, 0xC3, 0xB0, 0xEC,
    0x3B, 0xFE, 0xFF, 0xB0, 0xEC, 0x3B, 0x0F, 0xC3, 0xC0, 0x30, 0x18, 0x06, 0x00, 0x00, 0xC1, 0xB0,
    0x6C, 0x1B, 0x06, 0xC1, 0xB0, 0x6F, 0xF9, 0xFE, 0x01, 0x80, 0x60, 0x38, 0x0E, 0x03, 0x00, 0xC0,
    0x30, 0x00, 0xC3, 0xC3, 0xC3, 0xC3, 0xFF, 0x7F, 0x03, 0x07, 0x07, 0x06, 0x06, 0x06, 0x00, 0xE0,
    0x39, 0xE0, 0xF3, 0xC1, 0xE7, 0x83, 0xCD, 0x8D, 0x9B, 0x1B, 0x37, 0x76, 0x66, 0xCC, 0xCD, 0x99,
    0x8E, 0x33, 0x1C, 0x76, 0x38, 0xE0, 0x00, 0xC0, 0x03, 0x80, 0x06, 0x00, 0x04, 0xE1, 0xCE, 0x1C,
    0xF1, 0xCF, 0x3C, 0xF3, 0xCD, 0xFC, 0xDE, 0xCC, 0xEE, 0xCC, 0xF0, 0x06, 0x00, 0x60, 0x06, 0x00,
    0x00, 0xFB, 0x8C, 0x63, 0x18, 0xC6, 0x31, 0x8D, 0xF0, 0x00, 0x07, 0x60, 0x7C, 0x00, 0x00, 0xE0,
    0x1C, 0x07, 0x80, 0xD8, 0x1B, 0x06, 0x70, 0xC6, 0x3F, 0xC7, 0xFC, 0xC1, 0xB0, 0x36, 0x03, 0x32,
    0x3F, 0x1E, 0x00, 0x3F, 0x37, 0x03, 0x1F, 0x7F, 0x63, 0xE3, 0x67, 0x7F, 0x10, 0x00, 0x03, 0x60,
    0x6C, 0x00, 0x00, 0xE0, 0x1C, 0x07, 0x80, 0xD8, 0x1B, 0x06, 0x70, 0xC6, 0x3F, 0xC7, 0xFC, 0xC1,
    0xB0, 0x36, 0x03, 0x00, 0x36, 0x36, 0x00, 0x3F, 0x37, 0x03, 0x1F, 0x7F, 0x63, 0xE3, 0x67, 0x7F,
    0x10, 0x03, 0xFE, 0x07, 0xFC, 0x1B, 0x00, 0x36, 0x00, 0xCC, 0x01, 0x9F, 0xC7, 0x3F, 0x8F, 0xE0,
    0x3F, 0xC0, 0x61, 0x81, 0xC3, 0xFB, 0x07, 0xF0, 0x00, 0x01, 0xFB, 0xE7, 0x7F, 0x80, 0xC7, 0x1F,
    0xFD, 0xFF, 0xF6, 0x30, 0x38, 0xE0, 0x67, 0xD9, 0xF3, 0xE1, 0x02, 0x00, 0x00, 0x66, 0x3C, 0x00,
    0xFF, 0xFE, 0xE0, 0xE0, 0xE0, 0xFE, 0xFE, 0xE0, 0xE0, 0xE0, 0xFE, 0xFF, 0x33, 0x1F, 0x87, 0x80,
    0x03, 0xF3, 0xF9, 0x8E, 0xFF, 0x7F, 0xB0, 0x18, 0x0F, 0x63, 0xF0, 0x20, 0x00, 0x07, 0xF8, 0x7F,
    0xC0, 0x0E, 0x00, 0x60, 0x07, 0x7F, 0xF7, 0xFF, 0x60, 0x76, 0x06, 0x70, 0xE3, 0xFC, 0x1F, 0x80,
    0x60, 0x00, 0x3F, 0x1F, 0xC0, 0x70, 0x1B, 0xFF, 0xFE, 0xC7, 0x77, 0x1F, 0x02, 0x00, 0x00, 0x01,
    0xB0, 0x19, 0x00, 0x00, 0x7F, 0x87, 0xFC, 0x00, 0xE0, 0x06, 0x00, 0x77, 0xFF, 0x7F, 0xF6, 0x07,
    0x60, 0x67, 0x0E, 0x3F, 0xC1, 0xF8, 0x06, 0x00, 0x00, 0x1B, 0x0D, 0x80, 0x07, 0xE3, 0xF8, 0x0E,
    0x03, 0x7F, 0xFF, 0xD8, 0xEE, 0xE3, 0xE0, 0x40, 0x00, 0x00, 0x06, 0xC0, 0x06, 0xC0, 0x00, 0x00,
    0xE3, 0x8E, 0x63, 0x8C, 0x33, 0x9C, 0x3B, 0xB8, 0x1B, 0xB0, 0x0F, 0xF0, 0x1F, 0xF0, 0x3B, 0xB8,
    0x33, 0x98, 0x73, 0x9C, 0x63, 0x8C, 0xC3, 0x86, 0x00, 0x00, 0x6C, 0x03, 0x60, 0x00, 0x0E, 0x63,
    0x33, 0x38, 0xD9, 0x87, 0xF8, 0x1F, 0xC1, 0xF7, 0x1D, 0x98, 0xCC, 0xEE, 0x63, 0x80, 0x00, 0x1B,
    0x09, 0x80, 0x07, 0xF3, 0xF8, 0x0E, 0x07, 0x07, 0x1F, 0x0F, 0xC0, 0x70, 0x18, 0x1F, 0xFF, 0xFE,
    0x18, 0x00, 0x00, 0x6E, 0x24, 0x00, 0xFE, 0x7E, 0x06, 0x3E, 0x3E, 0x06, 0x07, 0xCF, 0xFE, 0x10,
    0x7F, 0xBF, 0xC1, 0xC1, 0xC1, 0x81, 0xF0, 0xFE, 0x07, 0x01, 0x80, 0xF9, 0xFF, 0xE1, 0x80, 0xFF,
    0xFE, 0x0E, 0x1C, 0x38, 0x3C, 0x3E, 0x07, 0x03, 0x03, 0x07, 0xFE, 0xFC, 0x1F, 0x0F, 0xC0, 0x03,
    0x03, 0xE1, 0xF8, 0xFE, 0x3F, 0x9B, 0xEE, 0xFB, 0x3D, 0xCF, 0xE3, 0xF0, 0xFC, 0x3E, 0x0C, 0x3E,
    0x7E, 0x00, 0xC7, 0xC7, 0xCF, 0xCF, 0xDB, 0xDB, 0xF3, 0xF3, 0xE3, 0x00, 0x06, 0xC1, 0xB0, 0x00,
    0xC0, 0xF8, 0x7E, 0x3F, 0x8F, 0xE6, 0xFB, 0xBE, 0xCF, 0x73, 0xF8, 0xFC, 0x3F, 0x0F, 0x83, 0x00,
    0x36, 0x26, 0x00, 0xC7, 0xC7, 0xCF, 0xCF, 0xDB, 0xDB, 0xF3, 0xF3, 0xE3, 0x00, 0x03, 0x60, 0x6C,
    0x00, 0x03, 0xF8, 0xFF, 0xB8, 0x3E, 0x03, 0xC0, 0x78, 0x0F, 0x01, 0xE0, 0x3C, 0x07, 0xC1, 0xDF,
    0xF1, 0xFC, 0x04, 0x00, 0x00, 0x0E, 0xC1, 0x20, 0x00, 0x3F, 0x1F, 0xE6, 0x19, 0x86, 0x61, 0xD8,
    0x66, 0x19, 0xCE, 0x3F, 0x03, 0x00, 0x00, 0x07, 0xF1, 0xFF, 0x70, 0x7C, 0x07, 0x80, 0xFF, 0xFF,
    0xFF, 0xC0, 0x78, 0x0F, 0x83, 0xBF, 0xE3, 0xF8, 0x08, 0x00, 0x00, 0x0F, 0xC7, 0xF9, 0x86, 0x7F,
    0x9F, 0xF6, 0x19, 0x86, 0x73, 0x8F, 0xC0, 0xC0, 0x00, 0x03, 0x60, 0x6C, 0x00, 0x03, 0xF8, 0xFF,
    0xB8, 0x3E, 0x03, 0xC0, 0x7F, 0xFF, 0xFF, 0xE0, 0x3C, 0x07, 0xC1, 0xDF, 0xF1, 0xFC, 0x04, 0x00,
    0x00, 0x0E, 0xC1, 0x20, 0x00, 0x3F, 0x1F, 0xE6, 0x19, 0xFE, 0x7F, 0xD8, 0x66, 0x19, 0xCE, 0x3F,
    0x03, 0x00, 0x00, 0x0D, 0x82, 0x60, 0x00, 0x7F, 0x1F, 0xE0, 0x18, 0x07, 0x00, 0xCF, 0xF3, 0xFC,
    0x03, 0x01, 0xC0, 0x67, 0xF9, 0xFC, 0x18, 0x00, 0x00, 0x6C, 0x6C, 0x00, 0xFC, 0x7E, 0x07, 0x3F,
    0x7F, 0x07, 0x07, 0xCE, 0xFC, 0x30, 0x1F, 0x07, 0xE0, 0x00, 0x60, 0x6E, 0x0C, 0xC3, 0x9C, 0x61,
    0x9C, 0x3B, 0x03, 0xE0, 0x78, 0x07, 0x00, 0xC0, 0xF8, 0x1E, 0x01, 0x00, 0x3E, 0x3F, 0x00, 0x18,
    0x7C, 0x33, 0x19, 0x9C, 0xEC, 0x36, 0x1E, 0x07, 0x03, 0x81, 0x80, 0xC3, 0xC1, 0xE0, 0x00, 0x03,
    0x60, 0x4C, 0x00, 0x0C, 0x0D, 0xC1, 0x98, 0x73, 0x8C, 0x33, 0x87, 0x60, 0x7C, 0x0F, 0x00, 0xE0,
    0x18, 0x1F, 0x03, 0xC0, 0x20, 0x00, 0x00, 0x1B, 0x09, 0x80, 0x0C, 0x3E, 0x19, 0x8C, 0xCE, 0x76,
    0x1B, 0x0F, 0x03, 0x81, 0xC0, 0xC0, 0x61, 0xE0, 0xF0, 0x00, 0x0F, 0xC1, 0xB0, 0x6C, 0x00, 0x0C,
    0x0D, 0xC1, 0x98, 0x73, 0x8C, 0x33, 0x87, 0x60, 0x7C, 0x0F, 0x00, 0xE0, 0x18, 0x1F, 0x03, 0xC0,
    0x20, 0x00, 0x1B, 0x0F, 0x8D, 0x80, 0x0C, 0x3F, 0x19, 0x8C, 0xCE, 0x76, 0x1B, 0x0F, 0x03, 0x81,
    0xC0, 0xC0, 0x61, 0xE0, 0xF0, 0x00, 0x00, 0x1B, 0x0D, 0x80, 0x0C, 0x1E, 0x0F, 0x07, 0x83, 0xC1,
    0xF1, 0xDF, 0xE7, 0xF0, 0x18, 0x0C, 0x06, 0x03, 0x00, 0x6C, 0x64, 0x00, 0xC3, 0xC3, 0xC3, 0xC3,
    0xFF, 0x7F, 0x03, 0x03, 0x03, 0xFF, 0xFF, 0xE0, 0xE0, 0xE0, 0xE0, 0xE0, 0xE0, 0xE0, 0xE0, 0xF0,
    0xF0, 0x30, 0x30, 0x30, 0x20, 0xFF, 0xFC, 0x30, 0xC3, 0x0C, 0x38, 0xF1, 0xC7, 0x1C, 0x00, 0x00,
    0x01, 0xD8, 0x09, 0x00, 0x00, 0xC0, 0x3C, 0x03, 0xC0, 0x3C, 0x03, 0xF8, 0x3F, 0xF3, 0xE7, 0x3E,
    0x3B, 0xE3, 0xBE, 0x33, 0xFF, 0x3F, 0xE3, 0x00, 0x03, 0x60, 0x6C, 0x00, 0x0C, 0x0F, 0x81, 0xF0,
    0x3F, 0xE7, 0xFE, 0xF8, 0xFF, 0x1F, 0xFF, 0x7F, 0xEE, 0x7F, 0xBF, 0xDC, 0x0E, 0x07, 0x07, 0xF3,
    0xF8, 0xE0, 0x70, 0x38, 0x1E, 0x0F, 0x01, 0x80, 0xC1, 0xC0, 0x40, 0x7E, 0xFD, 0x83, 0x0F, 0xCC,
    0x18, 0x38, 0x78, 0x70, 0xC3, 0x86, 0x00, 0xE1, 0xCC, 0x31, 0xCC, 0x1F, 0x81, 0xE0, 0x38, 0x07,
    0x80, 0xF0, 0x37, 0x0E, 0x71, 0x87, 0x60, 0xF0, 0x0E, 0x01, 0x80, 0x70, 0x0C, 0xE3, 0x3B, 0x8D,
    0x87, 0x81, 0xC1, 0xE0, 0xD8, 0xCF, 0xE3, 0x80, 0xC0, 0x60, 0x70, 0x30, 0xE1, 0xD8, 0x67, 0x30,
    0xFC, 0x1E, 0x1F, 0xE7, 0xF8, 0xF8, 0x37, 0x1C, 0xE6, 0x1B, 0x07, 0xE3, 0x3B, 0x8D, 0x8F, 0xE7,
    0xF1, 0xE0, 0xD8, 0xCE, 0xE3, 0x80, 0x70, 0xCC, 0x33, 0x8C, 0xF7, 0x3F, 0x99, 0xC6, 0x71, 0x8E,
    0xE1, 0xB8, 0x70, 0x7E, 0x3F, 0x80, 0xC0, 0x60, 0x30, 0x18, 0x0C, 0x06, 0x7F, 0xFF, 0xC0, 0x79,
    0xE1, 0xC7, 0x1C, 0x71, 0xC7, 0xFF, 0xB0, 0x00, 0xFF, 0xBF, 0x81, 0x80, 0xC0, 0x60, 0x30, 0x18,
    0x0C, 0x06, 0x03, 0x00, 0x7F, 0x9F, 0xE0, 0x1C, 0x07, 0x61, 0xD8, 0x76, 0x1D, 0x87, 0x61, 0xD8,
    0x70, 0xF7, 0x33, 0x33, 0x33, 0x33, 0xFB, 0xCC, 0xC6, 0x31, 0xCE, 0x71, 0x80, 0xFF, 0x9F, 0xF7,
    0x0D, 0xC3, 0x70, 0xDC, 0x37, 0x0D, 0xC3, 0x70, 0xDC, 0x30, 0x67, 0x99, 0xE6, 0x1D, 0x83, 0x60,
    0xD8, 0x36, 0x0D, 0xC7, 0x3F, 0x87, 0xC0, 0xF7, 0x33, 0x33, 0xFE, 0x7F, 0x03, 0x03, 0x03, 0x03,
    0x03, 0x03, 0x03, 0x03, 0x03, 0x03, 0x03, 0xFC, 0x7E, 0x07, 0x03, 0x03, 0x03, 0x03, 0x07, 0x7E,
    0xFC, 0xC0, 0x60, 0x30, 0x1F, 0xE7, 0xF0, 0x18, 0x18, 0x0C, 0x06, 0x07, 0x03, 0x01, 0x81, 0xC0,
    0x7F, 0x8F, 0xF9, 0xC3, 0x38, 0x77, 0x0E, 0xE1, 0xDC, 0x3B, 0x87, 0x7F, 0xEF, 0xFC, 0x6F, 0x8F,
    0xF9, 0xE3, 0x18, 0x73, 0x0E, 0x61, 0xDC, 0x3B, 0x06, 0x67, 0xCD, 0xF0, 0xF7, 0x33, 0x33, 0x33,
    0x33, 0x33, 0x30, 0x79, 0xE1, 0x86, 0x18, 0x61, 0x86, 0x7B, 0xE0, 0xFF, 0x9F, 0xF7, 0x0D, 0x83,
    0x60, 0xD8, 0x36, 0x0D, 0xC7, 0x3F, 0x87, 0xC0, 0x00, 0x18, 0x66, 0x19, 0xC6, 0x31, 0x8C, 0x63,
    0x18, 0xEE, 0x3F, 0x0F, 0x8F, 0xC3, 0x00, 0x3F, 0x1F, 0xE6, 0x1B, 0x86, 0x61, 0x9C, 0x73, 0x1C,
    0x07, 0x01, 0xC0, 0x70, 0x1C, 0x07, 0x01, 0xC0, 0x3F, 0x1F, 0xE6, 0x19, 0x86, 0x61, 0xDE, 0x73,
    0x18, 0x0E, 0x7F, 0x1F, 0x80, 0xE3, 0x31, 0x9C, 0xC6, 0xE3, 0x61, 0xF0, 0x70, 0x30, 0x1C, 0x06,
    0x03, 0x01, 0xC0, 0xE0, 0x61, 0xB9, 0xCC, 0xE3, 0x61, 0xF0, 0x70, 0x38, 0x0E, 0x7F, 0x7F, 0x80,
    0xFF, 0xFF, 0xC0, 0xE8, 0x6C, 0x36, 0x3B, 0x19, 0x8C, 0xC6, 0x67, 0x30, 0x18, 0x0C, 0x00, 0xFE,
    0x7E, 0x07, 0x03, 0x03, 0x03, 0x03, 0x03, 0x03, 0x03, 0xCC, 0xD9, 0x9B, 0x33, 0x66, 0x6F, 0xCD,
    0xF1, 0xB8, 0x37, 0x0E, 0x7F, 0x87, 0xE0, 0x7F, 0xCF, 0xF8, 0xC3, 0x18, 0x73, 0x0E, 0x61, 0xCC,
    0x39, 0x87, 0x70, 0xFE, 0x1C, 0x6F, 0xF0, 0x2D, 0xFC, 0x07, 0xE8, 0x00, 0xFF, 0xFE, 0x0C, 0x1C,
    0x1C, 0x1C, 0x18, 0x30, 0x00, 0xC1, 0x80, 0x00, 0x38, 0xF1, 0x83, 0x07, 0xDF, 0xBC, 0x00, 0xFB,
    0xF0, 0x00, 0x0E, 0xE4, 0x4C, 0xE6, 0x66, 0x66, 0x66, 0x67, 0x00, 0x42, 0xC6, 0xFE, 0x7E, 0x60,
    0x60, 0x60, 0x60, 0x60, 0x60, 0x70, 0x70, 0x00, 0x40, 0xF6, 0xDB, 0x6F, 0xF7, 0xFB, 0x01, 0x80,
    0xC0, 0x70, 0x18, 0x0C, 0x06, 0x00, 0x00, 0x08, 0x38, 0x70, 0xE0, 0xC0, 0xF8, 0x78, 0x70, 0xE0,
    0xC0, 0xFE, 0x7E, 0x00, 0x38, 0x7C, 0x66, 0xC6, 0xC6, 0xC6, 0xC6, 0xFE, 0x7C, 0x00, 0x80, 0xFE,
    0x7E, 0x06, 0x06, 0x06, 0x06, 0x06, 0x06, 0x06, 0x06, 0x03, 0x00, 0x40, 0xB0, 0x66, 0x19, 0x8E,
    0x73, 0x0C, 0xC3, 0x60, 0xF8, 0x1E, 0x07, 0x01, 0xC0, 0x30, 0x00, 0x00, 0x0C, 0x03, 0x01, 0xC0,
    0x78, 0x1E, 0x0F, 0x83, 0x70, 0xCC, 0x63, 0x18, 0xEE, 0x1B, 0x06, 0x00, 0x00, 0x30, 0x7C, 0xEC,
    0xCC, 0xCE, 0xFE, 0x7E, 0x06, 0x06, 0x06, 0x06, 0x06, 0x00, 0x00, 0x00, 0x18, 0x03, 0xB0, 0x3C,
    0x07, 0x80, 0xF0, 0x1F, 0x06, 0x7F, 0xC7, 0xE0, 0x7F, 0xC0, 0x0E, 0xE4, 0x4C, 0xE6, 0x66, 0x66,
    0x66, 0x67, 0x00, 0x42, 0xC6, 0xFE, 0x7E, 0x60, 0x60, 0x60, 0x60, 0x60, 0x60, 0x70, 0x70, 0x00,
    0x40, 0xF6, 0xDB, 0x6F, 0xF7, 0xFB, 0x01, 0x80, 0xC0, 0x70, 0x18, 0x0C, 0x06, 0x00, 0x00, 0x4C,
    0xDE, 0xD8, 0x7E, 0x7E, 0x60, 0x60, 0x60, 0x60, 0x60, 0x60, 0x60, 0x00, 0x38, 0x18, 0x3C, 0x7E,
    0x66, 0xC6, 0xC6, 0xC3, 0xD3, 0xFE, 0x7E, 0x1C, 0x79, 0xC3, 0x06, 0x07, 0xC7, 0x8C, 0x30, 0xE1,
    0x83, 0x00, 0x00, 0x40, 0xB0, 0x66, 0x19, 0x8E, 0x73, 0x0C, 0xC3, 0x60, 0xF8, 0x1E, 0x07, 0x01,
    0xC0, 0x30, 0x00, 0x00, 0x0C, 0x03, 0x01, 0xC0, 0x78, 0x1E, 0x0F, 0x83, 0x70, 0xCC, 0x63, 0x18,
    0xEE, 0x1B, 0x06, 0x00, 0x00, 0x30, 0x7C, 0xEC, 0xCC, 0xCE, 0xFE, 0x7E, 0x06, 0x06, 0x06, 0x06,
    0x06, 0x00, 0x0E, 0x01, 0xC0, 0x78, 0x0D, 0x81, 0xB0, 0x67, 0x0C, 0x63, 0xFC, 0x7F, 0xCC, 0x1B,
    0x03, 0x60, 0x30, 0x00, 0x18, 0x03, 0x00, 0x00, 0x3F, 0x37, 0x03, 0x1F, 0x7F, 0x63, 0xE3, 0x67,
    0x7F, 0x10, 0x0C, 0x0C, 0x0E, 0x01, 0xC0, 0x38, 0x06, 0x00, 0x00, 0x1C, 0x03, 0x80, 0xF0, 0x1B,
    0x03, 0x60, 0xCE, 0x18, 0xC7, 0xF8, 0xFF, 0x98, 0x36, 0x06, 0xC0, 0x60, 0x1C, 0x1E, 0x0E, 0x08,
    0x08, 0x3F, 0x37, 0x03, 0x1F, 0x7F, 0x63, 0xE3, 0x67, 0x7F, 0x10, 0x00, 0xC0, 0xB8, 0x3E, 0x0D,
    0x80, 0x00, 0x1C, 0x03, 0x80, 0xF0, 0x1B, 0x03, 0x60, 0xCE, 0x18, 0xC7, 0xF8, 0xFF, 0x98, 0x36,
    0x06, 0xC0, 0x60, 0x01, 0x87, 0x61, 0xF0, 0xD8, 0x00, 0x0F, 0xC3, 0x70, 0x0C, 0x1F, 0x1F, 0xC6,
    0x33, 0x8C, 0x67, 0x1F, 0xC1, 0x00, 0x60, 0x0C, 0x80, 0xF8, 0x0D, 0x80, 0x00, 0x1C, 0x03, 0x80,
    0xF0, 0x1B, 0x03, 0x60, 0xCE, 0x18, 0xC7, 0xF8, 0xFF, 0x98, 0x36, 0x06, 0xC0, 0x60, 0xC0, 0x6C,
    0x3E, 0x36, 0x00, 0x3F, 0x37, 0x03, 0x1F, 0x7F, 0x63, 0xE3, 0x67, 0x7F, 0x10, 0x01, 0x00, 0x30,
    0x16, 0x0F, 0x81, 0xB0, 0x00, 0x03, 0x80, 0x70, 0x1E, 0x03, 0x60, 0x6C, 0x19, 0xC3, 0x18, 0xFF,
    0x1F, 0xF3, 0x06, 0xC0, 0xD8, 0x0C, 0x03, 0x00, 0xC3, 0xE3, 0xE3, 0x60, 0x00, 0xFC, 0x6E, 0x03,
    0x0F, 0x9F, 0xCC, 0x6E, 0x33, 0x39, 0xFC, 0x20, 0x19, 0x03, 0xE0, 0x58, 0x07, 0x01, 0xB0, 0x02,
    0x03, 0x80, 0x70, 0x1E, 0x03, 0x60, 0x6C, 0x19, 0xC3, 0x18, 0xFF, 0x1F, 0xF3, 0x06, 0xC0, 0xD8,
    0x0C, 0x3B, 0x3E, 0x0C, 0x1E, 0x36, 0x00, 0x3F, 0x37, 0x03, 0x1F, 0x7F, 0x63, 0xE3, 0x67, 0x7F,
    0x10, 0x0E, 0x03, 0xE0, 0xEC, 0x00, 0x00, 0xE0, 0x1C, 0x07, 0x80, 0xD8, 0x1B, 0x06, 0x70, 0xC6,
    0x3F, 0xC7, 0xFC, 0xC1, 0xB0, 0x36, 0x03, 0x00, 0x01, 0x80, 0x30, 0x00, 0x1C, 0x1E, 0x37, 0x00,
    0x3F, 0x37, 0x03, 0x1F, 0x7F, 0x63, 0xE3, 0x67, 0x7F, 0x10, 0x1C, 0x1C, 0x06, 0x00, 0xC0, 0x4C,
    0x0F, 0x80, 0x00, 0x1C, 0x03, 0x80, 0xF0, 0x1B, 0x03, 0x60, 0xCE, 0x18, 0xC7, 0xF8, 0xFF, 0x98,
    0x36, 0x06, 0xC0, 0x60, 0x00, 0x0E, 0x2E, 0x3E, 0x1E, 0x00, 0x3F, 0x37, 0x03, 0x1F, 0x7F, 0x63,
    0xE3, 0x67, 0x7F, 0x10, 0x18, 0x01, 0x80, 0x4C, 0x0F, 0x80, 0x00, 0x1C, 0x03, 0x80, 0xF0, 0x1B,
    0x03, 0x60, 0xCE, 0x18, 0xC7, 0xF8, 0xFF, 0x98, 0x36, 0x06, 0xC0, 0x60, 0x00, 0x18, 0x3A, 0x3E,
    0x1E, 0x00, 0x3F, 0x37, 0x03, 0x1F, 0x7F, 0x63, 0xE3, 0x67, 0x7F, 0x10, 0x0C, 0x01, 0xC0, 0x38,
    0x09, 0x81, 0xF0, 0x00, 0x03, 0x80, 0x70, 0x1E, 0x03, 0x60, 0x6C, 0x19, 0xC3, 0x18, 0xFF, 0x1F,
    0xF3, 0x06, 0xC0, 0xD8, 0x0C, 0x1C, 0x0C, 0x2E, 0x3E, 0x1E, 0x00, 0x3F, 0x37, 0x03, 0x1F, 0x7F,
    0x63, 0xE3, 0x67, 0x7F, 0x10, 0x19, 0x03, 0xE0, 0x48, 0x09, 0x81, 0xF0, 0x00, 0x03, 0x80, 0x70,
    0x1E, 0x03, 0x60, 0x6C, 0x19, 0xC3, 0x18, 0xFF, 0x1F, 0xF3, 0x06, 0xC0, 0xD8, 0x0C, 0x3B, 0x3E,
    0x22, 0x3E, 0x1E, 0x00, 0x3F, 0x37, 0x03, 0x1F, 0x7F, 0x63, 0xE3, 0x67, 0x7F, 0x10, 0x11, 0x03,
    0xE0, 0x78, 0x00, 0x00, 0xE0, 0x1C, 0x07, 0x80, 0xD8, 0x1B, 0x06, 0x70, 0xC6, 0x3F, 0xC7, 0xFC,
    0xC1, 0xB0, 0x36, 0x03, 0x00, 0x01, 0x80, 0x30, 0x00, 0x22, 0x3F, 0x1E, 0x00, 0x3F, 0x37, 0x03,
    0x1F, 0x7F, 0x63, 0xE3, 0x67, 0x7F, 0x10, 0x18, 0x18, 0xFF, 0xFE, 0xE0, 0xE0, 0xE0, 0xFE, 0xFE,
    0xE0, 0xE0, 0xE0, 0xFE, 0xFF, 0x00, 0x18, 0x18, 0x00, 0x1F, 0x9F, 0xCC, 0x77, 0xFB, 0xFD, 0x80,
    0xC0, 0x7B, 0x1F, 0x81, 0x01, 0x80, 0xC0, 0x3C, 0x1C, 0x1C, 0x18, 0x00, 0xFF, 0xFE, 0xE0, 0xE0,
    0xE0, 0xFE, 0xFE, 0xE0, 0xE0, 0xE0, 0xFE, 0xFF, 0x1E, 0x07, 0x03, 0x81, 0x80, 0x81, 0xF9, 0xFC,
    0xC7, 0x7F, 0xBF, 0xD8, 0x0C, 0x07, 0xB1, 0xF8, 0x10, 0x22, 0x7E, 0x5E, 0x00, 0xFF, 0xFE, 0xE0,
    0xE0, 0xE0, 0xFE, 0xFE, 0xE0, 0xE0, 0xE0, 0xFE, 0xFF, 0x11, 0x1F, 0x9B, 0xC0, 0x03, 0xF3, 0xF9,
    0x8E, 0xFF, 0x7F, 0xB0, 0x18, 0x0F, 0x63, 0xF0, 0x20, 0x01, 0x0D, 0x8F, 0x8F, 0xC0, 0x07, 0xFB,
    0xF9, 0xC0, 0xE0, 0x70, 0x3F, 0x9F, 0xCE, 0x07, 0x03, 0x81, 0xFC, 0xFF, 0x00, 0x01, 0x83, 0x61,
    0xF0, 0xDC, 0x00, 0x0F, 0xC7, 0xF1, 0x8E, 0x7F, 0x9F, 0xE6, 0x01, 0x80, 0x7B, 0x0F, 0xC0, 0x40,
    0x40, 0x36, 0x0F, 0x87, 0xE0, 0x03, 0xFD, 0xFC, 0xE0, 0x70, 0x38, 0x1F, 0xCF, 0xE7, 0x03, 0x81,
    0xC0, 0xFE, 0x7F, 0x80, 0xC0, 0x36, 0x0F, 0x86, 0xE0, 0x01, 0xF9, 0xFC, 0xC7, 0x7F, 0xBF, 0xD8,
    0x0C, 0x07, 0xB1, 0xF8, 0x10, 0x02, 0x07, 0x1B, 0x3E, 0x7E, 0x00, 0xFF, 0xFE, 0xE0, 0xE0, 0xE0,
    0xFE, 0xFE, 0xE0, 0xE0, 0xE0, 0xFE, 0xFF, 0x03, 0x00, 0xC3, 0x63, 0xE3, 0x60, 0x00, 0xFC, 0xFE,
    0x63, 0xBF, 0xDF, 0xEC, 0x06, 0x03, 0xD8, 0xFC, 0x08, 0x36, 0x7E, 0x5C, 0x3C, 0x7E, 0x00, 0xFF,
    0xFE, 0xE0, 0xE0, 0xE0, 0xFE, 0xFE, 0xE0, 0xE0, 0xE0, 0xFE, 0xFF, 0x3B, 0x1F, 0x03, 0x03, 0xC3,
    0x60, 0x00, 0xFC, 0xFE, 0x63, 0xBF, 0xDF, 0xEC, 0x06, 0x03, 0xD8, 0xFC, 0x08, 0x18, 0x3C, 0x66,
    0x00, 0xFF, 0xFE, 0xE0, 0xE0, 0xE0, 0xFE, 0xFE, 0xE0, 0xE0, 0xE0, 0xFE, 0xFF, 0x00, 0x18, 0x18,
    0x1C, 0x0F, 0x0D, 0xC0, 0x03, 0xF3, 0xF9, 0x8E, 0xFF, 0x7F, 0xB0, 0x18, 0x0F, 0x63, 0xF0, 0x20,
    0x30, 0x18, 0x33, 0xC6, 0x62, 0x7D, 0xC6, 0x31, 0x8C, 0x63, 0x18, 0xC6, 0xF8, 0xEE, 0xEC, 0x0C,
    0xCC, 0xCC, 0xCC, 0xCC, 0xFB, 0x8C, 0x63, 0x18, 0xC6, 0x31, 0x8D, 0xF0, 0x18, 0xC0, 0x5B, 0x0D,
    0xB6, 0xDB, 0x6C, 0x36, 0x00, 0x07, 0xF1, 0xFF, 0x70, 0x7C, 0x07, 0x80, 0xF0, 0x1E, 0x03, 0xC0,
    0x78, 0x0F, 0x83, 0xBF, 0xE3, 0xF8, 0x08, 0x03, 0x80, 0x70, 0x00, 0x0F, 0xC7, 0xF9, 0x86, 0x61,
    0x98, 0x76, 0x19, 0x86, 0x73, 0x8F, 0xC0, 0xC0, 0x30, 0x0C, 0x00, 0x0E, 0x01, 0xE0, 0x1C, 0x03,
    0x00, 0x40, 0x7F, 0x1F, 0xF7, 0x07, 0xC0, 0x78, 0x0F, 0x01, 0xE0, 0x3C, 0x07, 0x80, 0xF8, 0x3B,
    0xFE, 0x3F, 0x80, 0x80, 0x0E, 0x03, 0x80, 0xE0, 0x30, 0x0C, 0x0F, 0xC7, 0xF9, 0x86, 0x61, 0x98,
    0x76, 0x19, 0x86, 0x73, 0x8F, 0xC0, 0xC0, 0x00, 0xC0, 0x98, 0x3E, 0x0D, 0x81, 0x10, 0x7F, 0x1F,
    0xF7, 0x07, 0xC0, 0x78, 0x0F, 0x01, 0xE0, 0x3C, 0x07, 0x80, 0xF8, 0x3B, 0xFE, 0x3F, 0x80, 0x80,
    0x00, 0xC3, 0x61, 0xF0, 0xCC, 0x00, 0x0F, 0xC7, 0xF9, 0x86, 0x61, 0x98, 0x76, 0x19, 0x86, 0x73,
    0x8F, 0xC0, 0xC0, 0x60, 0x0C, 0x80, 0xF8, 0x0D, 0x81, 0x00, 0x7F, 0x1F, 0xF7, 0x07, 0xC0, 0x78,
    0x0F, 0x01, 0xE0, 0x3C, 0x07, 0x80, 0xF8, 0x3B, 0xFE, 0x3F, 0x80, 0x80, 0x60, 0x1B, 0x03, 0xE0,
    0xCC, 0x00, 0x0F, 0xC7, 0xF9, 0x86, 0x61, 0x98, 0x76, 0x19, 0x86, 0x73, 0x8F, 0xC0, 0xC0, 0x01,
    0x80, 0x38, 0x17, 0x07, 0xC1, 0xB0, 0x02, 0x0F, 0xE3, 0xFE, 0xE0, 0xF8, 0x0F, 0x01, 0xE0, 0x3C,
    0x07, 0x80, 0xF0, 0x1F, 0x07, 0x7F, 0xC7, 0xF0, 0x10, 0x00, 0x03, 0x80, 0x60, 0xD8, 0x7C, 0x33,
    0x00, 0x03, 0xF1, 0xFE, 0x61, 0x98, 0x66, 0x1D, 0x86, 0x61, 0x9C, 0xE3, 0xF0, 0x30, 0x1D, 0x03,
    0xE0, 0x58, 0x07, 0x01, 0xB0, 0x00, 0x0F, 0xE3, 0xFE, 0xE0, 0xF8, 0x0F, 0x01, 0xE0, 0x3C, 0x07,
    0x80, 0xF0, 0x1F, 0x07, 0x7F, 0xC7, 0xF0, 0x10, 0x00, 0x1F, 0x0F, 0xC0, 0xC0, 0x78, 0x33, 0x00,
    0x03, 0xF1, 0xFE, 0x61, 0x98, 0x66, 0x1D, 0x86, 0x61, 0x9C, 0xE3, 0xF0, 0x30, 0x0E, 0x03, 0xE0,
    0x6E, 0x00, 0x03, 0xF8, 0xFF, 0xB8, 0x3E, 0x03, 0xC0, 0x78, 0x0F, 0x01, 0xE0, 0x3C, 0x07, 0xC1,
    0xDF, 0xF1, 0xFC, 0x04, 0x01, 0xC0, 0x38, 0x00, 0x0C, 0x07, 0x83, 0x30, 0x00, 0x3F, 0x1F, 0xE6,
    0x19, 0x86, 0x61, 0xD8, 0x66, 0x19, 0xCE, 0x3F, 0x03, 0x00, 0xC0, 0x30, 0x03, 0x00, 0x30, 0x03,
    0x00, 0x00, 0x73, 0xFB, 0xBF, 0xFB, 0x83, 0x98, 0x0C, 0xC0, 0x66, 0x03, 0x30, 0x19, 0x80, 0xCC,
    0x06, 0x70, 0x71, 0xFF, 0x07, 0xF0, 0x04, 0x00, 0x07, 0x01, 0xC0, 0x31, 0x80, 0x33, 0xFE, 0xFF,
    0x98, 0x63, 0x0C, 0x61, 0xCC, 0x31, 0x86, 0x39, 0xC3, 0xF0, 0x18, 0x00, 0x1C, 0x00, 0x60, 0x01,
    0x80, 0x00, 0x73, 0xFB, 0xBF, 0xFB, 0x83, 0x98, 0x0C, 0xC0, 0x66, 0x03, 0x30, 0x19, 0x80, 0xCC,
    0x06, 0x70, 0x71, 0xFF, 0x07, 0xF0, 0x04, 0x00, 0x18, 0x03, 0x80, 0x31, 0x80, 0x33, 0xFE, 0xFF,
    0x98, 0x63, 0x0C, 0x61, 0xCC, 0x31, 0x86, 0x39, 0xC3, 0xF0, 0x18, 0x00, 0x0E, 0x00, 0x78, 0x01,
    0x80, 0x18, 0x00, 0x43, 0x9F, 0xDD, 0xFF, 0xDC, 0x1C, 0xC0, 0x66, 0x03, 0x30, 0x19, 0x80, 0xCC,
    0x06, 0x60, 0x33, 0x83, 0x8F, 0xF8, 0x3F, 0x80, 0x20, 0x00, 0x1C, 0x01, 0xC0, 0x38, 0x06, 0x30,
    0xC6, 0x7F, 0xDF, 0xF3, 0x0C, 0x61, 0x8C, 0x39, 0x86, 0x30, 0xC7, 0x38, 0x7E, 0x03, 0x00, 0x08,
    0x81, 0xFC, 0x0D, 0xC0, 0x00, 0x73, 0xFB, 0xBF, 0xFB, 0x83, 0x98, 0x0C, 0xC0, 0x66, 0x03, 0x30,
    0x19, 0x80, 0xCC, 0x06, 0x70, 0x71, 0xFF, 0x07, 0xF0, 0x04, 0x00, 0x11, 0x07, 0xE0, 0xBD, 0x80,
    0x33, 0xFE, 0xFF, 0x98, 0x63, 0x0C, 0x61, 0xCC, 0x31, 0x86, 0x39, 0xC3, 0xF0, 0x18, 0x00, 0x00,
    0x39, 0xFD, 0xDF, 0xFD, 0xC1, 0xCC, 0x06, 0x60, 0x33, 0x01, 0x98, 0x0C, 0xC0, 0x66, 0x03, 0x38,
    0x38, 0xFF, 0x83, 0xF8, 0x02, 0x00, 0x38, 0x01, 0xC0, 0x00, 0x60, 0x0C, 0xFF, 0xBF, 0xE6, 0x18,
    0xC3, 0x18, 0x73, 0x0C, 0x61, 0x8E, 0x70, 0xFC, 0x06, 0x00, 0xC0, 0x18, 0x00, 0xC0, 0xF0, 0x3C,
    0x0F, 0x03, 0xC0, 0xF0, 0x3C, 0x0F, 0x03, 0xC0, 0xF8, 0x77, 0xF8, 0xFC, 0x0C, 0x03, 0x00, 0xC0,
    0xC3, 0xC3, 0xC3, 0xC3, 0xC3, 0xC3, 0xC3, 0xEF, 0x7F, 0x10, 0x18, 0x18, 0x0C, 0x03, 0x80, 0x60,
    0x30, 0x0C, 0x30, 0x3C, 0x0F, 0x03, 0xC0, 0xF0, 0x3C, 0x0F, 0x03, 0xC0, 0xF0, 0x3E, 0x1D, 0xFE,
    0x3F, 0x03, 0x00, 0x1C, 0x1C, 0x1C, 0x18, 0x00, 0xC3, 0xC3, 0xC3, 0xC3, 0xC3, 0xC3, 0xC3, 0xEF,
    0x7F, 0x10, 0x07, 0x00, 0x30, 0x03, 0x00, 0x00, 0x3C, 0x0F, 0xE0, 0x7B, 0x03, 0x98, 0x18, 0xC0,
    0xC6, 0x06, 0x30, 0x31, 0x81, 0x8C, 0x0C, 0x70, 0xE1, 0xFE, 0x07, 0xE0, 0x0C, 0x00, 0x0E, 0x01,
    0x80, 0x61, 0x80, 0x3C, 0x3F, 0x87, 0xB0, 0xC6, 0x18, 0xC3, 0x18, 0x63, 0x0C, 0x77, 0x87, 0xF0,
    0x20, 0x00, 0x18, 0x00, 0xE0, 0x03, 0x00, 0x00, 0x3C, 0x0F, 0xE0, 0x7B, 0x03, 0x98, 0x18, 0xC0,
    0xC6, 0x06, 0x30, 0x31, 0x81, 0x8C, 0x0C, 0x70, 0xE1, 0xFE, 0x07, 0xE0, 0x0C, 0x00, 0x30, 0x07,
    0x00, 0x61, 0x80, 0x3C, 0x3F, 0x87, 0xB0, 0xC6, 0x18, 0xC3, 0x18, 0x63, 0x0C, 0x77, 0x87, 0xF0,
    0x20, 0x00, 0x0C, 0x00, 0x70, 0x01, 0x80, 0x1C, 0x00, 0xC1, 0xE0, 0x7F, 0x03, 0xD8, 0x1C, 0xC0,
    0xC6, 0x06, 0x30, 0x31, 0x81, 0x8C, 0x0C, 0x60, 0x63, 0x87, 0x0F, 0xF0, 0x3F, 0x00, 0x60, 0x00,
    0x1C, 0x03, 0x80, 0x70, 0x0C, 0x30, 0x07, 0x87, 0xF0, 0xF6, 0x18, 0xC3, 0x18, 0x63, 0x0C, 0x61,
    0x8E, 0xF0, 0xFE, 0x04, 0x00, 0x11, 0x01, 0xF8, 0x0B, 0xC0, 0x00, 0x3C, 0x0F, 0xE0, 0x7B, 0x03,
    0x98, 0x18, 0xC0, 0xC6, 0x06, 0x30, 0x31, 0x81, 0x8C, 0x0C, 0x70, 0xE1, 0xFE, 0x07, 0xE0, 0x0C,
    0x00, 0x22, 0x0F, 0xC1, 0xF9, 0x80, 0x3C, 0x3F, 0x87, 0xB0, 0xC6, 0x18, 0xC3, 0x18, 0x63, 0x0C,
    0x77, 0x87, 0xF0, 0x20, 0x00, 0x00, 0x1E, 0x07, 0xF0, 0x3D, 0x81, 0xCC, 0x0C, 0x60, 0x63, 0x03,
    0x18, 0x18, 0xC0, 0xC6, 0x06, 0x38, 0x70, 0xFF, 0x03, 0xF0, 0x06, 0x00, 0x30, 0x01, 0x80, 0x00,
    0x60, 0x0F, 0x0F, 0xE1, 0xEC, 0x31, 0x86, 0x30, 0xC6, 0x18, 0xC3, 0x1D, 0xE1, 0xFC, 0x08, 0x01,
    0x80, 0x30, 0x00, 0x38, 0x06, 0x00, 0xC0, 0x00, 0xC1, 0xF8, 0x66, 0x39, 0xCC, 0x36, 0x07, 0x81,
    0xC0, 0x30, 0x0C, 0x03, 0x00, 0xC0, 0x30, 0x30, 0x1C, 0x07, 0x00, 0x0C, 0x3F, 0x19, 0x8C, 0xCE,
    0x76, 0x1B, 0x0F, 0x03, 0x81, 0xC0, 0xC0, 0x61, 0xE0, 0xF0, 0x00, 0xC1, 0xF8, 0x66, 0x39, 0xCC,
    0x36, 0x07, 0x81, 0xC0, 0x30, 0x0C, 0x03, 0x00, 0xC0, 0x30, 0x00, 0x03, 0x00, 0xC0, 0xC3, 0xF1,
    0x98, 0xCC, 0xE7, 0x61, 0xB0, 0xF0, 0x38, 0x1C, 0x0C, 0x07, 0xDE, 0xEF, 0x00, 0x1C, 0x07, 0x80,
    0x60, 0x30, 0x08, 0x30, 0x7E, 0x19, 0x8E, 0x73, 0x0D, 0x81, 0xE0, 0x70, 0x0C, 0x03, 0x00, 0xC0,
    0x30, 0x0C, 0x00, 0x1C, 0x0E, 0x03, 0x03, 0x00, 0x06, 0x1F, 0x8C, 0xC6, 0x67, 0x3B, 0x0D, 0x87,
    0x81, 0xC0, 0xE0, 0x60, 0x30, 0xF0, 0x78, 0x00, 0x11, 0x0F, 0xC6, 0xE0, 0x00, 0xC1, 0xF8, 0x66,
    0x39, 0xCC, 0x36, 0x07, 0x81, 0xC0, 0x30, 0x0C, 0x03, 0x00, 0xC0, 0x30, 0x32, 0x3F, 0x9B, 0x80,
    0x0C, 0x3F, 0x19, 0x8C, 0xCE, 0x76, 0x1B, 0x0F, 0x03, 0x81, 0xC0, 0xC0, 0x61, 0xE0, 0xF0, 0x00,
    0x21, 0xBF, 0xEC, 0x63, 0x18, 0xC6, 0x31, 0x8C, 0x60, 0x00, 0x23, 0x3E, 0xF1, 0x8C, 0x63, 0x18,
    0xC6, 0x31, 0x8C, 0x00, 0x77, 0xDE, 0x77, 0xDE, 0xFF, 0xFF, 0xC0, 0x7E, 0xFF, 0x7F, 0x7F, 0xFF,
    0xFF, 0xFF, 0x7F, 0xFF, 0x7F, 0xFF, 0xFF, 0xFF, 0x7F, 0xFF, 0xDB, 0x6D, 0xB6, 0xDB, 0x6D, 0xB6,
    0xDB, 0x6D, 0xB6, 0xDB, 0x6D, 0xB6, 0xD8, 0x00, 0x7F, 0x7F, 0x7F, 0x7F, 0x6F, 0xEC, 0x7F, 0x68,
    0x66, 0x6C, 0x00, 0xDD, 0xB2, 0x6D, 0xBF, 0xF6, 0xD8, 0x6F, 0xFD, 0xB6, 0x90, 0x6C, 0xD9, 0xB6,
    0xC0, 0x80, 0xDB, 0x76, 0xDB, 0x24, 0x30, 0x60, 0xC7, 0xFF, 0xE6, 0x0C, 0x18, 0x30, 0x60, 0xC1,
    0x83, 0x00, 0x30, 0x60, 0xC7, 0xFF, 0xE6, 0x0C, 0x18, 0xF7, 0xFC, 0xC1, 0x83, 0x00, 0x0F, 0xFF,
    0xF0, 0x87, 0x3D, 0xEC, 0x00, 0x1B, 0xA0, 0x01, 0xDF, 0xBA, 0x20, 0x00, 0x1D, 0xCF, 0xB9, 0xA2,
    0x20, 0x1F, 0xA0, 0x07, 0xF1, 0x8C, 0x63, 0x18, 0xC6, 0x31, 0x8C, 0x00, 0x07, 0xC6, 0x31, 0x8C,
    0x63, 0x18, 0xC6, 0x31, 0x80, 0xFF, 0xFF, 0x66, 0x66, 0x66, 0x66, 0x66, 0x00, 0xFF, 0x8F, 0x66,
    0x66, 0x66, 0x66, 0x66, 0x00, 0xFF, 0x1F, 0x66, 0x66, 0x66, 0x66, 0x66, 0x00, 0x00, 0x00, 0x0F,
    0x0C, 0x01, 0xB3, 0x00, 0x26, 0x60, 0x0C, 0xD8, 0x01, 0x9B, 0x43, 0x1B, 0xFE, 0xF3, 0xFE, 0xDB,
    0x36, 0xDB, 0x60, 0xDB, 0xCC, 0x33, 0x6D, 0x8E, 0x6D, 0xB1, 0x87, 0xBC, 0x00, 0x41, 0x00, 0x00,
    0x00, 0x00, 0x3C, 0x30, 0x00, 0x1B, 0x18, 0x00, 0x1D, 0x98, 0x00, 0x0C, 0xD8, 0x00, 0x06, 0x6D,
    0x84, 0x11, 0xBF, 0xEF, 0xBE, 0xFF, 0xB6, 0xDB, 0x36, 0xCF, 0x7D, 0x83, 0x67, 0xBE, 0xC3, 0x33,
    0xDB, 0x61, 0x9B, 0x6D, 0xB1, 0x87, 0x9E, 0xF8, 0x01, 0x04, 0x10, 0x31, 0x98, 0xC4, 0x00, 0x36,
    0x36, 0x6C, 0x6C, 0x48, 0x36, 0xC6, 0xD9, 0xB6, 0x36, 0x85, 0xB0, 0xE3, 0x0C, 0x61, 0x00, 0xF8,
    0xD8, 0xF1, 0xB1, 0x20, 0xFB, 0x1B, 0xE3, 0xD8, 0xDB, 0x12, 0xC0, 0x10, 0x60, 0xE3, 0x44, 0xD8,
    0x80, 0x19, 0x9D, 0xC6, 0x18, 0x60, 0x43, 0x0C, 0x73, 0x31, 0x80, 0x00, 0x01, 0x8C, 0x67, 0x33,
    0x8E, 0x1C, 0x1C, 0xE0, 0x3F, 0x06, 0x79, 0x99, 0xE6, 0x0F, 0xC0, 0x73, 0x83, 0x87, 0x1C, 0xCE,
    0x63, 0x18, 0x08, 0x00, 0xCD, 0x9B, 0x36, 0x6C, 0xD9, 0xB3, 0x66, 0xCC, 0x03, 0xB7, 0x64, 0x40,
    0x01, 0xFB, 0xF9, 0xB3, 0x66, 0xCF, 0x1C, 0x30, 0x60, 0x01, 0x83, 0x00, 0x00, 0x7F, 0xDF, 0xF0,
    0x80, 0x70, 0x37, 0x18, 0xFC, 0x0C, 0x0F, 0xC6, 0x1B, 0x03, 0x00, 0x00, 0x0C, 0x30, 0x86, 0x18,
    0xC3, 0x1C, 0x79, 0x2C, 0xC0, 0x00, 0xC0, 0x00, 0x18, 0x00, 0x0B, 0x20, 0x03, 0xFC, 0x00, 0x3F,
    0x80, 0x03, 0xC0, 0x00, 0xEC, 0x00, 0x4D, 0x90, 0x18, 0x07, 0x03, 0x00, 0xC3, 0xFC, 0xFB, 0xFF,
    0x9F, 0xF3, 0xC0, 0x70, 0x7C, 0x1F, 0x1D, 0x83, 0x61, 0x20, 0x00, 0x77, 0xDE, 0x01, 0x80, 0x60,
    0x30, 0x0C, 0x06, 0x03, 0x00, 0xC0, 0x60, 0x18, 0x0C, 0x06, 0x01, 0x80, 0xFF, 0xCC, 0xCC, 0xFF,
    0xCC, 0xCC, 0xCF, 0xF0, 0xFF, 0xCE, 0x73, 0x9F, 0xFF, 0x39, 0xCE, 0x73, 0xFF, 0xC0, 0x00, 0x03,
    0xF7, 0xEF, 0xFF, 0xC1, 0x83, 0x06, 0x0C, 0x38, 0x71, 0xC3, 0x8E, 0x1C, 0x30, 0x60, 0xC1, 0x80,
    0x00, 0x0C, 0x18, 0x30, 0x60, 0x00, 0x00, 0x00, 0x1F, 0x9B, 0xFB, 0x03, 0x60, 0x6C, 0x1D, 0x87,
    0x31, 0xC6, 0x30, 0xC6, 0x18, 0x00, 0x18, 0x63, 0x0C, 0x00, 0x80, 0x00, 0x37, 0xED, 0xFF, 0x03,
    0xC0, 0xF0, 0x7C, 0x3B, 0x1C, 0xC6, 0x31, 0x80, 0x03, 0x98, 0xE6, 0x10, 0x80, 0xFF, 0xBF, 0xC0,
    0xC0, 0xC0, 0x60, 0x60, 0x70, 0x30, 0x30, 0x00, 0xFE, 0x7F, 0xB7, 0xFB, 0xFD, 0xFE, 0xFF, 0x7F,
    0xBE, 0xDE, 0x6C, 0x36, 0x1B, 0x0D, 0x86, 0xC3, 0x60, 0x00, 0x3F, 0xDF, 0xF7, 0xED, 0xFB, 0x7E,
    0xDF, 0xB7, 0xED, 0xFF, 0x1F, 0x80, 0xFF, 0x7F, 0xF7, 0xFB, 0xFD, 0xFE, 0xFF, 0x7F, 0xFE, 0xFE,
    0x00, 0x1C, 0x0E, 0x13, 0x5F, 0xF7, 0xF1, 0xF0, 0xD8, 0x6C, 0x0E, 0xE0, 0x00, 0x00, 0x66, 0x63,
    0x00, 0x0C, 0x0F, 0xC6, 0x1B, 0x03, 0x00, 0x00, 0x00, 0x00, 0x00, 0x00, 0x00, 0x00, 0x00, 0x00,
    0x00, 0x00, 0x08, 0x07, 0x03, 0x71, 0x8F, 0xC0, 0x1C, 0x0E, 0x13, 0x5F, 0xF7, 0xF1, 0xF0, 0xD8,
    0x6C, 0x1C, 0x0E, 0x13, 0x5F, 0xF7, 0xF1, 0xF0, 0xD8, 0x6C, 0x01, 0x9B, 0x30, 0xE1, 0x83, 0x0C,
    0x18, 0x70, 0xC1, 0x86, 0x6C, 0xC0, 0x00, 0x18, 0x00, 0xFF, 0x0F, 0x1F, 0xF4, 0x03, 0xC0, 0x1E,
    0x1F, 0xE6, 0x0F, 0x03, 0x08, 0x16, 0x9F, 0xC7, 0xCF, 0xFF, 0xFC, 0xFC, 0xDE, 0x0C, 0x00, 0x00,
    0x00, 0x03, 0x03, 0x00, 0x00, 0x00, 0x60, 0x60, 0x00, 0x00, 0x00, 0x03, 0x07, 0x02, 0x36, 0xD9,
    0xBF, 0x9B, 0x6C, 0xD6, 0xC5, 0xB4, 0x00, 0x00, 0x00, 0x38, 0x00, 0xC0, 0x00, 0x00, 0x00, 0x00,
    0x01, 0x80, 0x6C, 0x03, 0x00, 0x00, 0x00, 0x00, 0x00, 0x06, 0x00, 0x70, 0x01, 0x00, 0x00, 0x03,
    0x00, 0xD8, 0x06, 0x00, 0x00, 0x00, 0x00, 0x00, 0x0C, 0x00, 0x60, 0x00, 0x00, 0x00, 0x00, 0x00,
    0xC0, 0x36, 0x01, 0xA0, 0x08, 0x0D, 0x80, 0x00, 0x00, 0x36, 0x00, 0x04, 0x01, 0xC0, 0x30, 0x00,
    0x00, 0x00, 0x00, 0x18, 0x33, 0x06, 0x00, 0x00, 0x00, 0x00, 0x07, 0x00, 0xE0, 0x08, 0x00, 0x02,
    0x00, 0x18, 0x0C, 0xDC, 0x66, 0xE2, 0x32, 0x01, 0x83, 0xFF, 0xFF, 0xFF, 0x03, 0x00, 0x18, 0x0C,
    0xD8, 0x66, 0xC0, 0x30, 0x01, 0x00, 0xDF, 0x01, 0xBE, 0x03, 0xF4, 0x1F, 0x8D, 0xF6, 0xF8, 0x7E,
    0x80, 0xFF, 0x6F, 0x66, 0x66, 0x66, 0x66, 0x66, 0x00, 0xFF, 0x9F, 0x66, 0x66, 0x66, 0x66, 0x66,
    0x00, 0xFF, 0x66, 0x66, 0x66, 0x66, 0x66, 0x66, 0x00, 0x06, 0xFF, 0x66, 0x66, 0x66, 0x66, 0x66,
    0x00, 0x6F, 0xF6, 0x66, 0x66, 0x66, 0x66, 0x66, 0x00, 0xEE, 0x6F, 0x66, 0x66, 0x66, 0x66, 0x66,
    0x00, 0x21, 0xEC, 0xF3, 0xCF, 0x3C, 0xDE, 0x20, 0x15, 0x55, 0x40, 0x00, 0x63, 0x9E, 0xDB, 0xFF,
    0xC6, 0x00, 0x01, 0xEC, 0x3C, 0xF8, 0x30, 0xFE, 0x20, 0x19, 0xEE, 0x3E, 0xFF, 0x3C, 0xDE, 0x30,
    0x03, 0xF1, 0x86, 0x18, 0xC3, 0x18, 0x00, 0x31, 0xEC, 0xFE, 0x7B, 0x7C, 0xFE, 0x30, 0x33, 0xEC,
    0xF3, 0xFD, 0xF1, 0x9E, 0x60, 0x20, 0xCF, 0xBE, 0x30, 0x80, 0xFB, 0xE0, 0x7B, 0xEF, 0xBE, 0x0F,
    0x69, 0x36, 0xCC, 0x19, 0xB6, 0xDB, 0x58, 0x19, 0xF4, 0xD1, 0x45, 0x14, 0x40, 0x21, 0xEC, 0xF3,
    0xCF, 0x3C, 0xDE, 0x20, 0x07, 0xF3, 0x33, 0x33, 0x00, 0x33, 0xE5, 0x86, 0x18, 0xC6, 0x3E, 0x00,
    0x33, 0xE1, 0x86, 0x78, 0x30, 0xFE, 0x20, 0x00, 0x63, 0x9E, 0xDB, 0xFF, 0xC6, 0x00, 0x01, 0xEC,
    0x3C, 0xF8, 0x30, 0xFE, 0x20, 0x19, 0xEE, 0x3E, 0xFF, 0x3C, 0xDE, 0x30, 0x03, 0xF1, 0x86, 0x18,
    0xC3, 0x18, 0x00, 0x31, 0xEC, 0xFE, 0x7B, 0x7C, 0xFE, 0x30, 0x33, 0xEC, 0xF3, 0xFD, 0xF1, 0x9E,
    0x60, 0x20, 0xCF, 0xBE, 0x30, 0x80, 0xFB, 0xE0, 0x7B, 0xEF, 0xBE, 0x0F, 0x69, 0x36, 0xCC, 0x19,
    0xB6, 0xDB, 0x58, 0x78, 0x37, 0xFB, 0xDD, 0xE0, 0x79, 0x3F, 0xF0, 0x69, 0xE0, 0x7B, 0x3C, 0x71,
    0x6D, 0xE0, 0xCD, 0xE3, 0x1C, 0x7B, 0x30, 0x78, 0x37, 0xFF, 0xDD, 0xE0, 0x41, 0x07, 0xDB, 0x45,
    0x14, 0x51, 0x41, 0x04, 0xD6, 0x71, 0xC5, 0x93, 0x55, 0x55, 0x7F, 0x9B, 0x34, 0xCD, 0x33, 0x4C,
    0xD3, 0x30, 0x7D, 0xB4, 0x51, 0x45, 0x10, 0x7C, 0xD9, 0x12, 0x26, 0xCF, 0x10, 0x20, 0x7E, 0x1C,
    0x7D, 0xF8, 0x4F, 0x44, 0x46, 0x70, 0x00, 0x1F, 0x1D, 0x1C, 0x0C, 0xFE, 0x7F, 0xB0, 0xD8, 0x7F,
    0x8F, 0xC3, 0x01, 0x80, 0xF8, 0x05, 0x83, 0xE3, 0xF8, 0xFE, 0x6F, 0x1A, 0xCF, 0xB3, 0xE8, 0x7E,
    0x1F, 0x87, 0x60, 0xFE, 0x3F, 0x0F, 0x00, 0x00, 0x0F, 0xCF, 0xEE, 0x06, 0x03, 0x2D, 0xBE, 0xDC,
    0x6C, 0x36, 0x1F, 0x07, 0xB1, 0xF8, 0x30, 0x3F, 0x9F, 0xCC, 0x06, 0x03, 0x01, 0xF8, 0xFE, 0x60,
    0x7C, 0x7E, 0x0C, 0x06, 0x00, 0x00, 0x0F, 0xCF, 0xE6, 0x03, 0x03, 0xF3, 0xF8, 0x60, 0xFE, 0x3F,
    0x0C, 0x1F, 0xFF, 0xF8, 0x00, 0x00, 0x03, 0x00, 0x0C, 0x3F, 0xFE, 0xFF, 0xFB, 0x8C, 0x7C, 0x31,
    0xF1, 0xC7, 0xC7, 0x1F, 0x3C, 0x7C, 0xF1, 0xF6, 0xC7, 0x18, 0x00, 0x40, 0x00, 0x73, 0x1C, 0xC7,
    0xB1, 0xEC, 0xFF, 0xFF, 0xEF, 0xFF, 0xFF, 0x67, 0x19, 0xC6, 0x71, 0x8C, 0xFC, 0x0F, 0xE0, 0xC6,
    0x0C, 0x6C, 0xC6, 0xCC, 0xFF, 0xFD, 0xEF, 0x0C, 0xC0, 0xCC, 0x0C, 0xC0, 0xCC, 0x0F, 0x00, 0x00,
    0xFC, 0x07, 0xE0, 0x33, 0x81, 0x8D, 0xEC, 0xFF, 0x7E, 0xC3, 0xF7, 0x1B, 0x1E, 0xCC, 0x76, 0x61,
    0xF3, 0xED, 0x8F, 0xE0, 0x04, 0x00, 0xCE, 0x79, 0xCF, 0x39, 0xB7, 0x36, 0xFF, 0xFF, 0xFF, 0xFB,
    0xDE, 0x7B, 0xC7, 0x38, 0xE7, 0x18, 0xC0, 0xFE, 0x7F, 0xEF, 0x0D, 0xED, 0xBD, 0xB7, 0xB6, 0xF6,
    0xDE, 0xDB, 0xDB, 0x7B, 0x0F, 0x7F, 0xEF, 0xE0, 0x01, 0x81, 0xF8, 0x7F, 0x00, 0xC3, 0xF8, 0xFF,
    0x18, 0x63, 0x0C, 0x61, 0x8C, 0x31, 0x86, 0x39, 0xC3, 0xF8, 0x10, 0x0F, 0xF1, 0xFE, 0x00, 0x07,
    0xE3, 0xF8, 0xC0, 0x30, 0x3F, 0xCF, 0xF1, 0xF8, 0xFE, 0x1C, 0x03, 0x00, 0xFE, 0x1F, 0x80, 0x80,
    0x61, 0x9C, 0xE7, 0x71, 0xD8, 0x7C, 0x3F, 0xEF, 0xF9, 0xF8, 0x76, 0x1C, 0xC7, 0x39, 0xC7, 0xFF,
    0xFF, 0xE0, 0xC0, 0x3C, 0x0F, 0x07, 0x07, 0xF0, 0xB8, 0x1C, 0x1F, 0x02, 0xC0, 0x30, 0x00, 0x00,
    0xFE, 0x00, 0xFF, 0x00, 0x33, 0x80, 0x31, 0x80, 0x31, 0xC0, 0x31, 0xC0, 0x31, 0xDE, 0x71, 0xBF,
    0x63, 0xB3, 0x67, 0x73, 0x7F, 0x77, 0xFC, 0x7E, 0x00, 0x68, 0x00, 0x60, 0x00, 0xE0, 0x00, 0xC0,
    0x00, 0x07, 0x83, 0xE1, 0xB0, 0xD8, 0x6C, 0x3C, 0x0E, 0x06, 0x1F, 0x9F, 0xCF, 0x6D, 0xB8, 0x0C,
    0x06, 0x0F, 0x0F, 0x00, 0x7E, 0x1F, 0xCF, 0xFF, 0xFF, 0xFF, 0xBF, 0xF7, 0xF1, 0xF8, 0x60, 0x18,
    0x06, 0x01, 0x80, 0x06, 0x07, 0xF7, 0xFD, 0x98, 0xE6, 0x31, 0x8C, 0x7F, 0x1F, 0xC6, 0xF1, 0xBE,
    0x6D, 0xFF, 0x3F, 0xC1, 0x80, 0x40, 0x0C, 0x03, 0xC0, 0x78, 0x0F, 0x0F, 0xFD, 0xFF, 0x8C, 0xE7,
    0xFE, 0x61, 0x8C, 0x3B, 0x03, 0x60, 0x60, 0x00, 0x3F, 0x9F, 0xC0, 0x70, 0x3F, 0xFC, 0x7D, 0xFF,
    0xFF, 0xF0, 0x38, 0x0F, 0xF7, 0xF8, 0x60, 0x04, 0x0F, 0xE7, 0xFB, 0x90, 0xE4, 0x31, 0x0C, 0x43,
    0x10, 0xC4, 0x31, 0x0E, 0x41, 0xFE, 0x3F, 0x81, 0x80, 0x40, 0x22, 0x19, 0x8F, 0xFF, 0xFF, 0x66,
    0x19, 0x86, 0x61, 0x98, 0x66, 0x19, 0xD6, 0x3C, 0x02, 0x00, 0x00, 0x7E, 0x0F, 0xE0, 0xC0, 0x0C,
    0x00, 0xE0, 0x07, 0x80, 0x3E, 0x00, 0xEF, 0xFF, 0xED, 0xFE, 0xDE, 0x7F, 0xC2, 0xF8, 0x24, 0x80,
    0xFF, 0xFF, 0xFF, 0xFF, 0xF1, 0xC0, 0xE0, 0x70, 0x38, 0x1C, 0x0E, 0x07, 0x03, 0x80, 0xFF, 0x7E,
    0x18, 0xFF, 0x18, 0xF8, 0xF0, 0xE0, 0x60, 0x30, 0x38, 0x18, 0x30, 0x0C, 0x83, 0xE3, 0xE0, 0xFE,
    0x1F, 0x0F, 0x18, 0xC6, 0x31, 0x8C, 0xE3, 0xF0, 0xF8, 0x00, 0x00, 0x00, 0x07, 0x80, 0x36, 0x01,
    0xB0, 0x0F, 0xFF, 0x1F, 0xFC, 0x60, 0x63, 0xDB, 0x1F, 0xF8, 0xE9, 0x8F, 0x00, 0x5F, 0x80, 0x7E,
    0x00, 0x40, 0x03, 0x00, 0x18, 0x00, 0xC0, 0x1F, 0x03, 0xFE, 0x3D, 0xB9, 0x8C, 0xCC, 0x67, 0x63,
    0x1B, 0x10, 0xD8, 0x06, 0xC0, 0x30, 0x7F, 0x1F, 0xE7, 0x19, 0xC6, 0x71, 0x9D, 0xEF, 0xF3, 0xE0,
    0xFC, 0x3F, 0x07, 0x01, 0xC0, 0x1B, 0x03, 0xE1, 0xFF, 0x3D, 0xED, 0xBF, 0xB6, 0xF6, 0xDE, 0x53,
    0xC0, 0x1C, 0x01, 0x80, 0x3F, 0xE7, 0xFC, 0x3C, 0x3C, 0xFE, 0xFF, 0xE3, 0xE3, 0xE7, 0xFE, 0xFF,
    0xE3, 0xE3, 0xE3, 0xFF, 0xFE, 0x3C, 0x3C, 0x00, 0x3F, 0x7E, 0x60, 0x60, 0xE0, 0xE0, 0x60, 0x7E,
    0x3F, 0x0C, 0x7F, 0x7E, 0x7F, 0xFF, 0xC0, 0x00, 0x40, 0x18, 0x03, 0x00, 0xCF, 0x19, 0xE3, 0x06,
    0xC0, 0xD8, 0x0E, 0x01, 0xC0, 0x18, 0x02, 0x00, 0x00, 0x0F, 0xFC, 0x01, 0x80, 0x30, 0x06, 0x00,
    0xC0, 0x18, 0x03, 0x00, 0x60, 0x00, 0x03, 0xFF, 0xDF, 0x0C, 0x30, 0xC3, 0x0C, 0x30, 0xC3, 0x0C,
    0x30, 0xC3, 0x0C, 0x30, 0x00, 0x00, 0x8F, 0x8C, 0x18, 0xC1, 0x8C, 0x19, 0xC1, 0x9C, 0x19, 0xE1,
    0xF7, 0x1E, 0x30, 0x00, 0xC0, 0x30, 0x0C, 0x03, 0x00, 0xC0, 0x30, 0x0C, 0x03, 0x00, 0xFF, 0xC0,
    0x40, 0x0C, 0x7E, 0xC1, 0x8C, 0x18, 0xC1, 0x8C, 0x1C, 0xC3, 0xCF, 0xFE, 0xFE, 0x70, 0x00, 0x41,
    0x98, 0x33, 0x1F, 0xE0, 0x0C, 0x3D, 0x8F, 0xF1, 0x9F, 0xFF, 0xFB, 0xC0, 0x00, 0xFF, 0xFF, 0xEC,
    0x03, 0x00, 0xC0, 0x30, 0x0C, 0x03, 0x00, 0xFF, 0xC0, 0xFF, 0xFF, 0x7B, 0x0C, 0x61, 0x8C, 0x31,
    0x86, 0x30, 0xC7, 0xF8, 0xFF, 0xE0, 0x7F, 0xE0, 0x0C, 0x01, 0x80, 0x37, 0xFE, 0xC0, 0x18, 0x03,
    0xFE, 0x7F, 0xE0, 0xFF, 0xEF, 0xFC, 0x31, 0x86, 0x3F, 0xC7, 0x80, 0xF0, 0x1F, 0xF3, 0xFE, 0x60,
    0xFF, 0xF7, 0xF7, 0x0F, 0x30, 0xF3, 0xFF, 0x3F, 0xB3, 0xC3, 0x3F, 0xF7, 0xFF, 0xF0, 0x00, 0x0F,
    0xF3, 0x7F, 0x30, 0xF3, 0x0F, 0xFF, 0xFF, 0xFB, 0x3C, 0x33, 0xFF, 0xFF, 0xFF, 0x00, 0x07, 0xE6,
    0x1F, 0x30, 0x19, 0x80, 0xCC, 0x7E, 0x63, 0xE7, 0x18, 0x3C, 0xFF, 0x77, 0xF1, 0x80, 0x00, 0xFF,
    0xF7, 0xFE, 0x0F, 0x00, 0xF0, 0xFF, 0xEF, 0xB0, 0xC3, 0x0F, 0xF0, 0xFF, 0xF0, 0xFF, 0xF7, 0xFE,
    0x1F, 0x61, 0xF6, 0xFF, 0x6F, 0xB6, 0xC3, 0x6F, 0xF6, 0xFF, 0xF0, 0xF9, 0xC1, 0x9C, 0x1F, 0xF1,
    0x80, 0xFB, 0xEC, 0x36, 0xC3, 0x6F, 0xFE, 0xFF, 0xE0, 0xFF, 0xFF, 0xFC, 0x0F, 0x03, 0xC0, 0xF0,
    0x3C, 0x0F, 0x03, 0xFF, 0xC0, 0xC0, 0xF0, 0x3C, 0x0F, 0xFF, 0xFF, 0xF0, 0x3C, 0x0F, 0xFF, 0xFF,
    0xC0, 0xCF, 0x79, 0xEF, 0x3D, 0xFF, 0xFF, 0xFF, 0x9E, 0xF3, 0xDF, 0xFF, 0xFF, 0xE0, 0xCC, 0xC6,
    0x66, 0x33, 0x31, 0xF9, 0x8F, 0xCC, 0x66, 0xE3, 0x37, 0x9F, 0xEE, 0xFF, 0x30, 0x00, 0x00, 0x06,
    0x00, 0x60, 0x06, 0x00, 0x60, 0x0E, 0x00, 0xF0, 0x1F, 0x8F, 0x9E, 0xE0, 0xE0, 0x18, 0xE0, 0xC7,
    0x06, 0x38, 0x31, 0xC3, 0xCE, 0x1E, 0xDB, 0x9E, 0xE8, 0x61, 0x1F, 0x07, 0xF9, 0x83, 0x30, 0x76,
    0x06, 0xC1, 0xD8, 0x31, 0xFE, 0x1F, 0x00, 0x7F, 0xE7, 0xF8, 0x18, 0x03, 0x00, 0xE0, 0x1E, 0x0E,
    0xE3, 0x8F, 0x60, 0xE0, 0x7F, 0xF9, 0xEF, 0x86, 0x18, 0x31, 0xC1, 0x8E, 0x1E, 0x71, 0xF7, 0xDD,
    0xF7, 0x43, 0x18, 0x06, 0x00, 0xC1, 0xFF, 0x3F, 0xF0, 0xE0, 0x1C, 0x03, 0x80, 0xF8, 0x3B, 0xDE,
    0x3D, 0x01, 0x00, 0x7F, 0xE7, 0xFC, 0x01, 0x80, 0x37, 0xFE, 0xFF, 0xC0, 0x18, 0x03, 0x00, 0x60,
    0xFF, 0xFF, 0xEC, 0x03, 0x00, 0xFF, 0xF0, 0x0C, 0x03, 0x00, 0xFF, 0xC0, 0x7F, 0xEF, 0xF8, 0xE6,
    0x1C, 0xC3, 0x98, 0x73, 0x0E, 0x61, 0xCC, 0xFF, 0xE0, 0x06, 0x00, 0xC3, 0xFF, 0xBF, 0xE0, 0x00,
    0x3F, 0x0E, 0xE1, 0x86, 0x30, 0xC7, 0xF0, 0x7E, 0x00, 0xC3, 0x0C, 0x30, 0xC3, 0x0C, 0x3F, 0xFB,
    0x0C, 0x30, 0xC3, 0x0C, 0x30, 0xC0, 0x0F, 0x3C, 0xF3, 0xCF, 0x3C, 0xFF, 0xFF, 0x3C, 0xF3, 0xCF,
    0x3C, 0xF3, 0x0C, 0x86, 0x31, 0x8C, 0x7B, 0xF8, 0xC7, 0xFF, 0x8C, 0x63, 0x18, 0xC0, 0x0B, 0x3C,
    0xF3, 0xCF, 0xFF, 0xF3, 0xCF, 0xFF, 0xF3, 0xCF, 0x3C, 0xF3, 0x8C, 0x0C, 0x30, 0xC3, 0x0C, 0x30,
    0xDF, 0x7C, 0x30, 0xC3, 0x0C, 0x30, 0xC3, 0x0C, 0x01, 0x1B, 0x1B, 0x1B, 0x1B, 0x1B, 0x1B, 0x7B,
    0x7B, 0x1B, 0x1B, 0x1B, 0x1B, 0x1B, 0x1B, 0x1B, 0x03, 0x0C, 0x30, 0xC3, 0x0D, 0xF7, 0xC3, 0x0D,
    0xF7, 0xC3, 0x0C, 0x30, 0xC3, 0x0C, 0x01, 0x1B, 0x1B, 0x1B, 0x1B, 0xFB, 0x7B, 0x1B, 0x1B, 0xFB,
    0x7B, 0x1B, 0x1B, 0x1B, 0x1B, 0x1B, 0x03, 0x00, 0x00, 0x03, 0x00, 0x06, 0x00, 0x0C, 0x00, 0x18,
    0x00, 0x30, 0x00, 0x60, 0x01, 0xC0, 0xFF, 0xFE, 0x00, 0x10, 0x00, 0x30, 0x00, 0x60, 0x00, 0xC0,
    0x01, 0x80, 0xC3, 0x01, 0x86, 0x03, 0x0F, 0x06, 0x1C, 0x0C, 0x30, 0x18, 0x63, 0xFF, 0xC7, 0xFF,
    0x80, 0x03, 0x00, 0x06, 0x00, 0x0C, 0x00, 0x18, 0x00, 0x18, 0x06, 0xC0, 0x36, 0x01, 0xB0, 0x0D,
    0x8C, 0x6C, 0x63, 0x63, 0x1F, 0x18, 0xF8, 0xC6, 0xC7, 0xF7, 0xFF, 0xBC, 0x0D, 0x80, 0x6C, 0x03,
    0x60, 0x1B, 0x00, 0x18, 0x00, 0x10, 0x01, 0xC0, 0x0E, 0x00, 0x70, 0x03, 0x82, 0x1C, 0x30, 0xE1,
    0x87, 0x0C, 0x38, 0x61, 0xC3, 0xFF, 0xFF, 0xF7, 0x03, 0x80, 0x1C, 0x00, 0xE0, 0x07, 0x00, 0x38,
    0x00, 0x00, 0x18, 0xC0, 0x31, 0x80, 0x63, 0x00, 0xC6, 0x01, 0x8C, 0x03, 0x18, 0x06, 0x30, 0x7F,
    0xFE, 0xFF, 0xF8, 0x7F, 0xFE, 0xFF, 0xF8, 0x06, 0x00, 0x0C, 0x00, 0x18, 0x00, 0x30, 0x00, 0x60,
    0x00, 0xC0, 0x01, 0x00, 0x00, 0x18, 0x00, 0xC0, 0x06, 0x00, 0x30, 0x01, 0x80, 0x0C, 0x00, 0x60,
    0x7B, 0xFF, 0xFA, 0x60, 0xC3, 0x06, 0x1B, 0xF0, 0xC1, 0x86, 0x0C, 0x30, 0x61, 0x83, 0x00, 0x18,
    0x00, 0x08, 0x06, 0xC0, 0x36, 0x01, 0xB0, 0x0D, 0x80, 0x6C, 0x03, 0x67, 0xFB, 0xFF, 0xD8, 0xC6,
    0xC6, 0x36, 0x37, 0xB1, 0x8D, 0x8C, 0x6C, 0x63, 0x63, 0x1B, 0x00, 0x58, 0x00, 0x18, 0x00, 0xC0,
    0x06, 0x00, 0x30, 0x01, 0x80, 0x0C, 0x00, 0x60, 0x7F, 0xFF, 0xFB, 0x70, 0xC1, 0x86, 0x0C, 0x30,
    0x61, 0x83, 0x0C, 0x18, 0x60, 0xC3, 0x00, 0x18, 0xFF, 0xFE, 0xFF, 0xF8, 0x31, 0x80, 0x63, 0x00,
    0xC6, 0x01, 0x8C, 0x03, 0x18, 0x06, 0x30, 0x04, 0x20, 0x7F, 0xFD, 0xFF, 0xFC, 0x00, 0x00, 0x00,
    0xC0, 0x06, 0x00, 0x30, 0x01, 0x80, 0x0C, 0x00, 0x60, 0x03, 0x00, 0x18, 0x1E, 0xFF, 0xF6, 0x80,
    0x30, 0x01, 0x80, 0x0C, 0x00, 0x60, 0x03, 0x00, 0x18, 0xFF, 0xFF, 0xFF, 0xFC, 0x00, 0x18, 0x00,
    0x31, 0xFE, 0x61, 0xFC, 0xC0, 0x39, 0x80, 0x63, 0x00, 0xC6, 0x03, 0x8F, 0x06, 0x1E, 0x1C, 0x30,
    0x70, 0x61, 0xC0, 0xC7, 0x01, 0x88, 0x03, 0x00, 0x06, 0x00, 0x0C, 0x00, 0x18, 0x00, 0x18, 0x00,
    0x31, 0xFE, 0x60, 0x1C, 0xC0, 0x31, 0xC0, 0xE3, 0xC1, 0x86, 0x0E, 0x0C, 0x78, 0x18, 0xC0, 0x30,
    0x00, 0x61, 0xFF, 0xC0, 0x01, 0x80, 0x03, 0x00, 0x06, 0x00, 0x0C, 0x00, 0x18, 0x00, 0x18, 0x7E,
    0x31, 0xFE, 0x60, 0x1C, 0xC0, 0x31, 0x80, 0x63, 0x81, 0xC7, 0x87, 0x0C, 0x3C, 0x18, 0xF0, 0x31,
    0x80, 0x60, 0xC0, 0xC1, 0x81, 0x83, 0x00, 0x06, 0x00, 0x0F, 0xFE, 0x0F, 0xF8, 0x00, 0x18, 0x00,
    0x31, 0xFE, 0x60, 0x1C, 0xC0, 0x31, 0xC0, 0x63, 0xC1, 0x86, 0x0F, 0x0C, 0x78, 0x18, 0xE0, 0x30,
    0x00, 0x00, 0xFF, 0xC1, 0x80, 0x03, 0x00, 0x06, 0x00, 0x0F, 0xFC, 0x1F, 0xF8, 0x00, 0x18, 0xFF,
    0x30, 0xFE, 0x60, 0x18, 0xC0, 0x31, 0xE0, 0xC3, 0xC3, 0x86, 0x3E, 0x0C, 0x78, 0x18, 0x80, 0x20,
    0x7F, 0xE0, 0x00, 0xC1, 0xFF, 0x83, 0x00, 0x06, 0x00, 0x0F, 0xFC, 0x00, 0x00, 0x00, 0x18, 0xFF,
    0x30, 0xFE, 0x60, 0x18, 0xC0, 0x31, 0xE0, 0xC3, 0x87, 0x86, 0x3E, 0x0C, 0x70, 0x18, 0x80, 0x20,
    0xFF, 0xE0, 0x18, 0xC0, 0x31, 0x87, 0xE3, 0x0C, 0x46, 0x1F, 0xCC, 0x00, 0x10, 0x00, 0x18, 0xFF,
    0x30, 0xFE, 0x60, 0x18, 0xC0, 0x31, 0xE0, 0xC3, 0xC7, 0x86, 0x3E, 0x0C, 0x70, 0x18, 0x00, 0x20,
    0xFF, 0xE0, 0x3C, 0xC0, 0x79, 0x87, 0xF3, 0x0C, 0x66, 0x1F, 0xCC, 0x01, 0xF8, 0x00, 0x18, 0x00,
    0x31, 0xFE, 0x60, 0x1C, 0xC0, 0x31, 0xC0, 0x63, 0xC1, 0x86, 0x0F, 0x0C, 0x78, 0x18, 0xE0, 0x30,
    0x00, 0x40, 0xFF, 0xC1, 0x81, 0x83, 0x03, 0x06, 0x06, 0x0F, 0xFC, 0x00, 0x00, 0x00, 0x18, 0x00,
    0x31, 0xFE, 0x60, 0x18, 0xC0, 0x31, 0xE0, 0xE3, 0x83, 0x86, 0x3E, 0x0C, 0x70, 0x18, 0x00, 0x00,
    0x60, 0x60, 0xC0, 0xC1, 0xFF, 0x83, 0x03, 0x06, 0x06, 0x0F, 0xFC, 0x1F, 0xF0, 0x00, 0x18, 0x00,
    0x31, 0xFE, 0x60, 0x1C, 0xC0, 0x31, 0xE0, 0xE3, 0xC3, 0x86, 0x3E, 0x0C, 0x70, 0x18, 0x80, 0x20,
    0xCC, 0xC1, 0x99, 0x83, 0xF3, 0x06, 0x6F, 0x0C, 0xFF, 0x1F, 0xE6, 0x00, 0x00, 0x00, 0x18, 0x00,
    0x31, 0xFE, 0x60, 0x1C, 0xC0, 0x31, 0x80, 0x63, 0xC1, 0x87, 0x0F, 0x0C, 0x7C, 0x18, 0xE0, 0x31,
    0x06, 0x60, 0x0C, 0x40, 0x3C, 0x00, 0x78, 0x03, 0x9C, 0x1E, 0x1E, 0x30, 0x0C, 0x00, 0x18, 0x00,
    0x31, 0xFE, 0x60, 0x1C, 0xC0, 0x31, 0xC0, 0x63, 0xC1, 0x86, 0x0F, 0x0C, 0x78, 0x18, 0xE0, 0x30,
    0x30, 0xC0, 0x61, 0x80, 0xC7, 0x03, 0xCE, 0x0F, 0xBE, 0x39, 0xEF, 0x21, 0x84, 0x00, 0x18, 0x00,
    0x31, 0xFE, 0x60, 0x1C, 0xC0, 0x31, 0xC0, 0x63, 0xC1, 0x86, 0x0E, 0x0C, 0x78, 0x18, 0xC0, 0x30,
    0x3F, 0x80, 0xFF, 0x81, 0x81, 0x83, 0x03, 0x06, 0x06, 0x0F, 0xF8, 0x0F, 0xE0, 0x00, 0x18, 0x00,
    0x31, 0xFE, 0x60, 0x1C, 0xC0, 0x31, 0xC0, 0xE3, 0xC1, 0x86, 0x0E, 0x0C, 0x78, 0x18, 0xE0, 0x30,
    0x00, 0x40, 0xFF, 0xC0, 0x18, 0x00, 0x78, 0x01, 0xF8, 0x1F, 0x3C, 0x38, 0x18, 0x00, 0x18, 0x00,
    0x31, 0xFE, 0x60, 0x1C, 0xC0, 0x31, 0xE0, 0xE3, 0x83, 0x86, 0x1E, 0x0C, 0x78, 0x18, 0x83, 0x30,
    0x06, 0x01, 0xFF, 0xC0, 0x18, 0x00, 0x78, 0x03, 0xF8, 0x1F, 0x3E, 0x38, 0x18, 0x00, 0x18, 0x00,
    0x31, 0xFE, 0x60, 0x1C, 0xC0, 0x31, 0xE0, 0xE3, 0x83, 0x86, 0x1E, 0x0C, 0x78, 0x18, 0x80, 0x20,
    0x7F, 0xE0, 0xC0, 0x01, 0x80, 0x03, 0xFF, 0x06, 0x00, 0x0F, 0xFC, 0x00, 0x00, 0x00, 0x18, 0x00,
    0x31, 0xFE, 0x60, 0x1C, 0xC0, 0x31, 0xE0, 0xE3, 0x83, 0x86, 0x3E, 0x0C, 0x70, 0x18, 0x80, 0x20,
    0x7F, 0xE0, 0x33, 0x00, 0x66, 0x00, 0xCC, 0x01, 0x98, 0x1F, 0xFC, 0x00, 0x00, 0x00, 0x18, 0x00,
    0x31, 0xFE, 0x60, 0x1C, 0xC0, 0x31, 0xE0, 0xE3, 0x83, 0x86, 0x3E, 0x0C, 0x71, 0x98, 0x03, 0x00,
    0xFF, 0xF0, 0x00, 0x00, 0xFE, 0x01, 0xCE, 0x06, 0x0C, 0x07, 0x38, 0x0F, 0xE0, 0x00, 0x0C, 0x01,
    0xB0, 0x06, 0xDF, 0xDB, 0x06, 0x6C, 0x19, 0xB0, 0x66, 0xC1, 0x9F, 0x0C, 0x7C, 0x71, 0xB3, 0x86,
    0xDC, 0x1B, 0x60, 0x6C, 0x01, 0xB0, 0x06, 0xC0, 0x1B, 0x00, 0x0C, 0x00, 0x0C, 0x01, 0xB7, 0xF6,
    0xC1, 0xDB, 0x06, 0x7C, 0x19, 0xF0, 0xC6, 0xC7, 0x1B, 0x78, 0x6D, 0xC1, 0xB0, 0x0E, 0xC7, 0xFF,
    0x00, 0x0C, 0x00, 0x30, 0x00, 0xC0, 0x03, 0x00, 0x0C, 0x00, 0x4C, 0x01, 0xB7, 0xF6, 0xC1, 0xDB,
    0x06, 0x6C, 0x19, 0xB0, 0xE7, 0xC3, 0x1B, 0x18, 0x6D, 0xC1, 0xB6, 0x06, 0xC6, 0x1B, 0x18, 0x4C,
    0x60, 0x01, 0x80, 0x07, 0xFF, 0x0F, 0xFC, 0x00, 0x0C, 0x00, 0xD9, 0xFD, 0xB0, 0x33, 0x60, 0x67,
    0xC1, 0xCD, 0x87, 0x1B, 0x1C, 0x36, 0x70, 0x6C, 0xC0, 0x10, 0x7F, 0xF0, 0x00, 0x61, 0xFF, 0xC3,
    0x00, 0x06, 0x00, 0x0F, 0xFE, 0x00, 0x00, 0x00, 0x0C, 0x01, 0xB7, 0xF6, 0xC1, 0xDB, 0x06, 0x6C,
    0x19, 0xF0, 0xE6, 0xC7, 0x1B, 0x38, 0x6D, 0xC1, 0xB4, 0x00, 0x87, 0xFF, 0x18, 0x0C, 0x60, 0x31,
    0x80, 0xC7, 0xFF, 0x0F, 0xF8, 0x00, 0x0C, 0x01, 0xB7, 0xF6, 0xC1, 0xDB, 0x06, 0x6C, 0x19, 0xF0,
    0xC6, 0xC7, 0x1B, 0x78, 0x6D, 0x81, 0x31, 0x80, 0xC6, 0x03, 0x1F, 0xFC, 0x70, 0x31, 0x80, 0xC7,
    0xFF, 0x00, 0x00, 0x00, 0x4C, 0x00, 0xD9, 0xFD, 0xB0, 0x3B, 0x60, 0x67, 0xC0, 0xCF, 0x83, 0x9B,
    0x0E, 0x36, 0x38, 0x6C, 0xE0, 0xD9, 0x83, 0x30, 0x0E, 0x00, 0x1C, 0x00, 0x7C, 0x01, 0xDC, 0x0F,
    0x1E, 0x18, 0x0C, 0x00, 0x0C, 0x7C, 0xD9, 0xFD, 0xB0, 0x3B, 0x60, 0x66, 0xC0, 0xCF, 0x83, 0x1B,
    0x0E, 0x36, 0x78, 0x6C, 0xE0, 0xD8, 0x10, 0xC0, 0x61, 0x80, 0xE3, 0x01, 0xCF, 0x07, 0xDE, 0x1D,
    0xE7, 0x21, 0x86, 0x00, 0x4C, 0x01, 0xB7, 0xF6, 0xC1, 0xDB, 0x06, 0x7C, 0x19, 0xF0, 0xE6, 0xC7,
    0x1B, 0x38, 0x6D, 0xC1, 0xB6, 0x04, 0xC1, 0xFE, 0x0E, 0x3C, 0x60, 0x31, 0x80, 0xC3, 0xDF, 0x07,
    0xF0, 0x00, 0x18, 0x00, 0x31, 0xFE, 0x61, 0xFC, 0xC0, 0x19, 0xC0, 0x63, 0xC0, 0xC6, 0x01, 0x8C,
    0x06, 0x18, 0x1C, 0x38, 0x70, 0x79, 0xC0, 0xC7, 0x01, 0x8C, 0x03, 0x00, 0x06, 0x00, 0x0C, 0x00,
    0x18, 0x00, 0x18, 0x00, 0x31, 0xFE, 0x60, 0x1C, 0xF0, 0x31, 0xE0, 0x63, 0x01, 0x87, 0x0F, 0x0F,
    0x78, 0x18, 0xE0, 0x30, 0x00, 0x61, 0xFF, 0xC0, 0x01, 0x80, 0x03, 0x00, 0x06, 0x00, 0x0C, 0x00,
    0x18, 0x00, 0x18, 0x7E, 0x31, 0xFE, 0x60, 0x1C, 0xC0, 0x31, 0xE0, 0x63, 0x01, 0x86, 0x07, 0x0C,
    0x3C, 0x1E, 0xF0, 0x31, 0x80, 0x60, 0xC0, 0xC1, 0x81, 0x83, 0x00, 0x06, 0x00, 0x0F, 0xFE, 0x0F,
    0xF8, 0x00, 0x18, 0xFF, 0x30, 0xFE, 0x60, 0x18, 0xF0, 0x31, 0x80, 0xE3, 0x03, 0x87, 0x9E, 0x0C,
    0x78, 0x18, 0x80, 0x20, 0x7F, 0xE0, 0x00, 0xC1, 0xFF, 0x83, 0x00, 0x06, 0x00, 0x0F, 0xFC, 0x00,
    0x00, 0x00, 0x18, 0x00, 0x31, 0xFE, 0x60, 0x1C, 0xE0, 0x31, 0xE0, 0x63, 0x01, 0x86, 0x0F, 0x0F,
    0x78, 0x1C, 0xE0, 0x30, 0x06, 0x60, 0x0C, 0x00, 0x3C, 0x00, 0xFC, 0x03, 0x9C, 0x1E, 0x1E, 0x30,
    0x0C, 0x00, 0x18, 0x00, 0x31, 0xFE, 0x60, 0x1C, 0xE0, 0x31, 0xE0, 0x63, 0x01, 0x87, 0x0F, 0x0F,
    0x78, 0x18, 0xC0, 0x30, 0x3F, 0x80, 0xFF, 0x81, 0x81, 0x83, 0x03, 0x06, 0x06, 0x0F, 0xF8, 0x0F,
    0xE0, 0x00, 0x0C, 0x01, 0xB0, 0x06, 0xDF, 0xDB, 0x06, 0x6C, 0x19, 0xF0, 0x66, 0xC1, 0x9B, 0x0C,
    0x6C, 0x71, 0xF3, 0x87, 0xDC, 0x1B, 0x60, 0x6C, 0x01, 0xB0, 0x06, 0xC0, 0x1B, 0x00, 0x0C, 0x00,
    0x4C, 0x01, 0xB7, 0xF6, 0xC1, 0xDB, 0x06, 0x7C, 0x19, 0xB0, 0xE6, 0xC3, 0x1B, 0x18, 0x7D, 0xC1,
    0xB6, 0x06, 0xC6, 0x1B, 0x18, 0x4C, 0x60, 0x01, 0x80, 0x07, 0xFF, 0x0F, 0xFC, 0x00, 0x0C, 0x00,
    0xD9, 0xFD, 0xB0, 0x33, 0xE0, 0x66, 0xC1, 0xCD, 0x87, 0x1F, 0x1C, 0x36, 0x70, 0x6C, 0xC0, 0x10,
    0x7F, 0xF0, 0x00, 0x60, 0x00, 0xC3, 0xFF, 0x86, 0x00, 0x0C, 0x00, 0x1F, 0xFC, 0x00, 0x0C, 0x00,
    0x77, 0xF9, 0xC0, 0xE7, 0x03, 0x1C, 0x0C, 0x70, 0x31, 0xC1, 0xFF, 0x06, 0x7C, 0x38, 0x71, 0xC1,
    0xCE, 0x07, 0x70, 0x1D, 0x00, 0x70, 0x01, 0xC0, 0x07, 0x00, 0x0C, 0x00, 0x10, 0x01, 0xFF, 0xCE,
    0x06, 0x70, 0x7F, 0x83, 0xFC, 0x30, 0xE7, 0x07, 0xF0, 0x3F, 0x01, 0xC0, 0x0C, 0x7F, 0xF0, 0x03,
    0x80, 0x1C, 0x00, 0xE0, 0x07, 0x00, 0x18, 0x00, 0x13, 0xF1, 0xFF, 0xCE, 0x06, 0x70, 0x73, 0x83,
    0x7C, 0x3F, 0xE3, 0x87, 0x38, 0x3F, 0x81, 0xF0, 0x0E, 0x60, 0x73, 0x01, 0x18, 0x00, 0xC0, 0x07,
    0xFF, 0x1F, 0xF0, 0x00, 0x10, 0x01, 0xFF, 0xCE, 0x06, 0x70, 0x6F, 0x83, 0xFC, 0x30, 0xE7, 0x07,
    0xF0, 0x3F, 0x01, 0xC0, 0x00, 0x7F, 0xF3, 0x00, 0x18, 0x00, 0xC0, 0x07, 0xFF, 0x1F, 0xF0, 0x00,
    0x1F, 0xF9, 0xDF, 0xCE, 0x0C, 0x70, 0x7F, 0x86, 0x7C, 0xF0, 0xFF, 0x07, 0xE0, 0x3C, 0x00, 0x0F,
    0xFE, 0x00, 0x73, 0xFF, 0x98, 0x00, 0xC0, 0x07, 0xFF, 0x00, 0x00, 0x00, 0x1F, 0xF9, 0xC1, 0xCE,
    0x0E, 0x70, 0x63, 0x87, 0xFC, 0x70, 0xEF, 0x07, 0xF0, 0x3C, 0x00, 0x9F, 0xFE, 0x0F, 0x30, 0x79,
    0xBF, 0xCD, 0x86, 0x6F, 0xFF, 0x00, 0x00, 0x00, 0x10, 0x01, 0xFF, 0xCE, 0x06, 0x70, 0x7F, 0x83,
    0xFC, 0x30, 0xE7, 0x87, 0xF0, 0x3F, 0x01, 0xC0, 0x04, 0x7F, 0xF3, 0x03, 0x98, 0x1C, 0xC0, 0xE7,
    0xFF, 0x00, 0x00, 0x00, 0x10, 0x01, 0xFF, 0xCE, 0x06, 0x70, 0x73, 0x83, 0xFC, 0x30, 0xE7, 0x07,
    0xF0, 0x3E, 0x00, 0x8C, 0x0E, 0x60, 0x73, 0xFF, 0x98, 0x1C, 0xC0, 0xE7, 0xFF, 0x00, 0x00, 0x00,
    0x10, 0x00, 0xEF, 0xF3, 0x80, 0xCE, 0x06, 0x38, 0x1F, 0xE0, 0xCF, 0x87, 0x0E, 0x78, 0x3B, 0x80,
    0xE0, 0x33, 0x80, 0xE4, 0x03, 0x80, 0x1F, 0x01, 0xEE, 0x1F, 0x1E, 0x30, 0x18, 0x00, 0x10, 0x00,
    0xEF, 0xF3, 0x80, 0xCE, 0x06, 0xF8, 0x1F, 0xE0, 0xC3, 0x8E, 0x0E, 0xF0, 0x3B, 0x00, 0xE1, 0x86,
    0x06, 0x18, 0x18, 0x60, 0x73, 0xC3, 0xFF, 0xB9, 0xE7, 0x43, 0x08, 0x00, 0x10, 0x01, 0xFF, 0xCE,
    0x06, 0x70, 0x63, 0x83, 0xFC, 0x33, 0xE7, 0x07, 0xF0, 0x3E, 0x01, 0xC3, 0xF8, 0x3F, 0xE3, 0x03,
    0x18, 0x0C, 0xC0, 0xC3, 0xFE, 0x0F, 0xE0, 0x00, 0x10, 0x01, 0xFF, 0xCE, 0x06, 0x70, 0x7F, 0x83,
    0xFC, 0x38, 0xE7, 0x87, 0xF0, 0x3F, 0x01, 0xC0, 0x00, 0x7F, 0xF0, 0x38, 0x01, 0xC0, 0x3B, 0x87,
    0x8F, 0x30, 0x38, 0x00, 0x10, 0x01, 0xFF, 0xCE, 0x06, 0x70, 0x73, 0x83, 0xFC, 0x70, 0xE7, 0x07,
    0xF0, 0x3E, 0x00, 0x8F, 0xFE, 0x60, 0x03, 0x00, 0x1F, 0xF8, 0xC0, 0x07, 0xFF, 0x00, 0x00, 0x00,
    0x10, 0x01, 0xFF, 0xCE, 0x06, 0x70, 0x7F, 0x87, 0xFC, 0x70, 0xEF, 0x07, 0xF0, 0x3C, 0x00, 0x8F,
    0xFE, 0x19, 0xC0, 0xCE, 0x06, 0x70, 0x33, 0x87, 0xFF, 0x3F, 0xF0, 0x00, 0x10, 0x01, 0xFF, 0xCE,
    0x0E, 0x70, 0x7F, 0x87, 0x7C, 0x70, 0xFF, 0x07, 0xE3, 0x38, 0x18, 0x0F, 0xFE, 0x00, 0x00, 0xFE,
    0x0E, 0x78, 0x60, 0xC3, 0x9E, 0x0F, 0xE0, 0x00, 0x0C, 0x01, 0xB0, 0x06, 0xDF, 0xDB, 0x07, 0x6C,
    0x19, 0xB0, 0x66, 0xC3, 0xFB, 0x0E, 0x6C, 0x71, 0xB3, 0x86, 0xDC, 0x1B, 0x60, 0x6C, 0x01, 0xB0,
    0x06, 0xC0, 0x1B, 0x00, 0x0C, 0x00, 0x4C, 0x00, 0xD9, 0xFD, 0xB0, 0x3B, 0x60, 0x66, 0xC0, 0xCD,
    0x83, 0xFB, 0x0E, 0x36, 0x38, 0x6C, 0xE0, 0xD9, 0x81, 0xB0, 0xC3, 0x61, 0xC4, 0xC3, 0x80, 0x07,
    0x00, 0x0F, 0xFE, 0x0F, 0xFC, 0x00, 0x18, 0x03, 0x6F, 0xED, 0x83, 0xB6, 0x0E, 0xD8, 0x3F, 0x61,
    0x8D, 0x9C, 0x36, 0xE0, 0xDB, 0x00, 0x43, 0xFF, 0x80, 0x06, 0x3F, 0xF8, 0xC0, 0x03, 0x00, 0x0F,
    0xFE, 0x00, 0x00, 0x00, 0x1B, 0xE6, 0xFF, 0xB6, 0x0D, 0xB0, 0xCD, 0x87, 0xEC, 0x73, 0x67, 0x1B,
    0x70, 0xDF, 0x06, 0xE0, 0x04, 0x7F, 0xF3, 0x01, 0x98, 0x0C, 0xC0, 0x67, 0xFF, 0x1F, 0xF0, 0x00,
    0x0C, 0x01, 0xB7, 0xF6, 0xC1, 0xDB, 0x07, 0x6C, 0x1F, 0xB0, 0xC6, 0xC6, 0x1B, 0x78, 0x6D, 0x81,
    0xB1, 0x80, 0xC6, 0x03, 0x1F, 0xFC, 0x70, 0x31, 0x80, 0xC7, 0xFF, 0x00, 0x00, 0x00, 0x0C, 0x00,
    0xD9, 0xFD, 0xB0, 0x3B, 0x60, 0x66, 0xC0, 0xFD, 0x83, 0xFB, 0x0E, 0x36, 0x38, 0x6C, 0xE0, 0xD9,
    0x07, 0x30, 0x0E, 0x00, 0x1C, 0x00, 0x7C, 0x03, 0xDE, 0x1F, 0x1E, 0x18, 0x0C, 0x00, 0x0C, 0x00,
    0xD9, 0xFD, 0xB0, 0x1B, 0x60, 0x66, 0xC0, 0xFD, 0x83, 0xFB, 0x0E, 0x36, 0x78, 0x6C, 0xC0, 0xD8,
    0x30, 0xC0, 0x61, 0x80, 0xE3, 0x01, 0xCF, 0x07, 0xDF, 0x1D, 0xE7, 0x21, 0x86, 0x00, 0x0C, 0x01,
    0xB7, 0xF6, 0xC0, 0xDB, 0x06, 0x6C, 0x1F, 0xB0, 0xFE, 0xC7, 0x1B, 0x38, 0x6D, 0xC1, 0xB6, 0x00,
    0xC1, 0xFE, 0x0E, 0x3C, 0x60, 0x31, 0x80, 0xC3, 0xDF, 0x07, 0xF8, 0x00, 0x0C, 0x00, 0x77, 0xF9,
    0xC0, 0xE7, 0x03, 0x9C, 0x0F, 0xF0, 0x31, 0xC1, 0xC7, 0x06, 0x1C, 0x3F, 0xF1, 0xCF, 0xDE, 0x07,
    0x70, 0x1D, 0x00, 0x70, 0x01, 0xC0, 0x07, 0x00, 0x0C, 0x00, 0x10, 0x01, 0xFF, 0xCE, 0x06, 0x70,
    0x7F, 0x83, 0x1C, 0x38, 0xE7, 0xBF, 0xF0, 0x3F, 0x01, 0xC0, 0x0C, 0x7F, 0xF0, 0x03, 0x80, 0x1C,
    0x00, 0xE0, 0x07, 0x00, 0x18, 0x00, 0x10, 0x01, 0xFF, 0xCE, 0x06, 0x70, 0x7F, 0x83, 0x1C, 0x38,
    0xE7, 0xBF, 0xF0, 0x3F, 0x01, 0xC0, 0x0C, 0xFF, 0xF0, 0x63, 0x83, 0x1C, 0x18, 0xE0, 0xC7, 0x06,
    0x18, 0x00, 0x10, 0x01, 0xFF, 0xCE, 0x06, 0x70, 0x7F, 0x83, 0x1C, 0x38, 0xE3, 0x87, 0x39, 0xFF,
    0x81, 0xF0, 0x0E, 0x60, 0x73, 0x01, 0x98, 0x00, 0xC0, 0x07, 0xFF, 0x1F, 0xF0, 0x00, 0x10, 0x01,
    0xFF, 0xCE, 0x06, 0x70, 0x7F, 0x83, 0x1C, 0x38, 0xE7, 0xBF, 0xF8, 0x3F, 0x01, 0xC0, 0x00, 0x7F,
    0xF3, 0x00, 0x18, 0x00, 0xC0, 0x07, 0xFF, 0x1F, 0xF0, 0x00, 0x17, 0xF9, 0xDF, 0xCE, 0x0F, 0xF0,
    0x63, 0x87, 0x1C, 0x77, 0xFF, 0x07, 0xF0, 0x3C, 0x00, 0x8F, 0xFE, 0x00, 0x73, 0xFF, 0x98, 0x00,
    0xC0, 0x07, 0xFF, 0x00, 0x00, 0x00, 0x10, 0x01, 0xFF, 0xCE, 0x06, 0x70, 0x7F, 0x83, 0x1C, 0x38,
    0xE3, 0xBF, 0xF8, 0x3F, 0x01, 0xC0, 0x04, 0x7F, 0xF3, 0x03, 0x98, 0x1C, 0xC0, 0xE7, 0xFF, 0x00,
    0x00, 0x00, 0x10, 0x01, 0xFF, 0xCE, 0x06, 0x70, 0x7F, 0x87, 0x1C, 0x77, 0xFF, 0x3F, 0xE0, 0x3C,
    0x00, 0x0C, 0x0E, 0x60, 0x73, 0xFF, 0x98, 0x1C, 0xC0, 0xE7, 0xFF, 0x00, 0x00, 0x00, 0x10, 0x00,
    0xEF, 0xF3, 0x80, 0xCE, 0x07, 0xF8, 0x18, 0xE0, 0xE3, 0x87, 0x7E, 0x79, 0xFB, 0x80, 0xE8, 0x33,
    0x80, 0xE4, 0x03, 0x80, 0x1F, 0x01, 0xEE, 0x1F, 0x1E, 0x30, 0x18, 0x00, 0x10, 0x00, 0xEF, 0xF3,
    0x80, 0xCE, 0x07, 0xF8, 0x18, 0xE0, 0xFF, 0x8F, 0x7E, 0xF8, 0x3B, 0x80, 0xE1, 0x86, 0x06, 0x18,
    0x18, 0x60, 0x73, 0xC3, 0xFF, 0x39, 0xE7, 0x43, 0x08, 0x00, 0x10, 0x01, 0xFF, 0xCE, 0x06, 0x70,
    0x7F, 0x83, 0x1C, 0x38, 0xE7, 0xBF, 0xF0, 0x3F, 0x01, 0xC3, 0xF8, 0x3F, 0xE3, 0x03, 0x18, 0x0C,
    0xC0, 0xC3, 0xFE, 0x0F, 0xE0, 0x00, 0x10, 0x01, 0xFF, 0xCE, 0x06, 0x70, 0x7F, 0x87, 0x1C, 0x7F,
    0xEF, 0x07, 0xF0, 0x3E, 0x00, 0x0F, 0xFE, 0x60, 0x03, 0x00, 0x1F, 0xF8, 0xC0, 0x07, 0xFF, 0x00,
    0x00, 0x00, 0x0C, 0x01, 0xB0, 0x06, 0xDF, 0xDB, 0x06, 0x6C, 0x1F, 0xB0, 0x7E, 0xC3, 0x9B, 0x0C,
    0x6C, 0x7F, 0xB3, 0x9E, 0xDC, 0x1B, 0x60, 0x6C, 0x01, 0xB0, 0x06, 0xC0, 0x1B, 0x00, 0x0C, 0x00,
    0x6C, 0x00, 0xD9, 0xFD, 0xB0, 0x3B, 0x60, 0x7E, 0xC0, 0xCD, 0x83, 0x9B, 0x06, 0x36, 0x3B, 0xEC,
    0xE0, 0xD9, 0x81, 0xB0, 0xC3, 0x61, 0x84, 0xC3, 0x00, 0x06, 0x00, 0x0F, 0xFE, 0x0F, 0xFC, 0x00,
    0x18, 0x03, 0x6F, 0xED, 0x83, 0xF6, 0x0F, 0xD8, 0x73, 0x63, 0xFD, 0x9C, 0x36, 0xE0, 0xDB, 0x00,
    0x43, 0xFF, 0x80, 0x06, 0x3F, 0xF8, 0xC0, 0x03, 0x00, 0x0F, 0xFE, 0x00, 0x00, 0x00, 0x6D, 0xFD,
    0xB0, 0x76, 0xC1, 0xFB, 0x06, 0x6C, 0x39, 0xB1, 0xDE, 0xCE, 0x1B, 0x70, 0x6D, 0x80, 0x21, 0x80,
    0xC6, 0x03, 0x1F, 0xFC, 0x70, 0x31, 0x80, 0xC7, 0xFF, 0x0F, 0xF8, 0x00, 0x0C, 0x00, 0xD9, 0xFD,
    0xB1, 0xFB, 0x60, 0x7E, 0xC0, 0xCD, 0x83, 0x9B, 0x0F, 0xF6, 0x38, 0x6C, 0xE0, 0xD9, 0x83, 0x30,
    0x0E, 0x60, 0x1C, 0x00, 0x7C, 0x01, 0xDC, 0x1F, 0x1E, 0x18, 0x0C, 0x3F, 0xF8, 0x3F, 0xF0, 0x00,
    0x60, 0x00, 0xC0, 0x01, 0x80, 0x63, 0x00, 0xC6, 0x01, 0x8C, 0x03, 0x18, 0x06, 0x00, 0x0C, 0x07,
    0xFF, 0xF7, 0xFF, 0xC0, 0x3F, 0xF8, 0x00, 0x30, 0x00, 0x60, 0x18, 0xC0, 0x31, 0x80, 0x63, 0x00,
    0xC0, 0x7F, 0xFF, 0x7F, 0xFC, 0x00, 0x00, 0xFF, 0xE0, 0xFF, 0xC0, 0x01, 0x80, 0x03, 0x00, 0x06,
    0x00, 0x0C, 0x00, 0x00, 0x7F, 0xF0, 0x00, 0x60, 0x00, 0xC0, 0x31, 0x80, 0x63, 0x00, 0xC6, 0x01,
    0x80, 0xFF, 0xFE, 0x00, 0x00, 0xC0, 0x01, 0x80, 0x03, 0x00, 0x06, 0x00, 0x0F, 0xFE, 0x0F, 0xFC,
    0x3F, 0xF8, 0x00, 0x30, 0x00, 0x60, 0x00, 0xC0, 0x31, 0x80, 0x63, 0x00, 0xC0, 0x7F, 0xFF, 0x00,
    0x00, 0x00, 0x00, 0xFF, 0xE1, 0x80, 0x03, 0x00, 0x06, 0x00, 0x0F, 0xFE, 0x0F, 0xFC, 0x3F, 0xF8,
    0x00, 0x30, 0x00, 0x60, 0x18, 0xC0, 0x31, 0x80, 0x60, 0x3F, 0xFF, 0x80, 0x00, 0x00, 0x00, 0x7F,
    0xF0, 0x00, 0x61, 0xFF, 0xC3, 0x00, 0x06, 0x00, 0x0F, 0xFF, 0x00, 0x00, 0x3F, 0xF8, 0x00, 0x30,
    0x00, 0x60, 0x18, 0xC0, 0x31, 0x80, 0x60, 0x3F, 0xFF, 0x80, 0x00, 0x00, 0x00, 0x7D, 0xF0, 0x1B,
    0x60, 0x36, 0xC3, 0xED, 0x86, 0x1B, 0x0F, 0xFE, 0x00, 0x00, 0x3F, 0xF8, 0x00, 0x30, 0x00, 0x60,
    0x18, 0xC0, 0x31, 0x80, 0x60, 0x3F, 0xFF, 0xBF, 0xFE, 0x00, 0x20, 0x7C, 0x60, 0x18, 0xC0, 0x33,
    0x83, 0xE7, 0x06, 0x1F, 0x0F, 0xF3, 0x00, 0x00, 0x3F, 0xF8, 0x00, 0x30, 0x00, 0x60, 0x18, 0xC0,
    0x31, 0x80, 0x60, 0x3F, 0xFF, 0x80, 0x00, 0x00, 0x30, 0x7C, 0x60, 0x1F, 0xF0, 0x30, 0x03, 0xEF,
    0x86, 0x1B, 0x0F, 0xF6, 0x00, 0x7C, 0x3F, 0xF8, 0x00, 0x30, 0x00, 0x60, 0x18, 0xC0, 0x31, 0x80,
    0x63, 0x00, 0xC0, 0x7F, 0xFF, 0x00, 0x00, 0x00, 0x00, 0xFF, 0xE1, 0x80, 0xC3, 0x01, 0x86, 0x03,
    0x0F, 0xFE, 0x0F, 0xF8, 0x3F, 0xF8, 0x00, 0x30, 0x00, 0x60, 0x00, 0xC0, 0x31, 0x80, 0x63, 0x00,
    0xC0, 0x7F, 0xFF, 0x00, 0x00, 0x60, 0x30, 0xC0, 0x61, 0xFF, 0xC3, 0x01, 0x86, 0x03, 0x0F, 0xFE,
    0x0F, 0xF8, 0x3F, 0xF8, 0x00, 0x30, 0x00, 0x60, 0x18, 0xC0, 0x31, 0x80, 0x63, 0x00, 0xC0, 0x7F,
    0xFF, 0x00, 0x00, 0x03, 0x00, 0x0E, 0x00, 0x1C, 0x00, 0x7C, 0x01, 0xDC, 0x0F, 0x1F, 0x18, 0x0C,
    0x3F, 0xF8, 0x00, 0x30, 0x00, 0x60, 0x18, 0xC0, 0x31, 0x80, 0x63, 0x00, 0xC0, 0x7F, 0xFF, 0x7F,
    0xFC, 0x00, 0x00, 0x7F, 0xC1, 0xE3, 0xC3, 0x01, 0x86, 0x03, 0x0F, 0xBE, 0x07, 0xF8, 0x3F, 0xF8,
    0x00, 0x30, 0x00, 0x60, 0x00, 0xC0, 0x31, 0x80, 0x63, 0x00, 0xC0, 0x7F, 0xFF, 0x00, 0x00, 0x00,
    0x00, 0xFF, 0xE0, 0x1C, 0x00, 0x3C, 0x01, 0xDC, 0x0F, 0x1F, 0x18, 0x0C, 0x00, 0x18, 0x00, 0x31,
    0xFE, 0x61, 0xFC, 0xC0, 0x19, 0x80, 0x33, 0x02, 0x66, 0x0E, 0xCF, 0x1D, 0x9E, 0x3B, 0x30, 0x70,
    0x60, 0xEE, 0xCF, 0xFD, 0x8E, 0x03, 0x00, 0x06, 0x00, 0x0C, 0x00, 0x18, 0x00, 0x18, 0x00, 0x31,
    0xFE, 0x60, 0x0C, 0xC0, 0x19, 0x81, 0xB3, 0xC3, 0x67, 0x06, 0xEC, 0x7F, 0xF9, 0xFF, 0xB0, 0x00,
    0x61, 0xFF, 0xC0, 0x01, 0x80, 0x03, 0x00, 0x06, 0x00, 0x0C, 0x00, 0x18, 0x00, 0x18, 0x7F, 0x31,
    0xFE, 0x60, 0x0C, 0xC0, 0x19, 0x81, 0xB3, 0x83, 0x67, 0x86, 0xCC, 0x0F, 0xD9, 0xFF, 0xF1, 0x80,
    0x60, 0xC0, 0xC1, 0x81, 0x83, 0x00, 0x06, 0x00, 0x0F, 0xFC, 0x1F, 0xF8, 0x00, 0x18, 0xFF, 0x30,
    0x06, 0x60, 0x0C, 0xC0, 0xD9, 0xE1, 0xB3, 0x83, 0x06, 0x1F, 0xFC, 0xFF, 0xD8, 0x00, 0x30, 0xFF,
    0xE0, 0x00, 0xC0, 0x01, 0x87, 0xFF, 0x0C, 0x00, 0x1F, 0xFC, 0x00, 0x00, 0x00, 0x18, 0xFF, 0x30,
    0x06, 0x60, 0x0C, 0xC0, 0x99, 0xC1, 0xB3, 0xC3, 0x66, 0x0F, 0xEC, 0xFF, 0xD8, 0x00, 0x30, 0xFF,
    0xE0, 0x3C, 0xC0, 0x79, 0x87, 0xF3, 0x0C, 0x66, 0x1F, 0xFC, 0x00, 0x00, 0x00, 0x18, 0x00, 0x31,
    0xFE, 0x60, 0x0C, 0xC0, 0x19, 0xC1, 0xB3, 0xC3, 0x66, 0x06, 0xEC, 0xFF, 0xF8, 0xC0, 0x30, 0x00,
    0x00, 0xFF, 0xC1, 0x81, 0x83, 0x03, 0x06, 0x06, 0x0F, 0xFC, 0x1F, 0xF0, 0x00, 0x18, 0xFF, 0x30,
    0xFE, 0x60, 0x0C, 0xC0, 0x19, 0x81, 0xB3, 0xC3, 0x66, 0x3F, 0xFC, 0xFF, 0xF8, 0x00, 0x30, 0x60,
    0x60, 0xC0, 0xC1, 0xFF, 0x83, 0x03, 0x06, 0x06, 0x0F, 0xFC, 0x1F, 0xF0, 0x00, 0x18, 0x00, 0x31,
    0xFE, 0x60, 0x0C, 0xC0, 0x99, 0x81, 0xB3, 0xC3, 0x67, 0x06, 0xEC, 0x7F, 0xF9, 0xFF, 0xB0, 0x00,
    0x60, 0x0C, 0xC0, 0x18, 0x00, 0x78, 0x03, 0xF8, 0x1F, 0x3E, 0x38, 0x1C, 0x00, 0x18, 0x00, 0x31,
    0xFE, 0x60, 0x0C, 0xC0, 0x19, 0x81, 0xB3, 0xC3, 0x67, 0x06, 0xEC, 0xFF, 0xF8, 0x80, 0x30, 0x00,
    0x60, 0x7F, 0x81, 0xC7, 0x87, 0x03, 0x0E, 0x06, 0x0F, 0x7C, 0x0F, 0xF0, 0x00, 0x6C, 0x01, 0xB7,
    0xF6, 0xCF, 0xDB, 0x03, 0x6C, 0x0D, 0xB1, 0xB6, 0xC6, 0xDF, 0x1B, 0x7C, 0x61, 0xB1, 0x86, 0xDF,
    0xFB, 0xFF, 0xEC, 0x01, 0xB0, 0x06, 0xC0, 0x1B, 0x00, 0x0C, 0x00, 0x4C, 0x01, 0xB7, 0xF6, 0xC0,
    0xDB, 0x03, 0x6C, 0x6D, 0xF1, 0xB7, 0xC6, 0xDB, 0x7F, 0xEF, 0xFF, 0xB0, 0x06, 0xC6, 0x1B, 0x18,
    0x4C, 0x60, 0x01, 0x80, 0x07, 0xFF, 0x0F, 0xFC, 0x00, 0x6C, 0xFE, 0xD8, 0x0D, 0xB0, 0x1B, 0x60,
    0x36, 0xC3, 0x6F, 0x86, 0xDB, 0x1F, 0xF6, 0xFF, 0xEC, 0x00, 0xD8, 0x7F, 0xF0, 0x00, 0x60, 0x00,
    0xC3, 0xFF, 0x86, 0x00, 0x0F, 0xFE, 0x00, 0x00, 0x00, 0x0C, 0x01, 0xB7, 0xF6, 0xC0, 0xDB, 0x03,
    0x7C, 0x6D, 0xF1, 0xB6, 0xC6, 0xDB, 0xFF, 0xED, 0x01, 0xB1, 0x80, 0xC6, 0x03, 0x1F, 0xFC, 0x60,
    0x31, 0x80, 0xC7, 0xFF, 0x0F, 0xF8, 0x00, 0x0C, 0x00, 0xD9, 0xFD, 0xB0, 0x1B, 0x60, 0x37, 0xC3,
    0x6F, 0x86, 0xDB, 0x0D, 0xF6, 0xFF, 0xEC, 0xC0, 0xD8, 0x30, 0xC0, 0x61, 0x80, 0xE3, 0x03, 0xCF,
    0x0E, 0xFF, 0x39, 0xE7, 0x21, 0x84, 0x00, 0x0C, 0x01, 0xB7, 0xF6, 0xC0, 0xDB, 0x03, 0x6C, 0x6D,
    0xF1, 0xB6, 0xC6, 0x1B, 0x7F, 0xEF, 0xFF, 0xB0, 0x06, 0xC3, 0xFC, 0x1F, 0x78, 0x60, 0x31, 0x80,
    0xC7, 0xDE, 0x0F, 0xF0, 0x00, 0x0C, 0x00, 0x77, 0xFD, 0xCF, 0xF7, 0x00, 0xDC, 0x03, 0x70, 0x0D,
    0xC3, 0x37, 0x0D, 0xDC, 0x32, 0x70, 0xC1, 0xC3, 0x7F, 0x7F, 0xFD, 0x80, 0x70, 0x01, 0xC0, 0x07,
    0x00, 0x1C, 0x00, 0x08, 0x00, 0x73, 0xFD, 0xC0, 0x37, 0x00, 0xDC, 0x37, 0x70, 0xD9, 0xC3, 0x27,
    0x7F, 0xFD, 0xFF, 0xF0, 0x00, 0x87, 0xFF, 0x1F, 0xFC, 0x00, 0x70, 0x01, 0xC0, 0x07, 0x00, 0x1C,
    0x00, 0x08, 0x00, 0x73, 0xFD, 0xC0, 0x37, 0x00, 0xDC, 0x33, 0x70, 0xD9, 0xC3, 0x27, 0x0D, 0xFD,
    0xFF, 0xF6, 0x01, 0xC6, 0x07, 0x18, 0x1C, 0x60, 0x01, 0x80, 0x07, 0xFF, 0x0F, 0xF8, 0x00, 0x1C,
    0xFF, 0x70, 0x1D, 0xC0, 0x37, 0x0D, 0xDC, 0x36, 0x70, 0xC9, 0xDF, 0xFF, 0x7F, 0xFC, 0x00, 0x21,
    0xFF, 0xC0, 0x07, 0x00, 0x1C, 0x7F, 0xF1, 0x80, 0x07, 0xFF, 0x00, 0x00, 0x00, 0x08, 0x00, 0x73,
    0xFD, 0xC0, 0x37, 0x00, 0xDC, 0x36, 0x70, 0xD9, 0xC3, 0x7F, 0x7F, 0xFD, 0x80, 0x70, 0x00, 0x07,
    0xFF, 0x18, 0x1C, 0x60, 0x71, 0x81, 0xC7, 0xFF, 0x0F, 0xF8, 0x00, 0x1C, 0xFF, 0x70, 0x1D, 0xC0,
    0x37, 0x00, 0xDC, 0x36, 0x70, 0xC9, 0xC3, 0x7F, 0x7F, 0xFD, 0x00, 0x21, 0x81, 0xC6, 0x07, 0x1F,
    0xFC, 0x60, 0x71, 0x81, 0xC7, 0xFF, 0x0F, 0xF8, 0x00, 0x08, 0x00, 0x73, 0xFD, 0xC0, 0x37, 0x00,
    0xDC, 0x37, 0x70, 0xD9, 0xC3, 0x27, 0x7F, 0xFD, 0xFF, 0xF0, 0x01, 0xC0, 0x67, 0x01, 0xC0, 0x0F,
    0x00, 0x77, 0x0F, 0x8F, 0x18, 0x0C, 0x00, 0x08, 0x00, 0x73, 0xFD, 0xC0, 0x37, 0x00, 0xDC, 0x37,
    0x70, 0xD9, 0xC3, 0x7F, 0x0F, 0xFD, 0xFF, 0xF0, 0x01, 0xC3, 0xFC, 0x1E, 0x78, 0x60, 0x71, 0x81,
    0x87, 0xDE, 0x0F, 0xF0, 0x3F, 0xF8, 0x3F, 0xF0, 0x00, 0x60, 0x00, 0xC0, 0x01, 0x81, 0x93, 0x03,
    0x36, 0x06, 0x6C, 0x0C, 0xD8, 0x19, 0x80, 0x33, 0x07, 0xFF, 0xF7, 0xFF, 0xC0, 0x00, 0x00, 0x7F,
    0xF0, 0x00, 0x60, 0x00, 0xC0, 0xC9, 0x81, 0x9B, 0x03, 0x36, 0x06, 0x60, 0xFF, 0xFE, 0x00, 0x00,
    0xC0, 0x01, 0x80, 0x03, 0x00, 0x06, 0x00, 0x0F, 0xFE, 0x0F, 0xFC, 0x3F, 0xF8, 0x00, 0x30, 0x00,
    0x60, 0x66, 0xC0, 0xCD, 0x81, 0x98, 0x3F, 0xFF, 0x80, 0x00, 0x00, 0x00, 0x7F, 0xF0, 0x00, 0x61,
    0xFF, 0xC3, 0x00, 0x06, 0x00, 0x0F, 0xFF, 0x00, 0x00, 0x3F, 0xF8, 0x00, 0x30, 0x00, 0x60, 0x00,
    0xC0, 0xCD, 0x81, 0x9B, 0x03, 0x30, 0x7F, 0xFF, 0x00, 0x00, 0x60, 0x30, 0xC0, 0x61, 0xFF, 0xC3,
    0x01, 0x86, 0x03, 0x0F, 0xFE, 0x00, 0x00, 0x3F, 0xF8, 0x00, 0x30, 0x00, 0x60, 0x00, 0xC0, 0xCD,
    0x81, 0x9B, 0x03, 0x30, 0x7F, 0xFF, 0x7F, 0xFC, 0x03, 0x00, 0x0E, 0x00, 0x1C, 0x00, 0x7C, 0x01,
    0xDC, 0x0F, 0x1F, 0x18, 0x0C, 0x00, 0x00, 0x7F, 0xF0, 0x00, 0x60, 0x00, 0xC0, 0x01, 0x80, 0x03,
    0x00, 0x06, 0x3F, 0xFE, 0xFF, 0xFE, 0x03, 0x00, 0x06, 0x00, 0x0C, 0x00, 0x18, 0x00, 0x30, 0x00,
    0x60, 0x00, 0xC0, 0x3F, 0xF8, 0x3F, 0xF0, 0x00, 0x60, 0x00, 0xC0, 0x01, 0x80, 0x03, 0x3F, 0xFF,
    0xBF, 0xFE, 0x01, 0x80, 0x03, 0x00, 0xFF, 0xE0, 0x00, 0xC0, 0x01, 0x80, 0x03, 0x00, 0x06, 0x00,
    0x0C, 0x3F, 0xF8, 0x3F, 0xF0, 0x00, 0x60, 0x00, 0xC0, 0x01, 0x80, 0x03, 0x00, 0x06, 0x7F, 0xFF,
    0x01, 0x80, 0x03, 0x00, 0xC6, 0x01, 0x8C, 0x03, 0x00, 0x06, 0x00, 0x0F, 0xFE, 0x0F, 0xFC, 0x3F,
    0xF8, 0x3F, 0xF0, 0x00, 0x60, 0x00, 0xC0, 0x01, 0x80, 0x03, 0x3F, 0xFF, 0xBF, 0xFE, 0x01, 0x80,
    0x07, 0x00, 0xFF, 0xE1, 0x80, 0x03, 0x00, 0x06, 0x00, 0x0F, 0xFE, 0x0F, 0xFC, 0x3F, 0xF8, 0x00,
    0x30, 0x00, 0x60, 0x00, 0xC0, 0x01, 0x9F, 0xFF, 0xC0, 0xE0, 0x00, 0xC0, 0x03, 0x80, 0x7F, 0xF0,
    0x00, 0x60, 0x00, 0xC3, 0xFF, 0x86, 0x00, 0x0F, 0xFF, 0x00, 0x00, 0x3F, 0xF8, 0x00, 0x30, 0x00,
    0x60, 0x00, 0xC0, 0x01, 0x80, 0x03, 0x3F, 0xFF, 0x80, 0xC0, 0x01, 0x80, 0x7F, 0xF0, 0x0C, 0x60,
    0x18, 0xC3, 0xF1, 0x86, 0x23, 0x0F, 0xE6, 0x00, 0x04, 0x3F, 0xF8, 0x00, 0x30, 0x00, 0x60, 0x00,
    0xC0, 0x01, 0x80, 0x03, 0x3F, 0xFF, 0x80, 0xC0, 0x01, 0x80, 0x7D, 0xF0, 0x1B, 0x60, 0x36, 0xC3,
    0xED, 0x86, 0x1B, 0x0F, 0xFE, 0x00, 0x00, 0x3F, 0xF8, 0x00, 0x30, 0x00, 0x60, 0x00, 0xC0, 0x01,
    0x9F, 0xFF, 0xDF, 0xFF, 0x00, 0xC0, 0x01, 0xB0, 0x7C, 0x60, 0x1F, 0xF0, 0x30, 0x03, 0xEF, 0x86,
    0x1B, 0x0F, 0xF6, 0x00, 0x7C, 0x3F, 0xF8, 0x00, 0x30, 0x00, 0x60, 0x00, 0xC0, 0x01, 0x80, 0x03,
    0x3F, 0xFF, 0xBF, 0xFE, 0x01, 0x80, 0x07, 0x00, 0xFF, 0xE1, 0x80, 0xC3, 0x01, 0x86, 0x03, 0x0F,
    0xFE, 0x00, 0x00, 0x3F, 0xF8, 0x00, 0x30, 0x00, 0x60, 0x00, 0xC0, 0x01, 0x80, 0x07, 0x3F, 0xFF,
    0x80, 0xC0, 0x01, 0x80, 0x63, 0x30, 0xC0, 0x61, 0xFF, 0xC3, 0x01, 0x86, 0x03, 0x0F, 0xFE, 0x00,
    0x00, 0x3F, 0xF8, 0x00, 0x30, 0x00, 0x60, 0x00, 0xC0, 0x01, 0x80, 0x07, 0x3F, 0xFF, 0x80, 0xC0,
    0x01, 0x80, 0x03, 0x00, 0x06, 0x00, 0x1C, 0x00, 0x3C, 0x01, 0xDC, 0x0F, 0x1F, 0x18, 0x0C, 0x3F,
    0xF8, 0x00, 0x30, 0x00, 0x60, 0x00, 0xC0, 0x01, 0x80, 0x03, 0x3F, 0xFF, 0xBF, 0xFE, 0x01, 0x80,
    0x03, 0x00, 0x7F, 0xC1, 0xE3, 0xC3, 0x01, 0x86, 0x03, 0x07, 0xFE, 0x07, 0xF8, 0x3F, 0xF8, 0x00,
    0x30, 0x00, 0x60, 0x00, 0xC0, 0x01, 0x80, 0x03, 0x3F, 0xFF, 0x80, 0xC0, 0x01, 0x80, 0x07, 0x00,
    0xFF, 0xE0, 0x1C, 0x00, 0x3C, 0x01, 0xDC, 0x0F, 0x1F, 0x18, 0x0C, 0x00, 0x08, 0x00, 0x73, 0xF9,
    0xC0, 0x67, 0x01, 0x9C, 0x06, 0x70, 0x19, 0xC0, 0x7F, 0xFF, 0xFD, 0xF8, 0x70, 0xE1, 0xC3, 0xBF,
    0x0E, 0x1C, 0x38, 0x70, 0xE1, 0xC3, 0x87, 0x00, 0x0C, 0x00, 0x0C, 0xFE, 0x71, 0xF9, 0xC0, 0x67,
    0x01, 0x9C, 0x07, 0x7F, 0xFF, 0xDF, 0x87, 0x0C, 0xFC, 0x30, 0x70, 0xC1, 0xC0, 0x00, 0x1F, 0xFC,
    0x00, 0x70, 0x01, 0xC0, 0x07, 0x00, 0x0C, 0x00, 0x08, 0x00, 0x73, 0xF9, 0xC0, 0x67, 0x01, 0x9C,
    0x06, 0x77, 0xFF, 0xFF, 0xFF, 0x06, 0x1C, 0x1B, 0xF0, 0x61, 0xC5, 0x87, 0x18, 0x1C, 0x60, 0x01,
    0x80, 0x07, 0xFF, 0x1F, 0xF8, 0x00, 0x0C, 0xFE, 0x70, 0x19, 0xC0, 0x67, 0x01, 0x9C, 0x3F, 0xFF,
    0xFF, 0xC3, 0x07, 0x0C, 0xFC, 0x30, 0x31, 0xFF, 0xC0, 0x07, 0x00, 0x1C, 0x7F, 0xF1, 0x80, 0x07,
    0xFF, 0x00, 0x00, 0x00, 0x0C, 0x7F, 0x38, 0x06, 0x70, 0x0C, 0xE0, 0x19, 0xC0, 0x7F, 0xBF, 0xFF,
    0x26, 0x0E, 0x0C, 0xFC, 0x18, 0x38, 0x10, 0xE0, 0x71, 0x80, 0xE3, 0x01, 0xCF, 0x06, 0xFF, 0x1D,
    0xE7, 0x20, 0x84, 0x00, 0x0C, 0xFE, 0x70, 0x19, 0xC0, 0x67, 0x01, 0x9C, 0x0F, 0xFF, 0xFF, 0xC3,
    0x07, 0x0C, 0xFC, 0x30, 0x70, 0xC1, 0xC3, 0xFC, 0x1F, 0x78, 0x60, 0x71, 0x81, 0xC7, 0xDE, 0x0F,
    0xF0, 0x00, 0x6C, 0x01, 0xB7, 0xF6, 0xC0, 0xDB, 0x03, 0x6C, 0x0D, 0xB0, 0x36, 0xC1, 0xFB, 0xFF,
    0xED, 0x71, 0xB0, 0xC6, 0xC3, 0xFB, 0x0C, 0x6C, 0x31, 0xB0, 0xC6, 0xC2, 0x1B, 0x00, 0x0C, 0x00,
    0x0C, 0x01, 0xB7, 0xF6, 0xC0, 0xDB, 0x03, 0x6C, 0x0D, 0xB7, 0xFE, 0xFF, 0xFB, 0x0C, 0x6C, 0x3F,
    0xB0, 0xC6, 0xC2, 0x63, 0x01, 0xC0, 0x0F, 0x00, 0x77, 0x0F, 0x8F, 0x18, 0x0C, 0x00, 0x0C, 0x00,
    0x33, 0xF8, 0xC0, 0x63, 0x01, 0x8C, 0x06, 0x30, 0x18, 0xC0, 0x7B, 0xFF, 0xED, 0xF8, 0x30, 0x60,
    0xC1, 0x83, 0x06, 0x0C, 0x18, 0x30, 0x60, 0xC1, 0x83, 0x00, 0x0C, 0x00, 0x18, 0xFE, 0x60, 0x19,
    0x80, 0x66, 0x01, 0x98, 0x06, 0x60, 0x3F, 0xBF, 0xFE, 0x66, 0x18, 0x18, 0x60, 0x60, 0x07, 0xFE,
    0x00, 0x18, 0x00, 0x60, 0x01, 0x80, 0x06, 0x00, 0x18, 0x00, 0x08, 0x00, 0x63, 0xFD, 0x80, 0x76,
    0x01, 0xD8, 0x06, 0x60, 0x3F, 0x9F, 0xFE, 0x76, 0x18, 0x18, 0x60, 0x61, 0x87, 0x86, 0x18, 0x18,
    0x60, 0x01, 0x80, 0x07, 0xFF, 0x1F, 0xF8, 0x00, 0x18, 0xFE, 0x60, 0x19, 0x80, 0x66, 0x01, 0x98,
    0x07, 0xE7, 0xFF, 0x93, 0x86, 0x06, 0x18, 0x38, 0x01, 0xFF, 0x80, 0x06, 0x00, 0x18, 0x7F, 0xE1,
    0x80, 0x07, 0xFF, 0x00, 0x00, 0x00, 0x18, 0xFE, 0x61, 0xF9, 0x80, 0x66, 0x01, 0x98, 0x06, 0x60,
    0x1F, 0xBF, 0xFE, 0x7E, 0x18, 0x18, 0x60, 0x60, 0x07, 0xFE, 0x18, 0x18, 0x60, 0x61, 0x81, 0x87,
    0xFE, 0x0F, 0xF8, 0x00, 0x18, 0xFE, 0x61, 0xF9, 0x80, 0x66, 0x01, 0x98, 0x07, 0xE7, 0xFF, 0xBF,
    0x86, 0x06, 0x18, 0x18, 0x61, 0xC1, 0x86, 0x06, 0x1F, 0xF8, 0x60, 0x61, 0x81, 0x87, 0xFE, 0x00,
    0x00, 0x00, 0x18, 0x7F, 0x30, 0x7E, 0x60, 0x0C, 0xC0, 0x19, 0x80, 0x33, 0x00, 0xFE, 0x3F, 0xFC,
    0x6E, 0x18, 0x1C, 0x30, 0x38, 0x60, 0x7E, 0xC0, 0x1C, 0x80, 0x3C, 0x01, 0xDC, 0x0F, 0x1E, 0x18,
    0x0C, 0x00, 0x00, 0x7F, 0xF0, 0x00, 0x60, 0x00, 0xC0, 0x01, 0x80, 0x03, 0x00, 0x06, 0x00, 0x1C,
    0xFF, 0xFE, 0x18, 0xC0, 0x31, 0x80, 0x63, 0x00, 0xC6, 0x01, 0x8C, 0x03, 0x18, 0x06, 0x30, 0x3F,
    0xF8, 0x00, 0x30, 0x00, 0x60, 0x00, 0xC0, 0x01, 0x80, 0x03, 0x00, 0x06, 0x7F, 0xFF, 0x06, 0x60,
    0x0C, 0xC0, 0xD9, 0x81, 0xB3, 0x03, 0x00, 0x06, 0x00, 0x0F, 0xFF, 0x0F, 0xFC, 0x3F, 0xF8, 0x00,
    0x30, 0x00, 0x60, 0x00, 0xC0, 0x01, 0x9F, 0xFF, 0xC3, 0x18, 0x06, 0x30, 0x0C, 0x60, 0x7F, 0xF0,
    0x00, 0x60, 0x00, 0xC3, 0xFF, 0x86, 0x00, 0x0F, 0xFF, 0x00, 0x00, 0x3F, 0xF8, 0x3F, 0xF0, 0x00,
    0x60, 0x00, 0xC0, 0x01, 0x80, 0x03, 0x00, 0x06, 0x00, 0x0C, 0x00, 0x38, 0x00, 0x60, 0x00, 0x07,
    0xFF, 0xF7, 0xFF, 0xC0, 0x3F, 0xF8, 0x3F, 0xF0, 0x00, 0x60, 0x00, 0xC0, 0x01, 0x80, 0x03, 0x3F,
    0xFF, 0xBF, 0xFE, 0x00, 0x00, 0x00, 0x00, 0xFF, 0xE0, 0x00, 0xC0, 0x01, 0x80, 0x03, 0x00, 0x06,
    0x00, 0x0C, 0x00, 0x00, 0x7F, 0xF0, 0x00, 0x60, 0x00, 0xC0, 0x01, 0x80, 0x03, 0x00, 0x06, 0x7F,
    0xFF, 0x7F, 0xFC, 0x00, 0x00, 0xC0, 0x01, 0x80, 0x03, 0x00, 0x06, 0x00, 0x0F, 0xFF, 0x0F, 0xFC,
    0x3F, 0xF8, 0x3F, 0xF0, 0x00, 0x60, 0x00, 0xC0, 0x01, 0x80, 0x03, 0x3F, 0xFF, 0x80, 0x00, 0x00,
    0x00, 0x00, 0x00, 0xFF, 0xE1, 0x80, 0x03, 0x00, 0x06, 0x00, 0x0F, 0xFE, 0x0F, 0xFC, 0x3F, 0xF8,
    0x00, 0x30, 0x00, 0x60, 0x00, 0xC0, 0x01, 0x80, 0x03, 0x3F, 0xFF, 0x80, 0x00, 0x3F, 0xF8, 0x00,
    0x30, 0x00, 0x61, 0xFF, 0xC3, 0x00, 0x06, 0x00, 0x0F, 0xFF, 0x00, 0x00, 0x3F, 0xF8, 0x00, 0x30,
    0x00, 0x60, 0x00, 0xC0, 0x01, 0x80, 0x07, 0x3F, 0xFF, 0x80, 0x00, 0x00, 0x00, 0x7F, 0xF0, 0x0C,
    0x60, 0x18, 0xC3, 0xF1, 0x86, 0x23, 0x0F, 0xE6, 0x00, 0x04, 0x3F, 0xF8, 0x3F, 0xF0, 0x00, 0x60,
    0x00, 0xC0, 0x01, 0x80, 0x03, 0x3F, 0xFF, 0xBF, 0xFE, 0x00, 0x00, 0x00, 0x00, 0xFF, 0xE1, 0x80,
    0xC3, 0x01, 0x86, 0x03, 0x0F, 0xFE, 0x0F, 0xF8, 0x3F, 0xF8, 0x3F, 0xF0, 0x00, 0x60, 0x00, 0xC0,
    0x01, 0x80, 0x03, 0x3F, 0xFF, 0xBF, 0xFE, 0x00, 0x00, 0x60, 0x30, 0xC0, 0x61, 0xFF, 0xC3, 0x01,
    0x86, 0x03, 0x0F, 0xFE, 0x0F, 0xF8, 0x3F, 0xF8, 0x3F, 0xF0, 0x00, 0x60, 0x00, 0xC0, 0x01, 0x80,
    0x03, 0x1F, 0xFF, 0x7F, 0xFF, 0x00, 0x00, 0x03, 0x00, 0x0E, 0x00, 0x1C, 0x00, 0x7C, 0x01, 0xDC,
    0x0F, 0x1E, 0x18, 0x0C, 0x3F, 0xF8, 0x3F, 0xF0, 0x00, 0x60, 0x00, 0xC0, 0x01, 0x80, 0x03, 0x00,
    0x0E, 0x7F, 0xFF, 0x00, 0x00, 0x00, 0x00, 0x7F, 0xC1, 0xE3, 0xC3, 0x01, 0x86, 0x03, 0x07, 0xFE,
    0x07, 0xF8, 0x00, 0x18, 0x00, 0x60, 0x01, 0x8F, 0xF6, 0x00, 0xD8, 0x03, 0x60, 0x0D, 0x80, 0x36,
    0x01, 0xD8, 0x06, 0x60, 0x01, 0x9F, 0xFE, 0x7F, 0xF8, 0x00, 0x60, 0x01, 0x80, 0x06, 0x00, 0x18,
    0x00, 0x10, 0x01, 0xFF, 0xCE, 0x06, 0x70, 0x33, 0x81, 0x9C, 0x18, 0xE0, 0xC7, 0x0E, 0x38, 0xE1,
    0xCE, 0x0E, 0xE0, 0x7E, 0x03, 0xE0, 0x1C, 0x00, 0xE0, 0x07, 0x00, 0x38, 0x00, 0x10, 0x01, 0xFF,
    0xCE, 0x06, 0x70, 0x73, 0x83, 0x1C, 0x38, 0xE7, 0x87, 0xF0, 0x3F, 0x01, 0xC0, 0x0C, 0x7F, 0xF0,
    0x03, 0x80, 0x1C, 0x00, 0xE0, 0x07, 0x00, 0x38, 0x00, 0x13, 0xF1, 0xFF, 0xCE, 0x06, 0x70, 0x33,
    0x83, 0x1C, 0x38, 0xE3, 0x87, 0x78, 0x3F, 0x81, 0xE0, 0x0E, 0x60, 0x73, 0x01, 0x18, 0x00, 0xC0,
    0x07, 0xFF, 0x1F, 0xF0, 0x00, 0x10, 0x01, 0xFF, 0xCE, 0x06, 0x70, 0x73, 0x83, 0x1C, 0x30, 0xE3,
    0x87, 0xF8, 0x3F, 0x01, 0xC0, 0x04, 0x7F, 0xF3, 0x00, 0x18, 0x00, 0xC0, 0x07, 0xFF, 0x1F, 0xF0,
    0x00, 0x3F, 0xF9, 0xDF, 0xCE, 0x0E, 0x70, 0x63, 0x87, 0x1C, 0x70, 0xEF, 0x07, 0xF0, 0x3C, 0x00,
    0x8F, 0xFE, 0x00, 0x73, 0xFF, 0x98, 0x00, 0xC0, 0x07, 0xFF, 0x00, 0x00, 0x00, 0x3F, 0xF9, 0xC1,
    0xCE, 0x0E, 0x70, 0x63, 0x87, 0x1C, 0x70, 0xFF, 0x07, 0xE0, 0x38, 0x00, 0x9F, 0xFE, 0x0F, 0x30,
    0x79, 0xBF, 0xCD, 0x86, 0x6F, 0xFF, 0x00, 0x00, 0x00, 0x10, 0x01, 0xFF, 0xCE, 0x06, 0x70, 0x73,
    0x83, 0x1C, 0x38, 0xE3, 0x87, 0xF8, 0x3F, 0x01, 0xC0, 0x04, 0x7F, 0xF3, 0x03, 0x98, 0x1C, 0xC0,
    0xE7, 0xFF, 0x00, 0x00, 0x00, 0x10, 0x01, 0xFF, 0xCE, 0x06, 0x70, 0x73, 0x83, 0x1C, 0x30, 0xE7,
    0x07, 0xF0, 0x3E, 0x00, 0x8C, 0x0E, 0x60, 0x73, 0xFF, 0x98, 0x1C, 0xC0, 0xE7, 0xFF, 0x1F, 0xF0,
    0x00, 0x10, 0x00, 0xEF, 0xF3, 0x80, 0xCE, 0x07, 0x38, 0x18, 0xE0, 0xE3, 0x87, 0x0E, 0x78, 0x3B,
    0xC0, 0xE8, 0x33, 0x80, 0xE4, 0x03, 0x80, 0x1F, 0x01, 0xEE, 0x1F, 0x1E, 0x30, 0x18, 0x00, 0x08,
    0x00, 0x77, 0xF9, 0xC0, 0x67, 0x03, 0x9C, 0x0C, 0x70, 0x61, 0xC7, 0x87, 0x78, 0x1D, 0x80, 0x70,
    0xFF, 0x07, 0xFE, 0x18, 0x18, 0x60, 0x71, 0x81, 0x87, 0xFE, 0x0F, 0xF0, 0x00, 0x10, 0x01, 0xFF,
    0xCE, 0x06, 0x70, 0x73, 0x83, 0x1C, 0x38, 0xE7, 0x87, 0xF8, 0x3F, 0x01, 0xC0, 0x00, 0x7F, 0xF0,
    0x38, 0x01, 0xC0, 0x3F, 0x87, 0x8F, 0x30, 0x18, 0x00, 0x10, 0x01, 0xFF, 0xCE, 0x06, 0x70, 0x73,
    0x83, 0x1C, 0x70, 0xEF, 0x07, 0xF0, 0x3E, 0x00, 0x8F, 0xFE, 0x18, 0xC0, 0xC6, 0x06, 0x30, 0x31,
    0x87, 0xFF, 0x1F, 0xF0, 0x00, 0x18, 0x00, 0x31, 0xFF, 0x61, 0xFE, 0xC0, 0xCD, 0x83, 0x1B, 0x06,
    0x66, 0x0C, 0xCF, 0x19, 0x9E, 0x63, 0x31, 0xCC, 0x63, 0x18, 0xC6, 0x61, 0x80, 0xC3, 0x00, 0x06,
    0x00, 0x0C, 0x00, 0x18, 0x00, 0x18, 0x00, 0x31, 0xFF, 0x60, 0xE6, 0xC1, 0x8D, 0xC3, 0x33, 0xCC,
    0x66, 0x39, 0x8C, 0x67, 0x18, 0x0C, 0x30, 0x00, 0x61, 0xFF, 0xC0, 0x01, 0x80, 0x03, 0x00, 0x06,
    0x00, 0x0C, 0x00, 0x18, 0x00, 0x18, 0x00, 0x31, 0xFF, 0x60, 0xE6, 0xC1, 0x8D, 0xC3, 0x33, 0xCE,
    0x66, 0x39, 0x8C, 0x67, 0x18, 0x0C, 0x30, 0x00, 0x41, 0xFF, 0xC0, 0x61, 0x80, 0xC3, 0x01, 0x86,
    0x03, 0x0C, 0x06, 0x18, 0x00, 0x18, 0x77, 0x31, 0xFF, 0x60, 0x66, 0xC1, 0x8D, 0x83, 0x33, 0x86,
    0x67, 0x98, 0xCC, 0x73, 0x18, 0xCE, 0x30, 0x18, 0x60, 0xC0, 0xC1, 0x81, 0x83, 0x00, 0x06, 0x00,
    0x0F, 0xFC, 0x1F, 0xF8, 0x00, 0x18, 0xFF, 0xB0, 0xEF, 0x60, 0xC6, 0xC1, 0x99, 0xE7, 0x33, 0x9C,
    0xE6, 0x33, 0x8C, 0x46, 0x18, 0x00, 0x20, 0x7F, 0xE0, 0x00, 0xC1, 0xFF, 0x83, 0x00, 0x06, 0x00,
    0x0F, 0xFC, 0x00, 0x00, 0x00, 0x18, 0x00, 0x31, 0xFF, 0x60, 0xC6, 0xC1, 0x99, 0xE7, 0x33, 0x9C,
    0xE6, 0x33, 0x8C, 0x06, 0x18, 0x00, 0x00, 0xFF, 0xE0, 0x3C, 0xC0, 0x79, 0x87, 0xF3, 0x0C, 0x66,
    0x1F, 0xCC, 0x01, 0xF8, 0x00, 0x18, 0x00, 0x31, 0xFF, 0x60, 0x66, 0xC1, 0x8D, 0x83, 0x33, 0xCE,
    0x66, 0x39, 0xCC, 0x67, 0x18, 0x0C, 0x30, 0x00, 0x40, 0xFF, 0xC1, 0x81, 0x83, 0x03, 0x06, 0x06,
    0x0F, 0xFC, 0x1F, 0xF0, 0x00, 0x18, 0x00, 0x31, 0xFF, 0x60, 0xC6, 0xC1, 0x9D, 0xE3, 0x33, 0x8C,
    0xE6, 0x39, 0x8C, 0x46, 0x18, 0x00, 0x00, 0x60, 0x60, 0xC0, 0xC1, 0xFF, 0x83, 0x03, 0x06, 0x06,
    0x0F, 0xFC, 0x00, 0x00, 0x00, 0x18, 0x00, 0x31, 0xFF, 0x60, 0xE6, 0xC1, 0x8D, 0x83, 0x33, 0xCE,
    0x67, 0x39, 0xCC, 0x67, 0x18, 0x0C, 0x30, 0x06, 0x60, 0x0C, 0xC0, 0x38, 0x00, 0x78, 0x03, 0x9C,
    0x1E, 0x1E, 0x38, 0x1C, 0x00, 0x18, 0x00, 0x31, 0xFF, 0x60, 0x66, 0xC1, 0x8D, 0xC3, 0x33, 0xCE,
    0x66, 0x39, 0xCC, 0x67, 0x18, 0x0C, 0x30, 0x30, 0x80, 0x61, 0x80, 0xC7, 0x03, 0xCE, 0x07, 0xBE,
    0x39, 0xEF, 0x21, 0x84, 0x00, 0x18, 0x00, 0x31, 0xFF, 0x60, 0x66, 0xC1, 0x8D, 0xC3, 0x33, 0xCE,
    0x66, 0x39, 0xCC, 0x67, 0x18, 0x0C, 0x30, 0x00, 0x60, 0x7F, 0x81, 0xC7, 0x83, 0x03, 0x06, 0x06,
    0x0F, 0x7C, 0x0F, 0xF0, 0x00, 0x18, 0x00, 0x31, 0xFF, 0x60, 0xC6, 0xC1, 0x99, 0xE7, 0x33, 0x9C,
    0xE6, 0x33, 0x8C, 0x06, 0x18, 0x00, 0x00, 0x7F, 0xE0, 0xC0, 0x01, 0x80, 0x03, 0xFF, 0x06, 0x00,
    0x0F, 0xFC, 0x00, 0x00, 0x00, 0x0C, 0x01, 0xB0, 0x06, 0xDF, 0xDB, 0x1B, 0x6C, 0x6D, 0xB1, 0xB6,
    0xCC, 0xDF, 0x33, 0x7C, 0xCD, 0xB7, 0x66, 0xD9, 0x9B, 0x4E, 0x6C, 0x31, 0xB0, 0x06, 0xC0, 0x1B,
    0x00, 0x0C, 0x00, 0x0C, 0x01, 0xB7, 0xFE, 0xC6, 0xDB, 0x1B, 0x7C, 0xED, 0xF3, 0x36, 0xDD, 0xDB,
    0x66, 0x6C, 0x31, 0xB0, 0x46, 0xC7, 0xFF, 0x00, 0x0C, 0x00, 0x30, 0x00, 0xC0, 0x03, 0x00, 0x0C,
    0x00, 0x4C, 0x00, 0xD9, 0xFD, 0xB0, 0xDB, 0x61, 0xB6, 0xC6, 0x6F, 0x8C, 0xDF, 0x3B, 0x36, 0x66,
    0x6C, 0x18, 0xD8, 0x01, 0xB0, 0xC3, 0x61, 0x80, 0xC3, 0x00, 0x06, 0x00, 0x0F, 0xFE, 0x0F, 0xFC,
    0x00, 0x0C, 0x00, 0xD9, 0xFD, 0xB0, 0xDB, 0x63, 0xB7, 0xC6, 0x6F, 0x9D, 0xDB, 0x33, 0x36, 0x0C,
    0x6C, 0x08, 0x10, 0x7F, 0xF0, 0x00, 0x61, 0xFF, 0xC3, 0x80, 0x06, 0x00, 0x0F, 0xFF, 0x00, 0x00,
    0x00, 0x0C, 0x01, 0xB7, 0xF6, 0xC6, 0xDB, 0x1B, 0x7C, 0xED, 0xF3, 0x36, 0xDD, 0xDB, 0x66, 0x6C,
    0x31, 0xB0, 0x00, 0xC7, 0xFF, 0x18, 0x0C, 0x60, 0x31, 0x80, 0xC7, 0xFF, 0x00, 0x00, 0x00, 0x6D,
    0xFD, 0xB3, 0xF6, 0xC6, 0xDB, 0x1B, 0x7C, 0xCD, 0xB7, 0x76, 0xD9, 0x9B, 0x0E, 0x6C, 0x00, 0x01,
    0x80, 0xC6, 0x03, 0x1F, 0xFC, 0x70, 0x31, 0x80, 0xC7, 0xFF, 0x00, 0x00, 0x00, 0x0C, 0x00, 0xD9,
    0xFD, 0xB0, 0xDB, 0x61, 0xB6, 0xC7, 0x6F, 0x8C, 0xDB, 0x3B, 0xB6, 0x66, 0x6C, 0x1C, 0xD8, 0x13,
    0x30, 0x0E, 0x00, 0x1C, 0x00, 0x7C, 0x01, 0xDC, 0x0F, 0x1F, 0x18, 0x0C, 0x00, 0x0C, 0x00, 0xD9,
    0xFD, 0xB0, 0xDB, 0x61, 0xB6, 0xC7, 0x6F, 0x8C, 0xDB, 0x3B, 0x36, 0x6E, 0x6C, 0x18, 0xD8, 0x10,
    0xC0, 0x71, 0x80, 0xE3, 0x01, 0xCF, 0x06, 0xDF, 0x1D, 0xE7, 0x21, 0x86, 0x00, 0x0C, 0x01, 0xB7,
    0xF6, 0xC6, 0xDB, 0x1B, 0x6C, 0xED, 0xF3, 0x36, 0xDD, 0xDB, 0x66, 0x6C, 0x31, 0xB0, 0x00, 0xC1,
    0xFE, 0x0E, 0x3C, 0x60, 0x31, 0x80, 0xC3, 0xDF, 0x07, 0xF8, 0x00, 0x18, 0x00, 0x31, 0xFF, 0x61,
    0xFE, 0xC0, 0xCD, 0xE3, 0x1B, 0xC6, 0x76, 0x0C, 0xCC, 0x19, 0x98, 0x63, 0x3C, 0xCE, 0x7B, 0x18,
    0xC6, 0x71, 0x80, 0xC3, 0x00, 0x06, 0x00, 0x0C, 0x00, 0x18, 0x00, 0x18, 0x00, 0x31, 0xFF, 0x60,
    0xC6, 0xF1, 0x8D, 0xC3, 0x33, 0x0C, 0x67, 0xB9, 0x8E, 0x67, 0x18, 0x0C, 0x30, 0x00, 0x41, 0xFF,
    0xC0, 0x01, 0x80, 0x03, 0x00, 0x06, 0x00, 0x0C, 0x00, 0x18, 0x00, 0x18, 0xFF, 0xB0, 0xEF, 0x60,
    0xC6, 0xF1, 0x99, 0x87, 0x33, 0x0C, 0xE7, 0xB1, 0x8C, 0x46, 0x18, 0x04, 0x20, 0x7F, 0xE0, 0x00,
    0xC1, 0xFF, 0x83, 0x00, 0x06, 0x00, 0x0F, 0xFC, 0x00, 0x00, 0x00, 0x08, 0x00, 0x77, 0xFD, 0xCF,
    0xF7, 0x0C, 0xDC, 0x63, 0x71, 0x9D, 0xC6, 0x7F, 0x19, 0x9C, 0xC6, 0x73, 0x31, 0xD8, 0xC7, 0x67,
    0x1C, 0x18, 0x70, 0x01, 0xC0, 0x07, 0x00, 0x1C, 0x00, 0x08, 0x00, 0x77, 0xFD, 0xC6, 0x37, 0x19,
    0xDC, 0x67, 0xF3, 0x99, 0xDC, 0xC7, 0x67, 0x1C, 0x18, 0x70, 0x01, 0x87, 0xFF, 0x00, 0x1C, 0x00,
    0x70, 0x01, 0xC0, 0x07, 0x00, 0x1C, 0x00, 0x08, 0x00, 0x77, 0xFD, 0xC6, 0x37, 0x19, 0xDC, 0x67,
    0xF3, 0x19, 0xDC, 0xC7, 0x67, 0x1C, 0x18, 0x70, 0x01, 0x8F, 0xFF, 0x03, 0x1C, 0x0C, 0x70, 0x31,
    0xC0, 0xC7, 0x03, 0x1C, 0x00, 0x08, 0xEE, 0x77, 0xFD, 0xC3, 0x37, 0x18, 0xDC, 0x67, 0xF3, 0x99,
    0xDC, 0xE7, 0x67, 0x1C, 0x18, 0x70, 0x01, 0xC6, 0x07, 0x18, 0x08, 0x60, 0x01, 0x80, 0x07, 0xFF,
    0x0F, 0xF8, 0x00, 0x19, 0xFF, 0x73, 0xFD, 0xC6, 0x37, 0x19, 0xFC, 0xE7, 0xF7, 0x31, 0xD9, 0xC7,
    0x06, 0x1C, 0x00, 0x01, 0xFF, 0xC0, 0x07, 0x00, 0x1C, 0x7F, 0xF1, 0x80, 0x06, 0x00, 0x1F, 0xFC,
    0x00, 0x08, 0x00, 0x77, 0xFD, 0xC6, 0x37, 0x19, 0xFC, 0x67, 0xF3, 0x99, 0xDC, 0xC7, 0x67, 0x1C,
    0x18, 0x70, 0x00, 0x87, 0xFF, 0x18, 0x1C, 0x60, 0x71, 0x81, 0xC7, 0xFF, 0x00, 0x00, 0x00, 0x08,
    0x00, 0x77, 0xFD, 0xC7, 0x37, 0x18, 0xDC, 0x67, 0xF3, 0x19, 0xDC, 0xC7, 0x67, 0x1C, 0x08, 0x21,
    0x81, 0xC6, 0x07, 0x1F, 0xFC, 0x60, 0x71, 0x81, 0xC7, 0xFF, 0x0F, 0xF8, 0x00, 0x08, 0x00, 0x77,
    0xFD, 0xC7, 0x37, 0x18, 0xDC, 0x67, 0xF3, 0x9F, 0xDC, 0xC7, 0x67, 0x1C, 0x18, 0x70, 0x19, 0xC0,
    0x72, 0x01, 0xC0, 0x0F, 0x80, 0xF7, 0x0F, 0x8F, 0x18, 0x0C, 0x00, 0x08, 0x00, 0x39, 0xFF, 0x70,
    0xC6, 0xE1, 0x9F, 0xC3, 0x3F, 0x8C, 0x67, 0x39, 0x8E, 0x67, 0x1C, 0x0C, 0x38, 0x30, 0xC0, 0x61,
    0x80, 0xC3, 0x03, 0xCF, 0x07, 0xFF, 0x39, 0xE7, 0x21, 0x84, 0x00, 0x08, 0x00, 0x77, 0xFD, 0xC6,
    0x37, 0x19, 0xFC, 0x67, 0xF3, 0x19, 0xDC, 0xC7, 0x67, 0x1C, 0x18, 0x70, 0x01, 0xC3, 0xFC, 0x1E,
    0x38, 0x60, 0x71, 0x81, 0x87, 0xDE, 0x0F, 0xF0, 0x00, 0x0C, 0x01, 0xB0, 0x06, 0xDF, 0xDB, 0x1B,
    0x6C, 0x6D, 0xB1, 0xB6, 0xCC, 0xFB, 0x33, 0x6C, 0xC9, 0xB7, 0x66, 0xD9, 0x9B, 0x6C, 0x6C, 0x31,
    0xB0, 0x06, 0xC0, 0x1B, 0x00, 0x0C, 0x00, 0x0C, 0x01, 0xB7, 0xF6, 0xC6, 0xDB, 0x1B, 0x6C, 0xCF,
    0xB3, 0x36, 0xDD, 0x9B, 0x6E, 0x6C, 0x31, 0xB0, 0x00, 0xC7, 0xFF, 0x00, 0x0C, 0x00, 0x30, 0x00,
    0xC0, 0x03, 0x00, 0x0C, 0x00, 0x0C, 0x00, 0xD9, 0xFD, 0xB0, 0xDB, 0x61, 0xB6, 0xC7, 0x7D, 0x8C,
    0xFB, 0x3B, 0x36, 0x66, 0x6C, 0x18, 0xD8, 0x01, 0xB0, 0xC3, 0x61, 0x80, 0xC3, 0x00, 0x06, 0x00,
    0x0F, 0xFE, 0x0F, 0xFC, 0x00, 0x0C, 0x01, 0xB7, 0xF6, 0xC6, 0xDB, 0x1B, 0x6C, 0xCF, 0xB3, 0x36,
    0xDD, 0x9B, 0x6E, 0x6C, 0x31, 0xB0, 0x00, 0xC7, 0xFF, 0x18, 0x0C, 0x60, 0x31, 0x80, 0xC7, 0xFF,
    0x00, 0x00, 0x00, 0x0C, 0x00, 0xD9, 0xFD, 0xB0, 0xDB, 0x61, 0xBE, 0xC7, 0x7D, 0x8C, 0xDB, 0x3B,
    0x36, 0x66, 0x6C, 0x18, 0xD8, 0x03, 0x30, 0x0E, 0x60, 0x1C, 0x00, 0x7C, 0x01, 0xDE, 0x0F, 0x1F,
    0x18, 0x0C, 0x00, 0x0C, 0x01, 0xB7, 0xF6, 0xC6, 0xDB, 0x1B, 0x6C, 0xCF, 0xB3, 0x36, 0xDD, 0x9B,
    0x66, 0x6C, 0x31, 0xB0, 0x00, 0xC3, 0xFE, 0x1E, 0x3C, 0x60, 0x31, 0x80, 0xC7, 0xDF, 0x0F, 0xF8,
    0x00, 0x08, 0x00, 0x77, 0xFD, 0xCF, 0xF7, 0x1C, 0xDC, 0x67, 0xF1, 0x99, 0xC6, 0x67, 0x39, 0x9C,
    0xCF, 0xF7, 0x3F, 0xD8, 0xC7, 0x46, 0x1C, 0x18, 0x70, 0x01, 0xC0, 0x07, 0x00, 0x18, 0x00, 0x08,
    0xEE, 0x77, 0xFD, 0xC3, 0x37, 0x19, 0xFC, 0x66, 0x71, 0x99, 0xCC, 0x67, 0x73, 0xFD, 0x9C, 0x70,
    0x61, 0xC6, 0x07, 0x18, 0x08, 0x60, 0x01, 0x80, 0x07, 0xFF, 0x0F, 0xF8, 0x00, 0x19, 0xFF, 0x73,
    0xFD, 0xC6, 0x7F, 0x19, 0x9C, 0xE6, 0x77, 0x3F, 0xD9, 0xC7, 0x06, 0x1C, 0x00, 0x01, 0xFF, 0xC0,
    0x07, 0x00, 0x1C, 0x7F, 0xF1, 0x80, 0x06, 0x00, 0x1F, 0xFC, 0x00, 0x08, 0x00, 0x77, 0xFD, 0xC3,
    0x37, 0x19, 0xFC, 0x66, 0x73, 0x99, 0xDC, 0xFF, 0x67, 0x7C, 0x18, 0x70, 0x19, 0xC0, 0x72, 0x01,
    0xC0, 0x0F, 0x80, 0xF7, 0x0F, 0x8F, 0x18, 0x0C, 0x00, 0x08, 0x00, 0x39, 0xFF, 0x70, 0xC6, 0xE1,
    0x9F, 0xC3, 0x33, 0x8E, 0x67, 0x39, 0xFE, 0x67, 0x1C, 0x0C, 0x38, 0x30, 0xC0, 0x61, 0x80, 0xC3,
    0x01, 0xCF, 0x07, 0xFE, 0x39, 0xE7, 0x21, 0x84, 0x00, 0x1D, 0xFF, 0x71, 0xDD, 0xC6, 0x7F, 0x19,
    0x9C, 0xE6, 0x77, 0x3F, 0xD9, 0xC7, 0x46, 0x1C, 0x00, 0x21, 0xFF, 0xC6, 0x00, 0x18, 0x00, 0x7F,
    0xE1, 0x80, 0x07, 0xFF, 0x00, 0x00, 0x00, 0x0C, 0x01, 0xB0, 0x06, 0xDF, 0xDB, 0x1B, 0x6C, 0x6F,
    0xB1, 0xBE, 0xCC, 0xDB, 0x33, 0x6C, 0xDF, 0xB7, 0x7E, 0xD9, 0x9B, 0x4C, 0x6C, 0x31, 0xB0, 0x06,
    0xC0, 0x1B, 0x00, 0x0C, 0x3F, 0xF8, 0x7D, 0xF0, 0x18, 0x60, 0x30, 0xC0, 0x61, 0x81, 0xF3, 0x03,
    0x66, 0x06, 0xCC, 0x0D, 0x90, 0x03, 0x00, 0x06, 0x07, 0xFF, 0xF7, 0xFF, 0xC0, 0x3F, 0xF8, 0x0C,
    0x30, 0x18, 0x60, 0x3C, 0xC0, 0xF9, 0x81, 0xB3, 0x00, 0x60, 0x7F, 0xFF, 0x7F, 0xFC, 0x00, 0x00,
    0xFF, 0xE0, 0xFF, 0xC0, 0x01, 0x80, 0x03, 0x00, 0x06, 0x00, 0x0C, 0x3F, 0xF8, 0x0C, 0x30, 0x18,
    0x60, 0x30, 0xC0, 0xF9, 0x81, 0xB3, 0x01, 0x66, 0x00, 0xC0, 0xFF, 0xFE, 0x00, 0x00, 0xC0, 0x01,
    0x80, 0x03, 0x00, 0x06, 0x00, 0x0F, 0xFE, 0x0F, 0xFC, 0x3F, 0xF8, 0x0C, 0x30, 0x18, 0x60, 0x30,
    0xC0, 0xD9, 0x81, 0xB3, 0x00, 0x60, 0x7F, 0xFF, 0x00, 0x60, 0x60, 0xC0, 0xCF, 0xF1, 0x80, 0x03,
    0x0F, 0x86, 0xFB, 0x0F, 0xF6, 0x08, 0x78, 0x3F, 0xF8, 0x0C, 0x30, 0x18, 0x60, 0x7C, 0xC0, 0xD9,
    0x80, 0x30, 0x3F, 0xFF, 0x80, 0x00, 0x00, 0x00, 0x7F, 0xF0, 0x00, 0x60, 0x00, 0xC3, 0xFF, 0x86,
    0x00, 0x0F, 0xFF, 0x00, 0x00, 0x3F, 0xF8, 0x0C, 0x30, 0x18, 0x60, 0x30, 0xC0, 0xD9, 0x81, 0xB3,
    0x00, 0x60, 0x7F, 0xFF, 0x7F, 0xFC, 0x00, 0x00, 0xFF, 0xE1, 0x80, 0xC3, 0x01, 0x86, 0x03, 0x0F,
    0xFE, 0x0F, 0xF8, 0x3F, 0xF8, 0x0C, 0x30, 0x18, 0x60, 0x30, 0xC0, 0xF9, 0x81, 0xB3, 0x00, 0x60,
    0x7F, 0xFF, 0x00, 0x00, 0x60, 0x30, 0xC0, 0x61, 0xFF, 0xC3, 0x01, 0x86, 0x03, 0x0F, 0xFE, 0x0F,
    0xF8, 0x3F, 0xF8, 0x7D, 0xF0, 0x18, 0x60, 0x30, 0xC0, 0xD9, 0x81, 0xB3, 0x00, 0x60, 0x7F, 0xFF,
    0x7F, 0xFC, 0x03, 0x00, 0x0E, 0x00, 0x1C, 0x00, 0x7C, 0x01, 0xDE, 0x0F, 0x1F, 0x18, 0x0C, 0x3F,
    0xF8, 0x0C, 0x30, 0x18, 0x60, 0x3C, 0xC0, 0xF9, 0x81, 0xB3, 0x00, 0x60, 0x7F, 0xFF, 0x7F, 0xFC,
    0x00, 0x00, 0x7F, 0xC1, 0xE3, 0xC3, 0x01, 0x86, 0x03, 0x07, 0xBE, 0x07, 0xF8, 0x3F, 0xF8, 0x0C,
    0x30, 0x18, 0x60, 0x30, 0xC0, 0xD9, 0x81, 0xB3, 0x00, 0x60, 0x7F, 0xFF, 0x00, 0x00, 0x00, 0x00,
    0xFF, 0xE0, 0x1C, 0x00, 0x7C, 0x01, 0xDC, 0x0F, 0x1F, 0x18, 0x0C, 0x3F, 0xF8, 0x7D, 0xF0, 0x18,
    0x60, 0x30, 0xC0, 0xD9, 0x81, 0xB3, 0x00, 0x60, 0x7F, 0xFF, 0x01, 0x80, 0x07, 0x00, 0xFF, 0xE0,
    0x1C, 0x00, 0x3C, 0x01, 0xDC, 0x0F, 0x1E, 0x18, 0x0C, 0x00, 0x18, 0x00, 0x31, 0xFF, 0x63, 0xDE,
    0xC1, 0x8D, 0x83, 0x1B, 0x06, 0x36, 0x0F, 0x6F, 0x36, 0xDE, 0x2C, 0x30, 0x18, 0x60, 0x3F, 0xCF,
    0xFF, 0x8E, 0x03, 0x00, 0x06, 0x00, 0x0C, 0x00, 0x18, 0x00, 0x18, 0x00, 0x31, 0xFF, 0x60, 0xC6,
    0xC1, 0x8D, 0x83, 0xFB, 0xCF, 0xE7, 0x03, 0x0C, 0x7F, 0xF9, 0xFF, 0xB0, 0x00, 0x61, 0xFF, 0xC1,
    0xFF, 0x80, 0x03, 0x00, 0x06, 0x00, 0x0C, 0x00, 0x18, 0x00, 0x18, 0xFF, 0xB0, 0xEF, 0x60, 0xC6,
    0xC1, 0x8D, 0x83, 0xF3, 0xCD, 0xE6, 0x1F, 0xFC, 0xFF, 0xD8, 0x00, 0x30, 0xFF, 0xE0, 0x00, 0xC0,
    0x01, 0x87, 0xFF, 0x0C, 0x00, 0x1F, 0xFC, 0x00, 0x00, 0x00, 0x18, 0x00, 0x31, 0xFF, 0x60, 0xC6,
    0xC1, 0x8D, 0xC3, 0xFB, 0xCF, 0xE6, 0x0B, 0x4C, 0x3F, 0xD9, 0xFF, 0xB0, 0x00, 0x60, 0x63, 0x80,
    0xC7, 0x03, 0x8E, 0x0F, 0xBE, 0x39, 0xEE, 0x21, 0x84, 0x00, 0x18, 0x00, 0x31, 0xFF, 0x60, 0xC6,
    0xC1, 0x8D, 0xC3, 0xF3, 0xCF, 0xE6, 0x0B, 0x0C, 0x7F, 0xD9, 0xFF, 0xB0, 0x00, 0x60, 0x7F, 0x81,
    0xC7, 0x87, 0x03, 0x0E, 0x06, 0x0F, 0x7C, 0x0F, 0xF0, 0x00, 0x6C, 0x01, 0xB7, 0xFE, 0xDD, 0xFB,
    0x31, 0xEC, 0xC7, 0xB3, 0x1E, 0xCF, 0xDF, 0x3F, 0x7C, 0x31, 0xB0, 0xC6, 0xDF, 0xFB, 0xFF, 0xEC,
    0x01, 0xB0, 0x06, 0xC0, 0x1B, 0x00, 0x0C, 0x00, 0x0C, 0x01, 0xB7, 0xFE, 0xCC, 0x7B, 0x31, 0xEC,
    0xF5, 0xF3, 0xF7, 0xC3, 0x1B, 0x7F, 0xEF, 0xFF, 0xB0, 0x06, 0xC7, 0xFF, 0x0F, 0xFC, 0x00, 0x30,
    0x00, 0xC0, 0x03, 0x00, 0x0C, 0x00, 0x2C, 0x01, 0xB7, 0xFE, 0xCC, 0x7B, 0x31, 0xEC, 0xF5, 0xF3,
    0xF7, 0xC3, 0x1B, 0x7F, 0xEF, 0xFF, 0xB0, 0x06, 0xC3, 0xFE, 0x1E, 0x3C, 0x60, 0x31, 0x80, 0xC7,
    0xDF, 0x0F, 0xF8, 0x00, 0x18, 0x00, 0x77, 0xFD, 0xCE, 0xF7, 0x18, 0xDC, 0x63, 0x71, 0x8D, 0xC7,
    0xB7, 0x1E, 0xDC, 0x58, 0x70, 0x61, 0xC1, 0xFF, 0x7F, 0xFD, 0x80, 0x70, 0x01, 0xC0, 0x07, 0x00,
    0x18, 0x00, 0x08, 0x00, 0x77, 0xFD, 0xC6, 0x37, 0x18, 0xDC, 0x7B, 0x71, 0xED, 0xC7, 0xB7, 0x07,
    0xFD, 0xFF, 0xF4, 0x01, 0xC6, 0x07, 0x18, 0x08, 0x60, 0x01, 0x80, 0x07, 0xFF, 0x0F, 0xF8, 0x00,
    0x1D, 0xFF, 0x73, 0xBD, 0xC6, 0x37, 0x1E, 0xDC, 0x7B, 0x71, 0xED, 0xCF, 0xFF, 0x7F, 0xFC, 0x00,
    0x21, 0xFF, 0xC0, 0x07, 0x00, 0x1C, 0x7F, 0xF1, 0x80, 0x07, 0xFF, 0x00, 0x00, 0x00, 0x08, 0x00,
    0x77, 0xFD, 0xC6, 0x37, 0x18, 0xDC, 0x7B, 0x71, 0xED, 0xC1, 0x87, 0x7F, 0xFD, 0xFF, 0xF0, 0x00,
    0x87, 0xFF, 0x18, 0x1C, 0x60, 0x71, 0x81, 0xC7, 0xFF, 0x0F, 0xF8, 0x00, 0x08, 0x00, 0x77, 0xFD,
    0xC6, 0x37, 0x18, 0xDC, 0x7B, 0x71, 0xED, 0xC1, 0xFF, 0x7F, 0xFD, 0x00, 0x21, 0x81, 0xC6, 0x07,
    0x1F, 0xFC, 0x60, 0x71, 0x81, 0xC7, 0xFF, 0x00, 0x00, 0x00, 0x08, 0x00, 0x77, 0xFD, 0xC6, 0x37,
    0x18, 0xDC, 0x7B, 0x71, 0xED, 0xC1, 0x87, 0x7F, 0xFD, 0xFF, 0xF0, 0x01, 0xC3, 0xFC, 0x1E, 0x38,
    0x60, 0x71, 0x81, 0x87, 0xDE, 0x0F, 0xF0, 0x7D, 0xF8, 0x79, 0xF0, 0x30, 0x60, 0x60, 0xC0, 0xC1,
    0x81, 0x83, 0x03, 0x9E, 0x0F, 0x3C, 0x0E, 0x70, 0x0C, 0xC0, 0x19, 0x87, 0xFF, 0xF7, 0xFF, 0xC0,
    0x00, 0x00, 0x7D, 0xF0, 0x18, 0x60, 0x30, 0xC0, 0x61, 0x80, 0xC3, 0x03, 0x86, 0x7F, 0xFF, 0x7F,
    0xFC, 0x03, 0x00, 0x06, 0x00, 0x0C, 0x00, 0x18, 0x00, 0x30, 0x00, 0x60, 0x00, 0xC0, 0x3E, 0xF8,
    0x3D, 0xF0, 0x18, 0x60, 0x30, 0xC0, 0x61, 0x80, 0xC3, 0x3F, 0xFF, 0xBF, 0xFE, 0x01, 0x80, 0x03,
    0x00, 0xFF, 0xE0, 0xFF, 0xC0, 0x01, 0x80, 0x03, 0x00, 0x06, 0x00, 0x0C, 0x00, 0x00, 0x7D, 0xF0,
    0x18, 0x60, 0x30, 0xC0, 0x61, 0x80, 0xC3, 0x01, 0x86, 0x7F, 0xFF, 0x01, 0x80, 0x03, 0x00, 0xC6,
    0x01, 0x8C, 0x03, 0x00, 0x06, 0x00, 0x0F, 0xFE, 0x0F, 0xFC, 0x3E, 0xF8, 0x3D, 0xF0, 0x18, 0x60,
    0x30, 0xC0, 0x61, 0x9F, 0xFF, 0xDF, 0xFF, 0x00, 0xC0, 0x03, 0x80, 0x7F, 0xF0, 0x00, 0x61, 0xFF,
    0xC3, 0x00, 0x06, 0x00, 0x0F, 0xFF, 0x00, 0x00, 0x3E, 0xF8, 0x0C, 0x30, 0x18, 0x60, 0x30, 0xC0,
    0x61, 0x9F, 0xFF, 0xDF, 0xFF, 0x00, 0xC0, 0x01, 0xB0, 0x7C, 0x60, 0x1F, 0xF0, 0x30, 0x03, 0xEF,
    0x86, 0x1B, 0x0F, 0xF6, 0x00, 0x7C, 0x3E, 0xF8, 0x3D, 0xF0, 0x18, 0x60, 0x30, 0xC0, 0x61, 0x80,
    0xC3, 0x3F, 0xFF, 0x80, 0xC0, 0x01, 0x80, 0x07, 0x00, 0xFF, 0xE1, 0x80, 0xC3, 0x01, 0x86, 0x03,
    0x0F, 0xFE, 0x00, 0x00, 0x3E, 0xF8, 0x0C, 0x30, 0x18, 0x60, 0x30, 0xC0, 0x61, 0x80, 0xC3, 0x3F,
    0xFF, 0x80, 0xC0, 0x01, 0x80, 0x63, 0x30, 0xC0, 0x61, 0xFF, 0xC3, 0x01, 0x86, 0x03, 0x0F, 0xFE,
    0x00, 0x00, 0x3E, 0xF8, 0x3D, 0xF0, 0x18, 0x60, 0x30, 0xC0, 0x61, 0x80, 0xC3, 0x3F, 0xFF, 0xBF,
    0xFE, 0x01, 0x80, 0x03, 0x00, 0x06, 0x00, 0x1C, 0x00, 0x3C, 0x01, 0xDC, 0x0F, 0x1F, 0x18, 0x0C,
    0x3E, 0xF8, 0x3D, 0xF0, 0x18, 0x60, 0x30, 0xC0, 0x61, 0x80, 0xC3, 0x3F, 0xFF, 0x81, 0xC0, 0x01,
    0x80, 0x03, 0x00, 0x7F, 0xC1, 0xE3, 0xC3, 0x01, 0x86, 0x03, 0x07, 0xFE, 0x07, 0xF8, 0x3E, 0xF8,
    0x3D, 0xF0, 0x18, 0x60, 0x30, 0xC0, 0x61, 0x80, 0xC3, 0x3F, 0xFF, 0x80, 0xC0, 0x01, 0x80, 0x07,
    0x00, 0xFF, 0xE0, 0x1C, 0x00, 0x7C, 0x01, 0xDC, 0x0F, 0x1F, 0x18, 0x0C, 0x00, 0x08, 0xEE, 0x77,
    0xFD, 0xC3, 0x37, 0x0C, 0xDC, 0x73, 0x71, 0x8D, 0xC6, 0x3F, 0xFF, 0xFD, 0xF8, 0x70, 0x61, 0xC1,
    0xBF, 0x06, 0x1C, 0x18, 0x70, 0x61, 0xC1, 0x87, 0x00, 0x1C, 0x00, 0x19, 0xFF, 0x71, 0xCD, 0xC3,
    0x37, 0x18, 0xDC, 0x67, 0xFF, 0xFF, 0xC3, 0x07, 0x0C, 0xFC, 0x30, 0x61, 0xFF, 0xC0, 0x07, 0x00,
    0x1C, 0x7F, 0xF1, 0x80, 0x07, 0xFF, 0x00, 0x00, 0x00, 0x08, 0x00, 0x39, 0xFF, 0x70, 0x66, 0xE1,
    0xCD, 0xC3, 0x1B, 0xBF, 0xFF, 0x27, 0x0E, 0x0C, 0xFC, 0x18, 0x38, 0x10, 0xE0, 0x61, 0x80, 0xE3,
    0x01, 0xCF, 0x0F, 0xFF, 0x39, 0xE7, 0x21, 0x84, 0x00, 0x19, 0xFF, 0x73, 0xFD, 0xC3, 0x37, 0x18,
    0xDC, 0x67, 0xFF, 0xFF, 0xD3, 0x87, 0x0C, 0xFC, 0x30, 0x70, 0xC1, 0xC3, 0xFC, 0x1E, 0x78, 0x60,
    0x61, 0x81, 0x87, 0x9E, 0x0F, 0xF0, 0x00, 0x6C, 0x01, 0xB7, 0xF6, 0xC6, 0xDB, 0x1B, 0x6C, 0x6D,
    0xB3, 0x36, 0xCC, 0xFB, 0xFF, 0xED, 0x31, 0xB0, 0xC6, 0xC3, 0xFB, 0x0C, 0x6C, 0x31, 0xB0, 0xC6,
    0xC3, 0x1B, 0x00, 0x0C, 0x00, 0x0C, 0x01, 0xB7, 0xF6, 0xC6, 0xDB, 0x1B, 0x6C, 0x4F, 0xB7, 0xFE,
    0xFF, 0x1B, 0x0C, 0x6C, 0x3F, 0xB0, 0xC6, 0xC3, 0x1B, 0x1F, 0xFC, 0x00, 0x30, 0x00, 0xC0, 0x03,
    0x00, 0x0C, 0x00, 0x2C, 0x01, 0xB7, 0xF6, 0xC6, 0xDB, 0x1B, 0x6C, 0x4D, 0xB3, 0x3E, 0xFF, 0xFB,
    0x0C, 0x6C, 0x3F, 0xB0, 0xC6, 0xC6, 0x1B, 0x18, 0x6C, 0x60, 0x01, 0x80, 0x07, 0xFF, 0x0F, 0xFC,
    0x00, 0x0C, 0x01, 0xB7, 0xF6, 0xC6, 0xDB, 0x1B, 0x6C, 0xCF, 0xBF, 0xFE, 0xC3, 0x1B, 0x0F, 0xEC,
    0x31, 0xB1, 0xFF, 0xC0, 0x03, 0x00, 0x0C, 0x7F, 0xF1, 0x80, 0x07, 0xFF, 0x00, 0x00, 0x00, 0x0C,
    0x01, 0xB7, 0xF6, 0xC6, 0xDB, 0x1B, 0x6C, 0xCF, 0xBF, 0xFE, 0xD3, 0x1B, 0x0F, 0xEC, 0x31, 0xB0,
    0x80, 0xC7, 0xFF, 0x18, 0x0C, 0x60, 0x31, 0x80, 0xC7, 0xFF, 0x1F, 0xF8, 0x00, 0x0C, 0x01, 0xB7,
    0xF6, 0xC6, 0xDB, 0x1B, 0x6C, 0xCF, 0xBF, 0xFE, 0xC3, 0x1B, 0x0F, 0xEC, 0x31, 0xB1, 0x80, 0xC6,
    0x03, 0x1F, 0xFC, 0x60, 0x31, 0x80, 0xC7, 0xFF, 0x00, 0x00, 0x00, 0x0C, 0x00, 0xD9, 0xFD, 0xB0,
    0xDB, 0x61, 0xB6, 0xC6, 0x7D, 0xBF, 0xFB, 0x26, 0x36, 0x0F, 0xEC, 0x18, 0xD8, 0x30, 0xB0, 0x61,
    0x80, 0xE3, 0x01, 0xCF, 0x06, 0xFF, 0x39, 0xE7, 0x21, 0x84, 0x00, 0x0C, 0xE7, 0x37, 0xFC, 0xC3,
    0x33, 0x0C, 0xCC, 0x33, 0x31, 0xCC, 0xC6, 0x3B, 0xFF, 0xED, 0xD8, 0x30, 0x60, 0xC1, 0x83, 0x06,
    0x0C, 0x18, 0x30, 0x60, 0xC1, 0x83, 0x00, 0x0C, 0x00, 0x08, 0x00, 0x77, 0xFD, 0xC3, 0x37, 0x0C,
    0xDC, 0x33, 0x71, 0x8F, 0xDF, 0xFF, 0x7E, 0x1C, 0x18, 0x70, 0x61, 0xC5, 0x87, 0x38, 0x0C, 0xE0,
    0x03, 0x80, 0x0F, 0xFF, 0x1F, 0xF8, 0x00, 0x0D, 0xFF, 0x73, 0xDD, 0xC3, 0x37, 0x0C, 0xDC, 0x73,
    0xF7, 0xFF, 0xC1, 0x87, 0x06, 0x1C, 0x18, 0x01, 0xFF, 0xC0, 0x07, 0x1F, 0xFC, 0x60, 0x01, 0x80,
    0x07, 0xFF, 0x00, 0x00, 0x00, 0x08, 0x00, 0x77, 0xFD, 0xC3, 0x37, 0x0C, 0xDC, 0x33, 0x71, 0xDF,
    0xDF, 0xFF, 0x66, 0x1C, 0x18, 0x70, 0x60, 0x87, 0xFF, 0x18, 0x1C, 0x60, 0x71, 0x81, 0xC7, 0xFF,
    0x0F, 0xF8, 0x00, 0x08, 0x00, 0x77, 0xFD, 0xC3, 0x37, 0x0C, 0xDC, 0x33, 0x77, 0xDF, 0xDF, 0xFF,
    0x06, 0x1C, 0x18, 0x21, 0xE0, 0xC6, 0x07, 0x1F, 0xFC, 0x60, 0x71, 0x81, 0xC7, 0xFF, 0x1F, 0xF8,
    0x00, 0x00, 0x7D, 0xF0, 0x18, 0x60, 0x30, 0xC0, 0x61, 0x80, 0xC3, 0x03, 0x86, 0x7F, 0xFF, 0x7F,
    0xFC, 0x18, 0xC0, 0x31, 0x80, 0x63, 0x00, 0xC6, 0x01, 0x8C, 0x03, 0x18, 0x06, 0x30, 0x3E, 0xF8,
    0x7D, 0xF0, 0x18, 0x60, 0x30, 0xC0, 0x61, 0x80, 0xC3, 0x01, 0x86, 0x07, 0x0C, 0x0C, 0x18, 0x00,
    0x00, 0x00, 0x07, 0xFF, 0xF7, 0xFF, 0xC0, 0x3E, 0xF8, 0x7D, 0xF0, 0x18, 0x60, 0x30, 0xC0, 0x61,
    0x80, 0xC3, 0x3F, 0xFF, 0x80, 0x00, 0x00, 0x00, 0x00, 0x00, 0xFF, 0xE0, 0x00, 0xC0, 0x01, 0x80,
    0x03, 0x00, 0x06, 0x00, 0x0C, 0x00, 0x00, 0x7D, 0xF0, 0x18, 0x60, 0x30, 0xC0, 0x61, 0x80, 0xC3,
    0x01, 0x86, 0x7F, 0xFF, 0x7F, 0xFC, 0x00, 0x00, 0xC0, 0x01, 0x80, 0x03, 0x00, 0x06, 0x00, 0x0F,
    0xFE, 0x00, 0x00, 0x3E, 0xF8, 0x7D, 0xF0, 0x18, 0x60, 0x30, 0xC0, 0x61, 0x80, 0xC3, 0x3F, 0xFF,
    0x80, 0x00, 0x00, 0x60, 0x60, 0xC0, 0xCF, 0xF1, 0x80, 0x03, 0x0F, 0x86, 0x7B, 0x0F, 0xF6, 0x08,
    0x7C, 0x3E, 0xF8, 0x7D, 0xF0, 0x18, 0x60, 0x30, 0xC0, 0x61, 0x80, 0xC7, 0x3F, 0xFF, 0x80, 0x00,
    0x3F, 0xF8, 0x00, 0x30, 0x00, 0x61, 0xFF, 0xC3, 0x00, 0x06, 0x00, 0x0F, 0xFF, 0x00, 0x00, 0x3E,
    0xF8, 0x7D, 0xF0, 0x18, 0x60, 0x30, 0xC0, 0x61, 0x80, 0xC3, 0x3F, 0xFF, 0x80, 0x00, 0x00, 0x00,
    0x7D, 0xF0, 0x1B, 0x61, 0xF6, 0xC3, 0x0D, 0x86, 0x5B, 0x0F, 0xFE, 0x00, 0x00, 0x3E, 0xF8, 0x0C,
    0x30, 0x18, 0x60, 0x30, 0xC0, 0x61, 0x80, 0xC3, 0x3F, 0xFF, 0x80, 0x10, 0x00, 0x30, 0x7F, 0xF8,
    0x18, 0x01, 0xF3, 0xC3, 0x0D, 0x86, 0x79, 0x8F, 0xF6, 0x00, 0x3C, 0x3E, 0xF8, 0x7D, 0xF0, 0x18,
    0x60, 0x30, 0xC0, 0x61, 0x80, 0xC3, 0x3F, 0xFF, 0xBF, 0xFE, 0x00, 0x00, 0x00, 0x00, 0xFF, 0xE1,
    0x80, 0xC3, 0x01, 0x86, 0x03, 0x0F, 0xFE, 0x00, 0x00, 0x3E, 0xF8, 0x7D, 0xF0, 0x18, 0x60, 0x30,
    0xC0, 0x61, 0x80, 0xC3, 0x3F, 0xFF, 0x80, 0x00, 0x10, 0x00, 0x60, 0x30, 0xC0, 0x61, 0xFF, 0xC3,
    0x01, 0x86, 0x03, 0x0F, 0xFE, 0x0F, 0xF8, 0x3E, 0xF8, 0x7D, 0xF0, 0x18, 0x60, 0x30, 0xC0, 0x61,
    0x80, 0xC3, 0x03, 0x8E, 0x7F, 0xFF, 0x00, 0x00, 0x02, 0x00, 0x06, 0x00, 0x1C, 0x00, 0x3C, 0x01,
    0xDC, 0x0F, 0x1F, 0x18, 0x0C, 0x3E, 0xF8, 0x0C, 0x30, 0x18, 0x60, 0x30, 0xC0, 0x61, 0x80, 0xC3,
    0x3F, 0xFF, 0x80, 0x00, 0x00, 0x00, 0x1F, 0xC0, 0x7F, 0xE1, 0xC0, 0xC3, 0x01, 0x87, 0x03, 0x07,
    0xFE, 0x07, 0xF0, 0x3E, 0xF8, 0x0C, 0x30, 0x18, 0x60, 0x30, 0xC0, 0x61, 0x80, 0xC7, 0x3F, 0xFF,
    0x80, 0x00, 0x00, 0x00, 0x7F, 0xF0, 0xC0, 0x01, 0x80, 0x03, 0xFF, 0x86, 0x00, 0x0F, 0xFE, 0x00,
    0x00, 0x00, 0x08, 0x00, 0x77, 0xFD, 0xCF, 0xF7, 0x0C, 0xDC, 0x33, 0x71, 0x8D, 0xC6, 0x77, 0x19,
    0x9C, 0xC6, 0x73, 0x39, 0xD8, 0xC7, 0x67, 0x1C, 0x18, 0x70, 0x01, 0xC0, 0x07, 0x00, 0x1C, 0x00,
    0x10, 0x01, 0xFF, 0xEE, 0x33, 0x73, 0x1B, 0x99, 0xDD, 0xCC, 0xFC, 0xE7, 0xCE, 0x38, 0x21, 0xC0,
    0x0C, 0x7F, 0xF0, 0x03, 0x80, 0x1C, 0x00, 0xE0, 0x07, 0x00, 0x38, 0x00, 0x13, 0xB9, 0xFF, 0xEE,
    0x33, 0x73, 0x1B, 0x98, 0xDC, 0xCC, 0xEC, 0x67, 0xE6, 0x3E, 0x71, 0xC1, 0x0E, 0x60, 0x73, 0x01,
    0x18, 0x00, 0xC0, 0x07, 0xFF, 0x1F, 0xF0, 0x00, 0x37, 0xFD, 0xDF, 0xEE, 0x63, 0x73, 0x3B, 0xB9,
    0x9F, 0x9C, 0xF8, 0xC7, 0x0C, 0x38, 0x20, 0x8F, 0xFE, 0x00, 0x73, 0xFF, 0x98, 0x00, 0xC0, 0x07,
    0xFF, 0x00, 0x00, 0x00, 0x10, 0x01, 0xFF, 0xEE, 0x33, 0x73, 0x1B, 0x99, 0xDD, 0xCC, 0xFC, 0xE7,
    0xCE, 0x38, 0x61, 0xC0, 0x0C, 0x7F, 0xF3, 0x03, 0x98, 0x1C, 0xC0, 0xE7, 0xFF, 0x1F, 0xF0, 0x00,
    0x10, 0x01, 0xFF, 0xEE, 0x33, 0x73, 0x1B, 0x99, 0xDD, 0xCC, 0xFC, 0xE7, 0xCE, 0x38, 0x20, 0x8C,
    0x0E, 0x60, 0x73, 0xFF, 0x98, 0x1C, 0xC0, 0xE7, 0xFF, 0x00, 0x00, 0x00, 0x10, 0x00, 0xEF, 0xFB,
    0x86, 0x6E, 0x31, 0xB8, 0xCE, 0xE7, 0x33, 0xB9, 0xCE, 0xC6, 0x38, 0x30, 0xE0, 0x33, 0x80, 0xE4,
    0x03, 0x80, 0x1F, 0x00, 0xEE, 0x1F, 0x1E, 0x30, 0x18, 0x00, 0x10, 0x01, 0xFF, 0xEE, 0x33, 0x73,
    0x1B, 0x98, 0xDD, 0xCC, 0xFC, 0xE7, 0xC6, 0x38, 0x61, 0xC0, 0x04, 0x3F, 0xC3, 0xCF, 0x18, 0x1C,
    0xC0, 0xE7, 0xDE, 0x1F, 0xE0, 0x00, 0x30, 0x00, 0xCC, 0x03, 0x30, 0x0C, 0xC0, 0x33, 0x00, 0xCC,
    0x03, 0x30, 0x0F, 0xC0, 0x3F, 0x00, 0xCC, 0x7B, 0x3F, 0xEC, 0x40, 0x30, 0x00, 0xC0, 0x03, 0x00,
    0x0C, 0x00, 0x30, 0x00, 0x33, 0x00, 0xCC, 0x03, 0x30, 0x0C, 0xC0, 0x3B, 0x00, 0xFC, 0x03, 0x3F,
    0xEC, 0xFF, 0xB0, 0x00, 0xC0, 0x02, 0x1F, 0xFC, 0x00, 0x30, 0x00, 0xC0, 0x03, 0x00, 0x0C, 0x00,
    0x30, 0x00, 0x33, 0x00, 0xCC, 0x03, 0x30, 0x0C, 0xC0, 0x3F, 0x00, 0xEC, 0xFB, 0x3F, 0xEC, 0x60,
    0x30, 0x00, 0xC0, 0x00, 0x1F, 0xFC, 0x0E, 0x30, 0x38, 0xC0, 0xE3, 0x03, 0x8C, 0x0C, 0x30, 0x00,
    0x33, 0x00, 0xCC, 0x03, 0x30, 0x0C, 0xC0, 0x33, 0x00, 0xFC, 0x03, 0xF3, 0xEC, 0xFF, 0xB1, 0x80,
    0xC0, 0x03, 0x0C, 0x0C, 0x30, 0x00, 0xC0, 0x03, 0x00, 0x0F, 0xFC, 0x1F, 0xF0, 0x00, 0x33, 0x00,
    0xCC, 0x03, 0x30, 0x0C, 0xC0, 0x3F, 0x00, 0xEC, 0xFB, 0x3F, 0xEC, 0x60, 0x30, 0x00, 0xC0, 0x00,
    0x0F, 0xFC, 0x30, 0x00, 0xC0, 0x03, 0x00, 0x0F, 0xFC, 0x3F, 0xE0, 0x00, 0x33, 0x00, 0xCC, 0x03,
    0x30, 0x0E, 0xC0, 0x3F, 0x00, 0xCF, 0xFB, 0x3F, 0xEC, 0x00, 0x30, 0x00, 0x03, 0xFF, 0x00, 0x0C,
    0x3F, 0xF0, 0xC0, 0x03, 0x00, 0x0F, 0xFC, 0x3F, 0xF0, 0x00, 0x33, 0x00, 0xCC, 0x03, 0x30, 0x0C,
    0xC0, 0x3F, 0x00, 0xEF, 0xFB, 0x3F, 0xEC, 0x00, 0x30, 0x00, 0x07, 0xFF, 0x01, 0x8C, 0x06, 0x31,
    0xF8, 0xC6, 0x23, 0x1F, 0xCC, 0x00, 0x30, 0x00, 0x33, 0x00, 0xCC, 0x03, 0x30, 0x0C, 0xC0, 0x3F,
    0x00, 0xEF, 0xFB, 0x3F, 0xEC, 0x00, 0x30, 0x00, 0x07, 0xFF, 0x03, 0xCC, 0x0F, 0x31, 0xFC, 0xC6,
    0x33, 0x1F, 0xFC, 0x00, 0x00, 0x00, 0x33, 0x00, 0xCC, 0x03, 0x30, 0x0C, 0xC0, 0x3F, 0x00, 0xEC,
    0xFB, 0x3F, 0xEC, 0x60, 0x30, 0x00, 0xC0, 0x00, 0x0F, 0xFC, 0x30, 0x30, 0xC0, 0xC3, 0x03, 0x0F,
    0xFC, 0x00, 0x00, 0x00, 0x33, 0x00, 0xCC, 0x03, 0x30, 0x0C, 0xC0, 0x3F, 0x00, 0xEC, 0xFB, 0x3F,
    0xEC, 0x60, 0x30, 0x00, 0x03, 0x03, 0x0C, 0x0C, 0x3F, 0xF0, 0xFF, 0xC3, 0x03, 0x0F, 0xFC, 0x3F,
    0xE0, 0x00, 0x33, 0x00, 0xCC, 0x03, 0x30, 0x0C, 0xC0, 0x33, 0x00, 0xFC, 0x03, 0xBF, 0xEC, 0xFF,
    0xB0, 0x00, 0xC0, 0x33, 0x00, 0xCC, 0x07, 0x00, 0x1E, 0x01, 0xDE, 0x1E, 0x1E, 0x70, 0x38, 0x00,
    0x33, 0x00, 0xCC, 0x03, 0x30, 0x0C, 0xC0, 0x3F, 0x00, 0xFC, 0xFB, 0x3F, 0xEC, 0x60, 0x30, 0x00,
    0x81, 0x86, 0x06, 0x18, 0x18, 0xE0, 0xF3, 0x87, 0xFB, 0x39, 0xE7, 0x43, 0x08, 0x00, 0x33, 0x00,
    0xCC, 0x03, 0x30, 0x0C, 0xC0, 0x3B, 0x00, 0xFC, 0x03, 0x3F, 0xEC, 0xFF, 0xB0, 0x00, 0xC1, 0xFC,
    0x0F, 0xF8, 0x30, 0x31, 0xC0, 0xC3, 0x03, 0x0F, 0xF8, 0x1F, 0xC0, 0x00, 0x33, 0x00, 0xCC, 0x03,
    0x30, 0x0C, 0xC0, 0x3B, 0x00, 0xFC, 0x7B, 0x3F, 0xEC, 0x60, 0x30, 0x00, 0xC0, 0x00, 0x0F, 0xFC,
    0x03, 0x00, 0x1E, 0x00, 0xFC, 0x1F, 0x3C, 0x70, 0x30, 0x00, 0x33, 0x00, 0xCC, 0x03, 0x30, 0x0C,
    0xC0, 0x3F, 0x00, 0xEF, 0xFB, 0x3F, 0xEC, 0x00, 0x30, 0x0C, 0xC0, 0x30, 0x1F, 0xFC, 0x03, 0x00,
    0x1E, 0x01, 0xFC, 0x1F, 0x3E, 0x70, 0x30, 0x00, 0x33, 0x00, 0xCC, 0x03, 0x30, 0x0C, 0xC0, 0x3F,
    0x00, 0xFC, 0xFB, 0x3F, 0xEC, 0x60, 0x30, 0x00, 0x83, 0xFF, 0x0C, 0x00, 0x30, 0x00, 0xFF, 0xC3,
    0x00, 0x0F, 0xFC, 0x00, 0x00, 0x00, 0x33, 0x00, 0xCC, 0x03, 0x30, 0x0E, 0xC0, 0x3F, 0x1E, 0xCF,
    0xFB, 0x18, 0x0C, 0x03, 0x30, 0x0C, 0x07, 0xFF, 0x80, 0x00, 0x1F, 0xC0, 0x73, 0x83, 0x86, 0x07,
    0x38, 0x1F, 0xC0, 0x00, 0x98, 0x0E, 0xF0, 0x77, 0x83, 0xBC, 0x1D, 0xE0, 0xEF, 0x07, 0x78, 0x3F,
    0xC1, 0xFE, 0x0E, 0xF3, 0xF7, 0xFF, 0xB7, 0x1D, 0x80, 0xEC, 0x07, 0x60, 0x3B, 0x00, 0x18, 0x00,
    0x9A, 0x0E, 0xF0, 0x77, 0x83, 0xBC, 0x1D, 0xE0, 0xFF, 0x3F, 0x7F, 0xFB, 0x41, 0xD8, 0x04, 0xC0,
    0x00, 0x7F, 0xF0, 0x01, 0x80, 0x0C, 0x00, 0x60, 0x03, 0x00, 0x18, 0x00, 0x9A, 0x0E, 0xF0, 0x77,
    0x83, 0xBC, 0x1D, 0xE0, 0xFF, 0x07, 0xF9, 0xFB, 0xFF, 0xDB, 0x0E, 0xC4, 0x76, 0x63, 0xB3, 0x01,
    0x98, 0x00, 0xC0, 0x07, 0xFF, 0x1F, 0xF8, 0x00, 0x9B, 0x07, 0x6C, 0x1D, 0xB0, 0x76, 0xC1, 0xFB,
    0x07, 0x6F, 0xFD, 0xBF, 0xF6, 0x01, 0xD8, 0x00, 0x43, 0xFF, 0x80, 0x06, 0x3F, 0xF8, 0xC0, 0x03,
    0x00, 0x0F, 0xFE, 0x00, 0x00, 0x00, 0x9E, 0x0E, 0xF0, 0x77, 0x83, 0xBC, 0x1D, 0xE0, 0xFF, 0x3F,
    0x7F, 0xFB, 0x61, 0xD8, 0x04, 0xC0, 0x00, 0x7F, 0xF3, 0x01, 0x98, 0x0C, 0xC0, 0x67, 0xFF, 0x1F,
    0xF0, 0x00, 0x1A, 0x0E, 0xF0, 0x77, 0x83, 0xBC, 0x1D, 0xE0, 0xFF, 0x3F, 0x7F, 0xFB, 0x41, 0xD8,
    0x00, 0x8C, 0x06, 0x60, 0x33, 0xFF, 0x98, 0x0C, 0xC0, 0x67, 0xFF, 0x1F, 0xF0, 0x00, 0x98, 0x07,
    0x6C, 0x1D, 0xB0, 0x76, 0xC1, 0xFB, 0x07, 0xEC, 0x1D, 0xB3, 0xF6, 0xFF, 0xD8, 0x02, 0x60, 0x11,
    0x80, 0xE0, 0x03, 0x80, 0x1F, 0x00, 0xEE, 0x0F, 0x1E, 0x30, 0x18, 0x00, 0x98, 0x06, 0x6C, 0x19,
    0xB0, 0x66, 0xC1, 0xDB, 0x07, 0xEC, 0x19, 0xBF, 0xE6, 0xFF, 0x98, 0x06, 0x60, 0x86, 0x07, 0x18,
    0x1C, 0x60, 0x73, 0xC3, 0xEF, 0x9D, 0xE7, 0x43, 0x0C, 0x00, 0x9A, 0x0C, 0xF0, 0x67, 0x83, 0x3C,
    0x1F, 0xE0, 0xFF, 0x06, 0x7F, 0xF3, 0xFF, 0x98, 0x0C, 0xC0, 0x06, 0x1F, 0xE1, 0xC7, 0x98, 0x0C,
    0xC0, 0x63, 0xDE, 0x0F, 0xE0, 0x00, 0x30, 0x00, 0xCC, 0x03, 0x30, 0x0C, 0xC0, 0x3B, 0x00, 0xFC,
    0x03, 0x30, 0x0C, 0xC0, 0x33, 0x00, 0xEC, 0x03, 0xFF, 0xEC, 0xFF, 0xB0, 0x00, 0xC0, 0x03, 0x00,
    0x0C, 0x00, 0x30, 0x00, 0x33, 0x00, 0xCC, 0x03, 0xB0, 0x0F, 0xC0, 0x33, 0x00, 0xCC, 0x03, 0xFF,
    0xEE, 0xFF, 0xB0, 0x00, 0xC0, 0x02, 0x1F, 0xFC, 0x00, 0x30, 0x00, 0xC0, 0x03, 0x00, 0x0C, 0x00,
    0x30, 0x00, 0x30, 0x00, 0xCC, 0x03, 0x30, 0x0E, 0xC0, 0x3F, 0x00, 0xCC, 0x03, 0x31, 0xEE, 0xFF,
    0xBD, 0x80, 0xC0, 0x03, 0x0C, 0x0C, 0x30, 0x00, 0xC0, 0x03, 0x00, 0x0F, 0xFC, 0x1F, 0xF0, 0x00,
    0x33, 0x00, 0xCC, 0x03, 0x30, 0x0F, 0xC0, 0x33, 0x00, 0xCF, 0xFB, 0xFF, 0xEC, 0x00, 0x30, 0x00,
    0x83, 0xFF, 0x00, 0x0C, 0x3F, 0xF0, 0xC0, 0x03, 0x00, 0x0F, 0xFC, 0x3F, 0xF0, 0x00, 0x33, 0x00,
    0xCC, 0x03, 0xB0, 0x0F, 0xC0, 0x33, 0x00, 0xCC, 0x7B, 0xFF, 0xEE, 0x60, 0x30, 0x00, 0xC0, 0x00,
    0x0F, 0xFC, 0x30, 0x30, 0xC0, 0xC3, 0x03, 0x0F, 0xFC, 0x00, 0x00, 0x00, 0x33, 0x00, 0xCC, 0x03,
    0x30, 0x0F, 0xC0, 0x3B, 0x00, 0xCC, 0x03, 0xFF, 0xEF, 0xFF, 0xB0, 0x00, 0xC1, 0xFC, 0x0F, 0xF8,
    0x30, 0x31, 0xC0, 0xC3, 0x03, 0x0F, 0xF8, 0x1F, 0xC0, 0x00, 0x18, 0x01, 0xF0, 0x0F, 0x80, 0x7C,
    0x03, 0xE0, 0x1F, 0x0F, 0xF8, 0x07, 0xC0, 0x3E, 0x01, 0xF0, 0x0F, 0xFF, 0x7F, 0xFB, 0x80, 0x1C,
    0x00, 0xE0, 0x07, 0x00, 0x18, 0x00, 0x16, 0x01, 0xF0, 0x0F, 0x83, 0xFC, 0x3F, 0xE0, 0x1F, 0x00,
    0xFF, 0xF7, 0xFF, 0xB8, 0x01, 0xC0, 0x0C, 0x7F, 0xF0, 0x03, 0x80, 0x1C, 0x00, 0xE0, 0x07, 0x00,
    0x18, 0x00, 0x1B, 0x00, 0xEC, 0x03, 0xB0, 0xFE, 0xC1, 0xFB, 0x00, 0xEC, 0x03, 0xBF, 0xEE, 0xFF,
    0xB8, 0x00, 0xE0, 0x06, 0x1F, 0x98, 0x06, 0x60, 0x19, 0xC0, 0x6F, 0x01, 0xF7, 0x07, 0x88, 0x00,
    0x12, 0x01, 0xF0, 0x0F, 0x80, 0x7C, 0x3F, 0xE0, 0xFF, 0x00, 0xF8, 0xF7, 0xFF, 0xBB, 0x81, 0xC0,
    0x0E, 0x60, 0x73, 0x00, 0x18, 0x00, 0xC0, 0x07, 0xFF, 0x1F, 0xF0, 0x00, 0x1E, 0x01, 0xF0, 0x0F,
    0x87, 0xFC, 0x1F, 0xE0, 0x1F, 0x1E, 0xFF, 0xF7, 0x60, 0x38, 0x00, 0x0F, 0xFE, 0x00, 0x73, 0xFF,
    0x98, 0x00, 0xC0, 0x07, 0xFF, 0x1F, 0xF0, 0x00, 0x1E, 0x01, 0xF0, 0x0F, 0x87, 0xFC, 0x1F, 0xE0,
    0x1F, 0x1E, 0xFF, 0xF7, 0x60, 0x38, 0x00, 0x1F, 0xFE, 0x0F, 0x30, 0x79, 0xBF, 0xCD, 0x86, 0x6F,
    0xF3, 0x01, 0xF8, 0x00, 0x1E, 0x01, 0xF0, 0x0F, 0x87, 0xFC, 0x1F, 0xE0, 0x1F, 0x1E, 0xFF, 0xF7,
    0x60, 0x38, 0x0C, 0x9F, 0xE6, 0x0F, 0x30, 0x7F, 0xBF, 0xCD, 0x86, 0x6F, 0xFF, 0x00, 0x00, 0x00,
    0x12, 0x01, 0xF0, 0x0F, 0x80, 0x7C, 0x3F, 0xE0, 0x1F, 0x00, 0xFF, 0xF7, 0xFF, 0xB8, 0x01, 0xC0,
    0x04, 0x7F, 0xF3, 0x01, 0x98, 0x0C, 0xC0, 0x67, 0xFF, 0x1F, 0xF0, 0x00, 0x1E, 0x01, 0xF0, 0x0F,
    0x87, 0xFC, 0x1F, 0xE0, 0x1F, 0x1E, 0xFF, 0xF7, 0x70, 0x38, 0x00, 0x0C, 0x0E, 0x60, 0x73, 0xFF,
    0x98, 0x1C, 0xC0, 0xE7, 0xFF, 0x1F, 0xF0, 0x00, 0x11, 0x00, 0xEC, 0x03, 0xB0, 0x0E, 0xC3, 0xFB,
    0x07, 0xEC, 0x03, 0xB1, 0xEE, 0xFF, 0xB9, 0x80, 0xE0, 0x33, 0x80, 0xE4, 0x03, 0x80, 0x1F, 0x00,
    0xEE, 0x1F, 0x1E, 0x30, 0x18, 0x00, 0x11, 0x00, 0xEC, 0x03, 0xB0, 0x0E, 0xC3, 0xFB, 0x00, 0xEC,
    0x03, 0xBF, 0xEE, 0xFF, 0xB8, 0x00, 0xE1, 0x86, 0x06, 0x18, 0x1C, 0x60, 0x73, 0xC3, 0xFF, 0x99,
    0xE7, 0x43, 0x08, 0x00, 0x12, 0x01, 0xF0, 0x0F, 0x83, 0xFC, 0x3F, 0xE0, 0x1F, 0x00, 0xFF, 0xF7,
    0xFF, 0xB8, 0x01, 0xC0, 0x06, 0x3F, 0xC3, 0xC7, 0x18, 0x1C, 0xC0, 0xE7, 0xDE, 0x1F, 0xE0, 0x00,
    0x16, 0x01, 0xF0, 0x0F, 0x87, 0xFC, 0x03, 0xE0, 0x1F, 0xFE, 0xFF, 0xF7, 0x03, 0x38, 0x18, 0x8F,
    0xFE, 0x00, 0x00, 0xFE, 0x0E, 0x78, 0x60, 0xC3, 0x9E, 0x0F, 0xE0, 0x00, 0x18, 0x06, 0xF0, 0x37,
    0x81, 0xBC, 0x0D, 0xE0, 0x6F, 0x3F, 0x78, 0xFB, 0xC0, 0xDE, 0x06, 0xF3, 0xB7, 0xFD, 0xB7, 0x0D,
    0x80, 0x6C, 0x03, 0x60, 0x1B, 0x00, 0x18, 0x00, 0x1E, 0x06, 0xF0, 0x37, 0x81, 0xBC, 0x7D, 0xE0,
    0x6F, 0x03, 0x7F, 0xDB, 0xFE, 0xD8, 0x06, 0xC0, 0x04, 0x7F, 0xF0, 0x01, 0x80, 0x0C, 0x00, 0x60,
    0x03, 0x00, 0x18, 0x00, 0xD9, 0x03, 0x6C, 0x0D, 0xB0, 0x36, 0xC7, 0xDB, 0x03, 0x6C, 0x0D, 0xB1,
    0xB6, 0xFE, 0xD9, 0x83, 0x61, 0x0D, 0x8E, 0x36, 0x38, 0x10, 0xE0, 0x03, 0x80, 0x0F, 0xFE, 0x1F,
    0xF8, 0x00, 0xDB, 0x03, 0x6C, 0x0D, 0xB1, 0xF6, 0xC0, 0xDB, 0x03, 0x6F, 0xED, 0xBF, 0xB6, 0x00,
    0xD8, 0x00, 0x03, 0xFF, 0x80, 0x06, 0x3F, 0xF8, 0xC0, 0x03, 0x00, 0x0F, 0xFF, 0x00, 0x00, 0x00,
    0x1E, 0x06, 0xF0, 0x37, 0x81, 0xBC, 0x7D, 0xE0, 0x6F, 0x03, 0x7F, 0xDB, 0xFE, 0xD8, 0x06, 0xC0,
    0x04, 0x7F, 0xF3, 0x01, 0x98, 0x0C, 0xC0, 0x67, 0xFF, 0x1F, 0xF0, 0x00, 0x1A, 0x06, 0xF0, 0x37,
    0x81, 0xBC, 0x7D, 0xE0, 0x6F, 0x03, 0x7F, 0xDB, 0xFE, 0xD8, 0x06, 0xCE, 0x06, 0x70, 0x33, 0xFF,
    0x9C, 0x0C, 0xE0, 0x67, 0xFF, 0x1F, 0xF0, 0x00, 0xD9, 0x03, 0x6C, 0x0D, 0xB0, 0x36, 0xC7, 0xDB,
    0x03, 0x6C, 0x0D, 0xB3, 0xB6, 0xFE, 0xD9, 0x83, 0x60, 0x19, 0x80, 0xE6, 0x03, 0x80, 0x1F, 0x00,
    0xEF, 0x0F, 0x1F, 0x30, 0x18, 0x00, 0x9B, 0x03, 0x6C, 0x0D, 0xB0, 0x36, 0xC7, 0xDB, 0x03, 0x6C,
    0x0D, 0xBF, 0xB6, 0xFE, 0xD8, 0x03, 0x60, 0x86, 0x07, 0x18, 0x1C, 0x60, 0x73, 0xC3, 0x6F, 0x9D,
    0xE7, 0x43, 0x08, 0x00, 0x9A, 0x06, 0xF0, 0x37, 0x81, 0xBC, 0x7D, 0xE0, 0x6F, 0x03, 0x79, 0xDB,
    0xFE, 0xDB, 0x06, 0xC0, 0x06, 0x1F, 0xE1, 0xC7, 0x98, 0x0C, 0xE0, 0x63, 0xDF, 0x0F, 0xE0, 0x00,
    0x18, 0x01, 0xF0, 0x0F, 0x80, 0x7C, 0x3F, 0xE0, 0xFF, 0x00, 0xF8, 0x07, 0xC3, 0xFE, 0x0F, 0xF0,
    0x0F, 0xFF, 0x7F, 0xFB, 0x80, 0x1C, 0x00, 0xE0, 0x07, 0x00, 0x18, 0x40, 0x3E, 0x01, 0xF0, 0xFF,
    0x80, 0x7C, 0x3F, 0xE0, 0x1F, 0x1E, 0xFF, 0xF7, 0x70, 0x38, 0x00, 0x0F, 0xFE, 0x7F, 0xF0, 0x03,
    0x80, 0x1C, 0x00, 0xE0, 0x03, 0x00, 0x12, 0x01, 0xF0, 0x0F, 0x87, 0xFC, 0x03, 0xE0, 0x1F, 0x0F,
    0xF8, 0x07, 0xFF, 0xBF, 0xFD, 0xC0, 0x0E, 0x60, 0x73, 0x01, 0x18, 0x00, 0xC0, 0x07, 0xFF, 0x1F,
    0xF0, 0x00, 0x1E, 0x01, 0xF0, 0xFF, 0x80, 0x7C, 0x03, 0xE1, 0xFF, 0x00, 0xFF, 0xF7, 0xFF, 0xB8,
    0x01, 0x8F, 0xFE, 0x00, 0x70, 0x03, 0x9F, 0xFC, 0xC0, 0x07, 0xFF, 0x00, 0x00, 0x00, 0x1E, 0x01,
    0xF0, 0xFF, 0x80, 0x7C, 0x03, 0xE1, 0xFF, 0x00, 0xF8, 0xF7, 0xFF, 0xBB, 0x01, 0xC0, 0x00, 0x7F,
    0xF3, 0x03, 0x98, 0x1C, 0xC0, 0xE7, 0xFF, 0x1F, 0xF0, 0x00, 0x1E, 0x01, 0xF0, 0xFF, 0x80, 0x7C,
    0x03, 0xE1, 0xFF, 0x00, 0xFF, 0xF7, 0xFF, 0xB8, 0x00, 0x8C, 0x0E, 0x60, 0x73, 0xFF, 0x98, 0x1C,
    0xC0, 0xE7, 0xFF, 0x1F, 0xF0, 0x00, 0x3B, 0x00, 0xEC, 0x3F, 0xB0, 0x0E, 0xC0, 0x3B, 0x0F, 0xEC,
    0x03, 0xB1, 0xEE, 0xFF, 0xB9, 0x00, 0xE1, 0x86, 0x06, 0x18, 0x1C, 0x60, 0x73, 0xC7, 0x7F, 0x99,
    0xE7, 0x43, 0x08, 0x00, 0x3E, 0x01, 0xF0, 0xFF, 0x80, 0x7C, 0x03, 0xE1, 0xFF, 0x00, 0xFC, 0xF7,
    0xFF, 0xBB, 0x01, 0xC0, 0x06, 0x3F, 0xC3, 0xC7, 0x18, 0x1C, 0xC0, 0xE7, 0xDE, 0x1F, 0xE0, 0x00,
    0x1E, 0x01, 0xF0, 0xFF, 0x80, 0x7C, 0x03, 0xE1, 0xFF, 0x00, 0xFC, 0xF7, 0xFF, 0xBB, 0x01, 0xC0,
    0x00, 0x7F, 0xF0, 0x03, 0x80, 0xFD, 0xFF, 0xE6, 0x07, 0x00, 0x38, 0x00, 0x98, 0x06, 0xF0, 0x37,
    0x81, 0xBC, 0x7D, 0xE3, 0xEF, 0x03, 0x78, 0xFB, 0xC7, 0xDE, 0x06, 0xF0, 0x37, 0xFD, 0xBF, 0xED,
    0x80, 0x6C, 0x03, 0x60, 0x1B, 0x00, 0x18, 0x00, 0x98, 0x03, 0x6C, 0x0D, 0xB1, 0xF6, 0xC0, 0xDB,
    0x03, 0x6C, 0x7D, 0xB0, 0x36, 0xFE, 0xDB, 0xFB, 0x60, 0x0D, 0x86, 0x36, 0x38, 0x18, 0xE0, 0x03,
    0x80, 0x0F, 0xFE, 0x1F, 0xF8, 0x10, 0x00, 0x60, 0x00, 0xC0, 0x01, 0x80, 0x03, 0x00, 0x06, 0x00,
    0x0C, 0x00, 0x1F, 0xFC, 0x01, 0x80, 0x03, 0x00, 0x06, 0x00, 0x0C, 0x00, 0x38, 0x1F, 0xFF, 0xC0,
    0x10, 0x00, 0x60, 0x00, 0xC0, 0x01, 0x80, 0x03, 0x00, 0x07, 0xFF, 0x07, 0xFE, 0x00, 0xC0, 0x03,
    0x81, 0xFF, 0xFC, 0x00, 0x01, 0xFF, 0xC1, 0xFF, 0x80, 0x03, 0x00, 0x06, 0x00, 0x0C, 0x00, 0x18,
    0x30, 0x00, 0x60, 0x00, 0xC0, 0x01, 0x80, 0x03, 0x80, 0x07, 0xFF, 0x00, 0x60, 0x00, 0xC0, 0xFF,
    0xFE, 0xFF, 0xF8, 0xC0, 0x01, 0x80, 0x03, 0x00, 0x06, 0x00, 0x0F, 0xFE, 0x0F, 0xFC, 0x10, 0x00,
    0x60, 0x00, 0xC0, 0x01, 0x80, 0x03, 0xFF, 0x83, 0xFF, 0x00, 0x60, 0x7F, 0xFF, 0x7F, 0xFC, 0x00,
    0x00, 0xFF, 0xE0, 0x00, 0xC0, 0x01, 0x87, 0xFF, 0x0C, 0x00, 0x1F, 0xFE, 0x00, 0x00, 0x10, 0x00,
    0x60, 0x00, 0xC0, 0x01, 0x80, 0x03, 0x80, 0x07, 0xFF, 0x00, 0x60, 0x01, 0xC0, 0xFF, 0xFE, 0x00,
    0x00, 0xFB, 0xE0, 0x36, 0xC0, 0x6D, 0x87, 0xDB, 0x0C, 0x36, 0x1F, 0xFC, 0x00, 0x00, 0x10, 0x00,
    0x60, 0x00, 0xC0, 0x01, 0x80, 0x03, 0x80, 0x07, 0xFF, 0x00, 0x60, 0x00, 0xC0, 0xFF, 0xFE, 0xFF,
    0xF8, 0x00, 0x01, 0xFF, 0xC3, 0x01, 0x86, 0x03, 0x0C, 0x06, 0x1F, 0xFC, 0x1F, 0xF0, 0x10, 0x00,
    0x60, 0x00, 0xC0, 0x01, 0x80, 0x03, 0x80, 0x07, 0xFF, 0x00, 0x60, 0x00, 0xC0, 0xFF, 0xFE, 0x00,
    0x00, 0xC0, 0x61, 0x80, 0xC3, 0xFF, 0x87, 0x03, 0x0C, 0x06, 0x1F, 0xFC, 0x1F, 0xF0, 0x10, 0x00,
    0x60, 0x00, 0xC0, 0x01, 0x80, 0x03, 0x00, 0x07, 0xFF, 0x07, 0xFC, 0x00, 0xC0, 0xFF, 0xFE, 0x00,
    0x00, 0x06, 0x00, 0x1C, 0x00, 0x38, 0x00, 0xF8, 0x03, 0xBC, 0x1E, 0x3E, 0x30, 0x18, 0x10, 0x00,
    0x60, 0x00, 0xC0, 0x01, 0x80, 0x03, 0x00, 0x07, 0xFF, 0x07, 0xFE, 0x00, 0xC0, 0xFF, 0xFE, 0xFF,
    0xF8, 0x00, 0x00, 0x7F, 0x81, 0xC7, 0x86, 0x03, 0x0C, 0x06, 0x0F, 0x7C, 0x0F, 0xF0, 0x00, 0x00,
    0x60, 0x00, 0xC0, 0x01, 0x80, 0x03, 0x80, 0x07, 0xFF, 0x00, 0x60, 0x01, 0xC0, 0xFF, 0xFE, 0x00,
    0x00, 0x00, 0x01, 0xFF, 0xC0, 0xC6, 0x01, 0x8C, 0x03, 0x18, 0x1F, 0xFC, 0x1F, 0xF8, 0x10, 0x00,
    0x60, 0x00, 0xC0, 0x01, 0x80, 0x03, 0xFF, 0x80, 0x30, 0x00, 0x60, 0x7F, 0xFF, 0x03, 0x80, 0x03,
    0x00, 0xFF, 0xF0, 0x00, 0x00, 0xFE, 0x03, 0x8E, 0x06, 0x0C, 0x0E, 0x38, 0x0F, 0xE0, 0x00, 0x18,
    0x00, 0x31, 0x80, 0x63, 0x00, 0xC6, 0x01, 0x8C, 0x03, 0x18, 0x06, 0x3F, 0xEF, 0x3F, 0x9E, 0x0C,
    0x30, 0x18, 0x60, 0x7E, 0xCF, 0xFD, 0x88, 0x03, 0x00, 0x06, 0x00, 0x0C, 0x00, 0x18, 0x00, 0x18,
    0x40, 0x30, 0xC0, 0x61, 0x80, 0xC3, 0x01, 0x86, 0x03, 0x8F, 0xF7, 0x87, 0x0C, 0x0F, 0xD9, 0xFF,
    0xF1, 0x80, 0x60, 0xC0, 0xC1, 0x81, 0x83, 0x00, 0x06, 0x00, 0x0F, 0xFC, 0x1F, 0xF8, 0x00, 0x18,
    0x60, 0x30, 0xC0, 0x61, 0x80, 0xC3, 0xFD, 0xE7, 0xF3, 0x83, 0x06, 0x1F, 0xFC, 0xFF, 0xF8, 0x00,
    0x30, 0xFF, 0xE0, 0x00, 0xC0, 0x01, 0x87, 0xFF, 0x0C, 0x00, 0x1F, 0xFC, 0x00, 0x00, 0x00, 0x18,
    0x60, 0x31, 0xC0, 0x63, 0x80, 0xC7, 0x01, 0xCF, 0xFB, 0xCF, 0xE6, 0x07, 0x0C, 0x7F, 0xF9, 0xFF,
    0xB0, 0x00, 0x60, 0x63, 0x80, 0xC7, 0x03, 0x8E, 0x0F, 0xBE, 0x39, 0xEE, 0x21, 0x84, 0x00, 0x18,
    0x00, 0x73, 0x01, 0xCC, 0x07, 0x30, 0x1C, 0xC0, 0x73, 0x01, 0xCF, 0xF7, 0x3F, 0x9C, 0x18, 0x70,
    0x61, 0xC1, 0xFF, 0x7F, 0xFD, 0x80, 0x70, 0x01, 0xC0, 0x07, 0x00, 0x18, 0x00, 0x08, 0xC0, 0x73,
    0x01, 0xCC, 0x07, 0x30, 0x1C, 0xC0, 0x73, 0xFD, 0xC1, 0x87, 0x07, 0xFD, 0xFF, 0xF4, 0x01, 0xC6,
    0x07, 0x18, 0x08, 0x60, 0x01, 0x80, 0x07, 0xFF, 0x0F, 0xF8, 0x00, 0x18, 0xC0, 0x73, 0x01, 0xCC,
    0x07, 0x3F, 0xDC, 0x7E, 0x70, 0x61, 0xCF, 0xFF, 0x7F, 0xFC, 0x00, 0x61, 0xFF, 0xC0, 0x07, 0x00,
    0x1C, 0x7F, 0xF1, 0x80, 0x07, 0xFF, 0x00, 0x00, 0x00, 0x08, 0xC0, 0x73, 0x01, 0xCC, 0x07, 0x30,
    0x1C, 0xFF, 0x70, 0x61, 0xC1, 0xFF, 0x7F, 0xFD, 0x80, 0x70, 0x00, 0x07, 0xFF, 0x18, 0x1C, 0x60,
    0x71, 0x81, 0xC7, 0xFF, 0x0F, 0xF8, 0x00, 0x08, 0xC0, 0x73, 0x01, 0xCC, 0x07, 0x30, 0x1C, 0xFF,
    0x70, 0x61, 0xC1, 0xFF, 0x7F, 0xFD, 0x00, 0x21, 0x81, 0xC6, 0x07, 0x1F, 0xFC, 0x60, 0x71, 0x81,
    0xC7, 0xFF, 0x00, 0x00, 0x00, 0x08, 0xC0, 0x73, 0x01, 0xCC, 0x07, 0x30, 0x1C, 0xFF, 0x71, 0xF9,
    0xC1, 0x87, 0x7F, 0xFD, 0xFF, 0xF0, 0x01, 0xC0, 0x67, 0x01, 0xC0, 0x0F, 0x00, 0x77, 0x0F, 0x8F,
    0x18, 0x1C, 0x00, 0x00, 0x60, 0x00, 0xC0, 0x01, 0x80, 0x03, 0x00, 0x06, 0x00, 0x0C, 0x00, 0x1F,
    0xFC, 0x0C, 0x60, 0x18, 0xC0, 0x31, 0x80, 0x63, 0x0F, 0xFF, 0xEF, 0xFF, 0x80, 0x10, 0x00, 0x60,
    0x00, 0xC0, 0x01, 0x80, 0x03, 0x00, 0x07, 0xFF, 0x07, 0xFE, 0x06, 0x30, 0x0C, 0x61, 0xFF, 0xFC,
    0x00, 0x01, 0xFF, 0xC1, 0xFF, 0x80, 0x03, 0x00, 0x06, 0x00, 0x0C, 0x00, 0x18, 0x00, 0x00, 0x60,
    0x00, 0xC0, 0x01, 0x80, 0x03, 0x00, 0x07, 0xFF, 0x03, 0x18, 0x06, 0x30, 0x0C, 0x61, 0xFF, 0xFD,
    0xFF, 0xF1, 0x80, 0x03, 0x00, 0x06, 0x00, 0x0C, 0x00, 0x1F, 0xFC, 0x1F, 0xF8, 0x10, 0x00, 0x60,
    0x00, 0xC0, 0x01, 0x80, 0x03, 0xFF, 0x83, 0xFF, 0x03, 0x18, 0x7F, 0xFF, 0x7F, 0xFC, 0x00, 0x00,
    0xFF, 0xE0, 0x00, 0xC0, 0x01, 0x87, 0xFF, 0x0C, 0x00, 0x1F, 0xFE, 0x00, 0x00, 0x10, 0x00, 0x60,
    0x00, 0xC0, 0x01, 0x80, 0x03, 0x80, 0x07, 0xFF, 0x03, 0x18, 0x06, 0x30, 0xFF, 0xFE, 0x00, 0x00,
    0xC0, 0x61, 0x80, 0xC3, 0xFF, 0x87, 0x03, 0x0C, 0x06, 0x1F, 0xFC, 0x1F, 0xF0, 0x10, 0x00, 0x60,
    0x00, 0xC0, 0x01, 0x80, 0x03, 0x00, 0x07, 0xFF, 0x07, 0xFC, 0x06, 0x30, 0x0C, 0x61, 0xFF, 0xFC,
    0x00, 0x00, 0x0C, 0x00, 0x38, 0x00, 0x78, 0x03, 0xB8, 0x1E, 0x3E, 0x30, 0x18, 0x10, 0x00, 0x60,
    0x00, 0xC0, 0x01, 0x80, 0x03, 0x00, 0x07, 0xFF, 0x07, 0xFE, 0x06, 0x30, 0xFF, 0xFE, 0xFF, 0xF8,
    0x00, 0x00, 0x7F, 0x81, 0xC7, 0x86, 0x03, 0x0C, 0x06, 0x0F, 0x7C, 0x0F, 0xF0, 0x30, 0x00, 0x60,
    0x00, 0xC0, 0x01, 0x80, 0x03, 0x00, 0x07, 0xFF, 0x07, 0xFE, 0x00, 0x00, 0x7F, 0xFD, 0xFF, 0xFC,
    0x06, 0x00, 0x0C, 0x00, 0x18, 0x00, 0x30, 0x00, 0x60, 0x00, 0xC0, 0x10, 0x00, 0x60, 0x00, 0xC0,
    0x01, 0x80, 0x03, 0x00, 0x07, 0xFF, 0x00, 0x00, 0x00, 0x00, 0xFF, 0xFE, 0xFF, 0xF8, 0x06, 0x00,
    0xFF, 0x83, 0xFF, 0x80, 0x03, 0x00, 0x06, 0x00, 0x0C, 0x00, 0x18, 0x00, 0x00, 0x60, 0x00, 0xC0,
    0x01, 0x80, 0x03, 0x00, 0x07, 0xFF, 0x00, 0x00, 0x00, 0x00, 0x00, 0x01, 0xFF, 0xFC, 0x06, 0x00,
    0x8C, 0x03, 0x18, 0x06, 0x00, 0x0C, 0x00, 0x1F, 0xFC, 0x1F, 0xF8, 0x10, 0x00, 0x60, 0x00, 0xC0,
    0x01, 0x80, 0x03, 0x00, 0x07, 0xFF, 0x07, 0xFE, 0x00, 0x00, 0xFF, 0xFE, 0x03, 0x00, 0x06, 0x01,
    0xFF, 0xC3, 0xFF, 0x06, 0x00, 0x0C, 0x00, 0x1F, 0xFC, 0x1F, 0xF8, 0x10, 0x00, 0x60, 0x00, 0xC0,
    0x01, 0x80, 0x03, 0xFF, 0x83, 0xFF, 0x00, 0x00, 0x7F, 0xFF, 0x7F, 0xFC, 0x03, 0x00, 0xFF, 0xE0,
    0x00, 0xC0, 0x01, 0x87, 0xFF, 0x0C, 0x00, 0x1F, 0xFE, 0x00, 0x00, 0x10, 0x00, 0x60, 0x00, 0xC0,
    0x01, 0x80, 0x03, 0x80, 0x07, 0xFF, 0x00, 0x00, 0x00, 0x00, 0xFF, 0xFE, 0x03, 0x00, 0x06, 0x01,
    0xFF, 0xC3, 0x01, 0x86, 0x03, 0x0C, 0x06, 0x1F, 0xFC, 0x00, 0x00, 0x10, 0x00, 0x60, 0x00, 0xC0,
    0x01, 0x80, 0x03, 0x80, 0x07, 0xFF, 0x00, 0x00, 0x00, 0x00, 0xFF, 0xFE, 0x03, 0x00, 0xC6, 0x61,
    0x80, 0xC3, 0xFF, 0x87, 0x03, 0x0C, 0x06, 0x1F, 0xFC, 0x1F, 0xF0, 0x10, 0x00, 0x60, 0x00, 0xC0,
    0x01, 0x80, 0x03, 0x80, 0x07, 0xFF, 0x00, 0x00, 0x00, 0x00, 0xFF, 0xFE, 0x03, 0x00, 0x06, 0x00,
    0x0C, 0x00, 0x38, 0x00, 0x70, 0x03, 0xF8, 0x1E, 0x3E, 0x38, 0x18, 0x10, 0x00, 0x60, 0x00, 0xC0,
    0x01, 0x80, 0x03, 0x00, 0x07, 0xFF, 0x07, 0xFE, 0x00, 0x00, 0xFF, 0xFE, 0x03, 0x00, 0x06, 0x00,
    0x7F, 0x81, 0xC7, 0x86, 0x03, 0x0C, 0x06, 0x0F, 0x7C, 0x0F, 0xF0, 0x00, 0x08, 0xC0, 0x73, 0x01,
    0xCC, 0x07, 0x30, 0x1C, 0xC0, 0x73, 0xFD, 0xC0, 0x07, 0x03, 0xFF, 0xFF, 0xF4, 0xE1, 0xC1, 0x87,
    0x06, 0xFC, 0x18, 0x70, 0x61, 0xC1, 0x87, 0x04, 0x1C, 0x00, 0x08, 0x60, 0x38, 0xC0, 0x71, 0x80,
    0xE3, 0xFD, 0xC0, 0x03, 0x8F, 0xFF, 0x7F, 0xFE, 0x0C, 0x1C, 0x19, 0xF8, 0x30, 0x70, 0x61, 0x80,
    0xC3, 0x01, 0xCE, 0x07, 0xDE, 0x3D, 0xE7, 0x21, 0x84, 0x00, 0x6D, 0x81, 0xB6, 0x06, 0xD8, 0x1B,
    0x60, 0x6D, 0xFD, 0xB0, 0x06, 0xC0, 0x1B, 0x7F, 0xEF, 0xFF, 0xB0, 0xC6, 0xC3, 0xFB, 0x0C, 0x6C,
    0x31, 0xB0, 0xC6, 0xC2, 0x1B, 0x00, 0x0C, 0x00, 0x08, 0xC0, 0x73, 0x01, 0xCC, 0x07, 0x30, 0x1C,
    0xFE, 0x73, 0xFD, 0xC0, 0x07, 0x00, 0x1D, 0xFF, 0xF7, 0xFD, 0xC1, 0x87, 0x06, 0x1C, 0x18, 0x70,
    0x61, 0xC1, 0x87, 0x06, 0x0C, 0x00, 0x18, 0xC0, 0x63, 0x01, 0x8C, 0x06, 0x30, 0x18, 0xFF, 0x60,
    0x01, 0x80, 0xFE, 0x7F, 0xF9, 0xD8, 0x60, 0x61, 0x87, 0x86, 0x18, 0x18, 0x60, 0x01, 0x80, 0x07,
    0xFF, 0x1F, 0xF8, 0x00, 0x18, 0xC0, 0x63, 0x01, 0x8C, 0x06, 0x3F, 0xD8, 0x00, 0x60, 0x1F, 0x9F,
    0xFE, 0x66, 0x18, 0x18, 0x21, 0xFF, 0x80, 0x06, 0x00, 0x18, 0x7F, 0xE1, 0x80, 0x07, 0xFF, 0x00,
    0x00, 0x00, 0x18, 0xC0, 0x63, 0x01, 0x8C, 0x06, 0x30, 0x18, 0xFF, 0x60, 0x01, 0x9F, 0xFE, 0x7F,
    0xF8, 0x18, 0x60, 0x60, 0x87, 0xFE, 0x18, 0x18, 0x60, 0x61, 0x81, 0x87, 0xFE, 0x0F, 0xF8, 0x00,
    0x18, 0xC0, 0x63, 0x01, 0x8C, 0x06, 0x30, 0x18, 0xFF, 0x60, 0x1F, 0x9F, 0xFE, 0x06, 0x18, 0x18,
    0x61, 0xE0, 0x86, 0x06, 0x1F, 0xF8, 0x60, 0x61, 0x81, 0x87, 0xFE, 0x00, 0x00, 0x30, 0x00, 0x60,
    0x00, 0xC0, 0x01, 0x80, 0x03, 0x00, 0x07, 0xFF, 0x07, 0xFC, 0x00, 0x00, 0x00, 0x01, 0xFF, 0xFC,
    0x31, 0x80, 0x63, 0x00, 0xC6, 0x01, 0x8C, 0x03, 0x18, 0x06, 0x30, 0x00, 0x00, 0x60, 0x00, 0xC0,
    0x01, 0x80, 0x03, 0x00, 0x07, 0xFF, 0x00, 0x00, 0x00, 0x00, 0xFF, 0xFE, 0x18, 0xC0, 0x31, 0x80,
    0x63, 0x03, 0xFF, 0x80, 0x03, 0x00, 0x06, 0x00, 0x0C, 0x00, 0x18, 0x10, 0x00, 0x60, 0x00, 0xC0,
    0x01, 0x80, 0x03, 0xFF, 0x80, 0x00, 0x00, 0x00, 0x7F, 0xFF, 0x0C, 0x60, 0x18, 0xC0, 0xFF, 0xE0,
    0x00, 0xC0, 0x01, 0x87, 0xFF, 0x0C, 0x00, 0x1F, 0xFE, 0x00, 0x00, 0x00, 0x00, 0x60, 0x00, 0xC0,
    0x01, 0x80, 0x03, 0x80, 0x07, 0xFF, 0x00, 0x00, 0x00, 0x00, 0xFF, 0xFE, 0x18, 0xC0, 0x31, 0x81,
    0xFF, 0xC3, 0x01, 0x86, 0x03, 0x0C, 0x06, 0x1F, 0xFC, 0x00, 0x00, 0x10, 0x00, 0x60, 0x00, 0xC0,
    0x01, 0x80, 0x03, 0x80, 0x07, 0xFF, 0x00, 0x00, 0x00, 0x00, 0xFF, 0xFE, 0x1C, 0xC0, 0xF9, 0xE1,
    0x80, 0xC3, 0x01, 0x87, 0xFF, 0x0C, 0x06, 0x1F, 0xFC, 0x1F, 0xF0, 0x10, 0x00, 0x60, 0x00, 0xC0,
    0x01, 0x80, 0x03, 0x00, 0x07, 0xFF, 0x07, 0xFE, 0x00, 0x00, 0xFF, 0xFE, 0x18, 0xC0, 0x31, 0x80,
    0x7F, 0x81, 0xC7, 0x86, 0x03, 0x0C, 0x06, 0x0F, 0x7C, 0x0F, 0xF0, 0x00, 0x00, 0x60, 0x00, 0xC0,
    0x01, 0x80, 0x03, 0x00, 0x06, 0x00, 0x0F, 0xFE, 0x1F, 0xFC, 0x00, 0x00, 0x00, 0x00, 0x00, 0x00,
    0x00, 0x0F, 0xFF, 0xEF, 0xFF, 0x80, 0x10, 0x00, 0x60, 0x00, 0xC0, 0x01, 0x80, 0x03, 0x00, 0x07,
    0xFF, 0x07, 0xFE, 0x00, 0x00, 0xFF, 0xFE, 0x00, 0x00, 0x00, 0x01, 0xFF, 0xC1, 0xFF, 0x80, 0x03,
    0x00, 0x06, 0x00, 0x0C, 0x00, 0x18, 0x00, 0x00, 0x60, 0x00, 0xC0, 0x01, 0x80, 0x03, 0x00, 0x07,
    0xFF, 0x00, 0x00, 0x00, 0x00, 0x00, 0x01, 0xFF, 0xFC, 0x00, 0x01, 0x80, 0x03, 0x00, 0x06, 0x00,
    0x0C, 0x00, 0x1F, 0xFC, 0x1F, 0xF8, 0x10, 0x00, 0x60, 0x00, 0xC0, 0x01, 0x80, 0x03, 0xFF, 0x83,
    0xFF, 0x00, 0x00, 0x7F, 0xFF, 0x7F, 0xFC, 0x00, 0x00, 0xFF, 0xE0, 0x00, 0xC0, 0x01, 0x87, 0xFF,
    0x0C, 0x00, 0x1F, 0xFE, 0x00, 0x00, 0x10, 0x00, 0x60, 0x00, 0xC0, 0x01, 0x80, 0x03, 0x80, 0x07,
    0xFF, 0x00, 0x00, 0x7F, 0xFF, 0x7F, 0xFC, 0x00, 0x00, 0xFF, 0xE0, 0x18, 0xC0, 0x31, 0x87, 0xE3,
    0x0C, 0x46, 0x1F, 0xCC, 0x00, 0x08, 0x10, 0x00, 0x60, 0x00, 0xC0, 0x01, 0x80, 0x03, 0x80, 0x07,
    0xFF, 0x00, 0x00, 0x7F, 0xFF, 0x7F, 0xFC, 0x00, 0x00, 0xFF, 0xE0, 0x3E, 0xC0, 0x7D, 0x87, 0xFB,
    0x0C, 0x36, 0x1F, 0xFC, 0x00, 0x00, 0x10, 0x00, 0x60, 0x00, 0xC0, 0x01, 0x80, 0x03, 0x80, 0x07,
    0xFF, 0x00, 0x00, 0x3F, 0xFE, 0xFF, 0xFE, 0x00, 0x00, 0x00, 0x01, 0xFF, 0xC3, 0x01, 0x86, 0x03,
    0x0C, 0x06, 0x1F, 0xFC, 0x00, 0x00, 0x10, 0x00, 0x60, 0x00, 0xC0, 0x01, 0x80, 0x03, 0x80, 0x07,
    0xFF, 0x00, 0x00, 0x00, 0x00, 0xFF, 0xFE, 0x00, 0x00, 0xC0, 0x61, 0x80, 0xC3, 0xFF, 0x87, 0x03,
    0x0C, 0x06, 0x1F, 0xFC, 0x1F, 0xF0, 0x10, 0x00, 0x60, 0x00, 0xC0, 0x01, 0x80, 0x03, 0x00, 0x07,
    0xFF, 0x07, 0xFC, 0x00, 0x00, 0xFF, 0xFE, 0xFF, 0xF8, 0x06, 0x00, 0x1C, 0x00, 0x38, 0x00, 0xF8,
    0x03, 0xBC, 0x1E, 0x3E, 0x30, 0x18, 0x10, 0x00, 0x60, 0x00, 0xC0, 0x01, 0x80, 0x03, 0x00, 0x07,
    0xFF, 0x07, 0xFE, 0x00, 0x00, 0xFF, 0xFE, 0xFF, 0xF8, 0x00, 0x00, 0x7F, 0x81, 0xC7, 0x86, 0x03,
    0x0C, 0x06, 0x0F, 0x7C, 0x0F, 0xF0, 0x00, 0x00, 0x60, 0x00, 0xC0, 0x01, 0x80, 0x03, 0x00, 0x07,
    0xFF, 0x07, 0xFE, 0x00, 0x00, 0xFF, 0xFE, 0x00, 0x00, 0x00, 0x01, 0xFF, 0xC0, 0x38, 0x00, 0x78,
    0x03, 0xB8, 0x1E, 0x3E, 0x30, 0x18, 0x00, 0x00, 0x60, 0x00, 0xC0, 0x01, 0x80, 0x03, 0x80, 0x07,
    0xFF, 0x00, 0x00, 0x00, 0x00, 0xFF, 0xFE, 0x00, 0x00, 0x00, 0x01, 0xFF, 0xC0, 0xC6, 0x01, 0x8C,
    0x03, 0x18, 0x1F, 0xFC, 0x1F, 0xF8, 0x00, 0x08, 0x00, 0x73, 0x01, 0xCC, 0x07, 0x30, 0x1C, 0xC0,
    0x73, 0x01, 0xCF, 0xF7, 0x00, 0x1C, 0x00, 0x70, 0x01, 0xDF, 0xFF, 0x7F, 0xFC, 0x00, 0x70, 0x01,
    0xC0, 0x07, 0x00, 0x1C, 0x00, 0x08, 0xC0, 0x73, 0x01, 0xCC, 0x07, 0x30, 0x1C, 0xFF, 0x71, 0xF9,
    0xC0, 0x07, 0x7F, 0xFD, 0xFF, 0xF0, 0x01, 0xC6, 0x07, 0x18, 0x08, 0x60, 0x01, 0x80, 0x07, 0xFF,
    0x0F, 0xF8, 0x00, 0x18, 0xC0, 0x73, 0x01, 0xCC, 0x07, 0x3F, 0xDC, 0x00, 0x70, 0x3F, 0xDF, 0xFF,
    0x00, 0x1C, 0x00, 0x01, 0xFF, 0xC0, 0x07, 0x00, 0x1C, 0x7F, 0xF1, 0x80, 0x07, 0xFF, 0x0F, 0xF8,
    0x00, 0x10, 0x01, 0xF8, 0x0F, 0xC0, 0x7E, 0x03, 0xF0, 0x1F, 0x80, 0xFC, 0x07, 0xE0, 0x3F, 0x01,
    0xF9, 0xFF, 0xFF, 0xF7, 0x03, 0x80, 0x1C, 0x00, 0xE0, 0x07, 0x00, 0x30, 0x00, 0x16, 0x01, 0xF8,
    0x0F, 0xC0, 0x7E, 0x03, 0xF0, 0x1F, 0x9F, 0xFF, 0xFF, 0x60, 0x38, 0x01, 0xCF, 0xFC, 0x7F, 0xF0,
    0x03, 0x80, 0x1C, 0x00, 0xE0, 0x07, 0x00, 0x38, 0x00, 0x12, 0x01, 0xF8, 0x0F, 0xC0, 0x7E, 0x03,
    0xF0, 0x1F, 0x80, 0xFC, 0xFF, 0xFF, 0xFB, 0x01, 0xC0, 0x0E, 0x60, 0x73, 0x01, 0x18, 0x00, 0xC0,
    0x07, 0xFF, 0x1F, 0xF0, 0x00, 0x16, 0x01, 0xF0, 0x0F, 0x80, 0x7C, 0x03, 0xE0, 0x1F, 0xFF, 0xFF,
    0xF7, 0x00, 0x38, 0x00, 0x0F, 0xFE, 0x00, 0x73, 0xFF, 0x98, 0x00, 0xC0, 0x07, 0xFF, 0x00, 0x00,
    0x00, 0x16, 0x01, 0xF8, 0x0F, 0xC0, 0x7E, 0x03, 0xF0, 0x1F, 0xFF, 0xFF, 0xF7, 0x00, 0x38, 0x00,
    0x1F, 0xFE, 0x0F, 0x30, 0x79, 0xBF, 0xCD, 0x86, 0x6F, 0xFF, 0x00, 0x00, 0x00, 0x16, 0x01, 0xF8,
    0x0F, 0xC0, 0x7E, 0x03, 0xF0, 0x1F, 0x9F, 0xFF, 0xFF, 0x60, 0x38, 0x01, 0xC0, 0x00, 0x7F, 0xF3,
    0x03, 0x98, 0x1C, 0xC0, 0xE7, 0xFF, 0x00, 0x00, 0x00, 0x16, 0x01, 0xF0, 0x0F, 0x80, 0x7C, 0x03,
    0xE0, 0x1F, 0x9F, 0xFF, 0xFF, 0x60, 0x38, 0x00, 0x0C, 0x0E, 0x60, 0x73, 0xFF, 0x98, 0x1C, 0xC0,
    0xE7, 0xFF, 0x1F, 0xF0, 0x00, 0x11, 0x00, 0xEC, 0x03, 0xB0, 0x0E, 0xC0, 0x3B, 0x00, 0xEC, 0x03,
    0xBF, 0xFE, 0xFF, 0xB8, 0x00, 0xE0, 0x33, 0x80, 0xE4, 0x03, 0x80, 0x1F, 0x01, 0xEE, 0x1F, 0x1E,
    0x30, 0x18, 0x00, 0x12, 0x01, 0xF8, 0x0F, 0xC0, 0x7E, 0x03, 0xF0, 0x1F, 0x80, 0xFF, 0xFF, 0xFF,
    0xB8, 0x01, 0xC7, 0xF8, 0x7F, 0xE3, 0x03, 0x18, 0x1C, 0xC0, 0xC7, 0xFE, 0x1F, 0xE0, 0x00, 0x16,
    0x01, 0xF8, 0x0F, 0xC0, 0x7E, 0x03, 0xF0, 0x1F, 0x9F, 0xFF, 0xFF, 0x60, 0x38, 0x00, 0x0F, 0xFE,
    0x19, 0xC0, 0xCE, 0x06, 0x70, 0x33, 0x87, 0xFF, 0x3F, 0xF0, 0x00, 0x30, 0x00, 0xCF, 0xF3, 0x3F,
    0x8C, 0xC0, 0x33, 0x00, 0xCC, 0x03, 0xF0, 0x0F, 0xC0, 0x33, 0x00, 0xCC, 0x03, 0x3F, 0xEC, 0xFF,
    0xB0, 0x00, 0xC0, 0x03, 0x00, 0x0C, 0x00, 0x30, 0x00, 0x30, 0x00, 0xCF, 0xF3, 0x30, 0x0C, 0xC0,
    0x3B, 0x00, 0xFC, 0x03, 0x3F, 0xEC, 0xFF, 0xB0, 0x00, 0xC0, 0x02, 0x1F, 0xFC, 0x00, 0x30, 0x00,
    0xC0, 0x03, 0x00, 0x0C, 0x00, 0x30, 0x00, 0x30, 0x00, 0xCF, 0xF3, 0x30, 0x0C, 0xC0, 0x3B, 0x00,
    0xFC, 0x03, 0x3F, 0xEC, 0xFF, 0xB0, 0x00, 0xC0, 0x02, 0x1F, 0xFC, 0x0E, 0x30, 0x38, 0xC0, 0xE3,
    0x03, 0x8C, 0x0C, 0x30, 0x00, 0x30, 0x00, 0xCF, 0xF3, 0x30, 0x0C, 0xC0, 0x33, 0x00, 0xFC, 0x03,
    0xB0, 0xEC, 0xFF, 0xB1, 0xC0, 0xC0, 0x03, 0x0C, 0x0C, 0x30, 0x00, 0xC0, 0x03, 0x00, 0x0F, 0xFE,
    0x1F, 0xF0, 0x00, 0x30, 0x00, 0xCF, 0xF3, 0x30, 0x0C, 0xC0, 0x3F, 0x00, 0xEC, 0x03, 0x3F, 0xEC,
    0xFF, 0xB0, 0x00, 0xC0, 0x00, 0x0F, 0xFC, 0x30, 0x00, 0xC0, 0x03, 0x00, 0x0F, 0xFC, 0x3F, 0xF0,
    0x00, 0x33, 0xFC, 0xCC, 0x03, 0x30, 0x0E, 0xC0, 0x3F, 0x00, 0xCD, 0xFB, 0x3F, 0xEC, 0x00, 0x30,
    0x00, 0x03, 0xFF, 0x00, 0x0C, 0x3F, 0xF0, 0xC0, 0x03, 0x00, 0x0F, 0xFC, 0x3F, 0xF0, 0x00, 0x30,
    0x00, 0xCF, 0xF3, 0x30, 0x0C, 0xC0, 0x3F, 0x00, 0xEC, 0x7B, 0x3F, 0xEC, 0x00, 0x30, 0x00, 0x07,
    0xFF, 0x01, 0x8C, 0x06, 0x31, 0xF8, 0xC6, 0x23, 0x1F, 0xCC, 0x00, 0x20, 0x00, 0x30, 0x00, 0xCF,
    0xF3, 0x30, 0x0C, 0xC0, 0x3F, 0x00, 0xEC, 0x7B, 0x3F, 0xEC, 0x00, 0x30, 0x00, 0x07, 0xFF, 0x03,
    0xCC, 0x0F, 0x31, 0xFC, 0xC6, 0x33, 0x1F, 0xFC, 0x00, 0x00, 0x00, 0x30, 0x00, 0xCF, 0xF3, 0x30,
    0x0C, 0xC0, 0x3F, 0x00, 0xEC, 0x3B, 0x3F, 0xEC, 0x60, 0x30, 0x04, 0x87, 0xF3, 0x03, 0xCC, 0x0F,
    0xF1, 0xFC, 0xC6, 0x33, 0x1F, 0xFC, 0x00, 0x00, 0x00, 0x30, 0x00, 0xCF, 0xF3, 0x30, 0x0C, 0xC0,
    0x3F, 0x00, 0xEC, 0x3B, 0x3F, 0xEC, 0x60, 0x30, 0x03, 0x07, 0xCC, 0x03, 0xFE, 0x0D, 0xF1, 0xF6,
    0xC6, 0x33, 0x1F, 0xEC, 0x01, 0xF0, 0x00, 0x30, 0x00, 0xCF, 0xF3, 0x30, 0x0C, 0xC0, 0x3B, 0x00,
    0xFC, 0x03, 0x3F, 0xEC, 0xFF, 0xB0, 0x00, 0xC0, 0x00, 0x0F, 0xFC, 0x30, 0x30, 0xC0, 0xC3, 0x03,
    0x0F, 0xFC, 0x00, 0x00, 0x00, 0x30, 0x00, 0xCF, 0xF3, 0x30, 0x0C, 0xC0, 0x3F, 0x00, 0xEC, 0x3B,
    0x3F, 0xEC, 0x70, 0x30, 0x00, 0x03, 0x03, 0x0C, 0x0C, 0x3F, 0xF0, 0xC0, 0xC3, 0x03, 0x0F, 0xFC,
    0x3F, 0xE0, 0x00, 0x30, 0x00, 0xCF, 0xF3, 0x30, 0x0C, 0xC0, 0x33, 0x00, 0xFC, 0x03, 0xB0, 0xEC,
    0xFF, 0xB1, 0xC0, 0xC0, 0x33, 0x00, 0xC8, 0x07, 0x00, 0x1E, 0x01, 0xCE, 0x1E, 0x1E, 0x70, 0x38,
    0x00, 0x30, 0x00, 0xCF, 0xF3, 0x30, 0x0C, 0xC0, 0x3B, 0x00, 0xFC, 0x03, 0x3F, 0xEC, 0xFF, 0xB0,
    0x00, 0xC1, 0x86, 0x06, 0x18, 0x18, 0xE0, 0xF3, 0x87, 0xDF, 0x39, 0xE7, 0x43, 0x08, 0x00, 0x30,
    0x00, 0xCF, 0xF3, 0x30, 0x0C, 0xC0, 0x3B, 0x00, 0xFC, 0x03, 0x3F, 0xEC, 0xFF, 0xB0, 0x00, 0xC0,
    0x03, 0x07, 0xF8, 0x38, 0xF0, 0xC0, 0xC3, 0x03, 0x0F, 0xFC, 0x1F, 0xC0, 0x00, 0x30, 0x00, 0xCF,
    0xF3, 0x30, 0x0C, 0xC0, 0x3B, 0x00, 0xFC, 0x03, 0x3F, 0xEC, 0xFF, 0xB0, 0x00, 0xC0, 0x03, 0x0F,
    0xFC, 0x03, 0x00, 0x1E, 0x01, 0xFC, 0x1F, 0x3C, 0x70, 0x30, 0x00, 0x33, 0xFC, 0xCC, 0x03, 0x30,
    0x0C, 0xC0, 0x3F, 0x00, 0xEC, 0x7B, 0x3F, 0xEC, 0x60, 0x30, 0x0C, 0xC0, 0x30, 0x1F, 0xFC, 0x07,
    0x00, 0x1E, 0x01, 0xFC, 0x1E, 0x3E, 0x70, 0x30, 0x00, 0x33, 0xFC, 0xCC, 0x03, 0x30, 0x0C, 0xC0,
    0x3F, 0x00, 0xFF, 0xFB, 0x3F, 0xEC, 0x03, 0x30, 0x0C, 0x07, 0xFF, 0x80, 0x00, 0x1F, 0xC0, 0x73,
    0x83, 0x86, 0x07, 0x38, 0x1F, 0xC0, 0x00, 0x18, 0x06, 0xC0, 0x37, 0xF9, 0xBC, 0x0D, 0xE0, 0x6F,
    0x03, 0x78, 0x1F, 0xC0, 0xFE, 0x06, 0xF0, 0x37, 0xFD, 0xBF, 0xED, 0x80, 0x6C, 0x03, 0x60, 0x1B,
    0x00, 0x18, 0x00, 0x18, 0x06, 0xFF, 0xB7, 0x81, 0xBC, 0x0F, 0xE0, 0x7F, 0x03, 0x7F, 0xFB, 0xFF,
    0xD8, 0x06, 0xC0, 0x04, 0x7F, 0xF1, 0xFF, 0x80, 0x0C, 0x00, 0x60, 0x03, 0x00, 0x18, 0x00, 0x98,
    0x06, 0xFF, 0xB7, 0x81, 0xBC, 0x0D, 0xE0, 0x7F, 0x03, 0xF8, 0xDB, 0xFF, 0xDA, 0x06, 0xC4, 0x36,
    0x61, 0xB3, 0x01, 0x98, 0x00, 0xC0, 0x07, 0xFF, 0x1F, 0xF8, 0x00, 0x18, 0x03, 0x6F, 0xED, 0xB0,
    0x36, 0xC0, 0xFB, 0x03, 0x6C, 0xFD, 0xBF, 0xF6, 0x00, 0xD8, 0x00, 0x43, 0xFF, 0x80, 0x06, 0x3F,
    0xF8, 0xC0, 0x03, 0x00, 0x0F, 0xFE, 0x00, 0x00, 0x00, 0x18, 0x06, 0xFF, 0xB7, 0x81, 0xBC, 0x0D,
    0xE0, 0x7F, 0x03, 0x7F, 0xFB, 0xFF, 0xD8, 0x06, 0xC0, 0x04, 0x7F, 0xF3, 0x01, 0x98, 0x0C, 0xC0,
    0x67, 0xFF, 0x00, 0x00, 0x00, 0x18, 0x06, 0xFF, 0xB7, 0x81, 0xBC, 0x0F, 0xE0, 0x7F, 0x03, 0x7F,
    0xFB, 0xFF, 0xD8, 0x04, 0xCC, 0x06, 0x60, 0x33, 0xFF, 0x98, 0x0C, 0xC0, 0x67, 0xFF, 0x1F, 0xF0,
    0x00, 0x98, 0x03, 0x6F, 0xED, 0xB0, 0x36, 0xC0, 0xFB, 0x03, 0xEC, 0x0D, 0xB1, 0xB6, 0xFF, 0xD9,
    0x03, 0x60, 0x11, 0x80, 0xE4, 0x03, 0x80, 0x1F, 0x00, 0xEE, 0x0F, 0x1E, 0x30, 0x18, 0x00, 0x18,
    0x03, 0x6F, 0xED, 0xB0, 0x36, 0xC0, 0xDB, 0x03, 0xEC, 0x0D, 0xBF, 0xF6, 0xFF, 0xD8, 0x03, 0x60,
    0x86, 0x06, 0x18, 0x1C, 0x60, 0x73, 0xC3, 0xEF, 0x9D, 0xE7, 0x43, 0x0C, 0x00, 0x98, 0x06, 0xFF,
    0xB7, 0x81, 0xBC, 0x0F, 0xE0, 0x7F, 0x03, 0x7F, 0xFB, 0xFF, 0xD8, 0x06, 0xC0, 0x06, 0x1F, 0xE1,
    0xC7, 0x98, 0x0C, 0xC0, 0x63, 0xDE, 0x0F, 0xE0, 0x00, 0x30, 0x00, 0xCF, 0xF3, 0x3F, 0x8C, 0xC0,
    0x3B, 0x00, 0xFC, 0x03, 0x30, 0x0C, 0xC0, 0x33, 0x00, 0xFC, 0x03, 0xBF, 0xEC, 0xFF, 0xB0, 0x00,
    0xC0, 0x03, 0x00, 0x0C, 0x00, 0x30, 0x00, 0x18, 0x01, 0xFF, 0xCF, 0xFC, 0x7C, 0x03, 0xE0, 0x1F,
    0x0F, 0xF8, 0x3F, 0xC0, 0x3E, 0x01, 0xF0, 0x0F, 0xFF, 0x7F, 0xFB, 0x80, 0x1C, 0x00, 0xE0, 0x07,
    0x00, 0x18, 0x00, 0x10, 0x01, 0xFF, 0xCF, 0x80, 0x7C, 0x03, 0xE1, 0xFF, 0x00, 0xF8, 0x77, 0xFF,
    0xBB, 0x81, 0xC0, 0x00, 0x7F, 0xF0, 0x03, 0x80, 0x1C, 0x00, 0xE0, 0x07, 0x00, 0x18, 0x00, 0x10,
    0x01, 0xFF, 0xCF, 0x80, 0x7C, 0x03, 0xE1, 0xFF, 0x00, 0xF8, 0x77, 0xFF, 0xBB, 0x01, 0xC0, 0x00,
    0xFF, 0xF0, 0x63, 0x83, 0x1C, 0x18, 0xE0, 0xC7, 0x06, 0x18, 0x00, 0x10, 0x01, 0xFF, 0xCF, 0x80,
    0x7C, 0x03, 0xE1, 0xFF, 0x00, 0xF8, 0x07, 0xFF, 0xBF, 0xFD, 0xC0, 0x0E, 0x60, 0x73, 0x01, 0x18,
    0x00, 0xC0, 0x07, 0xFF, 0x1F, 0xF0, 0x00, 0x10, 0x01, 0xFF, 0xCF, 0x80, 0x7C, 0x1F, 0xE1, 0xFF,
    0x00, 0xFF, 0xF7, 0xFF, 0xB8, 0x01, 0xC0, 0x00, 0x7F, 0xF3, 0x00, 0x18, 0x00, 0xC0, 0x07, 0xFF,
    0x1F, 0xF0, 0x00, 0x10, 0x01, 0xFF, 0xCF, 0x80, 0x7C, 0x3F, 0xE0, 0x1F, 0x0E, 0xFF, 0xF7, 0x00,
    0x38, 0x00, 0x0F, 0xFE, 0x00, 0x70, 0x03, 0x9F, 0xFC, 0xC0, 0x07, 0xFF, 0x00, 0x00, 0x00, 0x10,
    0x01, 0xFF, 0xCF, 0x80, 0x7C, 0x3F, 0xE0, 0x1F, 0x00, 0xFF, 0xF7, 0xFF, 0xB8, 0x00, 0x9F, 0xFE,
    0x0F, 0x30, 0x79, 0xBF, 0xCD, 0x86, 0x6F, 0xFF, 0x00, 0x00, 0x00, 0x10, 0x01, 0xFF, 0xCF, 0x80,
    0x7C, 0x3F, 0xE0, 0x1F, 0x00, 0xFD, 0xF7, 0xFF, 0xB8, 0x0C, 0x9F, 0xE6, 0x0F, 0x30, 0x7F, 0xBF,
    0xCD, 0x86, 0x6F, 0xFF, 0x00, 0x00, 0x00, 0x10, 0x01, 0xFF, 0xCF, 0x80, 0x7C, 0x03, 0xE1, 0xFF,
    0x00, 0xFF, 0xF7, 0xFF, 0xB8, 0x01, 0xC0, 0x00, 0x7F, 0xF3, 0x01, 0x98, 0x0C, 0xC0, 0x67, 0xFF,
    0x1F, 0xF0, 0x00, 0x10, 0x01, 0xFF, 0xCF, 0x80, 0x7C, 0x3F, 0xE0, 0xFF, 0x00, 0xFF, 0xF7, 0xFF,
    0xB8, 0x00, 0x8C, 0x0E, 0x60, 0x73, 0xFF, 0x98, 0x1C, 0xC0, 0xE7, 0xFF, 0x1F, 0xF0, 0x00, 0x10,
    0x00, 0xEF, 0xF3, 0xB0, 0x0E, 0xC1, 0xFB, 0x0F, 0xEC, 0x03, 0xB0, 0xEE, 0xFF, 0xB9, 0xC0, 0xE0,
    0x33, 0x80, 0xE4, 0x03, 0x80, 0x1F, 0x01, 0xEE, 0x1F, 0x1E, 0x30, 0x18, 0x00, 0x10, 0x01, 0xFF,
    0xCF, 0x80, 0x7C, 0x03, 0xE1, 0xFF, 0x00, 0xF8, 0x77, 0xFF, 0xBB, 0x81, 0xC0, 0x06, 0x3F, 0xC3,
    0xC7, 0x18, 0x1C, 0xC0, 0xE7, 0xDE, 0x1F, 0xE0, 0x00, 0x1B, 0xFC, 0xEE, 0x03, 0xB0, 0x0E, 0xC3,
    0xFB, 0x00, 0xEC, 0x3B, 0xBF, 0xEE, 0x00, 0x38, 0x0C, 0x40, 0x30, 0x0F, 0xFE, 0x03, 0x80, 0x1E,
    0x00, 0xEE, 0x1F, 0x1E, 0x30, 0x18, 0x00, 0x10, 0x01, 0xFF, 0xCF, 0x80, 0x7C, 0x3F, 0xE0, 0x1F,
    0x00, 0xFF, 0xF7, 0xFF, 0xB8, 0x00, 0xC0, 0x00, 0x7F, 0xF0, 0xCE, 0x06, 0x70, 0x33, 0x87, 0xFF,
    0x3F, 0xF0, 0x00, 0x18, 0x06, 0xC0, 0x37, 0xF9, 0xBC, 0x0D, 0xE0, 0x6F, 0x1F, 0x78, 0xFB, 0xC0,
    0xDE, 0x06, 0xF0, 0x37, 0xFD, 0xBF, 0xED, 0x80, 0x6C, 0x03, 0x60, 0x1B, 0x00, 0x18, 0x00, 0x18,
    0x06, 0xFF, 0xB7, 0x81, 0xBC, 0x0D, 0xE3, 0xEF, 0x03, 0x78, 0xDB, 0xFE, 0xD8, 0x06, 0xC0, 0x04,
    0x7F, 0xF1, 0xFF, 0x80, 0x0C, 0x00, 0x60, 0x03, 0x00, 0x18, 0x00, 0x18, 0x03, 0x6F, 0xED, 0xB0,
    0x36, 0xC0, 0xDB, 0x1F, 0x6C, 0x0D, 0xB0, 0x36, 0xDE, 0xDB, 0xFB, 0x60, 0x0D, 0x8C, 0x36, 0x30,
    0x18, 0xC0, 0x03, 0x00, 0x0F, 0xFE, 0x1F, 0xF8, 0x00, 0xDB, 0xFB, 0x6C, 0x0D, 0xB0, 0x36, 0xC7,
    0xDB, 0x03, 0x6C, 0x6D, 0xBF, 0xB6, 0x00, 0xD8, 0x00, 0x43, 0xFF, 0x80, 0x06, 0x00, 0x18, 0xFF,
    0xE3, 0x00, 0x0F, 0xFF, 0x00, 0x00, 0x00, 0x18, 0x06, 0xFF, 0xB7, 0x81, 0xBC, 0x3D, 0xE3, 0xEF,
    0x03, 0x7B, 0xDB, 0xFE, 0xD8, 0x06, 0xC0, 0x04, 0x7F, 0xF3, 0x01, 0x98, 0x0C, 0xC0, 0x67, 0xFF,
    0x1F, 0xF0, 0x00, 0x18, 0x06, 0xFF, 0xB7, 0x81, 0xBC, 0x7D, 0xE1, 0xEF, 0x03, 0x7F, 0xDB, 0xFE,
    0xD8, 0x06, 0xCC, 0x06, 0x60, 0x33, 0xFF, 0x9C, 0x0C, 0xC0, 0x67, 0xFF, 0x00, 0x00, 0x00, 0x18,
    0x03, 0x6F, 0xED, 0xB0, 0x36, 0xC0, 0xDB, 0x1F, 0x6C, 0x0D, 0xB1, 0xB6, 0xFE, 0xD8, 0x03, 0x60,
    0x19, 0x80, 0xE6, 0x03, 0x80, 0x1F, 0x00, 0xEF, 0x0F, 0x1F, 0x30, 0x18, 0x00, 0x18, 0x03, 0x6F,
    0xED, 0xB0, 0x36, 0xC0, 0xDB, 0x1F, 0x6C, 0x0D, 0xB1, 0xB6, 0xFE, 0xD8, 0x03, 0x60, 0x86, 0x07,
    0x18, 0x1C, 0x60, 0x73, 0xC3, 0x6F, 0x9D, 0xE7, 0x43, 0x08, 0x00, 0x18, 0x06, 0xFF, 0xB7, 0x81,
    0xBC, 0x0D, 0xE3, 0xEF, 0x03, 0x78, 0xDB, 0xFE, 0xDB, 0x06, 0xC0, 0x06, 0x1F, 0xE1, 0xC7, 0x98,
    0x0C, 0xC0, 0x63, 0xDF, 0x0F, 0xE0, 0x00, 0x18, 0x01, 0xFF, 0xCF, 0xC0, 0x7C, 0x1F, 0xE1, 0xFF,
    0x00, 0xF8, 0x07, 0xC1, 0xFE, 0x1F, 0xF0, 0x0F, 0xFF, 0x7F, 0xFB, 0x80, 0x1C, 0x00, 0xE0, 0x07,
    0x00, 0x18, 0x00, 0x10, 0x01, 0xFF, 0xCF, 0x80, 0x7C, 0x1F, 0xE0, 0x1F, 0x00, 0xF8, 0x3F, 0xC3,
    0x3F, 0xF9, 0xC0, 0x0E, 0x60, 0x73, 0x01, 0x18, 0x00, 0xC0, 0x07, 0xFF, 0x1F, 0xF0, 0x00, 0x17,
    0xF9, 0xF0, 0x0F, 0x83, 0xFC, 0x03, 0xE0, 0x1F, 0x07, 0xF9, 0xE7, 0xFF, 0x38, 0x01, 0x8F, 0xFE,
    0x00, 0x70, 0x03, 0x9F, 0xFC, 0xC0, 0x07, 0xFF, 0x00, 0x00, 0x00, 0x10, 0x00, 0xEF, 0xF3, 0xB0,
    0x0E, 0xC1, 0xFB, 0x00, 0xEC, 0x1F, 0xB1, 0xCE, 0xFF, 0x38, 0x00, 0x61, 0x86, 0x06, 0x18, 0x1C,
    0x60, 0xF3, 0xC7, 0x7F, 0x99, 0xE7, 0x43, 0x08, 0x00, 0x10, 0x01, 0xFF, 0xCF, 0x80, 0x7C, 0x1F,
    0xE0, 0x1F, 0x07, 0xF8, 0xE7, 0xFF, 0x38, 0x01, 0xC0, 0x0E, 0x3F, 0xC3, 0xC7, 0x18, 0x1C, 0xC0,
    0xE7, 0xDE, 0x1F, 0xE0, 0x00, 0xD8, 0x06, 0xFF, 0x37, 0xF9, 0xBC, 0x0D, 0xE3, 0xEF, 0x03, 0x78,
    0x1B, 0xC0, 0xDE, 0x3E, 0xF0, 0x37, 0xFD, 0xBF, 0xED, 0x80, 0x6C, 0x03, 0x60, 0x1B, 0x00, 0x18,
    0x00, 0x98, 0x03, 0x6F, 0xCD, 0xB0, 0x36, 0xC7, 0xDB, 0x03, 0x6C, 0x0D, 0xB1, 0xF6, 0xDE, 0xDB,
    0xFB, 0x60, 0x0D, 0x8C, 0x36, 0x30, 0x18, 0xC0, 0x03, 0x00, 0x0F, 0xFE, 0x1F, 0xF8, 0x00, 0x00,
    0x7F, 0xF0, 0xC0, 0x01, 0x80, 0x03, 0x00, 0x06, 0x00, 0x0C, 0x00, 0x1F, 0xFC, 0x03, 0x80, 0x03,
    0x00, 0x06, 0x00, 0x0C, 0x07, 0xFF, 0xDF, 0xFF, 0xC0, 0x3F, 0xF8, 0x60, 0x00, 0xC0, 0x01, 0x80,
    0x03, 0x00, 0x07, 0xFF, 0x00, 0x60, 0x01, 0xC0, 0xFF, 0xFE, 0x00, 0x00, 0xFF, 0xE0, 0x00, 0xC0,
    0x01, 0x80, 0x03, 0x00, 0x06, 0x00, 0x0C, 0x3F, 0xF8, 0x7F, 0xE0, 0xC0, 0x01, 0x80, 0x03, 0x00,
    0x07, 0xFF, 0x00, 0x60, 0x00, 0xC0, 0xFF, 0xFE, 0x00, 0x00, 0xC0, 0x01, 0x80, 0x03, 0x00, 0x06,
    0x00, 0x0F, 0xFE, 0x0F, 0xFC, 0x3F, 0xF8, 0x7F, 0xE0, 0xC0, 0x01, 0x80, 0x03, 0xFF, 0x83, 0xFF,
    0x00, 0x60, 0x7F, 0xFF, 0x7F, 0xFC, 0x00, 0x00, 0xFF, 0xE1, 0xFF, 0x83, 0x00, 0x06, 0x00, 0x0F,
    0xFE, 0x00, 0x00, 0x3F, 0xF8, 0x7F, 0xE0, 0xC0, 0x01, 0x80, 0x03, 0xFF, 0x80, 0x30, 0x00, 0xE0,
    0x7F, 0xFF, 0x00, 0x00, 0x7F, 0xF0, 0x00, 0x60, 0x00, 0xC3, 0xFF, 0x86, 0x00, 0x0F, 0xFF, 0x00,
    0x00, 0x3F, 0xF8, 0x60, 0x00, 0xC0, 0x01, 0x80, 0x03, 0xFF, 0x80, 0x30, 0x00, 0xE0, 0x7F, 0xFF,
    0x00, 0x00, 0x7D, 0xF0, 0x1B, 0x60, 0x36, 0xC3, 0xED, 0x86, 0x1B, 0x0F, 0xF6, 0x00, 0x7C, 0x3F,
    0xF8, 0x60, 0x00, 0xC0, 0x01, 0x80, 0x03, 0xFF, 0x80, 0x30, 0x00, 0xE0, 0x7F, 0xFF, 0x00, 0x20,
    0x7C, 0x60, 0x18, 0xC0, 0x33, 0x83, 0xE7, 0x06, 0x1F, 0x8F, 0xF3, 0x00, 0x00, 0x3F, 0xF8, 0x7F,
    0xE0, 0xC0, 0x01, 0x80, 0x03, 0xFF, 0x80, 0x70, 0x00, 0x60, 0x7F, 0xFF, 0x7F, 0xFC, 0x00, 0x00,
    0xFF, 0xE1, 0x80, 0xC3, 0x01, 0x86, 0x03, 0x0F, 0xFE, 0x0F, 0xF8, 0x3F, 0xF8, 0x7F, 0xE0, 0xC0,
    0x01, 0x80, 0x03, 0xFF, 0x83, 0xFF, 0x00, 0x60, 0x7F, 0xFF, 0x7F, 0xFC, 0x60, 0x30, 0xC0, 0x61,
    0xFF, 0xC3, 0x01, 0x86, 0x03, 0x0F, 0xFE, 0x0F, 0xF8, 0x3F, 0xF8, 0x7F, 0xE0, 0xC0, 0x01, 0x80,
    0x03, 0x00, 0x07, 0xFF, 0x00, 0x60, 0x01, 0xC0, 0xFF, 0xFE, 0x00, 0x00, 0x06, 0x00, 0x1C, 0x00,
    0x3C, 0x01, 0xDC, 0x0F, 0x1F, 0x18, 0x0C, 0x3F, 0xF8, 0x60, 0x00, 0xC0, 0x01, 0x80, 0x03, 0x00,
    0x07, 0xFF, 0x00, 0x60, 0x01, 0xC0, 0xFF, 0xFE, 0x00, 0x00, 0x3F, 0xC0, 0xE3, 0xC3, 0x01, 0x86,
    0x03, 0x07, 0xBE, 0x07, 0xF8, 0x3F, 0xF8, 0x60, 0x00, 0xC0, 0x01, 0x80, 0x03, 0xFF, 0x80, 0x30,
    0x00, 0xE0, 0x7F, 0xFF, 0x01, 0x00, 0x03, 0x00, 0xFF, 0xE0, 0x1C, 0x00, 0x3C, 0x01, 0xDC, 0x0F,
    0x1E, 0x18, 0x0C, 0x3F, 0xF8, 0x60, 0x00, 0xC0, 0x01, 0x80, 0x03, 0xFF, 0x80, 0x30, 0x00, 0xE0,
    0x7F, 0xFF, 0x00, 0x00, 0x7F, 0xF0, 0xC0, 0x01, 0x80, 0x03, 0xFF, 0x86, 0x00, 0x0F, 0xFE, 0x00,
    0x00, 0x00, 0x18, 0x00, 0x31, 0xFE, 0x63, 0xFC, 0xC6, 0x01, 0x8C, 0x03, 0x18, 0x06, 0x38, 0x0F,
    0x7F, 0xDE, 0x18, 0x30, 0x30, 0x60, 0x7E, 0xCF, 0xFD, 0x8E, 0x03, 0x00, 0x06, 0x00, 0x0C, 0x00,
    0x18, 0x00, 0x18, 0x00, 0x31, 0xFE, 0x63, 0x80, 0xC7, 0x01, 0x8E, 0x03, 0x1F, 0xE7, 0x86, 0x0E,
    0x0F, 0xD9, 0xFF, 0xB1, 0x80, 0x60, 0xC0, 0xC1, 0x81, 0x83, 0x00, 0x06, 0x00, 0x0F, 0xFC, 0x1F,
    0xF8, 0x00, 0x18, 0x7F, 0x30, 0xC0, 0x61, 0x80, 0xC3, 0x01, 0xC7, 0xF3, 0xC3, 0x06, 0x0F, 0xFC,
    0xFF, 0xF8, 0x00, 0x30, 0xFF, 0xE0, 0x00, 0xC0, 0x01, 0x87, 0xFF, 0x0C, 0x00, 0x1F, 0xFC, 0x00,
    0x00, 0x00, 0x4C, 0x01, 0xB7, 0xF6, 0xDF, 0x9B, 0x60, 0x6D, 0x81, 0xB6, 0x06, 0xD8, 0x1F, 0x7F,
    0x7C, 0x31, 0xB0, 0xC6, 0xC3, 0xFB, 0xFF, 0xED, 0x81, 0xB0, 0x06, 0xC0, 0x1B, 0x00, 0x0C, 0x00,
    0x0C, 0x00, 0xD9, 0xFD, 0xB3, 0x03, 0x66, 0x06, 0xCE, 0x0F, 0x9F, 0xDF, 0x06, 0x36, 0x1F, 0xED,
    0xFF, 0xD8, 0x01, 0xB0, 0x61, 0x80, 0xC3, 0x01, 0xCF, 0x07, 0xDE, 0x3D, 0xE7, 0x21, 0x84, 0x00,
    0x18, 0x00, 0x63, 0xFD, 0x8C, 0x06, 0x30, 0x18, 0xC0, 0x63, 0x01, 0x8C, 0x06, 0x3F, 0xD8, 0x18,
    0x60, 0x61, 0x81, 0xFE, 0x7F, 0xF9, 0xC0, 0x60, 0x01, 0x80, 0x06, 0x00, 0x18, 0x00, 0x08, 0x00,
    0x73, 0xFD, 0xCC, 0x07, 0x30, 0x1C, 0xC0, 0x73, 0xFD, 0xC1, 0x87, 0x07, 0xFD, 0xFF, 0xF0, 0x01,
    0xC6, 0x07, 0x18, 0x08, 0x60, 0x01, 0x80, 0x07, 0xFF, 0x0F, 0xF8, 0x00, 0x08, 0xFF, 0x73, 0x01,
    0xCC, 0x07, 0x30, 0x1C, 0xFF, 0x70, 0x61, 0xCF, 0xFF, 0x7F, 0xFC, 0x00, 0x21, 0xFF, 0xC0, 0x07,
    0x00, 0x1C, 0x7F, 0xF1, 0x80, 0x07, 0xFF, 0x00, 0x00, 0x00, 0x1C, 0xFF, 0x73, 0xF9, 0xCC, 0x07,
    0x30, 0x1C, 0xFF, 0x71, 0xF9, 0xC1, 0x87, 0x1F, 0xFD, 0xFF, 0xF0, 0x00, 0x87, 0xFF, 0x18, 0x1C,
    0x60, 0x71, 0x81, 0xC7, 0xFF, 0x0F, 0xF8, 0x00, 0x1C, 0xFF, 0x73, 0xF9, 0xCC, 0x07, 0x30, 0x1C,
    0xFF, 0x70, 0x61, 0xC1, 0xFF, 0x7F, 0xFD, 0x80, 0x21, 0x80, 0xC6, 0x07, 0x1F, 0xFC, 0x60, 0x71,
    0x81, 0xC7, 0xFF, 0x0F, 0xF8, 0x00, 0x1C, 0xFF, 0x73, 0xF9, 0xCC, 0x07, 0x30, 0x1C, 0xC0, 0x73,
    0xFD, 0xC1, 0x87, 0x7F, 0xFD, 0xFF, 0xF0, 0x01, 0xC0, 0x67, 0x01, 0xC0, 0x0F, 0x00, 0x7F, 0x0F,
    0x8F, 0x18, 0x1C, 0x00, 0x00, 0x7F, 0xF0, 0xC0, 0x01, 0x80, 0x03, 0x00, 0x06, 0x00, 0x0C, 0x00,
    0x1F, 0xFC, 0x1F, 0xF8, 0x18, 0xC0, 0x31, 0x80, 0x63, 0x0F, 0xFF, 0xEF, 0xFF, 0x80, 0x00, 0x00,
    0x7F, 0xF0, 0xC0, 0x01, 0x80, 0x03, 0x00, 0x07, 0x00, 0x0F, 0xFE, 0x00, 0x00, 0x00, 0x01, 0xFF,
    0xFC, 0x06, 0x00, 0x0C, 0x00, 0x18, 0x00, 0x30, 0x00, 0x60, 0x00, 0xC0, 0x3F, 0xF8, 0x60, 0x00,
    0xC0, 0x01, 0x80, 0x03, 0xFF, 0x80, 0x00, 0x00, 0x00, 0x7F, 0xFF, 0x03, 0x80, 0x03, 0x00, 0x0E,
    0x01, 0xFF, 0xC0, 0x01, 0x80, 0x03, 0x00, 0x06, 0x00, 0x0C, 0x3F, 0xF8, 0x7F, 0xE0, 0xC0, 0x01,
    0x80, 0x03, 0x00, 0x07, 0xFF, 0x00, 0x00, 0x00, 0x00, 0xFF, 0xFE, 0x03, 0x00, 0x46, 0x01, 0x8C,
    0x03, 0x00, 0x06, 0x00, 0x0F, 0xFE, 0x0F, 0xFC, 0x3F, 0xF8, 0x7F, 0xE0, 0xC0, 0x01, 0x80, 0x03,
    0xFF, 0x80, 0x00, 0x3F, 0xFF, 0x81, 0xC0, 0x01, 0x80, 0x7F, 0xF0, 0x00, 0x60, 0x00, 0xC3, 0xFF,
    0x86, 0x00, 0x0F, 0xFF, 0x00, 0x00, 0x3F, 0xF8, 0x7F, 0xE0, 0xC0, 0x01, 0x80, 0x03, 0xFF, 0x80,
    0x00, 0x00, 0x00, 0x7F, 0xFF, 0x7F, 0xFC, 0x03, 0x00, 0xFF, 0xE1, 0x80, 0xC3, 0x01, 0x86, 0x03,
    0x0F, 0xFE, 0x00, 0x00, 0x3F, 0xF8, 0x7F, 0xE0, 0xC0, 0x01, 0x80, 0x03, 0xFF, 0x83, 0xFF, 0x00,
    0x00, 0x7F, 0xFF, 0x01, 0x80, 0x63, 0x30, 0xC4, 0x61, 0xFF, 0xC3, 0x01, 0x86, 0x03, 0x0F, 0xFE,
    0x0F, 0xF8, 0x3F, 0xF8, 0x7F, 0xE0, 0xC0, 0x01, 0x80, 0x03, 0xFF, 0x80, 0x00, 0x00, 0x00, 0x7F,
    0xFF, 0x7F, 0xFC, 0x03, 0x00, 0x06, 0x00, 0x1C, 0x00, 0x38, 0x01, 0xFC, 0x0F, 0x1F, 0x18, 0x0C,
    0x3F, 0xF8, 0x60, 0x00, 0xC0, 0x01, 0x80, 0x03, 0xFF, 0x80, 0x00, 0x00, 0x00, 0x7F, 0xFF, 0x7F,
    0xFC, 0x03, 0x00, 0x3F, 0xC0, 0xE3, 0xC3, 0x01, 0x86, 0x03, 0x07, 0xBE, 0x07, 0xF8, 0x00, 0x0C,
    0xFF, 0x73, 0xF9, 0xCC, 0x07, 0x30, 0x1C, 0xFE, 0x73, 0xFD, 0xC0, 0x07, 0x03, 0xFF, 0xFF, 0xF6,
    0xE1, 0xC1, 0x87, 0x06, 0xFC, 0x18, 0x70, 0x61, 0xC1, 0x87, 0x04, 0x0C, 0x00, 0x08, 0x7F, 0x38,
    0xC0, 0x71, 0x80, 0xE3, 0x01, 0xC7, 0xF3, 0x80, 0x7F, 0x7F, 0xFE, 0x0C, 0x1C, 0x19, 0xF8, 0x30,
    0x70, 0x61, 0x80, 0xC3, 0x01, 0xCF, 0x07, 0xDE, 0x3D, 0xE7, 0x21, 0x84, 0x00, 0x0C, 0xF9, 0xB7,
    0xF6, 0xD8, 0x1B, 0x60, 0x6D, 0x81, 0xB7, 0xF6, 0xCF, 0x9B, 0x07, 0xEF, 0xFF, 0xB5, 0xC6, 0xC3,
    0xFB, 0x0C, 0x6C, 0x31, 0xB0, 0xC6, 0xC2, 0x1B, 0x00, 0x0C, 0x00, 0x2C, 0xFD, 0xB3, 0x06, 0xCC,
    0x1B, 0x30, 0x6C, 0xFD, 0xB0, 0x3E, 0xFF, 0xFB, 0x0C, 0x6C, 0x3F, 0xB0, 0xC6, 0xC3, 0xFE, 0x1F,
    0x7C, 0x60, 0x31, 0x80, 0xC7, 0x9F, 0x0F, 0xF8, 0x00, 0x1C, 0xFF, 0x73, 0x01, 0xCC, 0x07, 0x30,
    0x1C, 0xC0, 0x73, 0xFD, 0xC7, 0xE7, 0x00, 0x1D, 0xFF, 0xF7, 0xFD, 0xC1, 0x87, 0x06, 0x1C, 0x18,
    0x70, 0x61, 0xC1, 0x87, 0x04, 0x1C, 0x00, 0x18, 0xFF, 0x63, 0x01, 0x8C, 0x06, 0x30, 0x18, 0xC0,
    0x63, 0xFD, 0x80, 0x3E, 0x7F, 0xF9, 0xD8, 0x60, 0x61, 0x87, 0x86, 0x18, 0x18, 0x60, 0x01, 0x80,
    0x07, 0xFF, 0x1F, 0xF8, 0x00, 0x18, 0xFF, 0x63, 0x01, 0x8C, 0x06, 0x30, 0x18, 0xFF, 0x60, 0x0F,
    0x9F, 0xFE, 0x46, 0x18, 0x18, 0x21, 0xFF, 0x80, 0x06, 0x00, 0x18, 0x7F, 0xE1, 0x80, 0x07, 0xFF,
    0x00, 0x00, 0x00, 0x18, 0xFF, 0x63, 0xF9, 0x8C, 0x06, 0x30, 0x18, 0xFF, 0x60, 0x01, 0x80, 0xFE,
    0x7F, 0xF8, 0x18, 0x60, 0x60, 0x86, 0x06, 0x1F, 0xF8, 0x60, 0x61, 0x81, 0x87, 0xFE, 0x00, 0x00,
    0x00, 0x18, 0x7F, 0xB0, 0xFE, 0x61, 0x80, 0xC3, 0x01, 0x87, 0xFB, 0x07, 0xE6, 0x01, 0xFC, 0x7F,
    0xF8, 0xFC, 0x30, 0x38, 0x60, 0x7E, 0xC0, 0x1C, 0x80, 0x3C, 0x01, 0xDC, 0x0F, 0x1E, 0x18, 0x0C,
    0x00, 0x18, 0xFF, 0x63, 0x01, 0x8C, 0x06, 0x30, 0x18, 0xFF, 0x60, 0x01, 0x80, 0xFE, 0x7F, 0xF8,
    0x18, 0x60, 0x61, 0x83, 0xFC, 0x1E, 0x78, 0x60, 0x61, 0x81, 0x87, 0x9E, 0x0F, 0xF0, 0x3F, 0xF8,
    0x7F, 0xE0, 0xC0, 0x01, 0x80, 0x03, 0x00, 0x07, 0xFE, 0x0F, 0xFE, 0x00, 0x00, 0x00, 0x01, 0xFF,
    0xFC, 0x31, 0x80, 0x63, 0x00, 0xC6, 0x01, 0x8C, 0x03, 0x18, 0x06, 0x30, 0x3F, 0xF8, 0x7F, 0xE0,
    0xC0, 0x01, 0x80, 0x03, 0x00, 0x07, 0xFF, 0x00, 0x00, 0x00, 0x00, 0xFF, 0xFE, 0x0C, 0xC0, 0x19,
    0x81, 0xB3, 0x03, 0x22, 0x06, 0x00, 0x0F, 0xFE, 0x0F, 0xFC, 0x3F, 0xF8, 0x7F, 0xE0, 0xC0, 0x01,
    0x80, 0x03, 0xFF, 0x80, 0x00, 0x3F, 0xFF, 0x86, 0x30, 0x0C, 0x60, 0x7F, 0xF0, 0x00, 0x60, 0x00,
    0xC3, 0xFF, 0x86, 0x00, 0x0F, 0xFF, 0x00, 0x00, 0x3F, 0xF8, 0x60, 0x00, 0xC0, 0x01, 0x80, 0x03,
    0xFF, 0x80, 0x00, 0x00, 0x00, 0x7F, 0xFF, 0x7F, 0xFC, 0x18, 0xC0, 0xFF, 0xE1, 0x80, 0xC3, 0x01,
    0x86, 0x03, 0x0F, 0xFE, 0x00, 0x00, 0x3F, 0xF8, 0x60, 0x00, 0xC0, 0x01, 0x80, 0x03, 0xFF, 0x80,
    0x00, 0x00, 0x00, 0x7F, 0xFF, 0x7F, 0xFC, 0x18, 0xC0, 0x3F, 0xC0, 0xE3, 0xC3, 0x01, 0x86, 0x03,
    0x07, 0xBE, 0x07, 0xF8, 0x3F, 0xF8, 0x7F, 0xE0, 0xC0, 0x01, 0x80, 0x03, 0x00, 0x06, 0x00, 0x0F,
    0xFE, 0x0F, 0xFC, 0x00, 0x00, 0x00, 0x00, 0x00, 0x07, 0xFF, 0xF7, 0xFF, 0xC0, 0x3F, 0xF8, 0x60,
    0x00, 0xC0, 0x01, 0x80, 0x03, 0xFF, 0x80, 0x00, 0x00, 0x00, 0x7F, 0xFF, 0x7F, 0xFC, 0x00, 0x00,
    0x00, 0x01, 0xFF, 0xC0, 0x01, 0x80, 0x03, 0x00, 0x06, 0x00, 0x0C, 0x3F, 0xF8, 0x60, 0x00, 0xC0,
    0x01, 0x80, 0x03, 0x00, 0x07, 0xFF, 0x00, 0x00, 0x00, 0x00, 0xFF, 0xFE, 0x00, 0x00, 0xC0, 0x01,
    0x80, 0x03, 0x00, 0x06, 0x00, 0x0F, 0xFE, 0x0F, 0xFC, 0x3F, 0xF8, 0x7F, 0xE0, 0xC0, 0x01, 0x80,
    0x03, 0xFF, 0x83, 0xFF, 0x00, 0x00, 0x7F, 0xFF, 0x7F, 0xFC, 0x00, 0x00, 0xFF, 0xE1, 0xFF, 0x83,
    0x00, 0x06, 0x00, 0x0F, 0xFE, 0x0F, 0xFC, 0x3F, 0xF8, 0x70, 0x00, 0xC0, 0x01, 0x80, 0x03, 0xFF,
    0x80, 0x00, 0x3F, 0xFF, 0x80, 0x00, 0x00, 0x00, 0x7F, 0xF0, 0x00, 0x60, 0x00, 0xC3, 0xFF, 0x86,
    0x00, 0x0F, 0xFF, 0x00, 0x00, 0x3F, 0xF8, 0x7F, 0xE0, 0xC0, 0x01, 0x80, 0x03, 0xFF, 0x80, 0x00,
    0x00, 0x00, 0x7F, 0xFF, 0x00, 0x00, 0x7D, 0xF0, 0x1B, 0x60, 0x36, 0xC3, 0xED, 0x86, 0x1B, 0x0F,
    0xF6, 0x00, 0x7C, 0x3F, 0xF8, 0x7F, 0xE0, 0xC0, 0x01, 0x80, 0x03, 0xFF, 0x80, 0x00, 0x00, 0x00,
    0x7F, 0xFF, 0x7F, 0xFC, 0x00, 0x00, 0xFF, 0xE1, 0x80, 0xC3, 0x01, 0x86, 0x03, 0x0F, 0xFE, 0x00,
    0x00, 0x3F, 0xF8, 0x7F, 0xE0, 0xC0, 0x01, 0x80, 0x03, 0xFF, 0x83, 0xFF, 0x00, 0x00, 0x7F, 0xFF,
    0x00, 0x00, 0x60, 0x30, 0xC0, 0x61, 0xFF, 0xC3, 0x01, 0x86, 0x03, 0x0F, 0xFE, 0x0F, 0xF8, 0x3F,
    0xF8, 0x7F, 0xE0, 0xC0, 0x01, 0x80, 0x03, 0x00, 0x07, 0xFF, 0x00, 0x00, 0x7F, 0xFF, 0x7F, 0xFC,
    0x03, 0x00, 0x0E, 0x00, 0x1C, 0x00, 0x7C, 0x01, 0xDE, 0x0F, 0x1F, 0x18, 0x0C, 0x3F, 0xF8, 0x7F,
    0xE0, 0xC0, 0x01, 0x80, 0x03, 0x00, 0x07, 0xFF, 0x00, 0x00, 0x7F, 0xFF, 0x7F, 0xFC, 0x00, 0x00,
    0x3F, 0xC0, 0xE3, 0xC3, 0x01, 0x86, 0x03, 0x07, 0xBE, 0x07, 0xF8, 0x00, 0x18, 0x00, 0x63, 0xFD,
    0x8C, 0x06, 0x30, 0x18, 0xC0, 0x63, 0x01, 0x8F, 0xF6, 0x3F, 0x98, 0x00, 0x60, 0x01, 0x9F, 0xFE,
    0x7F, 0xF8, 0x00, 0x60, 0x01, 0x80, 0x06, 0x00, 0x18, 0x00, 0x10, 0x01, 0xFF, 0xCF, 0xFE, 0x7E,
    0x03, 0xF0, 0x1F, 0x80, 0xFC, 0x07, 0xE0, 0x3F, 0x01, 0xF8, 0x0F, 0xFF, 0xFF, 0xFF, 0x80, 0x1C,
    0x00, 0xE0, 0x07, 0x00, 0x38, 0x00, 0x10, 0x01, 0xFF, 0xCF, 0x80, 0x7C, 0x03, 0xE0, 0x1F, 0x00,
    0xFF, 0xFF, 0xFF, 0xF8, 0x01, 0xC0, 0x00, 0x7F, 0xF3, 0xFF, 0x80, 0x1C, 0x00, 0xE0, 0x07, 0x00,
    0x38, 0x00, 0x13, 0xF1, 0xFF, 0xCF, 0x80, 0x7C, 0x03, 0xE0, 0x1F, 0x00, 0xF8, 0x77, 0xFF, 0xBB,
    0x81, 0xC0, 0x0E, 0x60, 0x73, 0x00, 0x18, 0x00, 0xC0, 0x07, 0xFF, 0x1F, 0xF0, 0x00, 0x10, 0x01,
    0xFF, 0xCF, 0x80, 0x7C, 0x03, 0xE0, 0x1F, 0x00, 0xFF, 0xFF, 0xFF, 0xF8, 0x01, 0xC0, 0x0C, 0x7F,
    0xF3, 0x00, 0x18, 0x00, 0xC0, 0x07, 0xFF, 0x1F, 0xF0, 0x00, 0x10, 0x01, 0xFF, 0xCF, 0x80, 0x7C,
    0x03, 0xE0, 0x1F, 0xBF, 0xFF, 0xFF, 0x00, 0x38, 0x00, 0x0F, 0xFE, 0x00, 0x73, 0xFF, 0x98, 0x00,
    0xC0, 0x06, 0x00, 0x3F, 0xF8, 0x00, 0x10, 0x01, 0xFF, 0xCF, 0x80, 0x7C, 0x03, 0xE0, 0x1F, 0x00,
    0xFF, 0xFF, 0xFF, 0xF8, 0x01, 0xC0, 0x04, 0x7F, 0xF3, 0x03, 0x98, 0x1C, 0xC0, 0xE7, 0xFF, 0x1F,
    0xF0, 0x00, 0x10, 0x01, 0xFF, 0xCF, 0x80, 0x7C, 0x03, 0xE0, 0x1F, 0x0F, 0xFF, 0xFF, 0x70, 0x38,
    0x00, 0x0C, 0x0E, 0x60, 0x73, 0xFF, 0x98, 0x1C, 0xC0, 0xE7, 0xFF, 0x1F, 0xF0, 0x00, 0x10, 0x00,
    0xEF, 0xF3, 0xB0, 0x0E, 0xC0, 0x3B, 0x00, 0xEC, 0x03, 0xB0, 0xFE, 0xFF, 0xF9, 0xC0, 0xE0, 0x33,
    0x80, 0xE4, 0x03, 0x80, 0x1F, 0x01, 0xEE, 0x1F, 0x1E, 0x30, 0x18, 0x00, 0x10, 0x00, 0xEF, 0xF3,
    0xB0, 0x0E, 0xC0, 0x3B, 0x00, 0xEC, 0x03, 0xBF, 0xFE, 0xFF, 0xF8, 0x00, 0xE1, 0x87, 0x06, 0x18,
    0x18, 0x60, 0x73, 0xC3, 0xFF, 0x39, 0xE7, 0x43, 0x08, 0x00, 0x10, 0x01, 0xFF, 0xCF, 0x80, 0x7C,
    0x03, 0xE0, 0x1F, 0x00, 0xFF, 0xFF, 0xFF, 0xF8, 0x01, 0xC0, 0x0E, 0x3F, 0xC3, 0xC7, 0x18, 0x18,
    0xC0, 0xC7, 0xDE, 0x1F, 0xE0, 0x00, 0x10, 0x01, 0xFF, 0xCF, 0x80, 0x7C, 0x03, 0xE0, 0x1F, 0x0F,
    0xFF, 0xFF, 0x78, 0x38, 0x01, 0xC0, 0x00, 0x7F, 0xF0, 0x38, 0x03, 0xC0, 0x3B, 0x87, 0x8F, 0x30,
    0x38, 0x00, 0x30, 0x00, 0xCF, 0xFB, 0x3D, 0xEC, 0xC6, 0x33, 0x18, 0xCC, 0x63, 0xF1, 0x8F, 0xC6,
    0x33, 0x18, 0xCD, 0xFF, 0x3F, 0xFC, 0xC6, 0x30, 0x00, 0xC0, 0x03, 0x00, 0x0C, 0x00, 0x30, 0x00,
    0x30, 0x00, 0xCF, 0x7B, 0x31, 0x8C, 0xC6, 0x3B, 0x18, 0xFC, 0x63, 0x3F, 0xFC, 0xFF, 0xF0, 0x00,
    0xC0, 0x03, 0x1F, 0xFC, 0x00, 0x30, 0x00, 0xC0, 0x03, 0x00, 0x0C, 0x00, 0x30, 0x00, 0x30, 0x00,
    0xCF, 0x7B, 0x31, 0x8C, 0xC6, 0x33, 0x18, 0xFC, 0x63, 0xB7, 0xFC, 0xFF, 0xF1, 0x18, 0xC0, 0x03,
    0x0C, 0x0C, 0x30, 0x00, 0xC0, 0x03, 0x00, 0x0F, 0xFE, 0x1F, 0xF0, 0x00, 0x30, 0x00, 0xCF, 0xFB,
    0x31, 0x8C, 0xC6, 0x3F, 0x18, 0xEF, 0xFF, 0x3F, 0xFC, 0x00, 0x30, 0x00, 0xC3, 0xFF, 0x00, 0x0C,
    0x3F, 0xF0, 0xC0, 0x03, 0x00, 0x0F, 0xFE, 0x00, 0x00, 0x00, 0x30, 0x00, 0xCF, 0x7B, 0x31, 0x8C,
    0xC6, 0x3B, 0x18, 0xFC, 0x63, 0x3F, 0xFC, 0xFF, 0xF0, 0x00, 0xC0, 0x00, 0x0F, 0xFC, 0x30, 0x30,
    0xC0, 0xC3, 0x03, 0x0F, 0xFC, 0x3F, 0xE0, 0x00, 0x30, 0x00, 0xCF, 0x7B, 0x31, 0x8C, 0xC6, 0x3F,
    0x18, 0xFC, 0x6F, 0x3F, 0xFC, 0xFF, 0x30, 0x00, 0x03, 0x03, 0x0C, 0x0C, 0x3F, 0xF0, 0xC0, 0xC3,
    0x03, 0x0F, 0xFC, 0x3F, 0xE0, 0x00, 0x30, 0x00, 0xCF, 0x7B, 0x31, 0x8C, 0xC6, 0x33, 0x18, 0xFC,
    0x63, 0xB7, 0xBC, 0xFF, 0xF1, 0x18, 0xC0, 0x33, 0x00, 0xCC, 0x07, 0x80, 0x1E, 0x01, 0xCE, 0x1E,
    0x1E, 0x70, 0x18, 0x00, 0x30, 0x00, 0xCF, 0x7B, 0x31, 0x8C, 0xC6, 0x3B, 0x18, 0xFC, 0x63, 0x3F,
    0xFC, 0xFF, 0xF0, 0x00, 0xC1, 0x86, 0x06, 0x18, 0x18, 0x60, 0xF3, 0x83, 0xFF, 0x39, 0xE7, 0x43,
    0x08, 0x00, 0x30, 0x00, 0xCF, 0x7B, 0x31, 0x8C, 0xC6, 0x3B, 0x18, 0xFC, 0x63, 0x3F, 0xFC, 0xFF,
    0xF0, 0x00, 0xC0, 0x03, 0x07, 0xF8, 0x3C, 0xF0, 0xC0, 0xC3, 0x03, 0x0F, 0xFC, 0x1F, 0xE0, 0x00,
    0x30, 0x00, 0xCF, 0x7B, 0x31, 0x8C, 0xC6, 0x3F, 0x18, 0xEF, 0xFF, 0x3F, 0xFC, 0x03, 0x30, 0x0C,
    0x07, 0xFF, 0x80, 0x00, 0x1F, 0xC0, 0x73, 0x83, 0x86, 0x07, 0x38, 0x1F, 0xC0, 0x00, 0x18, 0x06,
    0xC0, 0x37, 0xFF, 0xBC, 0xCD, 0xE6, 0x6F, 0x33, 0x79, 0x9F, 0xCC, 0xFE, 0x66, 0xFF, 0xF7, 0xFF,
    0xBC, 0xCD, 0x80, 0x6C, 0x03, 0x60, 0x1B, 0x00, 0x18, 0x00, 0x18, 0x06, 0xFF, 0xF7, 0x99, 0xBC,
    0xCD, 0xE6, 0x7F, 0x33, 0x7B, 0xBB, 0xFF, 0xDA, 0x66, 0xC0, 0x02, 0x7F, 0xF1, 0xFF, 0x80, 0x0C,
    0x00, 0x60, 0x03, 0x00, 0x18, 0x00, 0x58, 0x03, 0x6F, 0xFD, 0xB3, 0x36, 0xCC, 0xDB, 0x33, 0xEC,
    0xCD, 0xBF, 0xF6, 0xFF, 0xD9, 0x33, 0x61, 0x0D, 0x8C, 0x36, 0x30, 0x18, 0xC0, 0x03, 0x00, 0x0F,
    0xFF, 0x1F, 0xF8, 0x00, 0x18, 0x03, 0x6F, 0xFD, 0xB3, 0x36, 0xCC, 0xFB, 0x33, 0x6F, 0xFD, 0xBF,
    0xF6, 0x00, 0xD8, 0x00, 0x03, 0xFF, 0x80, 0x06, 0x00, 0x18, 0xFF, 0xE3, 0x00, 0x0F, 0xFF, 0x00,
    0x00, 0x00, 0x18, 0x06, 0xFF, 0xF7, 0x99, 0xBC, 0xCF, 0xE6, 0x7F, 0x33, 0x7F, 0xFB, 0xFF, 0xD8,
    0x06, 0xC0, 0x16, 0x7F, 0xF3, 0x01, 0x98, 0x0C, 0xC0, 0x67, 0xFF, 0x00, 0x00, 0x00, 0x18, 0x06,
    0xFF, 0xF7, 0x99, 0xBC, 0xCF, 0xE6, 0x7F, 0xFF, 0x7F, 0xFB, 0x4C, 0xD8, 0x00, 0x0C, 0x06, 0x60,
    0x33, 0xFF, 0x98, 0x0C, 0xC0, 0x67, 0xFF, 0x1F, 0xF0, 0x00, 0x58, 0x03, 0x6F, 0xFD, 0xB3, 0x36,
    0xCC, 0xDB, 0x33, 0xEC, 0xCD, 0xBF, 0xF6, 0xFF, 0xD9, 0x33, 0x60, 0x19, 0x80, 0xE6, 0x03, 0x80,
    0x1F, 0x00, 0xEE, 0x0F, 0x1F, 0x30, 0x18, 0x00, 0x18, 0x03, 0x6F, 0xFD, 0xB3, 0x36, 0xCC, 0xDB,
    0x33, 0xEC, 0xCD, 0xBF, 0xF6, 0xFF, 0xD8, 0x03, 0x60, 0x86, 0x07, 0x18, 0x1C, 0x60, 0x73, 0xC3,
    0x6F, 0x9D, 0xE7, 0x43, 0x0C, 0x00, 0x58, 0x06, 0xFF, 0xF7, 0x99, 0xBC, 0xCF, 0xE6, 0x7F, 0x33,
    0x7F, 0xFB, 0xFF, 0xD8, 0x06, 0xC0, 0x06, 0x3F, 0xE3, 0xC7, 0x98, 0x0C, 0xC0, 0x67, 0xDF, 0x0F,
    0xF0, 0x00, 0x18, 0x00, 0xFF, 0xE7, 0xFF, 0x3C, 0xE1, 0xE7, 0x0F, 0x38, 0x79, 0xDF, 0xCE, 0x1E,
    0x70, 0xF7, 0xB7, 0xFF, 0xB4, 0x61, 0x80, 0x0C, 0x00, 0x60, 0x03, 0x00, 0x18, 0x00, 0x18, 0x00,
    0xFF, 0xE7, 0x9C, 0x3C, 0xE1, 0xE7, 0x7F, 0x38, 0x7B, 0xFB, 0xFF, 0xDA, 0x20, 0xC0, 0x04, 0x7F,
    0xF3, 0xFF, 0x80, 0x0C, 0x00, 0x60, 0x03, 0x00, 0x18, 0x00, 0x18, 0x00, 0xFF, 0xE7, 0x9C, 0x3C,
    0xE1, 0xE7, 0x7F, 0x39, 0xF9, 0xC3, 0xFF, 0xDF, 0xFE, 0xC0, 0x06, 0x60, 0x33, 0x01, 0x98, 0x00,
    0xC0, 0x07, 0xFF, 0x1F, 0xF0, 0x00, 0x10, 0x00, 0xFF, 0xE7, 0x9C, 0x3C, 0xEF, 0xE7, 0x0F, 0x7F,
    0x7F, 0xFB, 0x00, 0x18, 0x00, 0x0F, 0xFE, 0x00, 0x30, 0x01, 0x9F, 0xFC, 0xC0, 0x07, 0xFF, 0x00,
    0x00, 0x00, 0x10, 0x00, 0xFF, 0xE7, 0x9C, 0x3C, 0xEF, 0xE7, 0x0F, 0x7B, 0x7F, 0xFB, 0x00, 0x18,
    0x00, 0x9F, 0xFE, 0x0F, 0x37, 0xF9, 0xB8, 0xCD, 0xCE, 0x6F, 0xFF, 0x00, 0x00, 0x00, 0x18, 0x00,
    0xFF, 0xE7, 0x9C, 0x3C, 0xEF, 0xE7, 0x0F, 0x7F, 0x7F, 0xFB, 0x00, 0x18, 0x04, 0xDF, 0xE6, 0x0F,
    0x30, 0x7F, 0xBF, 0xCD, 0x8E, 0x6F, 0xFF, 0x00, 0x00, 0x00, 0x18, 0x00, 0xFF, 0xE7, 0x9C, 0x3C,
    0xE1, 0xE7, 0x7F, 0x38, 0x7F, 0xFB, 0xFF, 0xD8, 0x00, 0xC0, 0x00, 0x7F, 0xF3, 0x01, 0x98, 0x0C,
    0xC0, 0x67, 0xFF, 0x00, 0x00, 0x00, 0x18, 0x00, 0xFF, 0xE7, 0x9C, 0x3C, 0xEF, 0xE7, 0x3F, 0x38,
    0x7F, 0xFB, 0xFF, 0xD8, 0x00, 0xCC, 0x06, 0x60, 0x33, 0xFF, 0x98, 0x0C, 0xC0, 0x67, 0xFF, 0x1F,
    0xF0, 0x00, 0x18, 0x00, 0x6F, 0xF9, 0xB3, 0x86, 0xCE, 0x1B, 0x3B, 0xEC, 0xE1, 0xB7, 0xF6, 0xFF,
    0xD9, 0x10, 0x60, 0x31, 0x80, 0xE6, 0x03, 0x80, 0x1F, 0x01, 0xEE, 0x1F, 0x1E, 0x30, 0x18, 0x00,
    0x18, 0x00, 0x6F, 0xF9, 0xB3, 0x86, 0xCE, 0x1B, 0x3B, 0xEC, 0xE1, 0xB7, 0xF6, 0xFF, 0xD9, 0x00,
    0x61, 0x86, 0x06, 0x18, 0x1C, 0x60, 0xF3, 0xC7, 0xFF, 0xB9, 0xE7, 0x43, 0x08, 0x00, 0x18, 0x00,
    0xFF, 0xE7, 0x9C, 0x3C, 0xE1, 0xE7, 0x7F, 0x38, 0x7B, 0xFB, 0xFF, 0xDA, 0x00, 0xC0, 0x06, 0x3F,
    0xC3, 0xC7, 0x18, 0x0C, 0xC0, 0x67, 0xDE, 0x1F, 0xE0, 0x00, 0x1F, 0xFC, 0xF3, 0x87, 0x9C, 0x3C,
    0xEF, 0xE7, 0x0F, 0xFF, 0x7F, 0xFB, 0x03, 0x18, 0x18, 0x8F, 0xFE, 0x00, 0x00, 0xFE, 0x0E, 0x78,
    0x60, 0xC3, 0x9E, 0x0F, 0xE0, 0x00, 0x18, 0x06, 0xC0, 0x37, 0xFF, 0xBC, 0xCD, 0xE6, 0x6F, 0x37,
    0x79, 0xFB, 0xCC, 0xDE, 0x66, 0xF3, 0xF7, 0xFF, 0xBC, 0xCD, 0x80, 0x6C, 0x03, 0x60, 0x1B, 0x00,
    0x18, 0x00, 0x18, 0x06, 0xFF, 0xF7, 0x99, 0xBC, 0xCD, 0xE7, 0xEF, 0x33, 0x79, 0xFB, 0xFF, 0xDA,
    0x66, 0xC0, 0x16, 0x7F, 0xF1, 0xFF, 0x80, 0x0C, 0x00, 0x60, 0x03, 0x00, 0x18, 0x00, 0x58, 0x03,
    0x6F, 0xFD, 0xB3, 0x36, 0xCC, 0xDB, 0x3F, 0x6C, 0xDD, 0xB3, 0x36, 0xFF, 0xDB, 0xFF, 0x60, 0x0D,
    0x8C, 0x36, 0x30, 0x58, 0xC0, 0x03, 0x00, 0x0F, 0xFF, 0x1F, 0xF8, 0x00, 0x18, 0x03, 0x6F, 0xFD,
    0xB3, 0x36, 0xCF, 0xDB, 0x33, 0x6E, 0xFD, 0xBF, 0xF6, 0x00, 0xD8, 0x00, 0x03, 0xFF, 0x80, 0x06,
    0x00, 0x18, 0xFF, 0xE3, 0x00, 0x0F, 0xFF, 0x00, 0x00, 0x00, 0x18, 0x06, 0xFF, 0xF7, 0x99, 0xBC,
    0xCD, 0xE7, 0xEF, 0x33, 0x7F, 0xFB, 0xFF, 0xD8, 0x06, 0xC0, 0x06, 0x7F, 0xF3, 0x01, 0x98, 0x0C,
    0xC0, 0x67, 0xFF, 0x00, 0x00, 0x00, 0x18, 0x06, 0xFF, 0xF7, 0x99, 0xBC, 0xFD, 0xE6, 0xEF, 0x33,
    0x7F, 0xFB, 0xFF, 0xD8, 0x06, 0xCC, 0x06, 0x60, 0x33, 0xFF, 0x98, 0x0C, 0xC0, 0x67, 0xFF, 0x1F,
    0xF0, 0x00, 0x18, 0x03, 0x6F, 0xFD, 0xB3, 0x36, 0xCC, 0xDB, 0x3F, 0x6C, 0xCD, 0xB3, 0xF6, 0xFF,
    0xD9, 0x33, 0x60, 0x19, 0x80, 0xE6, 0x03, 0x80, 0x1F, 0x00, 0xEF, 0x0F, 0x1F, 0x30, 0x18, 0x00,
    0x18, 0x03, 0x6F, 0xFD, 0xB3, 0x36, 0xCC, 0xDB, 0x3F, 0x6C, 0xCD, 0xBF, 0xF6, 0xFF, 0xD8, 0x03,
    0x60, 0x86, 0x07, 0x18, 0x1C, 0x60, 0x73, 0xC3, 0x6F, 0x9D, 0xE7, 0x43, 0x0C, 0x00, 0x18, 0x06,
    0xFF, 0xF7, 0x99, 0xBC, 0xCD, 0xE7, 0xEF, 0x33, 0x7D, 0xFB, 0xFF, 0xDA, 0x46, 0xC0, 0x06, 0x3F,
    0xE3, 0xC7, 0x98, 0x0C, 0xC0, 0x67, 0xDF, 0x0F, 0xF0, 0x00, 0x18, 0x00, 0xFF, 0xE7, 0xFF, 0x3C,
    0xE1, 0xE7, 0x7F, 0x38, 0x79, 0xC3, 0xCE, 0xFE, 0x73, 0xF3, 0x87, 0xFF, 0xBF, 0xFD, 0x80, 0x0C,
    0x00, 0x60, 0x03, 0x00, 0x18, 0x00, 0x18, 0x00, 0x6F, 0xF9, 0xB3, 0x06, 0xCC, 0xFB, 0x30, 0x6C,
    0xCF, 0xBF, 0xF6, 0xFF, 0xD9, 0x10, 0x61, 0x86, 0x06, 0x18, 0x1C, 0x60, 0xF3, 0xC7, 0xFF, 0xB9,
    0xE7, 0x43, 0x08, 0x3E, 0xFC, 0x7D, 0xF0, 0xC3, 0x01, 0x86, 0x03, 0x0C, 0x06, 0xD8, 0x0F, 0xFF,
    0x18, 0x7C, 0x01, 0x80, 0x03, 0x00, 0x06, 0x00, 0x1C, 0x0F, 0xFF, 0xE0, 0x3F, 0xFC, 0x61, 0x80,
    0xC3, 0x01, 0x9E, 0x03, 0xFF, 0xC0, 0x30, 0x00, 0x60, 0x01, 0xC0, 0xFF, 0xFE, 0x00, 0x00, 0x00,
    0x01, 0xFF, 0xC0, 0x01, 0x80, 0x03, 0x00, 0x06, 0x00, 0x0C, 0x3F, 0xFC, 0x61, 0x80, 0xC3, 0x01,
    0x86, 0x03, 0xFC, 0x07, 0xFF, 0x80, 0x60, 0x01, 0xC0, 0xFF, 0xFE, 0x00, 0x00, 0xC0, 0x01, 0x80,
    0x03, 0x00, 0x06, 0x00, 0x0F, 0xFE, 0x0F, 0xFC, 0x3F, 0xFC, 0x61, 0x80, 0xC3, 0x01, 0xFE, 0x03,
    0xFF, 0xC0, 0x30, 0x00, 0xE0, 0x7F, 0xFF, 0x00, 0x00, 0x7F, 0xF0, 0x00, 0x60, 0x00, 0xC3, 0xFF,
    0x86, 0x00, 0x0F, 0xFF, 0x00, 0x00, 0x3F, 0xFC, 0x7D, 0xF0, 0xC3, 0x01, 0xBE, 0x03, 0xFF, 0xC0,
    0x3F, 0x00, 0x60, 0x01, 0xC0, 0xFF, 0xFE, 0x00, 0x00, 0x3F, 0xC0, 0xF7, 0xC3, 0x01, 0x86, 0x03,
    0x07, 0xBE, 0x07, 0xF8, 0x00, 0x18, 0x00, 0x31, 0xFF, 0x63, 0x18, 0xC6, 0x31, 0x8C, 0x63, 0x1B,
    0xC6, 0x3F, 0xEF, 0x06, 0x1C, 0x1C, 0x30, 0x38, 0x60, 0x7F, 0xCF, 0xFF, 0x8C, 0x03, 0x00, 0x06,
    0x00, 0x0C, 0x00, 0x18, 0x00, 0x18, 0xFF, 0xB1, 0x9C, 0x63, 0x38, 0xC7, 0xF1, 0xEF, 0xFB, 0x83,
    0x06, 0x1F, 0xFC, 0xFF, 0xF8, 0x00, 0x30, 0xFF, 0xE0, 0x00, 0xC0, 0x01, 0x87, 0xFF, 0x0C, 0x00,
    0x1F, 0xFE, 0x00, 0x00, 0x00, 0x2C, 0x01, 0xB7, 0xFE, 0xD9, 0x9B, 0x66, 0x6D, 0x99, 0xB7, 0xE6,
    0xDF, 0xFF, 0x0C, 0x7C, 0x31, 0xB0, 0xC6, 0xDF, 0xFB, 0xFF, 0xEC, 0x01, 0xB0, 0x06, 0xC0, 0x1B,
    0x00, 0x0C, 0x00, 0x0C, 0x00, 0x37, 0xFE, 0xDC, 0xC3, 0x63, 0x0D, 0x8C, 0x36, 0xF0, 0xDF, 0xFB,
    0x07, 0xCC, 0x18, 0x30, 0x60, 0xC1, 0xFB, 0x7F, 0xED, 0xC0, 0x30, 0x00, 0xC0, 0x03, 0x00, 0x0C,
    0x00, 0x08, 0x00, 0x77, 0xFD, 0xD8, 0xC7, 0x63, 0x1D, 0xFC, 0x77, 0xFF, 0xC1, 0x87, 0x07, 0xFD,
    0xFF, 0xF4, 0x01, 0xC6, 0x07, 0x18, 0x08, 0x60, 0x01, 0x80, 0x07, 0xFF, 0x0F, 0xF8, 0x00, 0x00,
    0x7F, 0xF8, 0xC3, 0x01, 0x86, 0x03, 0x0C, 0x07, 0xF8, 0x0F, 0xFF, 0x00, 0x00, 0x7F, 0xFD, 0xFF,
    0xFC, 0x06, 0x00, 0x0C, 0x00, 0x18, 0x00, 0x30, 0x00, 0x60, 0x00, 0xC0, 0x3F, 0xFC, 0x7D, 0xF0,
    0xC3, 0x01, 0xBE, 0x03, 0xFF, 0xC0, 0x00, 0x00, 0x00, 0x7F, 0xFF, 0x03, 0x80, 0x03, 0x00, 0x0E,
    0x01, 0xFF, 0xC0, 0x01, 0x80, 0x03, 0x00, 0x06, 0x00, 0x0C, 0x3F, 0xFC, 0x61, 0x80, 0xC3, 0x01,
    0x86, 0x03, 0xFC, 0x07, 0xFF, 0x80, 0x00, 0x00, 0x00, 0xFF, 0xFE, 0x03, 0x00, 0xC6, 0x01, 0x8C,
    0x03, 0x00, 0x06, 0x00, 0x0F, 0xFE, 0x0F, 0xFC, 0x3F, 0xFC, 0x61, 0x80, 0xC3, 0x01, 0xFE, 0x03,
    0xFF, 0xC0, 0x00, 0x3F, 0xFF, 0x81, 0xC0, 0x01, 0x80, 0x7F, 0xF0, 0x00, 0x60, 0x00, 0xC3, 0xFF,
    0x86, 0x00, 0x0F, 0xFF, 0x00, 0x00, 0x3F, 0xFC, 0x61, 0x80, 0xC3, 0x01, 0xFE, 0x03, 0xFF, 0xC0,
    0x00, 0x3F, 0xFF, 0xBF, 0xFE, 0x01, 0xB0, 0x7C, 0x60, 0x1F, 0xF0, 0x33, 0xC3, 0xED, 0x86, 0x19,
    0x8F, 0xF6, 0x00, 0x3C, 0x3F, 0xFC, 0x61, 0x80, 0xC3, 0x01, 0x9E, 0x03, 0xFF, 0xC0, 0x00, 0x00,
    0x00, 0x7F, 0xFF, 0x7F, 0xFC, 0x03, 0x00, 0xFF, 0xE1, 0x80, 0xC3, 0x01, 0x86, 0x03, 0x0F, 0xFE,
    0x0F, 0xF8, 0x3F, 0xFC, 0x7D, 0xF0, 0xC3, 0x01, 0x9E, 0x03, 0xFF, 0xC0, 0x00, 0x00, 0x00, 0x7F,
    0xFF, 0x03, 0x80, 0x03, 0x00, 0x3F, 0xC0, 0xF7, 0xC3, 0x01, 0x86, 0x03, 0x07, 0xBE, 0x07, 0xF8,
    0x00, 0x2C, 0x01, 0xB7, 0xFE, 0xD9, 0x9B, 0x66, 0x6D, 0xF9, 0xB7, 0xFE, 0xC0, 0x1B, 0x07, 0xEF,
    0xFF, 0xB4, 0xC6, 0xC3, 0xFB, 0x0C, 0x6C, 0x31, 0xB0, 0xC6, 0xC3, 0x1B, 0x00, 0x0C, 0x00, 0x0C,
    0x00, 0x37, 0xFE, 0xD8, 0xC3, 0x63, 0x0D, 0xBC, 0x37, 0xFE, 0xC0, 0x73, 0x00, 0x0C, 0x0F, 0xBF,
    0xFE, 0xC1, 0x83, 0x06, 0x0C, 0x18, 0x30, 0x60, 0xC1, 0x83, 0x06, 0x0C, 0x00, 0x08, 0x00, 0x37,
    0xFE, 0xDC, 0xC3, 0x73, 0x0D, 0xFC, 0x37, 0xFE, 0xC0, 0x03, 0x03, 0xED, 0xFF, 0xB0, 0x60, 0xC1,
    0x83, 0x1E, 0x0C, 0x60, 0x01, 0x80, 0x07, 0xFF, 0x1F, 0xF8, 0x00, 0x0D, 0xFF, 0xB7, 0x30, 0xDC,
    0xC3, 0x7F, 0x0D, 0xFF, 0xB0, 0x0E, 0xDF, 0xFB, 0x06, 0x0C, 0x18, 0x01, 0xFF, 0xC0, 0x03, 0x00,
    0x0C, 0x7F, 0xF1, 0x80, 0x07, 0xFF, 0x00, 0x00, 0x00, 0x0D, 0xFF, 0xB7, 0x30, 0xDC, 0xC3, 0x7F,
    0x0D, 0xFF, 0xB0, 0x00, 0xC0, 0xFB, 0x7F, 0xEC, 0x18, 0x30, 0x60, 0x87, 0xFF, 0x18, 0x1C, 0x60,
    0x31, 0x80, 0xC7, 0xFF, 0x0F, 0xF8, 0x00, 0x0D, 0xFF, 0xB7, 0xBC, 0xDC, 0xC3, 0x7F, 0x0D, 0xFF,
    0xB0, 0x1C, 0xC0, 0x7B, 0x7F, 0xEC, 0x18, 0x31, 0xE0, 0xC6, 0x03, 0x1F, 0xFC, 0x60, 0x71, 0x80,
    0xC7, 0xFF, 0x0F, 0xF8, 0x00, 0x08, 0x00, 0x37, 0xFE, 0xDC, 0xC3, 0x7F, 0x0D, 0xFF, 0xB0, 0x00,
    0xC0, 0x7B, 0x7F, 0xEC, 0x18, 0x30, 0x60, 0xC1, 0xFC, 0x1F, 0x78, 0x60, 0x71, 0x81, 0xC7, 0xDE,
    0x0F, 0xF0, 0x3F, 0xFC, 0x7D, 0xF0, 0xC3, 0x01, 0x86, 0x03, 0x0C, 0x06, 0x18, 0x0F, 0xF0, 0x1F,
    0xFE, 0x00, 0x00, 0x00, 0x00, 0x00, 0x07, 0xFF, 0xF7, 0xFF, 0xC0, 0x3F, 0xFC, 0x7D, 0xF0, 0xC3,
    0x01, 0x86, 0x03, 0xFC, 0x07, 0xFF, 0x80, 0x00, 0x7F, 0xFF, 0x7F, 0xFC, 0x00, 0x00, 0xFF, 0xE0,
    0x00, 0xC0, 0x01, 0x80, 0x03, 0x00, 0x06, 0x00, 0x0C, 0x3F, 0xFC, 0x61, 0x80, 0xC3, 0x01, 0x86,
    0x03, 0xFC, 0x07, 0xFF, 0x80, 0x00, 0x3F, 0xFE, 0xFF, 0xFE, 0x00, 0x00, 0xC0, 0x01, 0x80, 0x03,
    0x00, 0x06, 0x00, 0x0F, 0xFE, 0x0F, 0xFC, 0x3F, 0xFC, 0x7D, 0xF0, 0xC3, 0x01, 0x86, 0x03, 0xFC,
    0x07, 0xFF, 0x80, 0x00, 0x7F, 0xFF, 0x00, 0x00, 0x00, 0x00, 0xFF, 0xE1, 0x80, 0x03, 0x00, 0x06,
    0x00, 0x0F, 0xFE, 0x0F, 0xFC, 0x3F, 0xFC, 0x61, 0x80, 0xC3, 0x01, 0xFE, 0x03, 0xFF, 0xC0, 0x00,
    0x3F, 0xFF, 0xBF, 0xFE, 0x00, 0x00, 0x7F, 0xF0, 0x00, 0x60, 0x00, 0xC3, 0xFF, 0x86, 0x00, 0x0F,
    0xFF, 0x00, 0x00, 0x3F, 0xFC, 0x7D, 0xF0, 0xC3, 0x01, 0x9E, 0x03, 0xFF, 0xC0, 0x1F, 0x00, 0x00,
    0x7F, 0xFF, 0x00, 0x00, 0x00, 0x00, 0xFF, 0xE1, 0x80, 0xC3, 0x01, 0x86, 0x03, 0x0F, 0xFE, 0x0F,
    0xF8, 0x3F, 0xFC, 0x7D, 0xF0, 0xC3, 0x01, 0x9E, 0x03, 0xFF, 0xC0, 0x00, 0x00, 0x00, 0x7F, 0xFF,
    0x7F, 0xFC, 0x60, 0x30, 0xC0, 0x61, 0xFF, 0xC3, 0x01, 0x86, 0x03, 0x0F, 0xFE, 0x0F, 0xF8, 0x3F,
    0xFC, 0x61, 0x80, 0xC3, 0x01, 0x86, 0x03, 0xFC, 0x07, 0xFF, 0x80, 0x00, 0x7F, 0xFF, 0x7F, 0xFC,
    0x03, 0x00, 0x0E, 0x00, 0x1C, 0x00, 0x7C, 0x01, 0xDE, 0x0F, 0x1F, 0x18, 0x0C, 0x00, 0x0C, 0x00,
    0x37, 0xFE, 0xDE, 0xF3, 0x63, 0x0D, 0x8C, 0x36, 0xF0, 0xDF, 0xFB, 0x31, 0xCC, 0x00, 0x30, 0x00,
    0xDF, 0xFB, 0x7F, 0xEC, 0x00, 0x30, 0x00, 0xC0, 0x03, 0x00, 0x0C, 0x00, 0x0C, 0x00, 0x37, 0xFE,
    0xDC, 0xC3, 0x73, 0x0D, 0xFC, 0x37, 0xFE, 0xC8, 0x73, 0x03, 0xED, 0xFF, 0xB4, 0x00, 0xC6, 0x03,
    0x18, 0x0C, 0x60, 0x01, 0x80, 0x07, 0xFF, 0x0F, 0xF8, 0x00, 0x0D, 0xFF, 0xB7, 0x30, 0xD8, 0xC3,
    0x7F, 0x0D, 0xFF, 0xB0, 0x0E, 0xDF, 0xFB, 0x00, 0x0C, 0x00, 0x01, 0xFF, 0xC0, 0x03, 0x00, 0x0C,
    0x7F, 0xF1, 0x80, 0x07, 0xFF, 0x00, 0x00, 0x00, 0x0D, 0xFF, 0xB7, 0x30, 0xDC, 0xC3, 0x7F, 0x0D,
    0xFF, 0xB0, 0x00, 0xC0, 0xFB, 0x7F, 0xEC, 0x00, 0x30, 0x00, 0x87, 0xFF, 0x18, 0x1C, 0x60, 0x31,
    0x80, 0xC7, 0xFF, 0x0F, 0xF8, 0x00, 0x0D, 0xFF, 0xB7, 0x30, 0xDC, 0xC3, 0x7F, 0x0D, 0xFF, 0xB0,
    0x00, 0xCF, 0xFB, 0x7F, 0xEC, 0x00, 0x31, 0x80, 0xC6, 0x03, 0x1F, 0xFC, 0x60, 0x71, 0x80, 0xC7,
    0xFF, 0x0F, 0xF8, 0x00, 0x18, 0x00, 0xFF, 0xF7, 0xEF, 0x3C, 0x61, 0xE3, 0x0F, 0x18, 0x78, 0xC3,
    0xC6, 0x1E, 0x30, 0xF7, 0xB7, 0xFF, 0xF6, 0x31, 0x80, 0x0C, 0x00, 0x60, 0x03, 0x00, 0x18, 0x00,
    0x18, 0x00, 0xFF, 0xF7, 0xEF, 0x3C, 0x61, 0xE3, 0x0F, 0x18, 0x7B, 0xDB, 0xFF, 0xD8, 0x00, 0xC0,
    0x06, 0x60, 0x33, 0x00, 0x18, 0x00, 0xC0, 0x07, 0xFF, 0x1F, 0xF8, 0x00, 0x18, 0x00, 0xFF, 0xF7,
    0x8C, 0x3C, 0x61, 0xE3, 0x0F, 0xFB, 0x7F, 0xFB, 0x00, 0x18, 0x00, 0x0F, 0xFE, 0x00, 0x33, 0xFF,
    0x98, 0x00, 0xC0, 0x07, 0xFF, 0x00, 0x00, 0x00, 0x18, 0x00, 0xFF, 0xF7, 0x8C, 0x3C, 0x61, 0xE3,
    0x0F, 0x7B, 0x7F, 0xFB, 0x42, 0x18, 0x00, 0xC0, 0x00, 0x7F, 0xF3, 0x01, 0x98, 0x0C, 0xC0, 0x67,
    0xFF, 0x1F, 0xF0, 0x00, 0x18, 0x00, 0xFF, 0xF7, 0x8C, 0x3C, 0x61, 0xE3, 0x0F, 0x7B, 0x7F, 0xFB,
    0x02, 0x18, 0x00, 0x0C, 0x06, 0x60, 0x33, 0xFF, 0x98, 0x0C, 0xC0, 0x67, 0xFF, 0x1F, 0xF0, 0x00,
    0x18, 0x00, 0x6F, 0xFD, 0xB1, 0x86, 0xC6, 0x1B, 0x18, 0x6C, 0x61, 0xBF, 0xF6, 0xFF, 0xD8, 0x00,
    0x60, 0x31, 0x80, 0xC6, 0x03, 0x80, 0x1F, 0x01, 0xEE, 0x1F, 0x1E, 0x30, 0x18, 0x00, 0x18, 0x00,
    0xFF, 0xF7, 0x8C, 0x3C, 0x61, 0xE3, 0x0F, 0x18, 0x7F, 0xFB, 0xFF, 0xD8, 0x00, 0xC0, 0x06, 0x3F,
    0xC3, 0xC7, 0x18, 0x0C, 0xC0, 0x67, 0xDE, 0x0F, 0xE0, 0x00, 0x30, 0x00, 0xCF, 0xF3, 0x1F, 0xCC,
    0x07, 0x30, 0x1C, 0xC0, 0x73, 0x3F, 0xCF, 0xC0, 0x3F, 0x00, 0xCC, 0x03, 0x3F, 0xEC, 0xFF, 0xB0,
    0x00, 0xC0, 0x03, 0x00, 0x0C, 0x00, 0x30, 0x00, 0x30, 0x00, 0xCF, 0xF3, 0x00, 0xCC, 0x07, 0x3B,
    0xFC, 0xFC, 0x03, 0x30, 0xEC, 0xFF, 0xB1, 0x80, 0xC0, 0x00, 0x1F, 0xFC, 0x3F, 0xF0, 0x00, 0xC0,
    0x03, 0x00, 0x0C, 0x00, 0x30, 0x00, 0x30, 0x00, 0xCF, 0xF3, 0x00, 0xCC, 0x03, 0x33, 0xFC, 0xEC,
    0x03, 0xF0, 0x0C, 0xFF, 0xB3, 0xFE, 0xC0, 0x03, 0x0C, 0x0C, 0x30, 0x30, 0xC0, 0x03, 0x00, 0x0F,
    0xFE, 0x1F, 0xF0, 0x00, 0x33, 0xFC, 0xC0, 0x73, 0x00, 0xCC, 0xFF, 0x3F, 0x00, 0xEC, 0x3B, 0x3F,
    0xEC, 0x00, 0x30, 0x00, 0x03, 0xFF, 0x00, 0x0C, 0x00, 0x30, 0xFF, 0xC3, 0x00, 0x0F, 0xFC, 0x00,
    0x00, 0x00, 0x33, 0xFC, 0xC7, 0xF3, 0x00, 0xCC, 0x07, 0x3B, 0xFC, 0xFC, 0x03, 0x30, 0xEC, 0xFF,
    0xB1, 0x80, 0xC0, 0x00, 0x0F, 0xFC, 0x30, 0x30, 0xC0, 0xC3, 0x03, 0x0F, 0xFC, 0x3F, 0xE0, 0x00,
    0x33, 0xFC, 0xC7, 0xF3, 0x00, 0xCC, 0x07, 0x3B, 0xFC, 0xFC, 0x03, 0x3F, 0xEC, 0xFF, 0xB0, 0x00,
    0xC3, 0x03, 0x0C, 0x0C, 0x3F, 0xF0, 0xC0, 0xC3, 0x03, 0x0F, 0xFC, 0x3F, 0xE0, 0x00, 0x30, 0x00,
    0xCF, 0xF3, 0x00, 0xCC, 0x03, 0x33, 0xFC, 0xFC, 0x03, 0xF0, 0x0C, 0xFF, 0xB3, 0xFE, 0xC0, 0x03,
    0x00, 0xCC, 0x03, 0x00, 0x1E, 0x01, 0xFE, 0x1F, 0x3E, 0x70, 0x38, 0x00, 0x33, 0xFC, 0xC7, 0xF3,
    0x00, 0xCC, 0x07, 0x3B, 0xFC, 0xFC, 0x03, 0x30, 0xEC, 0xFF, 0xB1, 0xC0, 0xC1, 0x86, 0x06, 0x18,
    0x18, 0xE0, 0xF3, 0x87, 0xFB, 0x39, 0xE7, 0x43, 0x08, 0x00, 0x30, 0x00, 0xCF, 0xF3, 0x00, 0xCC,
    0x07, 0x3B, 0xFC, 0xFC, 0x03, 0x30, 0xEC, 0xFF, 0xB1, 0x80, 0xC0, 0x03, 0x07, 0xF8, 0x38, 0xF1,
    0xC0, 0xC3, 0x03, 0x0F, 0x7C, 0x1F, 0xE0, 0x00, 0x33, 0xFC, 0xC7, 0xF3, 0x00, 0xCC, 0x07, 0x3B,
    0xFC, 0xFC, 0x03, 0x30, 0xEC, 0xFF, 0xB1, 0x00, 0xC0, 0x00, 0x0F, 0xFC, 0x03, 0x00, 0x1E, 0x01,
    0xFC, 0x1F, 0x3E, 0x70, 0x30, 0x00, 0x33, 0xFC, 0xC7, 0xF3, 0x00, 0xCC, 0x07, 0x3B, 0xFC, 0xFC,
    0x03, 0x30, 0xEC, 0xFF, 0xB1, 0x00, 0xC0, 0x00, 0x0F, 0xFC, 0x0C, 0xC0, 0x33, 0x00, 0xCC, 0x1F,
    0xFC, 0x00, 0x00, 0x00, 0x33, 0xFC, 0xC0, 0x73, 0x01, 0xCC, 0xFF, 0x3F, 0x00, 0xEC, 0x3B, 0x3F,
    0xEC, 0x03, 0x30, 0x0C, 0x87, 0xFF, 0x80, 0x00, 0x1F, 0xC0, 0x73, 0x83, 0x06, 0x07, 0x38, 0x1F,
    0xC0, 0x00, 0x98, 0x06, 0xFF, 0x36, 0xF9, 0xB0, 0xCD, 0x86, 0x6C, 0x33, 0x7F, 0x9F, 0xC0, 0xDE,
    0x06, 0xF0, 0x37, 0xFD, 0xBF, 0xED, 0x80, 0x6C, 0x03, 0x60, 0x1B, 0x00, 0x18, 0x00, 0x18, 0x06,
    0xFF, 0xB6, 0x1D, 0xB0, 0xED, 0xFF, 0x7F, 0x03, 0x78, 0x1B, 0xFF, 0xDF, 0xFE, 0xC0, 0x36, 0x00,
    0x03, 0xFF, 0x80, 0x0C, 0x00, 0x60, 0x03, 0x00, 0x18, 0x00, 0x98, 0x06, 0xFF, 0xB6, 0x1D, 0xB0,
    0xED, 0xFF, 0x7F, 0x03, 0xF8, 0x1B, 0xCF, 0xDF, 0xFE, 0xC0, 0x36, 0x61, 0xB3, 0x01, 0x98, 0x00,
    0xC0, 0x07, 0xFF, 0x1F, 0xF8, 0x00, 0x9B, 0xFB, 0x60, 0xED, 0x83, 0xB6, 0xFE, 0xFB, 0x03, 0x6C,
    0x7D, 0xBF, 0xF6, 0x00, 0xD8, 0x00, 0x03, 0xFF, 0x80, 0x06, 0x00, 0x18, 0xFF, 0xE3, 0x00, 0x0F,
    0xFE, 0x00, 0x00, 0x00, 0x18, 0x06, 0xFF, 0xB6, 0x1D, 0xB0, 0xED, 0xFF, 0x7F, 0x03, 0x78, 0xFB,
    0xFF, 0xD8, 0x06, 0xC0, 0x00, 0x7F, 0xF3, 0x01, 0x98, 0x0C, 0xC0, 0x67, 0xFF, 0x1F, 0xF0, 0x00,
    0x18, 0x06, 0xFF, 0xB6, 0x1D, 0xB0, 0xEF, 0xFF, 0x6F, 0x03, 0x7F, 0xFB, 0xFF, 0xD8, 0x04, 0xCC,
    0x06, 0x60, 0x33, 0xFF, 0x98, 0x0C, 0xC0, 0x67, 0xFF, 0x1F, 0xF0, 0x00, 0x98, 0x03, 0x6F, 0xED,
    0x83, 0xB6, 0x0E, 0xDB, 0xFB, 0xEC, 0x0D, 0xB0, 0x36, 0xDF, 0xDB, 0xFF, 0x60, 0x09, 0x80, 0xE6,
    0x03, 0x80, 0x1F, 0x00, 0xEE, 0x0F, 0x1E, 0x30, 0x18, 0x00, 0x18, 0x03, 0x6F, 0xED, 0x83, 0xB6,
    0x0E, 0xDB, 0xFB, 0xEC, 0x0D, 0xB1, 0xF6, 0xFF, 0xD8, 0x03, 0x60, 0x86, 0x07, 0x18, 0x1C, 0x60,
    0x73, 0xC3, 0x7F, 0x99, 0xE7, 0x43, 0x08, 0x00, 0x18, 0x06, 0xFF, 0xB6, 0x1D, 0xB0, 0xED, 0xFF,
    0x7F, 0x03, 0x78, 0xFB, 0xFF, 0xDA, 0x04, 0xC0, 0x06, 0x1F, 0xE1, 0xC7, 0x98, 0x0C, 0xC0, 0x63,
    0xDF, 0x0F, 0xE0, 0x00, 0x30, 0x00, 0xCF, 0xF3, 0x1F, 0xCC, 0x07, 0x38, 0x1C, 0xF0, 0x73, 0x3F,
    0xCC, 0xC0, 0x33, 0x00, 0xEC, 0x03, 0xFF, 0xEC, 0xFF, 0xB0, 0x00, 0xC0, 0x03, 0x00, 0x0C, 0x00,
    0x30, 0x00, 0x30, 0x00, 0xCF, 0xF3, 0x00, 0xCF, 0x07, 0x3F, 0xFC, 0xCC, 0x03, 0xF0, 0xEF, 0xFF,
    0xB1, 0x80, 0xC0, 0x00, 0x1F, 0xFC, 0x3F, 0xF0, 0x00, 0xC0, 0x03, 0x00, 0x0C, 0x00, 0x30, 0x00,
    0x30, 0x00, 0xCF, 0xF3, 0x00, 0xCF, 0x03, 0x3F, 0xFC, 0xCC, 0x03, 0x30, 0x0F, 0xFF, 0xBB, 0xFE,
    0xC0, 0x03, 0x0C, 0x0C, 0x30, 0x30, 0xC0, 0x03, 0x00, 0x0F, 0xFE, 0x1F, 0xF0, 0x00, 0x30, 0x00,
    0xCF, 0xF3, 0x00, 0xCF, 0x03, 0x3F, 0xFC, 0xCC, 0x03, 0x30, 0x0F, 0xFF, 0xB3, 0xFE, 0xC0, 0x03,
    0x00, 0xCC, 0x03, 0x00, 0x1E, 0x01, 0xFE, 0x1F, 0x3E, 0x70, 0x38, 0x00, 0x30, 0x00, 0xCF, 0xF3,
    0x00, 0xCF, 0x07, 0x3F, 0xFC, 0xCC, 0x03, 0xF0, 0xEF, 0xFF, 0xB1, 0x80, 0xC0, 0x03, 0x07, 0xF8,
    0x38, 0xF1, 0xC0, 0xC3, 0x03, 0x0F, 0x7C, 0x1F, 0xE0, 0x00, 0x10, 0x01, 0xFF, 0x8E, 0xFC, 0x70,
    0x63, 0x83, 0x1C, 0x1B, 0xFF, 0xDF, 0xC0, 0x3E, 0x01, 0xF0, 0x0F, 0xFF, 0x7F, 0xFB, 0x80, 0x1C,
    0x00, 0xE0, 0x07, 0x00, 0x18, 0x00, 0x10, 0x01, 0xFF, 0x8E, 0x0C, 0x70, 0x6F, 0xFF, 0x7F, 0x00,
    0xF8, 0x77, 0xFF, 0xBB, 0x01, 0xC0, 0x00, 0x7F, 0xF0, 0x03, 0x80, 0x1C, 0x00, 0xE0, 0x07, 0x00,
    0x18, 0x00, 0x10, 0x01, 0xFF, 0x8E, 0x0C, 0x70, 0x6F, 0xFF, 0x7F, 0x00, 0xF8, 0x07, 0xC3, 0xBF,
    0xFD, 0xDC, 0x0E, 0x60, 0x73, 0x01, 0x18, 0x00, 0xC0, 0x07, 0xFF, 0x1F, 0xF0, 0x00, 0x1F, 0xF1,
    0xC1, 0x8E, 0x0C, 0x7F, 0xEF, 0xE0, 0x1F, 0x0E, 0xFF, 0xF7, 0x00, 0x38, 0x00, 0x0F, 0xFE, 0x00,
    0x70, 0x03, 0x9F, 0xFC, 0xC0, 0x07, 0xFF, 0x00, 0x00, 0x00, 0x1F, 0xF1, 0xDF, 0x8E, 0x0C, 0x70,
    0x6F, 0xFF, 0x7F, 0x00, 0xF8, 0x77, 0xFF, 0xBB, 0x01, 0xC0, 0x00, 0x7F, 0xF3, 0x03, 0x98, 0x1C,
    0xC0, 0xE7, 0xFF, 0x1F, 0xF0, 0x00, 0x1F, 0xF1, 0xC1, 0x8E, 0x0D, 0xFF, 0xEF, 0xE0, 0x1F, 0x00,
    0xFF, 0xF7, 0xFF, 0xB8, 0x00, 0x8C, 0x0E, 0x60, 0x73, 0xFF, 0x98, 0x1C, 0xC0, 0xE7, 0xFF, 0x1F,
    0xF0, 0x00, 0x10, 0x00, 0xEF, 0xE3, 0x81, 0x8E, 0x06, 0xFB, 0xFB, 0xEC, 0x03, 0xB0, 0x0E, 0xFF,
    0xBB, 0xFE, 0xE0, 0x13, 0x80, 0xCE, 0x03, 0x80, 0x1E, 0x00, 0xEE, 0x1F, 0x1E, 0x30, 0x18, 0x00,
    0x1B, 0xF8, 0xE7, 0xE3, 0x81, 0x8E, 0x06, 0xFB, 0xFB, 0xEC, 0x03, 0xB0, 0xEE, 0xFF, 0xB9, 0x00,
    0xE1, 0x86, 0x06, 0x18, 0x1C, 0x60, 0xF3, 0xC7, 0xFF, 0xB9, 0xE7, 0x43, 0x08, 0x00, 0x1F, 0xF1,
    0xDF, 0x8E, 0x0C, 0x70, 0x6F, 0xFF, 0x7F, 0x00, 0xF8, 0x67, 0xFF, 0xBB, 0x01, 0xC0, 0x06, 0x3F,
    0xC3, 0xC7, 0x18, 0x1C, 0xC0, 0xE7, 0xDE, 0x1F, 0xE0, 0x00, 0x1F, 0xF1, 0xC1, 0x8E, 0x0C, 0x7F,
    0xEF, 0xE0, 0x1F, 0x1E, 0xFF, 0xF7, 0x03, 0x38, 0x18, 0x0F, 0xFE, 0x00, 0x00, 0xFE, 0x0E, 0x78,
    0x60, 0xC3, 0x8E, 0x0F, 0xE0, 0x00, 0xD8, 0x06, 0xFF, 0x36, 0xF9, 0xB0, 0xCD, 0x86, 0x6C, 0x3F,
    0x7F, 0xBB, 0xC0, 0xDE, 0x06, 0xF0, 0x37, 0xFD, 0xBF, 0xED, 0x80, 0x6C, 0x03, 0x60, 0x1B, 0x00,
    0x18, 0x00, 0x18, 0x06, 0xFF, 0x36, 0x19, 0xB0, 0xCD, 0xFF, 0xEF, 0x03, 0x78, 0x1B, 0xFE, 0xDF,
    0xF6, 0xC0, 0x36, 0x00, 0x03, 0xFF, 0x80, 0x0C, 0x00, 0x60, 0x03, 0x00, 0x18, 0x00, 0x98, 0x06,
    0xFF, 0x36, 0x19, 0xB0, 0xCD, 0xFF, 0xEF, 0x07, 0x78, 0x1B, 0xCE, 0xDF, 0xF6, 0xC0, 0x36, 0x61,
    0xB3, 0x09, 0x98, 0x00, 0xC0, 0x07, 0xFF, 0x1F, 0xF8, 0x00, 0xDB, 0xF3, 0x60, 0xCD, 0x83, 0x36,
    0xFF, 0xDB, 0x03, 0x6C, 0x6D, 0xBF, 0xB6, 0x00, 0xD8, 0x00, 0x03, 0xFF, 0x80, 0x06, 0x00, 0x18,
    0xFF, 0xE3, 0x00, 0x0F, 0xFE, 0x00, 0x00, 0x00, 0x18, 0x06, 0xFF, 0x36, 0x19, 0xB0, 0xFD, 0xFE,
    0xEF, 0x03, 0x78, 0xDB, 0xFE, 0xD8, 0x06, 0xC0, 0x00, 0x7F, 0xF3, 0x01, 0x98, 0x0C, 0xC0, 0x67,
    0xFF, 0x1F, 0xF0, 0x00, 0x18, 0x06, 0xFF, 0x36, 0x19, 0xB0, 0xFD, 0xFE, 0xEF, 0x03, 0x78, 0xDB,
    0xFE, 0xD8, 0x06, 0xCC, 0x06, 0x60, 0x33, 0xFF, 0x9C, 0x0C, 0xC0, 0x67, 0xFF, 0x1F, 0xF0, 0x00,
    0x18, 0x03, 0x6F, 0xCD, 0x83, 0x36, 0x0C, 0xDB, 0xFF, 0x6C, 0x0D, 0xB0, 0x36, 0xDE, 0xDB, 0xFB,
    0x60, 0x0D, 0x80, 0xE6, 0x03, 0x80, 0x1F, 0x00, 0xEE, 0x0F, 0x1E, 0x30, 0x18, 0x00, 0x18, 0x06,
    0xFF, 0x36, 0x19, 0xB0, 0xCD, 0xFF, 0xEF, 0x03, 0x78, 0x1B, 0xFE, 0xDF, 0xF6, 0xC0, 0x36, 0x1F,
    0xE1, 0xC7, 0x98, 0x0C, 0xC0, 0x63, 0xDF, 0x0F, 0xE0, 0x00, 0x10, 0x01, 0xFF, 0x8E, 0xFC, 0x70,
    0x6F, 0x83, 0x7C, 0x18, 0xFF, 0xC7, 0xC0, 0xFE, 0x0F, 0xF0, 0x0F, 0xFE, 0x7F, 0xF3, 0x80, 0x1C,
    0x00, 0xE0, 0x07, 0x00, 0x18, 0x00, 0x10, 0x01, 0xFF, 0x8E, 0x0D, 0xF0, 0x6F, 0xFF, 0x1F, 0x00,
    0xF8, 0x1F, 0xCF, 0x3F, 0xF9, 0xC0, 0x04, 0x7F, 0xF1, 0xFF, 0x80, 0x1C, 0x00, 0xE0, 0x07, 0x00,
    0x18, 0x00, 0x10, 0x01, 0xFF, 0x8E, 0x0D, 0xF0, 0x6F, 0xFF, 0x1F, 0x00, 0xF8, 0x1F, 0xC7, 0x3F,
    0xF9, 0xDC, 0x0E, 0x60, 0x73, 0x01, 0x18, 0x00, 0xC0, 0x07, 0xFF, 0x1F, 0xF0, 0x00, 0x17, 0xF1,
    0xC1, 0x8E, 0x0D, 0xFF, 0xE3, 0xE0, 0x7F, 0x1F, 0xFF, 0xE7, 0x00, 0x38, 0x00, 0x0F, 0xFE, 0x00,
    0x70, 0x03, 0x9F, 0xFC, 0xC0, 0x06, 0x00, 0x3F, 0xF8, 0x00, 0x1F, 0xF1, 0xDF, 0x8E, 0x0D, 0xF0,
    0x63, 0xFF, 0x1F, 0x03, 0xF8, 0x7F, 0xFF, 0x3B, 0x81, 0xC0, 0x00, 0x7F, 0xF3, 0x03, 0x98, 0x1C,
    0xC0, 0xE7, 0xFF, 0x00, 0x00, 0x00, 0x1F, 0xF1, 0xDF, 0x8E, 0x0D, 0xF0, 0x63, 0xFF, 0x1F, 0x03,
    0xFF, 0xE7, 0xFF, 0x38, 0x00, 0x8C, 0x06, 0x60, 0x73, 0xFF, 0x98, 0x1C, 0xC0, 0xE7, 0xFF, 0x1F,
    0xF0, 0x00, 0x10, 0x00, 0xEF, 0xE3, 0x81, 0xBE, 0x06, 0xFB, 0xF8, 0xEC, 0x03, 0xB0, 0x3E, 0xFF,
    0x3B, 0xFC, 0xE0, 0x03, 0x80, 0xCE, 0x03, 0x80, 0x1E, 0x00, 0xEE, 0x1F, 0x1E, 0x30, 0x38, 0x00,
    0x1B, 0xF8, 0xE7, 0xE3, 0x81, 0xBE, 0x06, 0x3B, 0xF8, 0xEC, 0x0F, 0xB0, 0xFE, 0xFF, 0x39, 0xC0,
    0xE1, 0x86, 0x06, 0x18, 0x1C, 0x60, 0x73, 0xC3, 0xFF, 0x39, 0xE7, 0x43, 0x08, 0x00, 0x1F, 0xF1,
    0xDF, 0x8E, 0x0D, 0xF0, 0x6F, 0xFF, 0x1F, 0x00, 0xF8, 0x1F, 0xFF, 0x3F, 0xF9, 0xC0, 0x06, 0x3F,
    0xC3, 0xC7, 0x18, 0x1C, 0xC0, 0xE7, 0xDE, 0x1F, 0xE0, 0x00, 0xD8, 0x06, 0xFF, 0x36, 0xF9, 0xB0,
    0xCD, 0x87, 0xEC, 0x33, 0x7F, 0x9B, 0xC0, 0xDE, 0x1E, 0xF0, 0x37, 0xFD, 0xBF, 0xED, 0x80, 0x6C,
    0x03, 0x60, 0x1B, 0x00, 0x18, 0x00, 0x18, 0x06, 0xFF, 0x36, 0x1F, 0xB0, 0xFD, 0xFE, 0x6F, 0x03,
    0x78, 0x7B, 0xCE, 0xDF, 0xF6, 0xC0, 0x36, 0x61, 0xB3, 0x0D, 0x98, 0x00, 0xC0, 0x07, 0xFF, 0x1F,
    0xF8, 0x00, 0x18, 0x06, 0xFF, 0x36, 0x1F, 0xB0, 0xCD, 0xFE, 0x6F, 0x0F, 0x78, 0xDB, 0xFE, 0xD8,
    0x06, 0xCC, 0x06, 0x60, 0x33, 0xFF, 0x9C, 0x0C, 0xC0, 0x67, 0xFF, 0x1F, 0xF0, 0x00, 0x18, 0x03,
    0x6F, 0xCD, 0x83, 0x36, 0x0F, 0xDB, 0xF3, 0x6C, 0x0D, 0xB0, 0xF6, 0xFE, 0xDB, 0xFB, 0x60, 0x0D,
    0x80, 0xE6, 0x03, 0x80, 0x1F, 0x00, 0xEE, 0x0F, 0x1E, 0x30, 0x18, 0x00, 0x00, 0x7F, 0xF0, 0x00,
    0x60, 0x00, 0xC3, 0xFF, 0x86, 0x00, 0x0C, 0x00, 0x18, 0x00, 0x3F, 0xFC, 0x3F, 0xF0, 0x06, 0x00,
    0x0C, 0x07, 0xFF, 0xDF, 0xFF, 0xC0, 0x00, 0x00, 0x7F, 0xF0, 0x00, 0x60, 0x00, 0xC3, 0xFF, 0x86,
    0x00, 0x0C, 0x00, 0x1F, 0xFC, 0x01, 0x80, 0x07, 0x03, 0xFF, 0xF8, 0x00, 0x03, 0xFF, 0x80, 0x03,
    0x00, 0x06, 0x00, 0x0C, 0x00, 0x18, 0x3F, 0xF8, 0x00, 0x30, 0x00, 0x61, 0xFF, 0xC3, 0x00, 0x06,
    0x00, 0x0F, 0xFE, 0x00, 0xC0, 0x03, 0x81, 0xFF, 0xFC, 0x00, 0x01, 0x80, 0x03, 0x00, 0x06, 0x00,
    0x0F, 0xFE, 0x0F, 0xFC, 0x3F, 0xF8, 0x00, 0x30, 0xFF, 0xE1, 0x80, 0x03, 0x00, 0x07, 0xFF, 0x00,
    0x60, 0x7F, 0xFF, 0x00, 0x00, 0x00, 0x00, 0xFF, 0xE0, 0x00, 0xC3, 0xFF, 0x86, 0x00, 0x0C, 0x00,
    0x1F, 0xFE, 0x00, 0x00, 0x7F, 0xF0, 0x00, 0x60, 0x00, 0xC3, 0xFF, 0x86, 0x00, 0x0F, 0xFE, 0x01,
    0xC0, 0x01, 0x81, 0xFF, 0xFC, 0x00, 0x00, 0x00, 0x03, 0xFF, 0x86, 0x03, 0x0C, 0x06, 0x1F, 0xFC,
    0x1F, 0xF0, 0x00, 0x00, 0x7F, 0xF0, 0x00, 0x61, 0xFF, 0xC3, 0x00, 0x06, 0x00, 0x0F, 0xFE, 0x00,
    0xC0, 0x03, 0x81, 0xFF, 0xFC, 0x40, 0x61, 0x80, 0xC3, 0xFF, 0x86, 0x03, 0x0C, 0x06, 0x1F, 0xFC,
    0x00, 0x00, 0x3F, 0xF8, 0x00, 0x30, 0x00, 0x61, 0xFF, 0xC3, 0x00, 0x06, 0x00, 0x0F, 0xFE, 0x00,
    0xC0, 0xFF, 0xFE, 0x00, 0x00, 0x06, 0x00, 0x1C, 0x00, 0x7C, 0x01, 0xDC, 0x0F, 0x1F, 0x18, 0x0C,
    0x3F, 0xF8, 0x00, 0x30, 0x00, 0x61, 0xFF, 0xC3, 0x00, 0x06, 0x00, 0x0F, 0xFE, 0x00, 0xC0, 0xFF,
    0xFE, 0x00, 0x00, 0x00, 0x00, 0xFF, 0x83, 0xC7, 0x86, 0x03, 0x0F, 0x1E, 0x0F, 0xF8, 0x00, 0x18,
    0x00, 0x31, 0xFE, 0x60, 0x0C, 0xC0, 0x19, 0x8F, 0xF3, 0x18, 0x06, 0x30, 0x0F, 0x7F, 0xDE, 0x1C,
    0x30, 0x30, 0x60, 0x7E, 0xCF, 0xFD, 0x8F, 0x03, 0x00, 0x06, 0x00, 0x0C, 0x00, 0x18, 0x00, 0x18,
    0xFF, 0x30, 0x06, 0x60, 0x0C, 0xC3, 0xF9, 0x86, 0x03, 0x0C, 0x07, 0x9F, 0xCC, 0x0E, 0x18, 0x7F,
    0xF3, 0xFF, 0x60, 0x00, 0xC1, 0x81, 0x83, 0x00, 0x06, 0x00, 0x0F, 0xFC, 0x1F, 0xF8, 0x00, 0x18,
    0xFF, 0x30, 0x06, 0x60, 0x0C, 0xC3, 0xF9, 0x86, 0x03, 0x8C, 0x07, 0x9F, 0xCC, 0x0F, 0xD9, 0xFF,
    0xF1, 0x00, 0x60, 0x7F, 0x81, 0xE7, 0x87, 0x03, 0x0E, 0x06, 0x0F, 0x3C, 0x0F, 0xF0, 0x00, 0x6C,
    0xFE, 0xD8, 0x0D, 0xB0, 0x1B, 0x67, 0xF6, 0xCC, 0x0D, 0x9F, 0xDF, 0x06, 0x36, 0x0F, 0xED, 0xFF,
    0xD8, 0x01, 0xB0, 0x61, 0x80, 0xE3, 0x01, 0xCF, 0x07, 0xFF, 0x39, 0xE7, 0x21, 0x84, 0x00, 0x18,
    0x00, 0x63, 0xFD, 0x80, 0x36, 0x00, 0xD8, 0xFF, 0x63, 0x01, 0x8C, 0x06, 0x3F, 0xD8, 0x18, 0x60,
    0x61, 0x81, 0xFE, 0x7F, 0xF9, 0xC0, 0x60, 0x01, 0x80, 0x06, 0x00, 0x18, 0x00, 0x1C, 0xFF, 0x70,
    0x1D, 0xC0, 0x37, 0x3F, 0xDC, 0xC0, 0x73, 0x01, 0xCF, 0xF7, 0x06, 0x1D, 0xFF, 0xF7, 0xFF, 0xC0,
    0x07, 0x18, 0x1C, 0x60, 0x01, 0x80, 0x07, 0xFF, 0x0F, 0xF8, 0x00, 0x08, 0xFF, 0x70, 0x0D, 0xCF,
    0xF7, 0x30, 0x1C, 0xC0, 0x73, 0xFD, 0xC1, 0xBF, 0x7F, 0xFC, 0x00, 0x21, 0xFF, 0xC0, 0x07, 0x00,
    0x1C, 0x7F, 0xF1, 0x80, 0x07, 0xFF, 0x00, 0x00, 0x00, 0x08, 0xFF, 0x70, 0x0D, 0xC0, 0x37, 0x3F,
    0xDC, 0xC0, 0x73, 0xFD, 0xC1, 0x87, 0x07, 0xFD, 0xFF, 0xF0, 0x00, 0x87, 0xFF, 0x18, 0x1C, 0x60,
    0x71, 0x81, 0xC7, 0xFF, 0x0F, 0xF8, 0x00, 0x08, 0xFF, 0x70, 0x0D, 0xC0, 0x37, 0x3F, 0xDC, 0xC0,
    0x73, 0xFD, 0xC1, 0x87, 0x3F, 0xFD, 0xFF, 0xF1, 0x80, 0x86, 0x07, 0x1F, 0xFC, 0x60, 0x71, 0x81,
    0xC7, 0xFF, 0x00, 0x00, 0x00, 0x1C, 0xFF, 0x70, 0x0D, 0xC0, 0x37, 0x3F, 0xDC, 0xC0, 0x73, 0xFD,
    0xC1, 0x87, 0x07, 0xFD, 0xFF, 0xF0, 0x01, 0xC0, 0x67, 0x01, 0xC0, 0x0F, 0x00, 0xF7, 0x0F, 0x8F,
    0x18, 0x0C, 0x00, 0x1C, 0xFF, 0x70, 0x0D, 0xC0, 0x37, 0x3F, 0xDC, 0xC0, 0x73, 0xFD, 0xC1, 0x87,
    0x07, 0xFD, 0xFF, 0xF0, 0x01, 0xC3, 0xFC, 0x1F, 0x78, 0x60, 0x61, 0x81, 0x87, 0x9E, 0x0F, 0xF0,
    0x00, 0x00, 0x7F, 0xF0, 0x00, 0x60, 0x00, 0xC3, 0xFF, 0x86, 0x00, 0x0C, 0x00, 0x18, 0x00, 0x3F,
    0xFC, 0x3F, 0xF0, 0x31, 0x80, 0x63, 0x07, 0xFF, 0xDF, 0xFF, 0xC0, 0x3F, 0xF8, 0x00, 0x30, 0x00,
    0x61, 0xFF, 0xC3, 0x00, 0x06, 0x00, 0x0F, 0xFE, 0x06, 0x30, 0x0E, 0x61, 0xFF, 0xFC, 0x00, 0x01,
    0x80, 0x03, 0x00, 0x06, 0x00, 0x0F, 0xFE, 0x0F, 0xFC, 0x3F, 0xF8, 0x00, 0x30, 0xFF, 0xE1, 0x80,
    0x03, 0x00, 0x07, 0xFF, 0x03, 0x18, 0x7F, 0xFF, 0x00, 0x00, 0x00, 0x00, 0xFF, 0xE0, 0x00, 0xC3,
    0xFF, 0x86, 0x00, 0x0C, 0x00, 0x1F, 0xFE, 0x00, 0x00, 0x7F, 0xF0, 0x00, 0x61, 0xFF, 0xC3, 0x00,
    0x06, 0x00, 0x0F, 0xFE, 0x06, 0x30, 0x0E, 0x61, 0xFF, 0xFC, 0x40, 0x61, 0x80, 0xC3, 0xFF, 0x86,
    0x03, 0x0C, 0x06, 0x1F, 0xFC, 0x00, 0x00, 0x3F, 0xF8, 0x00, 0x30, 0x00, 0x61, 0xFF, 0xC3, 0x00,
    0x06, 0x00, 0x0F, 0xFE, 0x06, 0x30, 0xFF, 0xFE, 0xFF, 0xF8, 0x06, 0x00, 0x1C, 0x00, 0x7C, 0x01,
    0xDC, 0x0F, 0x1F, 0x18, 0x0C, 0x3F, 0xF8, 0x00, 0x30, 0x00, 0x61, 0xFF, 0xC3, 0x00, 0x06, 0x00,
    0x0F, 0xFE, 0x06, 0x30, 0xFF, 0xFE, 0x00, 0x00, 0x00, 0x00, 0xFF, 0x83, 0xC7, 0x86, 0x03, 0x0F,
    0x1E, 0x0F, 0xF8, 0x3F, 0xF8, 0x00, 0x30, 0x00, 0x61, 0xFF, 0xC3, 0x00, 0x06, 0x00, 0x0C, 0x00,
    0x1F, 0xFE, 0x00, 0x01, 0xFF, 0xFD, 0xFF, 0xF0, 0x0C, 0x00, 0x18, 0x00, 0x30, 0x00, 0x60, 0x00,
    0xC0, 0x00, 0x00, 0x7F, 0xF0, 0x00, 0x60, 0x00, 0xC3, 0xFF, 0x86, 0x00, 0x0C, 0x00, 0x1F, 0xFC,
    0x00, 0x01, 0xFF, 0xFC, 0x0E, 0x00, 0x0C, 0x03, 0xFF, 0x83, 0xFF, 0x00, 0x06, 0x00, 0x0C, 0x00,
    0x18, 0x3F, 0xF8, 0x00, 0x30, 0x00, 0x61, 0xFF, 0xC3, 0x00, 0x06, 0x00, 0x0F, 0xFE, 0x00, 0x00,
    0x00, 0x01, 0xFF, 0xFC, 0x06, 0x01, 0x8C, 0x03, 0x00, 0x06, 0x00, 0x0F, 0xFE, 0x0F, 0xFC, 0x3F,
    0xF8, 0x00, 0x30, 0xFF, 0xE1, 0x80, 0x03, 0x00, 0x07, 0xFF, 0x00, 0x00, 0x7F, 0xFF, 0x01, 0x80,
    0x03, 0x00, 0xFF, 0xE0, 0x00, 0xC3, 0xFF, 0x86, 0x00, 0x0C, 0x00, 0x1F, 0xFE, 0x00, 0x00, 0x7F,
    0xF0, 0x00, 0x60, 0x00, 0xC3, 0xFF, 0x86, 0x00, 0x0F, 0xFE, 0x00, 0x00, 0x00, 0x01, 0xFF, 0xFC,
    0x06, 0x00, 0x0C, 0x03, 0xFF, 0x86, 0x03, 0x0C, 0x06, 0x1F, 0xFC, 0x1F, 0xF0, 0x00, 0x00, 0x7F,
    0xF0, 0x00, 0x61, 0xFF, 0xC3, 0x00, 0x06, 0x00, 0x0F, 0xFE, 0x00, 0x00, 0x00, 0x01, 0xFF, 0xFC,
    0x06, 0x01, 0x8C, 0xC3, 0x01, 0x87, 0xFF, 0x0C, 0x06, 0x1F, 0xFC, 0x00, 0x00, 0x3F, 0xF8, 0x00,
    0x30, 0x00, 0x61, 0xFF, 0xC3, 0x00, 0x07, 0xFF, 0x00, 0x00, 0x00, 0x00, 0xFF, 0xFE, 0x03, 0x00,
    0x06, 0x00, 0x1C, 0x00, 0x38, 0x00, 0xFC, 0x0F, 0xBF, 0x1C, 0x0C, 0x3F, 0xF8, 0x00, 0x30, 0x00,
    0x61, 0xFF, 0xC3, 0x00, 0x06, 0x00, 0x0F, 0xFE, 0x00, 0x00, 0xFF, 0xFE, 0x03, 0x00, 0x06, 0x00,
    0xFF, 0x83, 0xC7, 0x86, 0x03, 0x0F, 0x1E, 0x0F, 0xF8, 0x00, 0x0C, 0xFF, 0x70, 0x0D, 0xC0, 0x37,
    0x3F, 0xDC, 0xC0, 0x73, 0x01, 0xCF, 0xF7, 0x00, 0x1C, 0x1F, 0xFF, 0xFF, 0xC1, 0x87, 0x06, 0xFC,
    0x18, 0x70, 0x61, 0xC1, 0x87, 0x04, 0x0C, 0x00, 0x08, 0x7F, 0xB8, 0x07, 0x71, 0xFE, 0xE3, 0x01,
    0xC7, 0xFB, 0x80, 0x07, 0x03, 0xFE, 0xFF, 0xFC, 0x0C, 0x38, 0x1B, 0xF0, 0x30, 0x60, 0xC3, 0x01,
    0xC6, 0x07, 0x9E, 0x3D, 0xEF, 0x21, 0x84, 0x00, 0x0C, 0x01, 0xB7, 0xF6, 0xC0, 0xDB, 0x7F, 0x6D,
    0x81, 0xB6, 0x06, 0xDF, 0xDB, 0x03, 0xEF, 0xFF, 0xB7, 0xC6, 0xC3, 0x1B, 0x0F, 0xEC, 0x31, 0xB0,
    0xC6, 0xC3, 0x1B, 0x00, 0x0C, 0x00, 0x08, 0x00, 0x73, 0xFD, 0xC0, 0x37, 0x3F, 0xDC, 0xC0, 0x73,
    0x01, 0xCF, 0xF7, 0x00, 0x1C, 0x0F, 0xFF, 0xFF, 0xD1, 0x87, 0x06, 0x1C, 0x18, 0x70, 0x61, 0xC1,
    0x87, 0x04, 0x1C, 0x00, 0x18, 0xFF, 0x70, 0x0D, 0xC0, 0x37, 0x3F, 0xDC, 0xC0, 0x73, 0xFD, 0xC0,
    0x07, 0x7F, 0xFF, 0xFF, 0xF0, 0x61, 0xC1, 0x80, 0x1F, 0xFC, 0x00, 0x70, 0x01, 0xC0, 0x07, 0x00,
    0x18, 0x00, 0x18, 0xFF, 0x70, 0x0D, 0xC0, 0x37, 0x3F, 0xDC, 0xC0, 0x73, 0x01, 0xCF, 0xF7, 0x01,
    0xFF, 0xFF, 0xF6, 0x61, 0xC1, 0x87, 0x1E, 0x18, 0x60, 0x01, 0x80, 0x07, 0xFF, 0x1F, 0xF8, 0x00,
    0x08, 0xFF, 0x70, 0x0D, 0xCF, 0xF7, 0x30, 0x1C, 0xC0, 0x73, 0xFD, 0xC0, 0x7F, 0x7F, 0xFC, 0x18,
    0x21, 0xFF, 0xC0, 0x07, 0x00, 0x1C, 0x7F, 0xF1, 0x80, 0x07, 0xFF, 0x00, 0x00, 0x00, 0x18, 0xFF,
    0x70, 0x0D, 0xC0, 0x37, 0x3F, 0xDC, 0xC0, 0x73, 0xFD, 0xC0, 0x7F, 0xFF, 0xFC, 0x18, 0x70, 0x60,
    0x87, 0xFF, 0x18, 0x1C, 0x60, 0x71, 0x81, 0xC7, 0xFF, 0x0F, 0xF8, 0x00, 0x18, 0x7F, 0xB8, 0x03,
    0x70, 0x06, 0xE3, 0xFD, 0xC6, 0x03, 0x8F, 0xF7, 0x00, 0x0E, 0x03, 0xFD, 0xFF, 0xF8, 0x38, 0x70,
    0x7E, 0xE0, 0x1C, 0x80, 0x7C, 0x01, 0xDC, 0x0F, 0x1E, 0x18, 0x0C, 0x00, 0x18, 0xFF, 0x70, 0x0D,
    0xC0, 0x37, 0x3F, 0xDC, 0xC0, 0x73, 0xFD, 0xC0, 0x07, 0x03, 0xFF, 0xFF, 0xF0, 0x61, 0xC3, 0xFC,
    0x1E, 0x78, 0x60, 0x61, 0x81, 0x87, 0x9E, 0x0F, 0xF0, 0x3F, 0xF8, 0x3F, 0xF0, 0x00, 0x61, 0xFF,
    0xC3, 0x00, 0x06, 0x00, 0x0F, 0xFF, 0x0F, 0xFC, 0x00, 0x01, 0xFF, 0xFC, 0x31, 0x80, 0x63, 0x00,
    0xC6, 0x01, 0x8C, 0x03, 0x18, 0x06, 0x30, 0x00, 0x00, 0x7F, 0xF0, 0x00, 0x60, 0x00, 0xC3, 0xFF,
    0x86, 0x00, 0x0C, 0x00, 0x1F, 0xFC, 0x00, 0x01, 0xFF, 0xFC, 0x31, 0x80, 0x63, 0x03, 0xFF, 0x83,
    0xFF, 0x00, 0x06, 0x00, 0x0C, 0x00, 0x18, 0x3F, 0xF8, 0x00, 0x30, 0x00, 0x61, 0xFF, 0xC3, 0x00,
    0x06, 0x00, 0x0F, 0xFE, 0x00, 0x00, 0x00, 0x01, 0xFF, 0xFC, 0x19, 0x81, 0xB3, 0x03, 0x00, 0x06,
    0x00, 0x0F, 0xFE, 0x0F, 0xFC, 0x3F, 0xF8, 0x00, 0x30, 0xFF, 0xE1, 0x80, 0x03, 0x00, 0x07, 0xFF,
    0x00, 0x00, 0x7F, 0xFF, 0x0C, 0x60, 0x18, 0xC0, 0xFF, 0xE0, 0x00, 0xC3, 0xFF, 0x86, 0x00, 0x0C,
    0x00, 0x1F, 0xFE, 0x00, 0x00, 0x7F, 0xF0, 0x00, 0x60, 0x00, 0xC3, 0xFF, 0x86, 0x00, 0x0F, 0xFE,
    0x00, 0x00, 0x00, 0x01, 0xFF, 0xFC, 0x31, 0x80, 0x63, 0x03, 0xFF, 0x86, 0x03, 0x0C, 0x06, 0x1F,
    0xFC, 0x00, 0x00, 0x00, 0x00, 0x7F, 0xF0, 0x00, 0x61, 0xFF, 0xC3, 0x00, 0x06, 0x00, 0x0F, 0xFE,
    0x00, 0x00, 0x00, 0x01, 0xFF, 0xFC, 0x39, 0x81, 0xF3, 0xC3, 0x01, 0x87, 0xFF, 0x0C, 0x06, 0x1F,
    0xFC, 0x00, 0x00, 0x3F, 0xF8, 0x00, 0x30, 0x00, 0x61, 0xFF, 0xC3, 0x00, 0x07, 0xFF, 0x00, 0x00,
    0x00, 0x00, 0xFF, 0xFE, 0x38, 0x60, 0x76, 0xC0, 0x5D, 0x80, 0x7C, 0x01, 0xDC, 0x0F, 0x1F, 0x18,
    0x0C, 0x3F, 0xF8, 0x00, 0x30, 0x00, 0x61, 0xFF, 0xC3, 0x00, 0x06, 0x00, 0x0F, 0xFE, 0x00, 0x00,
    0xFF, 0xFE, 0x18, 0xC0, 0x31, 0x80, 0xFF, 0x83, 0xC7, 0x86, 0x03, 0x0F, 0x1E, 0x0F, 0xF8, 0x00,
    0x00, 0x7F, 0xF0, 0x00, 0x60, 0x00, 0xC0, 0x01, 0x87, 0xFF, 0x0C, 0x00, 0x18, 0x00, 0x3F, 0xFC,
    0x00, 0x00, 0x00, 0x00, 0x00, 0x07, 0xFF, 0xDF, 0xFF, 0xC0, 0x00, 0x00, 0x7F, 0xF0, 0x00, 0x60,
    0x00, 0xC3, 0xFF, 0x86, 0x00, 0x0C, 0x00, 0x1F, 0xFC, 0x00, 0x01, 0xFF, 0xFC, 0x00, 0x00, 0x00,
    0x03, 0xFF, 0x80, 0x03, 0x00, 0x06, 0x00, 0x0C, 0x00, 0x18, 0x3F, 0xF8, 0x00, 0x30, 0x00, 0x61,
    0xFF, 0xC3, 0x00, 0x06, 0x00, 0x0F, 0xFE, 0x00, 0x00, 0x00, 0x01, 0xFF, 0xFC, 0x00, 0x01, 0x80,
    0x03, 0x00, 0x06, 0x00, 0x0F, 0xFE, 0x0F, 0xFC, 0x3F, 0xF8, 0x00, 0x30, 0xFF, 0xE1, 0x80, 0x03,
    0x00, 0x07, 0xFF, 0x00, 0x00, 0x7F, 0xFF, 0x00, 0x00, 0x00, 0x00, 0xFF, 0xE0, 0x00, 0xC3, 0xFF,
    0x86, 0x00, 0x0F, 0xFF, 0x00, 0x00, 0x00, 0x00, 0x7F, 0xF0, 0x00, 0x60, 0x00, 0xC3, 0xFF, 0x86,
    0x00, 0x0F, 0xFE, 0x00, 0x00, 0x00, 0x01, 0xFF, 0xFC, 0x00, 0x00, 0x00, 0x03, 0xFF, 0x86, 0x03,
    0x0C, 0x06, 0x1F, 0xFC, 0x1F, 0xF0, 0x00, 0x00, 0x7F, 0xF0, 0x00, 0x60, 0x00, 0xC3, 0xFF, 0x86,
    0x00, 0x0F, 0xFE, 0x00, 0x00, 0x00, 0x01, 0xFF, 0xFC, 0x40, 0x21, 0x80, 0xC3, 0xFF, 0x86, 0x03,
    0x0C, 0x06, 0x1F, 0xFC, 0x00, 0x00, 0x3F, 0xF8, 0x00, 0x30, 0x00, 0x61, 0xFF, 0xC3, 0x00, 0x06,
    0x00, 0x0F, 0xFE, 0x00, 0x00, 0xFF, 0xFE, 0x00, 0x00, 0x06, 0x00, 0x1C, 0x00, 0x3C, 0x01, 0xDC,
    0x0F, 0x1F, 0x18, 0x0C, 0x3F, 0xF8, 0x00, 0x30, 0x00, 0x61, 0xFF, 0xC3, 0x00, 0x06, 0x00, 0x0F,
    0xFE, 0x00, 0x00, 0xFF, 0xFE, 0x00, 0x00, 0x00, 0x00, 0xFF, 0x83, 0xC7, 0x86, 0x03, 0x0F, 0x1E,
    0x0F, 0xF8, 0x00, 0x00, 0x7F, 0xF0, 0x00, 0x60, 0x00, 0xC3, 0xFF, 0x86, 0x00, 0x0F, 0xFE, 0x00,
    0x00, 0x00, 0x01, 0xFF, 0xFC, 0x00, 0x01, 0xFF, 0xC0, 0x38, 0x00, 0x78, 0x03, 0xB8, 0x1E, 0x3E,
    0x30, 0x1C, 0x3F, 0xF8, 0x00, 0x30, 0xFF, 0xE1, 0x80, 0x03, 0x00, 0x07, 0xFF, 0x00, 0x00, 0x7F,
    0xFF, 0x00, 0x00, 0x00, 0x00, 0xFF, 0xE1, 0x80, 0x03, 0xFF, 0x86, 0x00, 0x0C, 0x00, 0x1F, 0xFC,
    0x00, 0x00, 0x7F, 0xF0, 0x00, 0x60, 0x00, 0xC3, 0xFF, 0x86, 0x00, 0x0F, 0xFE, 0x00, 0x00, 0x00,
    0x01, 0xFF, 0xFC, 0x00, 0x01, 0xFF, 0xC0, 0xC6, 0x01, 0x8C, 0x03, 0x18, 0x1F, 0xFC, 0x00, 0x00,
    0x00, 0x10, 0x01, 0xFF, 0xCE, 0xFE, 0x70, 0x33, 0x81, 0x9C, 0x0C, 0xFF, 0xE7, 0xC0, 0x3E, 0x01,
    0xF0, 0x0F, 0xFF, 0xFF, 0xFF, 0x80, 0x1C, 0x00, 0xE0, 0x07, 0x00, 0x38, 0x00, 0x10, 0x01, 0xFF,
    0xCE, 0x06, 0x70, 0x33, 0xFF, 0x9F, 0x00, 0xF8, 0x77, 0xFF, 0xBB, 0x01, 0xC0, 0x00, 0x7F, 0xF3,
    0xFF, 0x80, 0x1C, 0x00, 0xE0, 0x07, 0x00, 0x38, 0x00, 0x10, 0x01, 0xFF, 0xCE, 0x06, 0x70, 0x33,
    0xFF, 0x9F, 0x00, 0xF8, 0x07, 0xC3, 0xBF, 0xFD, 0xDC, 0x0E, 0x60, 0x73, 0x01, 0x18, 0x00, 0xC0,
    0x07, 0xFF, 0x1F, 0xF0, 0x00, 0x3F, 0xF9, 0xC0, 0xCE, 0x06, 0x7F, 0xF3, 0xE0, 0x1F, 0x0E, 0xFF,
    0xF7, 0x00, 0x38, 0x00, 0x0F, 0xFE, 0x00, 0x70, 0x03, 0x9F, 0xFC, 0xC0, 0x07, 0xFF, 0x00, 0x00,
    0x00, 0x10, 0x01, 0xFF, 0xCE, 0x06, 0x70, 0x33, 0xFF, 0x9F, 0x00, 0xF8, 0x77, 0xFF, 0xBB, 0x01,
    0xC0, 0x00, 0x7F, 0xF3, 0x03, 0x98, 0x1C, 0xC0, 0xE7, 0xFF, 0x1F, 0xF0, 0x00, 0x37, 0xF9, 0xDF,
    0xCE, 0x06, 0x70, 0x33, 0xFF, 0x9F, 0x00, 0xFF, 0xF7, 0xFF, 0xB8, 0x00, 0x8C, 0x0E, 0x60, 0x73,
    0xFF, 0x98, 0x1C, 0xC0, 0xE7, 0xFF, 0x1F, 0xF0, 0x00, 0x10, 0x00, 0xEF, 0xF3, 0x80, 0xCE, 0x03,
    0x3B, 0xFC, 0xEC, 0x03, 0xB0, 0x0E, 0xFF, 0xBB, 0xFE, 0xE0, 0x03, 0x80, 0xCC, 0x03, 0x80, 0x1E,
    0x00, 0xEE, 0x1F, 0x1E, 0x30, 0x18, 0x00, 0x10, 0x01, 0xFF, 0xCE, 0x06, 0x70, 0x33, 0xFF, 0x9F,
    0x00, 0xF8, 0x77, 0xFF, 0xBB, 0x01, 0xC0, 0x04, 0x3F, 0xC3, 0xC7, 0x18, 0x1C, 0xC0, 0xE7, 0xDE,
    0x1F, 0xE0, 0x00, 0x30, 0x00, 0xCF, 0xF3, 0x30, 0xCC, 0xC3, 0x33, 0x0C, 0xCC, 0x33, 0x30, 0xCF,
    0xC3, 0x3F, 0x0C, 0xCC, 0x33, 0x3F, 0xCC, 0x00, 0x30, 0x00, 0xC0, 0x03, 0x00, 0x0C, 0x00, 0x30,
    0x00, 0x30, 0x00, 0xCF, 0xF3, 0x30, 0xCC, 0xC3, 0x3B, 0x0C, 0xFC, 0x33, 0x30, 0xCC, 0xFF, 0x30,
    0x00, 0xC0, 0x02, 0x1F, 0xFC, 0x00, 0x30, 0x00, 0xC0, 0x03, 0x00, 0x0C, 0x00, 0x30, 0x00, 0x30,
    0x00, 0xCF, 0xF3, 0x30, 0xCC, 0xC3, 0x33, 0x0C, 0xEC, 0x33, 0xF0, 0xCC, 0xFF, 0x30, 0x00, 0xC0,
    0x03, 0x0C, 0x0C, 0x30, 0x20, 0xC0, 0x03, 0x00, 0x0F, 0xFE, 0x1F, 0xF0, 0x00, 0x30, 0x00, 0xCF,
    0xF3, 0x30, 0xCC, 0xC3, 0x3F, 0x0C, 0xEC, 0x33, 0x3F, 0xCC, 0x00, 0xF0, 0x03, 0x06, 0x7F, 0x98,
    0x00, 0x61, 0xF1, 0x8E, 0xC6, 0xF3, 0x1F, 0xEC, 0x21, 0xF0, 0x00, 0x30, 0x00, 0xCF, 0xF3, 0x30,
    0xCC, 0xC3, 0x3B, 0x0C, 0xFC, 0x33, 0x30, 0xCC, 0xFF, 0x30, 0x00, 0xC0, 0x02, 0x0F, 0xFC, 0x30,
    0x00, 0xC0, 0x03, 0x00, 0x0F, 0xFC, 0x3F, 0xF0, 0x00, 0x33, 0xFC, 0xCC, 0x33, 0x30, 0xCC, 0xC3,
    0x3F, 0x0C, 0xEC, 0x33, 0x3F, 0xCC, 0x00, 0x30, 0x00, 0x03, 0xFF, 0x00, 0x0C, 0x3F, 0xF0, 0xC0,
    0x03, 0x00, 0x0F, 0xFC, 0x00, 0x00, 0x00, 0x33, 0xFC, 0xCC, 0x33, 0x30, 0xCC, 0xC3, 0x3F, 0x0C,
    0xEC, 0x33, 0x3F, 0xCC, 0x00, 0x30, 0x00, 0x07, 0xFF, 0x01, 0x8C, 0x06, 0x31, 0xF8, 0xC6, 0x23,
    0x1F, 0xCC, 0x00, 0x20, 0x00, 0x30, 0x00, 0xCF, 0xF3, 0x30, 0xCC, 0xC3, 0x3F, 0x0C, 0xEC, 0x33,
    0x3F, 0xCC, 0x00, 0x30, 0x00, 0x87, 0xFF, 0x03, 0xCC, 0x0F, 0x31, 0xFC, 0xC6, 0x33, 0x1F, 0xFC,
    0x00, 0x00, 0x00, 0x30, 0x00, 0xCF, 0xF3, 0x30, 0xCC, 0xC3, 0x33, 0x0C, 0xFC, 0x33, 0x30, 0xCC,
    0xFF, 0x30, 0x00, 0xC0, 0x03, 0x0F, 0xFC, 0x30, 0x30, 0xC0, 0xC3, 0x03, 0x0F, 0xFC, 0x3F, 0xE0,
    0x00, 0x30, 0x00, 0xCF, 0xF3, 0x30, 0xCC, 0xC3, 0x3F, 0x0C, 0xEC, 0x33, 0x3F, 0xCC, 0x00, 0x30,
    0x00, 0x03, 0x03, 0x0C, 0x0C, 0x3F, 0xF0, 0xC0, 0xC3, 0x03, 0x0F, 0xFC, 0x00, 0x00, 0x00, 0x30,
    0x00, 0xCF, 0xF3, 0x31, 0xCC, 0xC7, 0x33, 0x1C, 0xFC, 0x73, 0xB1, 0xCC, 0xFF, 0x30, 0x00, 0xC0,
    0x33, 0x00, 0xCC, 0x07, 0x00, 0x1E, 0x01, 0xDE, 0x1E, 0x1E, 0x70, 0x38, 0x00, 0x30, 0x00, 0xCF,
    0xF3, 0x30, 0xCC, 0xC3, 0x3B, 0x0C, 0xFC, 0x33, 0x30, 0xCC, 0xFF, 0x30, 0x00, 0xC0, 0x03, 0x07,
    0xF8, 0x38, 0xF0, 0xC0, 0xC3, 0x03, 0x0F, 0xFC, 0x1F, 0xE0, 0x00, 0x30, 0x00, 0xCF, 0xF3, 0x30,
    0xCC, 0xC3, 0x3F, 0x0C, 0xEC, 0x33, 0x3F, 0xCC, 0x00, 0x30, 0x00, 0xC0, 0x00, 0x0F, 0xFC, 0x03,
    0x00, 0x1E, 0x01, 0xFC, 0x1F, 0x3E, 0x70, 0x30, 0x00, 0x30, 0x00, 0xCF, 0xF3, 0x30, 0xCC, 0xC3,
    0x3F, 0x0C, 0xEC, 0x33, 0x3F, 0xCC, 0x00, 0x30, 0x00, 0x03, 0xFF, 0x0C, 0x00, 0x30, 0x00, 0xFF,
    0xC3, 0x00, 0x0F, 0xFC, 0x00, 0x00, 0x00, 0x33, 0xFC, 0xCC, 0x33, 0x30, 0xCC, 0xC3, 0x3F, 0x0C,
    0xFC, 0x33, 0x3F, 0xCC, 0x03, 0x30, 0x0C, 0x07, 0xFF, 0x80, 0x00, 0x1F, 0xC0, 0x73, 0x83, 0x86,
    0x07, 0x38, 0x1F, 0xC0, 0x00, 0x98, 0x06, 0xFF, 0x37, 0x99, 0xBC, 0xCD, 0xE6, 0x6F, 0x33, 0x79,
    0x9F, 0xCC, 0xFE, 0x66, 0xF3, 0x37, 0xF9, 0xB0, 0x0D, 0x80, 0x6C, 0x03, 0x60, 0x1B, 0x00, 0x18,
    0x00, 0x98, 0x06, 0xFF, 0xB7, 0x8D, 0xBC, 0x6D, 0xE3, 0x7F, 0x1B, 0x78, 0xDB, 0xFE, 0xD8, 0x06,
    0xC0, 0x00, 0x7F, 0xF1, 0xFF, 0x80, 0x0C, 0x00, 0x60, 0x03, 0x00, 0x18, 0x00, 0x98, 0x06, 0xFF,
    0xB7, 0x8D, 0xBC, 0x6D, 0xE3, 0x7F, 0x1B, 0xF8, 0xDB, 0xFE, 0xD8, 0x06, 0xC4, 0x36, 0x61, 0xB3,
    0x01, 0x98, 0x00, 0xC0, 0x07, 0xFF, 0x1F, 0xF8, 0x00, 0x18, 0x03, 0x6F, 0xED, 0xB1, 0xB6, 0xC6,
    0xFB, 0x1B, 0xEC, 0x6D, 0xBF, 0xB6, 0x00, 0xD8, 0x00, 0x43, 0xFF, 0x80, 0x06, 0x00, 0x18, 0xFF,
    0xE3, 0x00, 0x0F, 0xFE, 0x00, 0x00, 0x00, 0x18, 0x06, 0xFF, 0xB7, 0x8D, 0xBC, 0x6F, 0xE3, 0x7F,
    0x1B, 0x78, 0xDB, 0xFE, 0xD8, 0x06, 0xC0, 0x04, 0x7F, 0xF3, 0x01, 0x98, 0x0C, 0xC0, 0x67, 0xFF,
    0x1F, 0xF0, 0x00, 0x18, 0x06, 0xFF, 0xB7, 0x8D, 0xBC, 0x6F, 0xE3, 0x7F, 0x1B, 0x7F, 0xDB, 0x00,
    0xD8, 0x00, 0x0C, 0x06, 0x60, 0x33, 0xFF, 0x9C, 0x0C, 0xC0, 0x67, 0xFF, 0x1F, 0xF0, 0x00, 0x98,
    0x03, 0x6F, 0xED, 0xB1, 0xB6, 0xC6, 0xFB, 0x1B, 0xEC, 0x6D, 0xB1, 0xB6, 0xFE, 0xD8, 0x03, 0x60,
    0x11, 0x80, 0xE6, 0x03, 0x80, 0x1F, 0x00, 0xEE, 0x0F, 0x1E, 0x30, 0x18, 0x00, 0x98, 0x03, 0x6F,
    0xED, 0xB1, 0xB6, 0xC6, 0xDB, 0x1B, 0xEC, 0x6D, 0xB1, 0xB6, 0xFE, 0xD8, 0x03, 0x60, 0x86, 0x06,
    0x18, 0x1C, 0x60, 0x73, 0xC3, 0xEF, 0x9D, 0xE7, 0x43, 0x08, 0x00, 0x98, 0x06, 0xFF, 0xB7, 0x8D,
    0xBC, 0x6F, 0xE3, 0x7F, 0x1B, 0x78, 0xDB, 0xFE, 0xD8, 0x06, 0xC0, 0x06, 0x1F, 0xE1, 0xC7, 0x98,
    0x0C, 0xC0, 0x63, 0xDE, 0x0F, 0xE0, 0x00, 0x18, 0x03, 0x6F, 0xED, 0xB1, 0xB6, 0xC6, 0xDB, 0x1B,
    0xEC, 0x6D, 0xB1, 0xB6, 0xFE, 0xD8, 0x03, 0x60, 0x01, 0x0F, 0xFE, 0x03, 0x80, 0x0F, 0x00, 0xEE,
    0x0F, 0x1E, 0x38, 0x18, 0x00, 0x30, 0x00, 0xCF, 0xF3, 0x30, 0xCC, 0xC3, 0x3F, 0x0C, 0xFC, 0x33,
    0x30, 0xCC, 0xC3, 0x33, 0x0C, 0xEC, 0x33, 0xF0, 0xCC, 0xFF, 0x30, 0x00, 0xC0, 0x03, 0x00, 0x0C,
    0x00, 0x30, 0x00, 0x30, 0x00, 0xCF, 0xF3, 0x30, 0xCF, 0xC3, 0x3B, 0x0C, 0xCC, 0x33, 0xB0, 0xCF,
    0xFF, 0x30, 0x00, 0xC0, 0x02, 0x1F, 0xFC, 0x3F, 0xF0, 0x00, 0xC0, 0x03, 0x00, 0x0C, 0x00, 0x30,
    0x00, 0x33, 0xFC, 0xCC, 0x33, 0x30, 0xCF, 0xC3, 0x33, 0x0C, 0xCC, 0x33, 0xFF, 0xCC, 0x00, 0x30,
    0x00, 0x03, 0xFF, 0x00, 0x0C, 0x3F, 0xF0, 0xC0, 0x03, 0x00, 0x0F, 0xFC, 0x00, 0x00, 0x00, 0x30,
    0x00, 0xCF, 0xF3, 0x30, 0xCF, 0xC3, 0x3B, 0x0C, 0xCC, 0x33, 0xF0, 0xCE, 0xFF, 0x30, 0x00, 0xC0,
    0x02, 0x07, 0xF8, 0x38, 0xF0, 0xC0, 0xC3, 0x03, 0x0F, 0xFC, 0x1F, 0xE0, 0x00, 0x18, 0x01, 0xFF,
    0xCF, 0x8E, 0x7C, 0x33, 0xE1, 0x9F, 0x0C, 0xF8, 0x7F, 0xC3, 0x3E, 0x19, 0xF0, 0xCF, 0x8E, 0x7F,
    0xF3, 0x80, 0x1C, 0x00, 0xE0, 0x07, 0x00, 0x18, 0x00, 0x10, 0x01, 0xFF, 0xCF, 0x86, 0x7C, 0x33,
    0xE1, 0xFF, 0x0C, 0xF8, 0x67, 0xFF, 0x38, 0x01, 0xC0, 0x00, 0x7F, 0xF0, 0x03, 0x80, 0x1C, 0x00,
    0xE0, 0x07, 0x00, 0x18, 0x00, 0x10, 0x01, 0xFF, 0xCF, 0x86, 0x7C, 0x33, 0xE1, 0xFF, 0x0C, 0xF8,
    0x67, 0xFF, 0x38, 0x01, 0xC0, 0x0E, 0x60, 0x73, 0x00, 0x18, 0x00, 0xC0, 0x07, 0xFF, 0x1F, 0xF0,
    0x00, 0x1F, 0xF9, 0xF0, 0xCF, 0x86, 0x7C, 0x3F, 0xE1, 0x9F, 0x0C, 0xFF, 0xE7, 0x00, 0x38, 0x00,
    0x0F, 0xFE, 0x00, 0x73, 0xFF, 0x98, 0x00, 0xC0, 0x07, 0xFF, 0x00, 0x00, 0x00, 0x1F, 0xF9, 0xF0,
    0xCF, 0x86, 0x7C, 0x3F, 0xE1, 0x9F, 0x0C, 0xFF, 0xE7, 0x00, 0x38, 0x00, 0x1F, 0xFE, 0x0F, 0x37,
    0xF9, 0xB0, 0xCD, 0x8E, 0x6F, 0xFF, 0x00, 0x00, 0x00, 0x10, 0x01, 0xFF, 0xCF, 0x86, 0x7C, 0x33,
    0xE1, 0xFF, 0x0C, 0xF8, 0x67, 0xFF, 0x38, 0x01, 0xC0, 0x00, 0x7F, 0xF3, 0x01, 0x98, 0x0C, 0xC0,
    0x67, 0xFF, 0x1F, 0xF0, 0x00, 0x10, 0x01, 0xFF, 0xCF, 0x86, 0x7C, 0x3F, 0xE1, 0xFF, 0x0C, 0xFF,
    0xE7, 0x00, 0x38, 0x00, 0x0C, 0x0E, 0x60, 0x73, 0xFF, 0x98, 0x1C, 0xC0, 0xE7, 0xFF, 0x1F, 0xF0,
    0x00, 0x10, 0x00, 0xEF, 0xF3, 0xB0, 0xCE, 0xC3, 0x3B, 0x0F, 0xEC, 0x33, 0xB0, 0xCE, 0xFF, 0x38,
    0x00, 0xE0, 0x33, 0x80, 0xE6, 0x03, 0x80, 0x1F, 0x00, 0xEE, 0x1F, 0x1E, 0x30, 0x18, 0x00, 0x10,
    0x01, 0xFF, 0xCF, 0x86, 0x7C, 0x33, 0xE1, 0xFF, 0x0C, 0xF8, 0x67, 0xFF, 0x38, 0x01, 0xC0, 0x04,
    0x3F, 0xC3, 0xC7, 0x18, 0x1C, 0xC0, 0xE7, 0xDE, 0x1F, 0xE0, 0x00, 0x10, 0x01, 0xFF, 0xCF, 0x86,
    0x7C, 0x33, 0xE1, 0xFF, 0x0C, 0xF8, 0x67, 0xFF, 0x38, 0x01, 0xC0, 0x00, 0x7F, 0xF0, 0x38, 0x01,
    0xC0, 0x3B, 0x87, 0x8F, 0x30, 0x18, 0x00, 0x1F, 0xF9, 0xF0, 0xCF, 0x86, 0x7C, 0x3F, 0xE1, 0x9F,
    0x0C, 0xFF, 0xE7, 0x03, 0x38, 0x18, 0x0F, 0xFE, 0x00, 0x00, 0xFE, 0x0E, 0x78, 0x60, 0xC3, 0x9E,
    0x0F, 0xE0, 0x00, 0xD8, 0x06, 0xFF, 0x37, 0x99, 0xBC, 0xCD, 0xE6, 0x6F, 0x3B, 0x79, 0xFB, 0xCC,
    0xDE, 0x66, 0xF3, 0x37, 0xF9, 0xB0, 0x0D, 0x80, 0x6C, 0x03, 0x60, 0x1B, 0x00, 0x18, 0x00, 0x18,
    0x06, 0xFF, 0xB7, 0x8D, 0xBC, 0x6D, 0xE3, 0xEF, 0x1B, 0x78, 0xDB, 0xFE, 0xD8, 0x06, 0xC0, 0x04,
    0x7F, 0xF0, 0x01, 0x80, 0x0C, 0x00, 0x60, 0x03, 0x00, 0x18, 0x00, 0xD8, 0x06, 0xFF, 0xB7, 0x8D,
    0xBC, 0x6D, 0xE3, 0xEF, 0x1F, 0x78, 0xDB, 0xFE, 0xD8, 0x06, 0xC4, 0x36, 0x61, 0xB3, 0x01, 0x98,
    0x00, 0xC0, 0x07, 0xFF, 0x1F, 0xF8, 0x00, 0x18, 0x03, 0x6F, 0xED, 0xB1, 0xB6, 0xC7, 0xDB, 0x1F,
    0x6C, 0x6D, 0xBF, 0xB6, 0x00, 0xD8, 0x00, 0x43, 0xFF, 0x80, 0x06, 0x3F, 0xF8, 0xC0, 0x03, 0x00,
    0x0F, 0xFE, 0x00, 0x00, 0x00, 0x18, 0x06, 0xFF, 0xB7, 0x8D, 0xBC, 0x7D, 0xE3, 0xEF, 0x1B, 0x78,
    0xDB, 0xFE, 0xD8, 0x06, 0xC0, 0x06, 0x7F, 0xF3, 0x01, 0x98, 0x0C, 0xC0, 0x67, 0xFF, 0x1F, 0xF0,
    0x00, 0x18, 0x06, 0xFF, 0xB7, 0x8D, 0xBC, 0x6D, 0xE3, 0xEF, 0x1B, 0x7F, 0xDB, 0x00, 0xD8, 0x00,
    0x0C, 0x06, 0x60, 0x33, 0xFF, 0x9C, 0x0C, 0xC0, 0x67, 0xFF, 0x1F, 0xF0, 0x00, 0x18, 0x03, 0x6F,
    0xED, 0xB1, 0xB6, 0xC7, 0xDB, 0x1F, 0x6C, 0x6D, 0xB1, 0xB6, 0xFE, 0xD8, 0x03, 0x60, 0x11, 0x80,
    0xE6, 0x03, 0x80, 0x1F, 0x00, 0xEE, 0x0F, 0x1E, 0x30, 0x18, 0x00, 0x18, 0x03, 0x6F, 0xED, 0xB1,
    0xB6, 0xC6, 0xDB, 0x1F, 0x6C, 0x6D, 0xB1, 0xB6, 0xFE, 0xD8, 0x03, 0x60, 0x86, 0x06, 0x18, 0x1C,
    0x60, 0x73, 0xC3, 0xEF, 0x9D, 0xE7, 0x43, 0x08, 0x00, 0x98, 0x06, 0xFF, 0xB7, 0x8D, 0xBC, 0x7D,
    0xE3, 0xEF, 0x1B, 0x78, 0xDB, 0xFE, 0xD8, 0x06, 0xC0, 0x06, 0x1F, 0xE1, 0xC7, 0x98, 0x0C, 0xC0,
    0x63, 0xDE, 0x0F, 0xE0, 0x00, 0x18, 0x01, 0xFF, 0xCF, 0x8E, 0x7C, 0x3F, 0xE1, 0xFF, 0x0C, 0xF8,
    0x67, 0xC3, 0x3E, 0x1F, 0xF0, 0xCF, 0x8E, 0x7F, 0xF3, 0x80, 0x1C, 0x00, 0xE0, 0x07, 0x00, 0x18,
    0x00, 0x10, 0x01, 0xFF, 0xCF, 0x86, 0x7C, 0x3F, 0xE1, 0x9F, 0x0F, 0xF8, 0x67, 0xFF, 0x38, 0x01,
    0xC0, 0x00, 0x7F, 0xF0, 0x03, 0x80, 0x1C, 0x00, 0xE0, 0x07, 0x00, 0x18, 0x00, 0x10, 0x01, 0xFF,
    0xCF, 0x87, 0xFC, 0x3F, 0xE1, 0x9F, 0x0F, 0xF8, 0x7F, 0xFF, 0x38, 0x01, 0xC0, 0x0E, 0x60, 0x73,
    0x00, 0x18, 0x00, 0xC0, 0x07, 0xFF, 0x1F, 0xF0, 0x00, 0x17, 0xF9, 0xF0, 0xCF, 0x87, 0xFC, 0x33,
    0xE1, 0x9F, 0x0F, 0xFF, 0xE7, 0x00, 0x38, 0x00, 0x8F, 0xFE, 0x00, 0x73, 0xFF, 0x98, 0x00, 0xC0,
    0x07, 0xFF, 0x00, 0x00, 0x00, 0x10, 0x00, 0xEF, 0xF3, 0xB0, 0xFE, 0xC3, 0xFB, 0x0C, 0xEC, 0x3F,
    0xB0, 0xFE, 0xFF, 0x38, 0x00, 0xE0, 0x33, 0x80, 0xE6, 0x03, 0x80, 0x1F, 0x00, 0xEE, 0x1F, 0x1E,
    0x30, 0x18, 0x00, 0x10, 0x00, 0xEF, 0xF3, 0xB0, 0xFE, 0xC3, 0x3B, 0x0C, 0xEC, 0x3F, 0xB0, 0xCE,
    0xFF, 0x38, 0x00, 0xE1, 0x86, 0x06, 0x18, 0x1C, 0x60, 0x73, 0xC3, 0xFF, 0xB9, 0xE7, 0x43, 0x08,
    0x00, 0x10, 0x01, 0xFF, 0xCF, 0x86, 0x7C, 0x3F, 0xE1, 0x9F, 0x0F, 0xF8, 0x7F, 0xFF, 0x38, 0x01,
    0xC0, 0x04, 0x3F, 0xC3, 0xC7, 0x18, 0x1C, 0xC0, 0xE7, 0xDE, 0x1F, 0xE0, 0x00, 0x10, 0x00, 0xEF,
    0xF3, 0xB0, 0xFE, 0xC3, 0x3B, 0x0C, 0xEC, 0x3F, 0xB0, 0xCE, 0xFF, 0x38, 0x0C, 0xE0, 0x38, 0x0F,
    0xFE, 0x03, 0x80, 0x0E, 0x00, 0xEE, 0x0F, 0x1E, 0x30, 0x18, 0x00, 0xD8, 0x06, 0xFF, 0x37, 0x99,
    0xBC, 0xED, 0xE7, 0xEF, 0x33, 0x79, 0x9B, 0xCC, 0xDE, 0x7E, 0xF3, 0xF7, 0xF9, 0xB0, 0x0D, 0x80,
    0x6C, 0x03, 0x60, 0x1B, 0x00, 0x18, 0x00, 0x00, 0x7F, 0xF0, 0xC0, 0x61, 0x80, 0xC3, 0x01, 0x86,
    0x03, 0x0C, 0x06, 0x1F, 0xFC, 0x03, 0x80, 0x03, 0x00, 0x06, 0x00, 0x0C, 0x07, 0xFF, 0xDF, 0xFF,
    0xC0, 0x3F, 0xF8, 0x60, 0x30, 0xC0, 0x61, 0x80, 0xC3, 0x01, 0x87, 0xFF, 0x00, 0x60, 0x01, 0xC0,
    0xFF, 0xFE, 0x00, 0x00, 0x00, 0x01, 0xFF, 0xC0, 0x01, 0x80, 0x03, 0x00, 0x06, 0x00, 0x0C, 0x3F,
    0xF8, 0x60, 0x30, 0xC0, 0x61, 0x80, 0xC3, 0xFF, 0x80, 0x70, 0x00, 0x60, 0x7F, 0xFF, 0x7F, 0xFC,
    0x00, 0x40, 0xF9, 0xC1, 0xF3, 0x80, 0x67, 0x00, 0xDF, 0x01, 0xF7, 0x03, 0xC6, 0x3F, 0xF8, 0x60,
    0x30, 0xC0, 0x61, 0x80, 0xC3, 0x01, 0x87, 0xFF, 0x00, 0x60, 0x00, 0xC0, 0xFF, 0xFE, 0xFF, 0xF8,
    0xC0, 0x01, 0x80, 0x03, 0x00, 0x06, 0x00, 0x0F, 0xFE, 0x0F, 0xFC, 0x3F, 0xF8, 0x60, 0x30, 0xC0,
    0x61, 0x80, 0xC3, 0xFF, 0x80, 0x30, 0x00, 0xE0, 0x7F, 0xFF, 0x00, 0x00, 0x7F, 0xF0, 0x00, 0x60,
    0x00, 0xC3, 0xFF, 0x86, 0x00, 0x0F, 0xFF, 0x00, 0x00, 0x3F, 0xF8, 0x60, 0x30, 0xC0, 0x61, 0x80,
    0xC3, 0xFF, 0x80, 0x30, 0x00, 0xE0, 0x7F, 0xFF, 0x00, 0x00, 0x7D, 0xF0, 0x1B, 0x60, 0x36, 0xC3,
    0xED, 0x86, 0x1B, 0x0F, 0xF6, 0x00, 0x7C, 0x3F, 0xF8, 0x60, 0x30, 0xC0, 0x61, 0x80, 0xC3, 0xFF,
    0x80, 0x70, 0x00, 0x60, 0x7F, 0xFF, 0x7F, 0xFC, 0x00, 0x00, 0xFF, 0xE1, 0x80, 0xC3, 0x01, 0x86,
    0x03, 0x0F, 0xFE, 0x0F, 0xF8, 0x3F, 0xF8, 0x60, 0x30, 0xC0, 0x61, 0x80, 0xC3, 0xFF, 0x80, 0x70,
    0x00, 0x60, 0x7F, 0xFF, 0x7F, 0xFC, 0x60, 0x30, 0xC0, 0x61, 0xFF, 0xC3, 0x01, 0x86, 0x03, 0x0F,
    0xFE, 0x00, 0x00, 0x3F, 0xF8, 0x60, 0x30, 0xC0, 0x61, 0x80, 0xC3, 0x01, 0x87, 0xFF, 0x00, 0x60,
    0x01, 0xC0, 0xFF, 0xFE, 0x00, 0x00, 0x06, 0x00, 0x1C, 0x00, 0x3C, 0x01, 0xDC, 0x0F, 0x1F, 0x18,
    0x0C, 0x3F, 0xF8, 0x60, 0x30, 0xC0, 0x61, 0x80, 0xC3, 0xFF, 0x80, 0x70, 0x00, 0x60, 0x01, 0xC0,
    0xFF, 0xFE, 0x00, 0x00, 0x3F, 0xC0, 0xF7, 0xC3, 0x01, 0x86, 0x03, 0x07, 0xBE, 0x07, 0xF8, 0x00,
    0x18, 0x00, 0x31, 0xFE, 0x63, 0x0C, 0xC6, 0x19, 0x8C, 0x33, 0x18, 0x66, 0x30, 0xCF, 0x7F, 0x9E,
    0x18, 0x30, 0x30, 0x60, 0x7E, 0xCF, 0xFD, 0x8E, 0x03, 0x00, 0x06, 0x00, 0x0C, 0x00, 0x18, 0x00,
    0x18, 0x00, 0x31, 0xFE, 0x63, 0x8C, 0xC7, 0x19, 0x8E, 0x33, 0x1F, 0xE7, 0x87, 0x0E, 0x0F, 0xD8,
    0xFF, 0xF1, 0x00, 0x60, 0xC0, 0xC1, 0x81, 0x83, 0x00, 0x06, 0x00, 0x0F, 0xFC, 0x1F, 0xF8, 0x00,
    0x18, 0xFF, 0x31, 0xC6, 0x63, 0x8C, 0xC7, 0x19, 0x8E, 0x33, 0xDF, 0xE7, 0x07, 0x0C, 0x7F, 0xF8,
    0xFF, 0xB0, 0x00, 0x60, 0x63, 0x80, 0xC7, 0x03, 0x8E, 0x0F, 0xBE, 0x39, 0xEE, 0x61, 0x84, 0x00,
    0x18, 0x00, 0x31, 0xFE, 0x63, 0x8C, 0xC7, 0x19, 0x8E, 0x33, 0xDF, 0xE7, 0x07, 0x0C, 0x7F, 0xF8,
    0xFF, 0xB0, 0x00, 0x60, 0x7F, 0x01, 0xFF, 0x87, 0x03, 0x0E, 0x06, 0x0F, 0x7C, 0x0F, 0xF0, 0x00,
    0x18, 0x00, 0x63, 0xFD, 0x8C, 0x36, 0x30, 0xD8, 0xC3, 0x63, 0x0D, 0x8C, 0x36, 0x3F, 0xD8, 0x18,
    0x60, 0x61, 0x81, 0xFE, 0x7F, 0xF9, 0xC0, 0x60, 0x01, 0x80, 0x06, 0x00, 0x18, 0x00, 0x08, 0x00,
    0x73, 0xFD, 0xCC, 0x37, 0x30, 0xDC, 0xC3, 0x73, 0xFD, 0xC7, 0xE7, 0x07, 0xFD, 0xFF, 0xF0, 0x01,
    0xC6, 0x07, 0x18, 0x08, 0x60, 0x01, 0x80, 0x07, 0xFF, 0x0F, 0xF8, 0x00, 0x08, 0xFF, 0x73, 0x0D,
    0xCC, 0x37, 0x30, 0xDC, 0xFF, 0x70, 0x61, 0xC7, 0xFF, 0x7F, 0xFC, 0x00, 0x21, 0xFF, 0xC0, 0x07,
    0x00, 0x1C, 0x7F, 0xF1, 0x80, 0x07, 0xFF, 0x00, 0x00, 0x00, 0x18, 0xFF, 0x73, 0x0D, 0xCC, 0x37,
    0x30, 0xDC, 0xFF, 0x70, 0x61, 0xC1, 0xFF, 0x7F, 0xFC, 0x00, 0x21, 0x81, 0x86, 0x07, 0x1F, 0xFC,
    0x60, 0x71, 0x81, 0xC7, 0xFF, 0x00, 0x00, 0x00, 0x1C, 0xFF, 0x73, 0x0D, 0xCC, 0x37, 0x30, 0xDC,
    0xC3, 0x73, 0xFD, 0xC1, 0x87, 0x7F, 0xFD, 0xFF, 0xF0, 0x01, 0xC0, 0x67, 0x01, 0xC0, 0x0F, 0x00,
    0x7F, 0x0F, 0x8F, 0x38, 0x1C, 0x00, 0x18, 0xFF, 0x73, 0x1D, 0xCC, 0x37, 0x30, 0xDC, 0xC7, 0x73,
    0xFD, 0xC1, 0x87, 0x7F, 0xFD, 0xFF, 0xF0, 0x01, 0xC3, 0xFC, 0x1F, 0x78, 0x60, 0x61, 0x81, 0xC7,
    0xDE, 0x0F, 0xF0, 0x00, 0x00, 0x7F, 0xF0, 0xC0, 0x61, 0x80, 0xC3, 0x01, 0x86, 0x03, 0x0C, 0x06,
    0x1F, 0xFC, 0x0C, 0x60, 0x18, 0xC0, 0x31, 0x80, 0x63, 0x07, 0xFF, 0xDF, 0xFF, 0xC0, 0x3F, 0xF8,
    0x60, 0x30, 0xC0, 0x61, 0x80, 0xC3, 0x01, 0x87, 0xFF, 0x03, 0x18, 0x06, 0x30, 0xFF, 0xFE, 0x00,
    0x00, 0xC0, 0x01, 0x80, 0x03, 0x00, 0x06, 0x00, 0x0F, 0xFE, 0x0F, 0xFC, 0x3F, 0xF8, 0x60, 0x30,
    0xC0, 0x61, 0x80, 0xC3, 0xFF, 0x81, 0x8C, 0x03, 0x18, 0x7F, 0xFF, 0x00, 0x00, 0x7F, 0xF0, 0x00,
    0x60, 0x00, 0xC3, 0xFF, 0x86, 0x00, 0x0F, 0xFF, 0x00, 0x00, 0x3F, 0xF8, 0x60, 0x30, 0xC0, 0x61,
    0x80, 0xC3, 0xFF, 0x81, 0x8C, 0x03, 0x18, 0x7F, 0xFF, 0x7F, 0xFC, 0x60, 0x30, 0xC0, 0x61, 0xFF,
    0xC3, 0x01, 0x86, 0x03, 0x0F, 0xFE, 0x00, 0x00, 0x3F, 0xF8, 0x60, 0x30, 0xC0, 0x61, 0x80, 0xC3,
    0xFF, 0x81, 0x8C, 0x03, 0x18, 0x06, 0x30, 0xFF, 0xFE, 0x00, 0x00, 0x06, 0x00, 0x1C, 0x00, 0x3C,
    0x01, 0xDC, 0x0F, 0x1F, 0x18, 0x0C, 0x3F, 0xF8, 0x60, 0x30, 0xC0, 0x61, 0x80, 0xC3, 0x01, 0x86,
    0x03, 0x0F, 0xFE, 0x00, 0x00, 0x00, 0x01, 0xFF, 0xFD, 0xFF, 0xF0, 0x0C, 0x00, 0x18, 0x00, 0x30,
    0x00, 0x60, 0x00, 0xC0, 0x3F, 0xF8, 0x60, 0x30, 0xC0, 0x61, 0x80, 0xC3, 0x01, 0x87, 0xFF, 0x00,
    0x00, 0x7F, 0xFF, 0x03, 0x80, 0x03, 0x00, 0x0E, 0x01, 0xFF, 0xC0, 0x01, 0x80, 0x03, 0x00, 0x06,
    0x00, 0x0C, 0x3F, 0xF8, 0x60, 0x30, 0xC0, 0x61, 0x80, 0xC3, 0xFF, 0x80, 0x00, 0x00, 0x00, 0x7F,
    0xFF, 0x7F, 0xFC, 0x03, 0x00, 0xFF, 0xE1, 0xFF, 0xC0, 0x71, 0x80, 0xE3, 0x01, 0xC6, 0x03, 0x0C,
    0x3F, 0xF8, 0x60, 0x30, 0xC0, 0x61, 0x80, 0xC3, 0x01, 0x87, 0xFF, 0x00, 0x00, 0x00, 0x00, 0xFF,
    0xFE, 0x03, 0x00, 0xC6, 0x01, 0x8C, 0x03, 0x10, 0x06, 0x00, 0x0F, 0xFE, 0x0F, 0xFC, 0x3F, 0xF8,
    0x60, 0x30, 0xC0, 0x61, 0x80, 0xC3, 0xFF, 0x80, 0x00, 0x00, 0x00, 0x7F, 0xFF, 0x03, 0x80, 0x03,
    0x00, 0xFF, 0xE1, 0xFF, 0x83, 0x00, 0x06, 0x00, 0x0F, 0xFE, 0x00, 0x00, 0x3F, 0xF8, 0x60, 0x30,
    0xC0, 0x61, 0x80, 0xC3, 0xFF, 0x80, 0x00, 0x3F, 0xFF, 0x81, 0xC0, 0x01, 0x80, 0x7F, 0xF0, 0x00,
    0x60, 0x00, 0xC3, 0xFF, 0x86, 0x00, 0x0F, 0xFF, 0x00, 0x00, 0x3F, 0xF8, 0x60, 0x30, 0xC0, 0x61,
    0x80, 0xC3, 0xFF, 0x80, 0x00, 0x3F, 0xFF, 0x81, 0xC0, 0x01, 0x80, 0x7F, 0xF0, 0x0F, 0xE0, 0x18,
    0xC3, 0xF1, 0x86, 0x23, 0x0F, 0xE6, 0x00, 0x0C, 0x3F, 0xF8, 0x60, 0x30, 0xC0, 0x61, 0x80, 0xC3,
    0xFF, 0x80, 0x00, 0x3F, 0xFF, 0x81, 0xC0, 0x01, 0x80, 0x7F, 0xF0, 0x1B, 0x60, 0x36, 0xC3, 0xED,
    0x86, 0x1B, 0x0F, 0xF6, 0x00, 0x7C, 0x3F, 0xF8, 0x60, 0x30, 0xC0, 0x61, 0x80, 0xC3, 0xFF, 0x80,
    0x00, 0x00, 0x00, 0x7F, 0xFF, 0x7F, 0xFC, 0x03, 0x00, 0xFF, 0xE1, 0x80, 0xC3, 0x01, 0x86, 0x03,
    0x0F, 0xFE, 0x00, 0x00, 0x3F, 0xF8, 0x60, 0x30, 0xC0, 0x61, 0x80, 0xC3, 0xFF, 0x80, 0x00, 0x00,
    0x00, 0x7F, 0xFF, 0x01, 0x80, 0x63, 0x30, 0xC0, 0x61, 0xFF, 0xC3, 0x01, 0x86, 0x03, 0x0F, 0xFE,
    0x00, 0x00, 0x3F, 0xF8, 0x60, 0x30, 0xC0, 0x61, 0x80, 0xC3, 0xFF, 0x80, 0x00, 0x00, 0x00, 0x7F,
    0xFF, 0x7F, 0xFC, 0x03, 0x00, 0x04, 0x00, 0x1C, 0x00, 0x38, 0x01, 0xFC, 0x0F, 0x9F, 0x18, 0x0C,
    0x3F, 0xF8, 0x60, 0x30, 0xC0, 0x61, 0x80, 0xC3, 0xFF, 0x80, 0x00, 0x00, 0x00, 0x7F, 0xFF, 0x03,
    0x80, 0x03, 0x00, 0x3F, 0xC0, 0xF7, 0xC3, 0x01, 0x86, 0x03, 0x07, 0xBE, 0x07, 0xF8, 0x3F, 0xF8,
    0x60, 0x30, 0xC0, 0x61, 0x80, 0xC3, 0xFF, 0x80, 0x00, 0x00, 0x00, 0x7F, 0xFF, 0x01, 0x80, 0x7F,
    0xF0, 0xC0, 0x01, 0x80, 0x03, 0xFF, 0x86, 0x00, 0x0F, 0xFE, 0x00, 0x00, 0x3F, 0xF8, 0x60, 0x30,
    0xC0, 0x61, 0x80, 0xC3, 0xFF, 0x80, 0x00, 0x3F, 0xFF, 0x80, 0xC0, 0x01, 0x80, 0x03, 0x00, 0xFF,
    0xF0, 0x00, 0x00, 0xFF, 0x03, 0x86, 0x07, 0x1C, 0x07, 0xF8, 0x00, 0x1C, 0xFF, 0x73, 0x0D, 0xCC,
    0x37, 0x30, 0xDC, 0xC3, 0x73, 0xFD, 0xC0, 0x07, 0x03, 0xFF, 0xFF, 0xF6, 0xE1, 0xC1, 0x87, 0x06,
    0xFC, 0x18, 0x70, 0x61, 0xC1, 0x87, 0x04, 0x1C, 0x00, 0x18, 0xFF, 0x73, 0x1D, 0xCC, 0x77, 0x31,
    0xDC, 0xFF, 0x70, 0x01, 0xC0, 0xFF, 0xFF, 0xFC, 0x18, 0x70, 0x6F, 0xC1, 0x87, 0x1E, 0x18, 0x60,
    0x01, 0x80, 0x07, 0xFF, 0x1F, 0xF8, 0x00, 0x08, 0xFF, 0x73, 0x1D, 0xCC, 0x77, 0x3F, 0xDC, 0x03,
    0xFF, 0xFF, 0xDF, 0x87, 0x06, 0xFC, 0x18, 0x70, 0x00, 0x87, 0xFF, 0x00, 0x1C, 0x7F, 0xF1, 0x80,
    0x06, 0x00, 0x1F, 0xFC, 0x00, 0x08, 0xFF, 0x73, 0x1D, 0xCC, 0x77, 0x3F, 0xDC, 0x00, 0x73, 0xFF,
    0xFF, 0xFF, 0x06, 0x1C, 0x1B, 0xF0, 0x61, 0xC6, 0x06, 0x18, 0x1C, 0x7F, 0xF1, 0x81, 0xC7, 0xFF,
    0x00, 0x00, 0x00, 0x18, 0x7F, 0xB8, 0xC7, 0x71, 0x8E, 0xE3, 0x1D, 0xC7, 0xFB, 0x80, 0x3F, 0x7F,
    0xFE, 0x7E, 0x1C, 0x19, 0xF8, 0x30, 0x70, 0x6C, 0xE0, 0x1C, 0x00, 0x78, 0x01, 0xDC, 0x1F, 0x1E,
    0x18, 0x0C, 0x00, 0x0C, 0x01, 0xB7, 0xF6, 0xD8, 0xDB, 0x63, 0x6D, 0x8D, 0xB7, 0xF6, 0xC0, 0x1B,
    0x7F, 0xEF, 0xFF, 0xB0, 0xC6, 0xC3, 0xFB, 0x0C, 0x6C, 0x31, 0xB0, 0xC6, 0xC2, 0x1B, 0x00, 0x0C,
    0x00, 0x08, 0x00, 0x73, 0xFD, 0xCC, 0x37, 0x30, 0xDC, 0xC3, 0x73, 0xFD, 0xC7, 0xE7, 0x00, 0x1D,
    0xFF, 0xF7, 0xFD, 0xC1, 0x87, 0x06, 0x1C, 0x18, 0x70, 0x61, 0xC1, 0x87, 0x06, 0x1C, 0x00, 0x18,
    0xFF, 0x63, 0x1D, 0x8C, 0x36, 0x30, 0xD8, 0xC7, 0x63, 0xFD, 0x80, 0x06, 0x7F, 0xF9, 0xFF, 0xE0,
    0x61, 0x87, 0x86, 0x18, 0x18, 0x60, 0x01, 0x80, 0x07, 0xFF, 0x1F, 0xF8, 0x00, 0x18, 0xFF, 0x63,
    0x1D, 0x8C, 0x76, 0x31, 0xD8, 0xFF, 0x60, 0x0F, 0x9F, 0xFE, 0x06, 0x18, 0x18, 0x21, 0xFF, 0x80,
    0x06, 0x00, 0x18, 0x7F, 0xE1, 0x80, 0x07, 0xFF, 0x00, 0x00, 0x3F, 0xF8, 0x60, 0x30, 0xC0, 0x61,
    0x80, 0xC3, 0x01, 0x86, 0x03, 0x0F, 0xFE, 0x00, 0x00, 0x00, 0x01, 0xFF, 0xFC, 0x31, 0x80, 0x63,
    0x00, 0xC6, 0x01, 0x8C, 0x03, 0x18, 0x06, 0x30, 0x3F, 0xF8, 0x60, 0x30, 0xC0, 0x61, 0x80, 0xC3,
    0x01, 0x87, 0xFF, 0x00, 0x00, 0x00, 0x00, 0xFF, 0xFE, 0x0C, 0xC0, 0xD9, 0x81, 0xB3, 0x03, 0x00,
    0x06, 0x00, 0x0F, 0xFE, 0x0F, 0xFC, 0x3F, 0xF8, 0x60, 0x30, 0xC0, 0x61, 0x80, 0xC3, 0xFF, 0x80,
    0x00, 0x3F, 0xFF, 0xBF, 0xFE, 0x0C, 0x60, 0x7F, 0xF0, 0x00, 0x60, 0x00, 0xC3, 0xFF, 0x86, 0x00,
    0x0F, 0xFF, 0x00, 0x00, 0x3F, 0xF8, 0x60, 0x30, 0xC0, 0x61, 0x80, 0xC3, 0xFF, 0x80, 0x00, 0x00,
    0x00, 0x7F, 0xFF, 0x7F, 0xFC, 0x18, 0xC0, 0xFF, 0xE1, 0x80, 0xC3, 0x01, 0x86, 0x03, 0x0F, 0xFE,
    0x00, 0x00, 0x3F, 0xF8, 0x60, 0x30, 0xC0, 0x61, 0x80, 0xC3, 0xFF, 0x80, 0x00, 0x00, 0x00, 0x7F,
    0xFF, 0x7F, 0xFC, 0x18, 0x60, 0x36, 0xC0, 0x1C, 0x00, 0x3C, 0x01, 0xDC, 0x0F, 0x1F, 0x18, 0x0C,
    0x00, 0x00, 0x7F, 0xF0, 0xC0, 0x61, 0x80, 0xC3, 0x01, 0x86, 0x03, 0x0C, 0x06, 0x18, 0x0C, 0x3F,
    0xF8, 0x00, 0x00, 0x00, 0x00, 0x00, 0x0F, 0xFF, 0xEF, 0xFF, 0x80, 0x3F, 0xF8, 0x60, 0x30, 0xC0,
    0x61, 0x80, 0xC3, 0x01, 0x87, 0xFF, 0x00, 0x00, 0x00, 0x00, 0xFF, 0xFE, 0x00, 0x00, 0xC0, 0x01,
    0x80, 0x03, 0x00, 0x06, 0x00, 0x0F, 0xFE, 0x0F, 0xFC, 0x3F, 0xF8, 0x60, 0x30, 0xC0, 0x61, 0x80,
    0xC3, 0xFF, 0x80, 0x00, 0x00, 0x00, 0x7F, 0xFF, 0x00, 0x00, 0x7F, 0xF0, 0x00, 0x60, 0x00, 0xC3,
    0xFF, 0x86, 0x00, 0x0F, 0xFF, 0x00, 0x00, 0x3F, 0xF8, 0x60, 0x30, 0xC0, 0x61, 0x80, 0xC3, 0xFF,
    0x80, 0x00, 0x00, 0x00, 0x7F, 0xFF, 0x7F, 0xFC, 0x00, 0x00, 0xFF, 0xE1, 0x80, 0xC3, 0x01, 0x86,
    0x03, 0x0F, 0xFE, 0x0F, 0xF8, 0x3F, 0xF8, 0x60, 0x30, 0xC0, 0x61, 0x80, 0xC3, 0x01, 0x87, 0xFF,
    0x00, 0x00, 0x7F, 0xFF, 0x00, 0x00, 0x03, 0x00, 0x0E, 0x00, 0x1C, 0x00, 0x7C, 0x01, 0xDE, 0x0F,
    0x1F, 0x18, 0x0C, 0x00, 0x10, 0x01, 0xFF, 0xCF, 0xC6, 0x7C, 0x33, 0xE1, 0x9F, 0x0C, 0xF8, 0x67,
    0xC3, 0x3E, 0x19, 0xF0, 0xCF, 0xC6, 0x7F, 0xF3, 0x80, 0x1C, 0x00, 0xE0, 0x07, 0x00, 0x38, 0x00,
    0x10, 0x01, 0xFF, 0xCF, 0x86, 0x7C, 0x33, 0xE1, 0x9F, 0x0C, 0xF8, 0x67, 0xFF, 0x38, 0x01, 0xC0,
    0x04, 0x7F, 0xF3, 0xFF, 0x80, 0x1C, 0x00, 0xE0, 0x07, 0x00, 0x38, 0x00, 0x10, 0x01, 0xFF, 0xCF,
    0x86, 0x7C, 0x33, 0xE1, 0x9F, 0x0C, 0xF8, 0x67, 0xFF, 0x38, 0x01, 0xC4, 0x0E, 0x60, 0x73, 0x00,
    0x18, 0x00, 0xC0, 0x07, 0xFF, 0x1F, 0xF0, 0x00, 0x10, 0x01, 0xFF, 0xCF, 0x86, 0x7C, 0x33, 0xE1,
    0x9F, 0x0C, 0xFF, 0xE7, 0x00, 0x38, 0x01, 0xC0, 0x00, 0x7F, 0xF3, 0x00, 0x18, 0x00, 0xC0, 0x07,
    0xFF, 0x1F, 0xF0, 0x00, 0x37, 0xF9, 0xF0, 0xCF, 0x86, 0x7C, 0x33, 0xE1, 0x9F, 0x0C, 0xFF, 0xE7,
    0x00, 0x38, 0x00, 0x0F, 0xFE, 0x00, 0x70, 0x03, 0x9F, 0xFC, 0xC0, 0x07, 0xFF, 0x00, 0x00, 0x00,
    0x10, 0x01, 0xFF, 0xCF, 0x86, 0x7C, 0x33, 0xE1, 0x9F, 0x0C, 0xFF, 0xE7, 0x00, 0x38, 0x00, 0x1F,
    0xFE, 0x0F, 0x30, 0x79, 0xBF, 0xCD, 0x86, 0x6F, 0xF3, 0x01, 0xF8, 0x00, 0x10, 0x01, 0xFF, 0xCF,
    0x86, 0x7C, 0x33, 0xE1, 0x9F, 0x0C, 0xFF, 0xE7, 0x00, 0x38, 0x01, 0xC0, 0x00, 0x7F, 0xF3, 0x03,
    0x98, 0x1C, 0xC0, 0xE7, 0xFF, 0x1F, 0xF0, 0x00, 0x10, 0x01, 0xFF, 0xCF, 0x86, 0x7C, 0x33, 0xE1,
    0x9F, 0x0C, 0xFF, 0xE7, 0x00, 0x38, 0x00, 0x0C, 0x0E, 0x60, 0x73, 0xFF, 0x98, 0x1C, 0xC0, 0xE7,
    0xFF, 0x1F, 0xF0, 0x00, 0x10, 0x00, 0xEF, 0xF3, 0xB0, 0xCE, 0xC3, 0x3B, 0x0C, 0xEC, 0x33, 0xB0,
    0xCE, 0xFF, 0x38, 0x00, 0xE0, 0x33, 0x80, 0xE4, 0x03, 0x80, 0x1F, 0x01, 0xEE, 0x1F, 0x1E, 0x30,
    0x18, 0x00, 0x10, 0x00, 0xEF, 0xF3, 0xB0, 0xCE, 0xC3, 0x3B, 0x0C, 0xEC, 0x33, 0xB0, 0xCE, 0xFF,
    0x38, 0x00, 0xE1, 0x87, 0x06, 0x18, 0x18, 0x60, 0x73, 0x83, 0xFF, 0x39, 0xE7, 0x43, 0x08, 0x00,
    0x10, 0x01, 0xFF, 0xCF, 0x86, 0x7C, 0x33, 0xE1, 0x9F, 0x0C, 0xF8, 0x67, 0xFF, 0x38, 0x01, 0xC0,
    0x04, 0x3F, 0xC3, 0xC7, 0x18, 0x1C, 0xC0, 0xC7, 0xDE, 0x1F, 0xE0, 0x00, 0x10, 0x00, 0xEF, 0xF3,
    0xB0, 0xCE, 0xC3, 0x3B, 0x0C, 0xEC, 0x33, 0xBF, 0xCE, 0x00, 0x38, 0x0C, 0xE0, 0x38, 0x0F, 0xFE,
    0x03, 0x80, 0x1E, 0x00, 0xEE, 0x0F, 0x1E, 0x30, 0x18, 0x00, 0x10, 0x01, 0xFF, 0xCF, 0x86, 0x7C,
    0x33, 0xE1, 0x9F, 0x0C, 0xFF, 0xE7, 0x00, 0x38, 0x00, 0x0F, 0xFE, 0x60, 0x03, 0x00, 0x1F, 0xF8,
    0xC0, 0x07, 0xFF, 0x00, 0x00, 0x00, 0x31, 0x08, 0xCC, 0x33, 0x30, 0xCC, 0xC3, 0x33, 0x0C, 0xCF,
    0xF3, 0xF0, 0xCF, 0xC3, 0x33, 0x0C, 0xCC, 0x33, 0x3F, 0xCC, 0xFF, 0x30, 0x00, 0xC0, 0x03, 0x00,
    0x0C, 0x00, 0x30, 0x00, 0x33, 0x0C, 0xCC, 0x33, 0x30, 0xCC, 0xFF, 0x3B, 0x0C, 0xFC, 0x33, 0x30,
    0xCC, 0xFF, 0x30, 0x00, 0xC0, 0x02, 0x1F, 0xFC, 0x3F, 0xF0, 0x00, 0xC0, 0x03, 0x00, 0x0C, 0x00,
    0x30, 0x00, 0x33, 0x0C, 0xCC, 0x33, 0x30, 0xCC, 0xFF, 0x3B, 0x0C, 0xFC, 0x33, 0x30, 0xCC, 0xFF,
    0x30, 0x00, 0xC0, 0x02, 0x1F, 0xFC, 0x0E, 0x30, 0x38, 0xC0, 0xE3, 0x03, 0x8C, 0x0C, 0x30, 0x00,
    0x33, 0x0C, 0xCC, 0x33, 0x30, 0xCC, 0xFF, 0x3B, 0x0C, 0xFC, 0x33, 0x30, 0xCC, 0xFF, 0x30, 0x00,
    0xC0, 0x04, 0x1F, 0x18, 0x0C, 0xE0, 0x33, 0x80, 0xDF, 0x03, 0xEE, 0x0F, 0x18, 0x00, 0x33, 0x0C,
    0xCC, 0x33, 0x30, 0xCC, 0xFF, 0x33, 0x0C, 0xEC, 0x33, 0xF0, 0xCC, 0xC3, 0x33, 0xFC, 0xC0, 0x03,
    0x0C, 0x0C, 0x30, 0x30, 0xC0, 0x03, 0x00, 0x0F, 0xFE, 0x1F, 0xF0, 0x00, 0x33, 0x0C, 0xCC, 0x33,
    0x30, 0xCC, 0xFF, 0x3F, 0x0C, 0xEC, 0x33, 0x30, 0xCC, 0xFF, 0x30, 0x00, 0xC0, 0x00, 0x0F, 0xFC,
    0x30, 0x00, 0xC0, 0x03, 0x00, 0x0F, 0xFC, 0x00, 0x00, 0x00, 0x33, 0x0C, 0xCC, 0x33, 0x30, 0xCC,
    0xFF, 0x3F, 0x0C, 0xEC, 0x33, 0x3F, 0xCC, 0x00, 0x30, 0x00, 0x03, 0xFF, 0x00, 0x0C, 0x00, 0x30,
    0xFF, 0xC3, 0x00, 0x0F, 0xFC, 0x00, 0x00, 0x00, 0x33, 0x0C, 0xCC, 0x33, 0x30, 0xCC, 0xFF, 0x3F,
    0x0C, 0xEC, 0x33, 0x3F, 0xCC, 0x00, 0x30, 0x00, 0x07, 0xFF, 0x03, 0x8C, 0x06, 0x31, 0xF8, 0xC6,
    0x23, 0x1F, 0xCC, 0x00, 0x20, 0x00, 0x33, 0x0C, 0xCC, 0x33, 0x30, 0xCC, 0xFF, 0x3F, 0x0C, 0xEC,
    0x33, 0x3F, 0xCC, 0x00, 0x30, 0x00, 0x07, 0xFF, 0x03, 0xCC, 0x0F, 0x31, 0xFC, 0xC6, 0x33, 0x1F,
    0xFC, 0x00, 0x00, 0x00, 0x33, 0x0C, 0xCC, 0x33, 0x30, 0xCC, 0xFF, 0x3F, 0x0C, 0xFC, 0x33, 0x3F,
    0xCC, 0x00, 0x30, 0x04, 0x87, 0xF3, 0x03, 0xCC, 0x0F, 0xF1, 0xFC, 0xC6, 0x33, 0x1F, 0xFC, 0x00,
    0x00, 0x00, 0x33, 0x0C, 0xCC, 0x33, 0x30, 0xCC, 0xFF, 0x3F, 0x0C, 0xFC, 0x33, 0x30, 0xCC, 0xFF,
    0x30, 0x00, 0xC0, 0x00, 0x0F, 0xFC, 0x30, 0x30, 0xC0, 0xC3, 0x03, 0x0F, 0xFC, 0x3F, 0xE0, 0x00,
    0x33, 0x0C, 0xCC, 0x33, 0x30, 0xCC, 0xFF, 0x3F, 0x0C, 0xFC, 0x33, 0x30, 0xCC, 0xFF, 0x30, 0x00,
    0xC3, 0x03, 0x0C, 0x0C, 0x3F, 0xF0, 0xC0, 0xC3, 0x03, 0x0F, 0xFC, 0x3F, 0xE0, 0x00, 0x33, 0x0C,
    0xCC, 0x33, 0x30, 0xCC, 0xFF, 0x33, 0x0C, 0xFC, 0x33, 0xB0, 0xCC, 0xFF, 0x30, 0x00, 0xC0, 0x33,
    0x00, 0xCC, 0x07, 0x00, 0x1E, 0x01, 0xDE, 0x1E, 0x1E, 0x70, 0x38, 0x00, 0x33, 0x0C, 0xCC, 0x33,
    0x30, 0xCC, 0xFF, 0x3B, 0x0C, 0xFC, 0x33, 0x30, 0xCC, 0xFF, 0x30, 0x00, 0xC0, 0x03, 0x07, 0xF8,
    0x38, 0xF0, 0xC0, 0xC3, 0x03, 0x0F, 0x7C, 0x1F, 0xE0, 0x00, 0x33, 0x0C, 0xCC, 0x33, 0x30, 0xCC,
    0xFF, 0x3F, 0x0C, 0xEC, 0x33, 0x3F, 0xCC, 0x00, 0x30, 0x00, 0x03, 0xFF, 0x0C, 0x00, 0x30, 0x00,
    0xFF, 0xC3, 0x00, 0x0F, 0xFC, 0x00, 0x00, 0x00, 0x98, 0x06, 0xF3, 0x37, 0x99, 0xBC, 0xCD, 0xE6,
    0x6F, 0xF3, 0x79, 0x9F, 0xCC, 0xFE, 0x66, 0xF3, 0x37, 0x99, 0xBF, 0xCD, 0x80, 0x6C, 0x03, 0x60,
    0x1B, 0x00, 0x18, 0x00, 0x9E, 0x36, 0xF1, 0xB7, 0x8D, 0xBF, 0xEF, 0xE3, 0x7F, 0x1B, 0x78, 0xDB,
    0xFE, 0xD8, 0x06, 0xC0, 0x00, 0x7F, 0xF1, 0xFF, 0x80, 0x0C, 0x00, 0x60, 0x03, 0x00, 0x18, 0x00,
    0x98, 0x06, 0xF1, 0xB7, 0x8D, 0xBC, 0x6D, 0xFF, 0x7F, 0x1B, 0xF8, 0xDB, 0xFE, 0xD8, 0x06, 0xC4,
    0x36, 0x61, 0xB3, 0x01, 0x98, 0x00, 0xC0, 0x07, 0xFF, 0x1F, 0xF8, 0x00, 0x9B, 0x1B, 0x6C, 0x6D,
    0xB1, 0xB6, 0xFE, 0xFB, 0x1B, 0xEC, 0x6D, 0xBF, 0xB6, 0x00, 0xD8, 0x00, 0x43, 0xFF, 0x80, 0x06,
    0x00, 0x18, 0xFF, 0xE3, 0x00, 0x0F, 0xFE, 0x00, 0x00, 0x00, 0x9E, 0x36, 0xF1, 0xB7, 0x8D, 0xBF,
    0xED, 0xE3, 0x7F, 0x1B, 0x78, 0xDB, 0xFE, 0xD8, 0x06, 0xC0, 0x00, 0x7F, 0xF3, 0x01, 0x98, 0x0C,
    0xC0, 0x67, 0xFF, 0x1F, 0xF0, 0x00, 0x9E, 0x36, 0xF1, 0xB7, 0x8D, 0xBF, 0xEF, 0xE3, 0x7F, 0x1B,
    0x78, 0xDB, 0xFE, 0xD8, 0x06, 0xCC, 0x06, 0x60, 0x33, 0xFF, 0x98, 0x0C, 0xC0, 0x67, 0xFF, 0x1F,
    0xF0, 0x00, 0x9B, 0x1B, 0x6C, 0x6D, 0xB1, 0xB6, 0xFE, 0xDB, 0x1B, 0xEC, 0x6D, 0xB1, 0xB6, 0xFE,
    0xD8, 0x03, 0x60, 0x01, 0x80, 0xE6, 0x03, 0x80, 0x1F, 0x00, 0xEE, 0x0F, 0x1F, 0x30, 0x18, 0x00,
    0x9B, 0x1B, 0x6C, 0x6D, 0xB1, 0xB6, 0xFE, 0xDB, 0x1B, 0xEC, 0x6D, 0xB1, 0xB6, 0xFE, 0xD8, 0x03,
    0x60, 0x86, 0x07, 0x18, 0x1C, 0x60, 0x73, 0xC3, 0x7F, 0x9D, 0xE7, 0x43, 0x08, 0x00, 0x9E, 0x36,
    0xF1, 0xB7, 0x8D, 0xBF, 0xED, 0xE3, 0x7F, 0x1B, 0x78, 0xDB, 0xFE, 0xD8, 0x06, 0xC0, 0x06, 0x1F,
    0xE1, 0xC7, 0x98, 0x0C, 0xC0, 0x63, 0xDF, 0x0F, 0xE0, 0x00, 0x98, 0x06, 0xF1, 0xB7, 0x8D, 0xBF,
    0xEF, 0xE3, 0x6F, 0x1B, 0x7F, 0xDB, 0x00, 0xD8, 0x00, 0x0F, 0xFE, 0x70, 0x03, 0x00, 0x1F, 0xFC,
    0xC0, 0x07, 0xFF, 0x00, 0x00, 0x00, 0x31, 0x08, 0xCC, 0x33, 0x30, 0xCC, 0xC3, 0x3F, 0x0C, 0xFF,
    0xF3, 0x30, 0xCC, 0xC3, 0x33, 0x0C, 0xFC, 0x33, 0xFF, 0xCC, 0xFF, 0x30, 0x00, 0xC0, 0x03, 0x00,
    0x0C, 0x00, 0x30, 0x00, 0x33, 0x0C, 0xCC, 0x33, 0x30, 0xCF, 0xFF, 0x3B, 0x0C, 0xCC, 0x33, 0xF0,
    0xCE, 0xFF, 0x30, 0x00, 0xC0, 0x02, 0x1F, 0xFC, 0x3F, 0xF0, 0x00, 0xC0, 0x03, 0x00, 0x0C, 0x00,
    0x30, 0x00, 0x33, 0x0C, 0xCC, 0x33, 0x30, 0xCC, 0xFF, 0x3F, 0x0C, 0xCC, 0x33, 0x30, 0xCE, 0xC3,
    0x3F, 0xFC, 0xC0, 0x03, 0x0C, 0x0C, 0x30, 0x30, 0xC0, 0x03, 0x00, 0x0F, 0xFE, 0x1F, 0xF0, 0x00,
    0x33, 0x0C, 0xCC, 0x33, 0x30, 0xCF, 0xFF, 0x33, 0x0C, 0xCC, 0x33, 0xF0, 0xCE, 0xFF, 0x30, 0x00,
    0xC3, 0x03, 0x0C, 0x0C, 0x3F, 0xF0, 0xC0, 0xC3, 0x03, 0x0F, 0xFC, 0x3F, 0xE0, 0x00, 0x16, 0x11,
    0xF0, 0xCF, 0x86, 0x7C, 0x33, 0xE1, 0x9F, 0xFC, 0xF8, 0x7F, 0xC3, 0x3E, 0x19, 0xF0, 0xCF, 0x86,
    0x7F, 0xF3, 0x80, 0x1C, 0x00, 0xE0, 0x07, 0x00, 0x18, 0x00, 0x16, 0x19, 0xF0, 0xCF, 0x86, 0x7F,
    0xFF, 0xE1, 0xFF, 0x0C, 0xF8, 0x67, 0xFF, 0x3B, 0xF1, 0xC0, 0x00, 0x7F, 0xF1, 0xFF, 0x80, 0x1C,
    0x00, 0xE0, 0x07, 0x00, 0x18, 0x00, 0x16, 0x19, 0xF0, 0xCF, 0x86, 0x7F, 0xF3, 0xE1, 0xFF, 0x0F,
    0xF8, 0x67, 0xC3, 0x3F, 0xF9, 0xC0, 0x0E, 0x60, 0x73, 0x01, 0x98, 0x00, 0xC0, 0x07, 0xFF, 0x1F,
    0xF0, 0x00, 0x16, 0x19, 0xF0, 0xCF, 0x86, 0x7F, 0xFF, 0xE1, 0xFF, 0x0C, 0xF8, 0x67, 0xFF, 0x38,
    0x01, 0xC0, 0x00, 0x7F, 0xF3, 0x00, 0x18, 0x00, 0xC0, 0x07, 0xFF, 0x1F, 0xF0, 0x00, 0x16, 0x19,
    0xF0, 0xCF, 0x86, 0x7F, 0xFF, 0xE1, 0xFF, 0x0C, 0xFF, 0xE7, 0x00, 0x38, 0x00, 0x0F, 0xFE, 0x00,
    0x70, 0x03, 0x9F, 0xFC, 0xC0, 0x07, 0xFF, 0x00, 0x00, 0x00, 0x16, 0x19, 0xF0, 0xCF, 0x86, 0x7F,
    0xFF, 0xE1, 0xFF, 0x0C, 0xFF, 0xE7, 0x00, 0x38, 0x00, 0x1F, 0xFE, 0x0F, 0x30, 0x79, 0xBF, 0xCD,
    0x86, 0x6F, 0xFF, 0x00, 0x00, 0x00, 0x16, 0x19, 0xF0, 0xCF, 0x86, 0x7F, 0xFF, 0xE1, 0xFF, 0x0C,
    0xF8, 0x67, 0xFF, 0x38, 0x01, 0xC0, 0x00, 0x7F, 0xF3, 0x01, 0x98, 0x0C, 0xC0, 0x67, 0xFF, 0x1F,
    0xF0, 0x00, 0x16, 0x19, 0xF0, 0xCF, 0x86, 0x7F, 0xFF, 0xE1, 0xFF, 0x0C, 0xF8, 0x67, 0xFF, 0x38,
    0x00, 0xCC, 0x0E, 0x60, 0x73, 0xFF, 0x98, 0x1C, 0xC0, 0xE7, 0xFF, 0x1F, 0xF0, 0x00, 0x13, 0x0C,
    0xEC, 0x33, 0xB0, 0xCE, 0xFF, 0x3B, 0x0F, 0xEC, 0x33, 0xB0, 0xCE, 0xFF, 0x38, 0x00, 0xE0, 0x33,
    0x80, 0xE6, 0x03, 0x80, 0x1F, 0x00, 0xEE, 0x1F, 0x1E, 0x30, 0x18, 0x00, 0x16, 0x19, 0xF0, 0xCF,
    0x86, 0x7F, 0xFF, 0xE1, 0xFF, 0x0C, 0xF8, 0x67, 0xFF, 0x38, 0x01, 0xC0, 0x04, 0x3F, 0xC3, 0xC7,
    0x18, 0x1C, 0xC0, 0xE7, 0xDE, 0x1F, 0xE0, 0x00, 0x16, 0x19, 0xF0, 0xCF, 0x86, 0x7F, 0xFF, 0xE1,
    0xFF, 0x0C, 0xF8, 0x67, 0xFF, 0x38, 0x01, 0xC0, 0x00, 0x7F, 0xF0, 0x38, 0x03, 0xC0, 0x3B, 0x87,
    0x8F, 0x30, 0x18, 0x00, 0x18, 0x06, 0xF1, 0x37, 0x99, 0xBC, 0xCD, 0xE6, 0x6F, 0xFF, 0x79, 0xFB,
    0xCC, 0xDE, 0x66, 0xF3, 0x37, 0xF9, 0xBF, 0xCD, 0x80, 0x6C, 0x03, 0x60, 0x1B, 0x00, 0x18, 0x00,
    0x9E, 0x36, 0xF1, 0xB7, 0x8D, 0xBF, 0xED, 0xE3, 0xEF, 0x1B, 0x78, 0xDB, 0xFE, 0xD8, 0x06, 0xC0,
    0x04, 0x7F, 0xF0, 0x01, 0x80, 0x0C, 0x00, 0x60, 0x03, 0x00, 0x18, 0x00, 0xD8, 0x26, 0xF1, 0xB7,
    0x8D, 0xBC, 0x6D, 0xFF, 0xEF, 0x1F, 0x78, 0xDB, 0xC6, 0xDF, 0xF6, 0xC0, 0x36, 0x61, 0xB3, 0x0D,
    0x98, 0x00, 0xC0, 0x07, 0xFF, 0x1F, 0xF8, 0x00, 0x1E, 0x36, 0xF1, 0xB7, 0x8D, 0xBF, 0xED, 0xE3,
    0xEF, 0x1B, 0x78, 0xDB, 0xFE, 0xD8, 0x06, 0xC0, 0x00, 0x7F, 0xF3, 0x00, 0x18, 0x00, 0xC0, 0x07,
    0xFF, 0x1F, 0xF0, 0x00, 0xD8, 0x03, 0x6C, 0x6D, 0xB1, 0xB6, 0xFF, 0xDB, 0x1F, 0x6C, 0x6D, 0xBF,
    0xB6, 0x00, 0xD8, 0x00, 0x03, 0xFF, 0x80, 0x06, 0x00, 0x18, 0xFF, 0xE3, 0x00, 0x0F, 0xFE, 0x00,
    0x00, 0x00, 0x1E, 0x36, 0xF1, 0xB7, 0x8D, 0xBF, 0xFD, 0xE3, 0xEF, 0x1B, 0x78, 0xDB, 0xFE, 0xD8,
    0x06, 0xC0, 0x00, 0x7F, 0xF3, 0x01, 0x98, 0x0C, 0xC0, 0x67, 0xFF, 0x1F, 0xF0, 0x00, 0x1E, 0x36,
    0xF1, 0xB7, 0x8D, 0xBF, 0xFD, 0xE3, 0xEF, 0x1B, 0x78, 0xDB, 0xFE, 0xD8, 0x06, 0xCC, 0x06, 0x60,
    0x33, 0xFF, 0x98, 0x0C, 0xC0, 0x67, 0xFF, 0x1F, 0xF0, 0x00, 0x9B, 0x13, 0x6C, 0x6D, 0xB1, 0xB6,
    0xFF, 0xDB, 0x1F, 0x6C, 0x6D, 0xB1, 0xB6, 0xFE, 0xD8, 0x03, 0x60, 0x01, 0x80, 0xE6, 0x03, 0x80,
    0x1F, 0x00, 0xEE, 0x0F, 0x1F, 0x30, 0x18, 0x00, 0x9B, 0x1B, 0x6C, 0x6D, 0xB1, 0xB6, 0xFF, 0xDB,
    0x1F, 0x6C, 0x6D, 0xB1, 0xB6, 0xFE, 0xD8, 0x03, 0x60, 0x86, 0x07, 0x18, 0x1C, 0x60, 0x73, 0xC3,
    0x7F, 0x9D, 0xE7, 0x43, 0x08, 0x00, 0x9E, 0x26, 0xF1, 0xB7, 0x8D, 0xBF, 0xFD, 0xE3, 0xEF, 0x1B,
    0x78, 0xDB, 0xFE, 0xD8, 0x06, 0xC0, 0x06, 0x1F, 0xE1, 0xC7, 0x98, 0x0C, 0xC0, 0x63, 0xDF, 0x0F,
    0xE0, 0x00, 0x1E, 0x19, 0xF0, 0xCF, 0x86, 0x7C, 0x3F, 0xE1, 0xFF, 0xFC, 0xF8, 0x67, 0xC3, 0x3E,
    0x1F, 0xF0, 0xFF, 0x86, 0x7F, 0xF3, 0x80, 0x1C, 0x00, 0xE0, 0x07, 0x00, 0x18, 0x00, 0x1E, 0x19,
    0xF0, 0xCF, 0x87, 0xFF, 0xFF, 0xE1, 0x9F, 0x0F, 0xF8, 0x7F, 0xFF, 0x3B, 0xF1, 0xC0, 0x00, 0x7F,
    0xF1, 0xFF, 0x80, 0x1C, 0x00, 0xE0, 0x07, 0x00, 0x18, 0x00, 0x12, 0x11, 0xF0, 0xCF, 0x86, 0x7F,
    0xFF, 0xE1, 0x9F, 0x0C, 0xF8, 0x7F, 0xC3, 0xFF, 0xF9, 0xC0, 0x0E, 0x60, 0x73, 0x01, 0x98, 0x00,
    0xC0, 0x07, 0xFF, 0x1F, 0xF0, 0x00, 0x16, 0x19, 0xF0, 0xCF, 0x87, 0xFF, 0xF3, 0xE1, 0x9F, 0x0F,
    0xF8, 0x67, 0xFF, 0x38, 0x00, 0x8F, 0xFE, 0x00, 0x70, 0x03, 0x9F, 0xFC, 0xC0, 0x07, 0xFF, 0x00,
    0x00, 0x00, 0x16, 0x19, 0xF0, 0xCF, 0x87, 0xFF, 0xFF, 0xE1, 0x9F, 0x0F, 0xF8, 0x7F, 0xFF, 0x38,
    0x00, 0x8C, 0x0E, 0x60, 0x73, 0xFF, 0x98, 0x1C, 0xC0, 0xE7, 0xFF, 0x1F, 0xF0, 0x00, 0x1B, 0x0C,
    0xEC, 0x33, 0xB0, 0xFE, 0xFF, 0x3B, 0x0C, 0xEC, 0x3F, 0xB0, 0xCE, 0xFF, 0x39, 0xF8, 0xE0, 0x33,
    0x80, 0xE6, 0x03, 0x80, 0x1F, 0x01, 0xEE, 0x1F, 0x1E, 0x30, 0x18, 0x00, 0x13, 0x0C, 0xEC, 0x33,
    0xB0, 0xFE, 0xFF, 0xFB, 0x0C, 0xEC, 0x3F, 0xB0, 0xFE, 0xFF, 0x38, 0x00, 0xE1, 0x86, 0x06, 0x18,
    0x1C, 0x60, 0x73, 0xC3, 0xFF, 0xB9, 0xE7, 0x43, 0x08, 0x00, 0x1E, 0x19, 0xF0, 0xCF, 0x87, 0xFF,
    0xF3, 0xE1, 0x9F, 0x0F, 0xF8, 0x7F, 0xFF, 0x38, 0x01, 0xC0, 0x04, 0x3F, 0xC3, 0xC7, 0x18, 0x1C,
    0xC0, 0xE7, 0xDE, 0x1F, 0xE0, 0x00, 0x16, 0x19, 0xF0, 0xCF, 0x87, 0xFF, 0xF3, 0xE1, 0xFF, 0x0C,
    0xFF, 0xE7, 0x00, 0x38, 0x00, 0x0F, 0xFE, 0x60, 0x03, 0x00, 0x1F, 0xF8, 0xC0, 0x07, 0xFF, 0x00,
    0x00, 0x00, 0xD8, 0x26, 0xF3, 0x37, 0x99, 0xBC, 0xFD, 0xE7, 0xEF, 0xF3, 0x79, 0x9B, 0xCE, 0xDE,
    0x7E, 0xF3, 0x37, 0xF9, 0xBF, 0xCD, 0x80, 0x6C, 0x03, 0x60, 0x1B, 0x00, 0x18, 0x00, 0x18, 0x06,
    0xF1, 0xB7, 0x8D, 0xBC, 0x7D, 0xFF, 0x6F, 0x1B, 0x78, 0xFB, 0xC6, 0xDF, 0xF6, 0xC0, 0x36, 0x61,
    0xB3, 0x0D, 0x98, 0x00, 0xC0, 0x07, 0xFF, 0x1F, 0xF8, 0x30, 0x08, 0x60, 0x30, 0xC0, 0x61, 0x80,
    0xC3, 0xFF, 0x86, 0x03, 0x0C, 0x06, 0x18, 0x0C, 0x3F, 0xF8, 0x03, 0x00, 0x06, 0x00, 0x0C, 0x07,
    0xFF, 0xDF, 0xFF, 0xC0, 0x30, 0x18, 0x60, 0x30, 0xFF, 0xE1, 0x80, 0xC3, 0x01, 0x87, 0xFF, 0x00,
    0x60, 0x01, 0xC0, 0xFF, 0xFE, 0x00, 0x00, 0x00, 0x01, 0xFF, 0xC0, 0x01, 0x80, 0x03, 0x00, 0x06,
    0x00, 0x0C, 0x30, 0x18, 0x60, 0x30, 0xFF, 0xE1, 0x80, 0xC3, 0x01, 0x87, 0xFF, 0x00, 0x60, 0x01,
    0xC0, 0xFF, 0xFE, 0x00, 0x00, 0xFF, 0xE0, 0xFF, 0xC0, 0x71, 0x80, 0xE3, 0x01, 0xC6, 0x01, 0x8C,
    0x30, 0x18, 0x60, 0x30, 0xFF, 0xE1, 0x80, 0xC3, 0x01, 0x86, 0x03, 0x0F, 0xFE, 0x00, 0xC0, 0xFF,
    0xFE, 0xFF, 0xF8, 0xC0, 0x01, 0x80, 0x03, 0x00, 0x06, 0x00, 0x0F, 0xFE, 0x0F, 0xFC, 0x30, 0x18,
    0x60, 0x30, 0xFF, 0xE1, 0x80, 0xC3, 0x01, 0x87, 0xFF, 0x00, 0x60, 0x01, 0xC0, 0xFF, 0xFE, 0x00,
    0x00, 0xFF, 0xE0, 0x00, 0xC0, 0x01, 0x87, 0xFF, 0x0C, 0x00, 0x1F, 0xFE, 0x00, 0x00, 0x30, 0x18,
    0x60, 0x30, 0xFF, 0xE1, 0x80, 0xC3, 0x01, 0x87, 0xFF, 0x00, 0x60, 0x01, 0xC0, 0xFF, 0xFE, 0x00,
    0x00, 0xFF, 0xE1, 0x80, 0xC3, 0x01, 0x86, 0x03, 0x0F, 0xFE, 0x0F, 0xF8, 0x00, 0x00, 0x60, 0x30,
    0xC0, 0x61, 0xFF, 0xC3, 0x01, 0x86, 0x03, 0x0F, 0xFE, 0x00, 0xC0, 0xFF, 0xFE, 0xFF, 0xF8, 0xC0,
    0x61, 0x80, 0xC3, 0xFF, 0x86, 0x03, 0x0C, 0x06, 0x1F, 0xFC, 0x00, 0x00, 0x30, 0x18, 0x60, 0x30,
    0xFF, 0xE1, 0x80, 0xC3, 0x01, 0x87, 0xFF, 0x00, 0x60, 0x01, 0xC0, 0xFF, 0xFE, 0x00, 0x00, 0x06,
    0x00, 0x1C, 0x00, 0x3C, 0x01, 0xDC, 0x0F, 0x1F, 0x18, 0x0C, 0x30, 0x18, 0x60, 0x30, 0xFF, 0xE1,
    0x80, 0xC3, 0x01, 0x87, 0xFF, 0x00, 0x60, 0x01, 0xC0, 0xFF, 0xFE, 0x00, 0x00, 0x3F, 0xC0, 0xF7,
    0xC3, 0x01, 0x86, 0x03, 0x07, 0xBE, 0x07, 0xF8, 0x00, 0x18, 0x00, 0x31, 0x86, 0x63, 0x0C, 0xC7,
    0xF9, 0x8C, 0x33, 0x18, 0x66, 0x30, 0xCF, 0x7F, 0x9E, 0x1C, 0x30, 0x30, 0x60, 0x7E, 0xCF, 0xFD,
    0x8E, 0x03, 0x00, 0x06, 0x00, 0x0C, 0x00, 0x18, 0x00, 0x18, 0x63, 0x30, 0xC6, 0x61, 0xFC, 0xC3,
    0x19, 0x86, 0x33, 0x0F, 0xE7, 0x87, 0x0E, 0x0F, 0xD8, 0xFF, 0xF1, 0x00, 0x60, 0xC0, 0xC1, 0x81,
    0x83, 0x00, 0x06, 0x00, 0x0F, 0xFC, 0x1F, 0xF8, 0x00, 0x18, 0x63, 0x31, 0xC6, 0x63, 0xFC, 0xC7,
    0x19, 0x8E, 0x33, 0xDF, 0xE7, 0x07, 0x0C, 0x1F, 0xD9, 0xFF, 0xB0, 0x00, 0x60, 0x63, 0x80, 0xC7,
    0x03, 0xCE, 0x0F, 0xB6, 0x39, 0xEE, 0x21, 0x84, 0x00, 0x4C, 0x85, 0xB6, 0x36, 0xD8, 0xDB, 0x7F,
    0x6D, 0x8D, 0xB6, 0x36, 0xD8, 0xDF, 0x7F, 0x7C, 0x71, 0xB0, 0xC6, 0xC3, 0xFB, 0xFF, 0xED, 0xC1,
    0xB0, 0x06, 0xC0, 0x1B, 0x00, 0x0C, 0x00, 0x4C, 0xC6, 0xD9, 0x8D, 0xB3, 0xFB, 0x66, 0x36, 0xCC,
    0x6F, 0x9F, 0xDF, 0x06, 0x36, 0x0F, 0xED, 0xFF, 0xD9, 0x01, 0xB0, 0x61, 0x80, 0xE3, 0x01, 0xCF,
    0x07, 0xFF, 0x39, 0xE7, 0x21, 0x84, 0x00, 0x18, 0x00, 0x63, 0x0D, 0x8C, 0x36, 0x3F, 0xD8, 0xC3,
    0x63, 0x0D, 0x8C, 0x36, 0x3F, 0xD8, 0x18, 0x60, 0x61, 0x81, 0xFE, 0x7F, 0xF9, 0xC0, 0x60, 0x01,
    0x80, 0x06, 0x00, 0x18, 0x00, 0x08, 0xC3, 0x73, 0x0D, 0xCF, 0xF7, 0x30, 0xDC, 0xC3, 0x73, 0xFD,
    0xC1, 0x87, 0x7F, 0xFD, 0xFF, 0xF0, 0x01, 0xC0, 0x00, 0x1F, 0xFC, 0x00, 0x70, 0x01, 0xC0, 0x07,
    0x00, 0x18, 0x00, 0x18, 0xC3, 0x73, 0x0D, 0xCF, 0xF7, 0x30, 0xDC, 0xC3, 0x73, 0x0D, 0xCF, 0xF7,
    0x06, 0x1D, 0xFF, 0xF7, 0xFF, 0xC0, 0x07, 0x18, 0x1C, 0x60, 0x21, 0x80, 0x07, 0xFF, 0x0F, 0xF8,
    0x30, 0xD8, 0xC3, 0x73, 0xFD, 0xCC, 0x37, 0x30, 0xDC, 0xFF, 0x70, 0x61, 0xC7, 0xFF, 0x7F, 0xFC,
    0x00, 0x21, 0xFF, 0xC0, 0x07, 0x00, 0x1C, 0x7F, 0xF1, 0x80, 0x07, 0xFF, 0x00, 0x00, 0x00, 0x08,
    0xC3, 0x73, 0x0D, 0xCF, 0xF7, 0x30, 0xDC, 0xC3, 0x73, 0xFD, 0xC1, 0x87, 0x7F, 0xFD, 0xFF, 0xF0,
    0x00, 0x87, 0xFF, 0x18, 0x1C, 0x60, 0x71, 0x81, 0xC7, 0xFF, 0x0F, 0xF8, 0x00, 0x08, 0xC3, 0x73,
    0x0D, 0xCF, 0xF7, 0x30, 0xDC, 0xC3, 0x73, 0xFD, 0xC1, 0x87, 0x3F, 0xFD, 0xFF, 0xF0, 0x00, 0x86,
    0x07, 0x1F, 0xFC, 0x60, 0x71, 0x81, 0xC7, 0xFF, 0x00, 0x00, 0x30, 0x08, 0x60, 0x30, 0xC0, 0x61,
    0x80, 0xC3, 0xFF, 0x86, 0x03, 0x0C, 0x06, 0x18, 0x0C, 0x3F, 0xF8, 0x18, 0xC0, 0x31, 0x80, 0x63,
    0x07, 0xFF, 0xDF, 0xFF, 0xC0, 0x30, 0x18, 0x60, 0x30, 0xFF, 0xE1, 0x80, 0xC3, 0x01, 0x87, 0xFF,
    0x07, 0xFC, 0x06, 0x30, 0xFF, 0xFE, 0xFF, 0xF8, 0xC0, 0x01, 0x80, 0x03, 0x00, 0x06, 0x00, 0x0F,
    0xFE, 0x0F, 0xFC, 0x30, 0x18, 0x60, 0x30, 0xFF, 0xE1, 0x80, 0xC3, 0x01, 0x86, 0x03, 0x0F, 0xFE,
    0x0F, 0xF8, 0x00, 0x01, 0xFF, 0xFC, 0x0E, 0x00, 0x0C, 0x00, 0x18, 0x00, 0x30, 0x00, 0x60, 0x00,
    0xC0, 0x30, 0x18, 0x60, 0x30, 0xFF, 0xE1, 0x80, 0xC3, 0x01, 0x87, 0xFF, 0x00, 0x00, 0x00, 0x00,
    0xFF, 0xFE, 0x03, 0x00, 0x0E, 0x01, 0xFF, 0xC0, 0x01, 0x80, 0x03, 0x00, 0x06, 0x00, 0x0C, 0x30,
    0x18, 0x60, 0x30, 0xFF, 0xE1, 0x80, 0xC3, 0x01, 0x87, 0xFF, 0x00, 0x00, 0x00, 0x00, 0xFF, 0xFE,
    0x03, 0x00, 0x46, 0x01, 0x8C, 0x03, 0x10, 0x06, 0x00, 0x0F, 0xFE, 0x0F, 0xFC, 0x30, 0x18, 0x60,
    0x30, 0xFF, 0xE1, 0x80, 0xC3, 0x01, 0x87, 0xFF, 0x00, 0x00, 0x7F, 0xFF, 0x7F, 0xFC, 0x03, 0x00,
    0x0E, 0x01, 0xFF, 0xC3, 0x00, 0x06, 0x00, 0x0F, 0xFE, 0x0F, 0xFC, 0x30, 0x18, 0x60, 0x30, 0xFF,
    0xE1, 0x80, 0xC3, 0x01, 0x87, 0xFF, 0x00, 0x00, 0x00, 0x00, 0xFF, 0xFE, 0x03, 0x00, 0xFF, 0xE0,
    0x00, 0xC0, 0x01, 0x87, 0xFF, 0x0C, 0x00, 0x1F, 0xFE, 0x00, 0x00, 0x30, 0x18, 0x60, 0x30, 0xFF,
    0xE1, 0x80, 0xC3, 0x01, 0x87, 0xFF, 0x00, 0x00, 0x00, 0x00, 0xFF, 0xFE, 0x03, 0x00, 0xFF, 0xE0,
    0x18, 0xC0, 0x31, 0x87, 0xE3, 0x0C, 0x06, 0x19, 0xCC, 0x3F, 0x98, 0x00, 0x00, 0x30, 0x18, 0x60,
    0x30, 0xFF, 0xE1, 0x80, 0xC3, 0x01, 0x87, 0xFF, 0x00, 0x00, 0x00, 0x00, 0xFF, 0xFE, 0x03, 0x00,
    0xFB, 0xE0, 0x36, 0xC0, 0x6D, 0x87, 0xDB, 0x0C, 0x36, 0x19, 0xEC, 0x3F, 0xF8, 0x00, 0x00, 0x60,
    0x30, 0xC0, 0x61, 0xFF, 0xC3, 0x01, 0x86, 0x03, 0x0F, 0xFE, 0x00, 0x00, 0xFF, 0xFE, 0x07, 0x00,
    0x06, 0x01, 0xFF, 0xC3, 0x01, 0x86, 0x03, 0x0C, 0x06, 0x1F, 0xFC, 0x1F, 0xF0, 0x00, 0x00, 0x60,
    0x30, 0xC0, 0x61, 0xFF, 0xC3, 0x01, 0x87, 0xFF, 0x00, 0x00, 0x00, 0x00, 0xFF, 0xFE, 0x07, 0x00,
    0xC6, 0x61, 0x80, 0xC3, 0xFF, 0x86, 0x03, 0x0C, 0x06, 0x1F, 0xFC, 0x00, 0x00, 0x00, 0x00, 0x60,
    0x30, 0xC0, 0x61, 0xFF, 0xC3, 0x01, 0x87, 0xFF, 0x00, 0x00, 0x00, 0x00, 0xFF, 0xFE, 0xFF, 0xF8,
    0x06, 0x00, 0x08, 0x00, 0x38, 0x00, 0x70, 0x03, 0xF8, 0x1E, 0x3E, 0x30, 0x18, 0x00, 0x00, 0x60,
    0x30, 0xC0, 0x61, 0xFF, 0xC3, 0x01, 0x86, 0x03, 0x0F, 0xFE, 0x00, 0x00, 0xFF, 0xFE, 0x07, 0x00,
    0x06, 0x00, 0x7F, 0x81, 0xEF, 0x86, 0x03, 0x0C, 0x06, 0x0F, 0x3C, 0x0F, 0xF0, 0x30, 0x18, 0x60,
    0x30, 0xFF, 0xE1, 0x80, 0xC3, 0x01, 0x87, 0xFF, 0x00, 0x00, 0x00, 0x00, 0xFF, 0xFE, 0x03, 0x00,
    0x06, 0x01, 0xFF, 0xC3, 0x00, 0x07, 0xFF, 0x0C, 0x00, 0x1F, 0xFC, 0x00, 0x00, 0x00, 0x00, 0x60,
    0x30, 0xC0, 0x61, 0xFF, 0xC3, 0x01, 0x86, 0x03, 0x0F, 0xFE, 0x00, 0x00, 0xFF, 0xFE, 0xFF, 0xF8,
    0x06, 0x01, 0xFF, 0xC1, 0xFF, 0x81, 0x8C, 0x03, 0x18, 0x1F, 0xFC, 0x1F, 0xF8, 0x00, 0x08, 0xC3,
    0x73, 0x0D, 0xCF, 0xF7, 0x30, 0xDC, 0xC3, 0x73, 0xFD, 0xC0, 0x07, 0x00, 0x1D, 0xFF, 0xF7, 0xFD,
    0xC1, 0x87, 0x06, 0xFC, 0x18, 0x70, 0x61, 0xC1, 0x87, 0x04, 0x1C, 0x30, 0x98, 0xC7, 0x73, 0xFD,
    0xCC, 0x77, 0x31, 0xDC, 0xFF, 0x70, 0x1F, 0xFF, 0xFF, 0x4E, 0x1C, 0x1B, 0xF0, 0x00, 0x87, 0xFF,
    0x00, 0x1C, 0x7F, 0xF1, 0x80, 0x06, 0x00, 0x1F, 0xFC, 0x30, 0x98, 0x63, 0xB8, 0xFF, 0x71, 0x8E,
    0xE3, 0x1D, 0xC7, 0xFB, 0x80, 0x3F, 0x7F, 0xFE, 0x6E, 0x1C, 0x0D, 0xF8, 0x18, 0x70, 0x61, 0x80,
    0xC3, 0x01, 0xCE, 0x07, 0xFE, 0x39, 0xE7, 0x21, 0x84, 0x00, 0x6D, 0x8D, 0xB6, 0x36, 0xDF, 0xDB,
    0x63, 0x6D, 0x8D, 0xB7, 0xF6, 0xC0, 0x1B, 0x07, 0xEF, 0xFF, 0xB1, 0xC6, 0xC3, 0xFB, 0x0C, 0x6C,
    0x31, 0xB0, 0xC6, 0xC2, 0x1B, 0x00, 0x0C, 0x00, 0x08, 0xC3, 0x73, 0x0D, 0xCF, 0xF7, 0x30, 0xDC,
    0xC3, 0x73, 0x0D, 0xCF, 0xF7, 0x00, 0xFF, 0xFF, 0xF7, 0xE1, 0xC1, 0x87, 0x06, 0x1C, 0x18, 0x70,
    0x61, 0xC1, 0x87, 0x04, 0x1C, 0x00, 0x18, 0xC3, 0x63, 0x0D, 0x8F, 0xF6, 0x30, 0xD8, 0xC3, 0x63,
    0xFD, 0x80, 0x7E, 0x7F, 0xF9, 0x18, 0x60, 0x61, 0x81, 0x80, 0x1F, 0xF8, 0x00, 0x60, 0x01, 0x80,
    0x06, 0x00, 0x18, 0x00, 0x18, 0xC3, 0x63, 0x0D, 0x8F, 0xF6, 0x30, 0xD8, 0xC3, 0x63, 0xFD, 0x80,
    0x06, 0x03, 0xF9, 0xFF, 0xE0, 0x61, 0x81, 0x86, 0x1E, 0x18, 0x60, 0x01, 0x80, 0x07, 0xFF, 0x1F,
    0xF8, 0x00, 0x08, 0xC3, 0x63, 0x0D, 0x8F, 0xF6, 0x30, 0xD8, 0xFF, 0x60, 0x1F, 0x9F, 0xFE, 0x06,
    0x18, 0x18, 0x21, 0xFF, 0x80, 0x06, 0x00, 0x18, 0x7F, 0xE1, 0x80, 0x07, 0xFF, 0x00, 0x00, 0x00,
    0x18, 0xC3, 0x63, 0x0D, 0x8F, 0xF6, 0x30, 0xD8, 0xC3, 0x63, 0xFD, 0x80, 0x3E, 0x7F, 0xF9, 0x18,
    0x60, 0x61, 0x83, 0xFC, 0x1F, 0x78, 0x60, 0x61, 0x81, 0x87, 0x9E, 0x0F, 0xF0, 0x30, 0x18, 0x60,
    0x30, 0xFF, 0xE1, 0x80, 0xC3, 0x01, 0x86, 0x03, 0x0F, 0xFE, 0x00, 0x00, 0x00, 0x01, 0xFF, 0xFD,
    0xFF, 0xF0, 0x63, 0x00, 0xC6, 0x01, 0x8C, 0x03, 0x18, 0x06, 0x30, 0x30, 0x18, 0x60, 0x30, 0xFF,
    0xE1, 0x80, 0xC3, 0x01, 0x87, 0xFF, 0x00, 0x00, 0x00, 0x00, 0xFF, 0xFE, 0x0C, 0xC0, 0x19, 0x81,
    0xB3, 0x03, 0x00, 0x06, 0x00, 0x0F, 0xFE, 0x0F, 0xFC, 0x30, 0x18, 0x60, 0x30, 0xFF, 0xE1, 0x80,
    0xC3, 0x01, 0x87, 0xFF, 0x00, 0x00, 0x00, 0x00, 0xFF, 0xFE, 0x18, 0xC0, 0xFF, 0xE0, 0x00, 0xC0,
    0x01, 0x87, 0xFF, 0x0C, 0x00, 0x1F, 0xFE, 0x00, 0x00, 0x00, 0x00, 0x60, 0x30, 0xC0, 0x61, 0xFF,
    0xC3, 0x01, 0x86, 0x03, 0x0F, 0xFE, 0x00, 0x00, 0xFF, 0xFE, 0xFF, 0xF8, 0x31, 0x81, 0xFF, 0xC3,
    0x01, 0x86, 0x03, 0x0C, 0x06, 0x1F, 0xFC, 0x1F, 0xF0, 0x00, 0x00, 0x60, 0x30, 0xC0, 0x61, 0xFF,
    0xC3, 0x01, 0x86, 0x03, 0x0F, 0xFE, 0x00, 0x00, 0xFF, 0xFE, 0xFF, 0xF8, 0x70, 0xC0, 0xED, 0x80,
    0x38, 0x00, 0xF8, 0x03, 0xB8, 0x1E, 0x3E, 0x30, 0x18, 0x00, 0x00, 0x60, 0x30, 0xC0, 0x61, 0xFF,
    0xC3, 0x01, 0x86, 0x03, 0x0F, 0xFE, 0x00, 0x00, 0xFF, 0xFE, 0x18, 0xE0, 0x31, 0x80, 0x7F, 0x81,
    0xEF, 0x86, 0x03, 0x0C, 0x06, 0x0F, 0x7C, 0x0F, 0xF0, 0x30, 0x18, 0x60, 0x30, 0xC0, 0x61, 0x80,
    0xC3, 0xFF, 0x86, 0x03, 0x0C, 0x06, 0x18, 0x0C, 0x3F, 0xF8, 0x00, 0x00, 0x00, 0x00, 0x00, 0x0F,
    0xFF, 0xEF, 0xFF, 0x80, 0x30, 0x18, 0x60, 0x30, 0xFF, 0xE1, 0x80, 0xC3, 0x01, 0x87, 0xFF, 0x00,
    0x00, 0x00, 0x00, 0xFF, 0xFE, 0x00, 0x00, 0x00, 0x01, 0xFF, 0xC0, 0x01, 0x80, 0x03, 0x00, 0x06,
    0x00, 0x0C, 0x30, 0x18, 0x60, 0x30, 0xFF, 0xE1, 0x80, 0xC3, 0x01, 0x86, 0x03, 0x0F, 0xFE, 0x00,
    0x00, 0xFF, 0xFE, 0x00, 0x00, 0xC0, 0x01, 0x80, 0x03, 0x00, 0x06, 0x00, 0x0F, 0xFE, 0x0F, 0xFC,
    0x30, 0x18, 0x60, 0x30, 0xFF, 0xE1, 0x80, 0xC3, 0x01, 0x87, 0xFF, 0x00, 0x00, 0x00, 0x00, 0xFF,
    0xFE, 0x00, 0x00, 0xFF, 0xE0, 0x00, 0xC0, 0x01, 0x87, 0xFF, 0x0C, 0x00, 0x1F, 0xFE, 0x00, 0x00,
    0x00, 0x00, 0x60, 0x30, 0xC0, 0x61, 0xFF, 0xC3, 0x01, 0x86, 0x03, 0x0F, 0xFE, 0x00, 0x00, 0x00,
    0x01, 0xFF, 0xFC, 0x00, 0x01, 0xFF, 0xC3, 0x01, 0x86, 0x03, 0x0C, 0x06, 0x1F, 0xFC, 0x1F, 0xF0,
    0x00, 0x00, 0x60, 0x30, 0xC0, 0x61, 0xFF, 0xC3, 0x01, 0x86, 0x03, 0x0F, 0xFE, 0x00, 0x00, 0xFF,
    0xFE, 0xFF, 0xF8, 0xC0, 0x61, 0x80, 0xC3, 0xFF, 0x86, 0x03, 0x0C, 0x06, 0x1F, 0xFC, 0x00, 0x00,
    0x30, 0x18, 0x60, 0x30, 0xFF, 0xE1, 0x80, 0xC3, 0x01, 0x87, 0xFF, 0x00, 0x00, 0x00, 0x00, 0xFF,
    0xFE, 0x00, 0x00, 0x06, 0x00, 0x1C, 0x00, 0x3C, 0x01, 0xDC, 0x0F, 0x1F, 0x18, 0x0C, 0x00, 0x12,
    0x09, 0xF0, 0xCF, 0x86, 0x7C, 0x33, 0xE1, 0x9F, 0xFC, 0xFC, 0x67, 0xC3, 0x3E, 0x19, 0xF0, 0xCF,
    0xFE, 0x7F, 0xF3, 0x80, 0x1C, 0x00, 0xE0, 0x07, 0x00, 0x38, 0x00, 0x16, 0x19, 0xF0, 0xCF, 0x86,
    0x7F, 0xF3, 0xE1, 0x9F, 0x0C, 0xF8, 0x67, 0xFF, 0x38, 0x01, 0xC0, 0x04, 0x7F, 0xF0, 0x03, 0x80,
    0x1C, 0x00, 0xE0, 0x07, 0x00, 0x38, 0x00, 0x16, 0x19, 0xF0, 0xCF, 0x86, 0x7F, 0xF3, 0xE1, 0x9F,
    0x0C, 0xF8, 0x67, 0xC3, 0x3F, 0xF9, 0xC0, 0x0E, 0x60, 0x73, 0x01, 0x18, 0x00, 0xC0, 0x07, 0xFF,
    0x1F, 0xF0, 0x00, 0x16, 0x19, 0xF0, 0xCF, 0x86, 0x7F, 0xF3, 0xE1, 0x9F, 0x0C, 0xFF, 0xE7, 0x00,
    0x38, 0x00, 0x0F, 0xFE, 0x00, 0x70, 0x03, 0x9F, 0xFC, 0xC0, 0x07, 0xFF, 0x00, 0x00, 0x00, 0x16,
    0x19, 0xF0, 0xCF, 0x86, 0x7F, 0xF3, 0xE1, 0x9F, 0x0C, 0xFF, 0xE7, 0x00, 0x38, 0x00, 0x1F, 0xFE,
    0x0F, 0x30, 0x79, 0xBF, 0xCD, 0x86, 0x6F, 0xF3, 0x01, 0xF8, 0x00, 0x16, 0x19, 0xF0, 0xCF, 0x86,
    0x7F, 0xF3, 0xE1, 0x9F, 0x0C, 0xF8, 0x67, 0xFF, 0x38, 0x01, 0xC0, 0x04, 0x7F, 0xF3, 0x03, 0x98,
    0x1C, 0xC0, 0xE7, 0xFF, 0x1F, 0xF0, 0x00, 0x16, 0x19, 0xF0, 0xCF, 0x86, 0x7F, 0xF3, 0xE1, 0x9F,
    0x0C, 0xF8, 0x67, 0xFF, 0x38, 0x01, 0x8C, 0x0E, 0x60, 0x73, 0xFF, 0x98, 0x1C, 0xC0, 0xE7, 0xFF,
    0x1F, 0xF0, 0x00, 0x13, 0x0C, 0xEC, 0x33, 0xB0, 0xCE, 0xFF, 0x3B, 0x0C, 0xEC, 0x33, 0xB0, 0xCE,
    0xFF, 0x38, 0x00, 0xE0, 0x33, 0x80, 0xE4, 0x03, 0x80, 0x1F, 0x01, 0xEE, 0x1F, 0x1E, 0x30, 0x18,
    0x00, 0x16, 0x19, 0xF0, 0xCF, 0x86, 0x7F, 0xF3, 0xE1, 0x9F, 0x0C, 0xF8, 0x67, 0xFF, 0x38, 0x01,
    0xC0, 0x04, 0x3F, 0xC3, 0xC7, 0x18, 0x18, 0xC0, 0xC7, 0xDE, 0x1F, 0xE0, 0x00, 0x16, 0x19, 0xF0,
    0xCF, 0x86, 0x7F, 0xF3, 0xE1, 0x9F, 0x0C, 0xF8, 0x67, 0xFF, 0x38, 0x01, 0xC0, 0x04, 0x7F, 0xF0,
    0x38, 0x03, 0xC0, 0x3B, 0x87, 0x8F, 0x30, 0x18, 0x00, 0x13, 0x0C, 0xEC, 0x33, 0xB0, 0xCE, 0xFF,
    0x3B, 0x0C, 0xEC, 0x33, 0xBF, 0xCE, 0x00, 0x38, 0x0C, 0xC0, 0x30, 0x0F, 0xFE, 0x03, 0x80, 0x1E,
    0x00, 0xEE, 0x0F, 0x1E, 0x30, 0x38, 0x00, 0x30, 0x00, 0xCD, 0xEF, 0x37, 0xBC, 0xDE, 0xF3, 0x7B,
    0xCF, 0xFF, 0xF7, 0xBF, 0xDE, 0xF3, 0x7B, 0xCD, 0xEF, 0x3F, 0xFC, 0xFF, 0xF0, 0x00, 0xC0, 0x03,
    0x00, 0x0C, 0x00, 0x30, 0x00, 0x33, 0x7B, 0xCD, 0xEF, 0x37, 0xBC, 0xFF, 0xFB, 0x7B, 0xFD, 0xEF,
    0x37, 0xBC, 0xFF, 0xF0, 0x00, 0xC0, 0x00, 0x1F, 0xFC, 0x00, 0x30, 0x00, 0xC0, 0x03, 0x00, 0x0C,
    0x00, 0x30, 0x00, 0x32, 0x52, 0xCD, 0xEF, 0x37, 0xBC, 0xDE, 0xF3, 0xFF, 0xFD, 0xEF, 0xB7, 0xBC,
    0xDE, 0xF3, 0xFF, 0xC0, 0x03, 0x0C, 0x0C, 0x30, 0x30, 0xC0, 0x03, 0x00, 0x0F, 0xFE, 0x3F, 0xF0,
    0x00, 0x33, 0x7B, 0xCD, 0xEF, 0x37, 0xBC, 0xFF, 0xFF, 0x7B, 0xED, 0xEF, 0x3F, 0xFC, 0x00, 0x30,
    0x00, 0xC3, 0xFF, 0x00, 0x0C, 0x00, 0x30, 0xFF, 0xC3, 0x00, 0x0F, 0xFE, 0x00, 0x00, 0x00, 0x33,
    0x7A, 0xCD, 0xEF, 0x37, 0xBC, 0xFF, 0xFF, 0x7B, 0xED, 0xEF, 0x3F, 0xFC, 0x00, 0x30, 0x00, 0x47,
    0xFF, 0x03, 0xEC, 0x07, 0xB1, 0xFE, 0xC6, 0x1B, 0x1F, 0xFC, 0x00, 0x00, 0x00, 0x33, 0x7A, 0xCD,
    0xEF, 0x37, 0xBC, 0xFF, 0xFB, 0x7B, 0xFD, 0xEF, 0x37, 0xBC, 0xFF, 0xF0, 0x00, 0xC0, 0x03, 0x0F,
    0xFC, 0x30, 0x30, 0xC0, 0xC3, 0x03, 0x0F, 0xFC, 0x3F, 0xF0, 0x00, 0x33, 0x7A, 0xCD, 0xEF, 0x37,
    0xBC, 0xFF, 0xFF, 0x7B, 0xED, 0xEF, 0x3F, 0xFC, 0xFF, 0xF0, 0x00, 0x03, 0x03, 0x0C, 0x0C, 0x3F,
    0xF0, 0xC0, 0xC3, 0x03, 0x0F, 0xFC, 0x00, 0x00, 0x00, 0x33, 0x7A, 0xCD, 0xEF, 0x37, 0xBC, 0xFF,
    0xF3, 0x7B, 0xFD, 0xEF, 0xB7, 0xBC, 0xFF, 0xF1, 0xCE, 0xC0, 0x33, 0x00, 0xCC, 0x03, 0x80, 0x1F,
    0x01, 0xEE, 0x1E, 0x1E, 0x70, 0x18, 0x00, 0x33, 0x5A, 0xCD, 0xEF, 0x37, 0xBC, 0xFF, 0xFB, 0x7B,
    0xFD, 0xEF, 0x37, 0xBC, 0xFF, 0xF0, 0x00, 0xC1, 0x87, 0x06, 0x18, 0x18, 0xE0, 0xF3, 0xC7, 0xFF,
    0xB9, 0xE7, 0x43, 0x08, 0x00, 0x33, 0x5A, 0xCD, 0xEF, 0x37, 0xBC, 0xFF, 0xFB, 0x7B, 0xFD, 0xEF,
    0x37, 0xBC, 0xFF, 0xF0, 0x00, 0xC0, 0x03, 0x07, 0xF8, 0x3C, 0xF0, 0xC0, 0xC3, 0x03, 0x0F, 0x3C,
    0x1F, 0xE0, 0x00, 0x33, 0x7B, 0xCD, 0xEF, 0x3F, 0xFC, 0xDE, 0xFF, 0x7B, 0xED, 0xEF, 0x3F, 0xFC,
    0x03, 0x30, 0x0C, 0x07, 0xFF, 0x80, 0x00, 0x1F, 0xE0, 0x73, 0x83, 0x87, 0x07, 0x38, 0x1F, 0xE0,
    0x00, 0x58, 0x03, 0xFF, 0x5F, 0xFA, 0xFF, 0xD7, 0xFE, 0xBF, 0xFD, 0xFF, 0xAF, 0xFD, 0x7F, 0xEB,
    0xFF, 0x5F, 0xFA, 0xFF, 0xF7, 0x80, 0x3C, 0x01, 0xE0, 0x0F, 0x00, 0x18, 0x00, 0x5D, 0xEB, 0xFF,
    0x5F, 0xFA, 0xFF, 0xF7, 0xFF, 0xBF, 0xF5, 0xFF, 0xAF, 0xFF, 0x78, 0x03, 0xC0, 0x12, 0x7F, 0xF1,
    0xFF, 0x80, 0x0C, 0x00, 0x60, 0x03, 0x00, 0x18, 0x00, 0x58, 0x01, 0xEF, 0xD7, 0xBF, 0x5E, 0xFF,
    0x7B, 0xFD, 0xEF, 0xD7, 0xBF, 0x5E, 0xFF, 0x7B, 0xFD, 0xE0, 0x07, 0x8C, 0x1E, 0x30, 0x48, 0xC0,
    0x03, 0x00, 0x0F, 0xFF, 0x1F, 0xF8, 0x00, 0x5A, 0xF5, 0xEF, 0xD7, 0xBF, 0x5E, 0xFF, 0x7B, 0xF5,
    0xEF, 0xD7, 0xBF, 0xDE, 0x00, 0x78, 0x00, 0x63, 0xFF, 0x80, 0x06, 0x00, 0x18, 0xFF, 0xE3, 0x00,
    0x0F, 0xFF, 0x00, 0x00, 0x00, 0x5D, 0xEB, 0xFF, 0x5F, 0xFA, 0xFF, 0xF7, 0xFF, 0xBF, 0xF5, 0xFF,
    0xEF, 0xFF, 0x78, 0x03, 0xC0, 0x02, 0x7F, 0xF3, 0x01, 0x98, 0x0C, 0xC0, 0x67, 0xFF, 0x1F, 0xF8,
    0x00, 0x5D, 0xEB, 0xFF, 0x5F, 0xFE, 0xFF, 0xF7, 0xFE, 0xBF, 0xF5, 0xFF, 0xEF, 0xFF, 0x78, 0x00,
    0x0C, 0x06, 0x60, 0x33, 0xFF, 0x98, 0x0C, 0xC0, 0x67, 0xFF, 0x1F, 0xF8, 0x00, 0x5A, 0xF5, 0xEF,
    0xD7, 0xBF, 0x5E, 0xFF, 0x7B, 0xFD, 0xEF, 0xD7, 0xBF, 0x5E, 0xFF, 0x78, 0x01, 0xE0, 0x01, 0x80,
    0xE6, 0x03, 0x80, 0x1F, 0x00, 0xEF, 0x1F, 0x1F, 0x30, 0x1C, 0x00, 0x5A, 0xF5, 0xEF, 0xD7, 0xBF,
    0x5E, 0xFF, 0x7B, 0xFD, 0xEF, 0xD7, 0xBF, 0x5E, 0xFF, 0x78, 0x01, 0xE0, 0x86, 0x03, 0x18, 0x1C,
    0x60, 0x71, 0xC3, 0x6F, 0x9D, 0xE7, 0x43, 0x0C, 0x00, 0x5A, 0xF5, 0xEF, 0xD7, 0xBF, 0x5E, 0xFF,
    0x7B, 0xFD, 0xEF, 0xD7, 0xBF, 0x5E, 0xFF, 0x78, 0x01, 0xE0, 0x05, 0x87, 0xFC, 0x3C, 0x78, 0xC0,
    0x63, 0x01, 0x8F, 0xBE, 0x0F, 0xF0, 0x00, 0x30, 0x00, 0xCD, 0xEF, 0x37, 0xBC, 0xDE, 0xFF, 0x7B,
    0xFF, 0xFF, 0x37, 0xBC, 0xDE, 0xF3, 0x7B, 0xFD, 0xEF, 0xFF, 0xFC, 0xFF, 0xF0, 0x00, 0xC0, 0x03,
    0x00, 0x0C, 0x00, 0x30, 0x00, 0x33, 0x7B, 0xCD, 0xEF, 0xB7, 0xBF, 0xFF, 0xF3, 0x7B, 0xCD, 0xEF,
    0xB7, 0xBF, 0xFF, 0xF0, 0x00, 0xC0, 0x00, 0x1F, 0xFC, 0x00, 0x30, 0x00, 0xC0, 0x03, 0x00, 0x0C,
    0x00, 0x30, 0x00, 0x33, 0x7A, 0xCD, 0xEF, 0xB7, 0xBF, 0xFF, 0xF3, 0x7B, 0xCD, 0xEF, 0xF7, 0xBF,
    0xFF, 0xF0, 0x00, 0xC0, 0x00, 0x0F, 0xFC, 0x30, 0x30, 0xC0, 0xC3, 0x03, 0x0F, 0xFC, 0x3F, 0xF0,
    0x00, 0x18, 0x00, 0xF7, 0xB7, 0xBD, 0xBD, 0xED, 0xEF, 0x6F, 0xFF, 0xFB, 0xDF, 0xDE, 0xDE, 0xF6,
    0xF7, 0xB7, 0xBD, 0xBF, 0xFD, 0x80, 0x0C, 0x00, 0x60, 0x03, 0x00, 0x18, 0x00, 0x1E, 0xF6, 0xF7,
    0xB7, 0xBD, 0xBF, 0xFF, 0xEF, 0x7F, 0x7B, 0x7B, 0xDB, 0xFF, 0xDB, 0x9C, 0xC0, 0x04, 0x7F, 0xF3,
    0xFF, 0x80, 0x0C, 0x00, 0x60, 0x03, 0x00, 0x18, 0x00, 0x18, 0x04, 0xF7, 0xB7, 0xBD, 0xBD, 0xED,
    0xFF, 0xFF, 0x7B, 0xFB, 0xDB, 0xDE, 0xDF, 0xFE, 0xC0, 0x06, 0x60, 0x33, 0x01, 0x98, 0x00, 0xC0,
    0x07, 0xFF, 0x1F, 0xF8, 0x00, 0x1E, 0xF4, 0xF7, 0xB7, 0xBD, 0xBF, 0xFF, 0xEF, 0x7F, 0x7B, 0x7B,
    0xDB, 0xFF, 0xD8, 0x00, 0xC0, 0x04, 0x7F, 0xF3, 0x00, 0x18, 0x00, 0xC0, 0x07, 0xFF, 0x1F, 0xF8,
    0x00, 0x1E, 0xF6, 0xF7, 0xB7, 0xBD, 0xBF, 0xFF, 0xEF, 0x6F, 0x7B, 0x7F, 0xFB, 0x00, 0x18, 0x00,
    0x0F, 0xFE, 0x00, 0x30, 0x01, 0x9F, 0xFC, 0xC0, 0x07, 0xFF, 0x00, 0x00, 0x00, 0x1E, 0xF4, 0xF7,
    0xB7, 0xBD, 0xBF, 0xFD, 0xEF, 0x7F, 0x7B, 0x7B, 0xDB, 0xFF, 0xD8, 0x00, 0xC0, 0x00, 0x7F, 0xF3,
    0x01, 0x98, 0x0C, 0xC0, 0x67, 0xFF, 0x1F, 0xF0, 0x00, 0x1B, 0x7A, 0x6D, 0xED, 0xB7, 0xB6, 0xFF,
    0xFB, 0x7B, 0xED, 0xED, 0xB7, 0xB6, 0xFF, 0xD8, 0x00, 0x60, 0x11, 0x80, 0xE6, 0x03, 0x80, 0x1F,
    0x01, 0xEE, 0x1F, 0x1E, 0x30, 0x18, 0x00, 0x1B, 0x7A, 0x6D, 0xED, 0xB7, 0xB6, 0xFF, 0xFB, 0x7B,
    0xED, 0xED, 0xB7, 0xB6, 0xFF, 0xD8, 0x00, 0x61, 0x86, 0x06, 0x18, 0x1C, 0x60, 0x73, 0xC3, 0xFF,
    0xBD, 0xE7, 0x43, 0x08, 0x00, 0x1E, 0xF4, 0xF7, 0xB7, 0xBD, 0xBF, 0xFF, 0xEF, 0x7F, 0x7B, 0x7B,
    0xDB, 0xFF, 0xD8, 0x00, 0xC0, 0x06, 0x3F, 0xC3, 0xC7, 0x18, 0x0C, 0xC0, 0x67, 0xDE, 0x1F, 0xE0,
    0x00, 0x18, 0x03, 0xFF, 0x5F, 0xFA, 0xFF, 0xD7, 0xFE, 0xBF, 0xFF, 0xFF, 0xBF, 0xFD, 0x7F, 0xEB,
    0xFF, 0x5F, 0xFA, 0xFF, 0xF7, 0x80, 0x3C, 0x01, 0xE0, 0x0F, 0x00, 0x18, 0x00, 0x5A, 0xF5, 0xEF,
    0xD7, 0xBF, 0x5E, 0xFF, 0xFB, 0xFF, 0xEF, 0xD7, 0xBF, 0x5E, 0xFF, 0x78, 0x01, 0xE0, 0x01, 0x87,
    0xFC, 0x3C, 0x78, 0xC0, 0x63, 0x01, 0x8F, 0xBE, 0x0F, 0xF0, 0x00, 0x18, 0x04, 0xF7, 0xB7, 0xBD,
    0xBD, 0xEF, 0xEF, 0x7F, 0xFF, 0x7B, 0xDB, 0xDE, 0xFE, 0xF7, 0xF7, 0xB7, 0xBD, 0xBF, 0xFD, 0x80,
    0x0C, 0x00, 0x60, 0x03, 0x00, 0x18, 0x00, 0x1E, 0xF6, 0xF7, 0xB7, 0xBD, 0xFF, 0xFD, 0xEF, 0x6F,
    0x7B, 0xFB, 0xDB, 0xFF, 0xDB, 0x9C, 0xC0, 0x00, 0x7F, 0xF3, 0xFF, 0x80, 0x0C, 0x00, 0x60, 0x03,
    0x00, 0x18, 0x00, 0x1E, 0xF6, 0xF7, 0xB7, 0xBD, 0xFF, 0xFD, 0xEF, 0x6F, 0x7B, 0xFB, 0xDF, 0xFF,
    0xD8, 0x00, 0xC0, 0x00, 0x7F, 0xF3, 0x01, 0x98, 0x0C, 0xC0, 0x67, 0xFF, 0x1F, 0xF0, 0x00, 0x1E,
    0xF6, 0xF7, 0xB7, 0xBD, 0xFF, 0xFF, 0xEF, 0x6F, 0x7B, 0xFB, 0xDF, 0xFF, 0xD8, 0x00, 0xCC, 0x06,
    0x60, 0x33, 0xFF, 0x98, 0x0C, 0xC0, 0x67, 0xFF, 0x1F, 0xF0, 0x00, 0x1B, 0x7B, 0x6D, 0xED, 0xB7,
    0xBE, 0xFF, 0xDB, 0x7B, 0x6D, 0xEF, 0xB7, 0xBE, 0xFF, 0xD8, 0x00, 0x60, 0x11, 0x80, 0xE6, 0x03,
    0x80, 0x1F, 0x01, 0xEE, 0x1F, 0x1E, 0x30, 0x18, 0x00, 0x1B, 0x7B, 0x6D, 0xED, 0xB7, 0xBE, 0xFF,
    0xFB, 0x7B, 0x6D, 0xEF, 0xB7, 0xBE, 0xFF, 0xD8, 0x00, 0x61, 0x86, 0x06, 0x18, 0x1C, 0x60, 0x73,
    0xC3, 0xFF, 0xB9, 0xE7, 0x43, 0x08, 0x00, 0x1E, 0xF6, 0xF7, 0xB7, 0xBD, 0xFF, 0xFF, 0xEF, 0x6F,
    0x7B, 0x7B, 0xDF, 0xFF, 0xD8, 0x00, 0xC0, 0x06, 0x3F, 0xE3, 0xC7, 0x18, 0x0C, 0xC0, 0x67, 0xDE,
    0x1F, 0xE0, 0x00, 0x00, 0xED, 0x99, 0xDB, 0x33, 0xB6, 0x67, 0xEF, 0xCE, 0xD9, 0x9D, 0xB3, 0x3B,
    0x66, 0x7E, 0xFC, 0x03, 0x00, 0x06, 0x00, 0x0C, 0x07, 0xFF, 0xDF, 0xFF, 0xC0, 0x00, 0x00, 0x6D,
    0x98, 0xDB, 0x71, 0xF7, 0xE3, 0x6C, 0xC6, 0xDB, 0x8F, 0xFF, 0x00, 0xC0, 0x03, 0x81, 0xFF, 0xFC,
    0x00, 0x00, 0x00, 0x03, 0xFF, 0x80, 0x03, 0x00, 0x06, 0x00, 0x0C, 0x00, 0x18, 0x36, 0xCC, 0x6D,
    0xB8, 0xFB, 0xF1, 0xB6, 0x63, 0x6C, 0xC7, 0xDF, 0x8F, 0xFE, 0x00, 0xC0, 0x03, 0x81, 0xFF, 0xFC,
    0x00, 0x01, 0x80, 0x03, 0x00, 0x06, 0x00, 0x0F, 0xFE, 0x0F, 0xFC, 0x30, 0x08, 0x6D, 0xB8, 0xFB,
    0xF1, 0xB6, 0xE3, 0x6D, 0xC7, 0xDF, 0x80, 0xE0, 0x01, 0xC0, 0xFF, 0xFE, 0x00, 0x00, 0xFF, 0xE0,
    0x00, 0xC0, 0x01, 0x87, 0xFF, 0x0C, 0x00, 0x1F, 0xFE, 0x00, 0x00, 0x36, 0xCC, 0x6D, 0xB8, 0xFB,
    0xF1, 0xB6, 0x63, 0x6D, 0xC7, 0xFF, 0x80, 0x60, 0x01, 0xC0, 0xFF, 0xFE, 0x00, 0x00, 0xFF, 0xE1,
    0x80, 0xC3, 0x01, 0x86, 0x03, 0x0F, 0xFE, 0x0F, 0xF8, 0x00, 0x00, 0x6D, 0xB8, 0xDB, 0x71, 0xF7,
    0xE3, 0x6D, 0xC7, 0xDF, 0x8F, 0xFF, 0x00, 0xC0, 0xFF, 0xFE, 0x00, 0x00, 0xC0, 0x61, 0x80, 0xC3,
    0xFF, 0x86, 0x03, 0x0C, 0x06, 0x1F, 0xFC, 0x00, 0x00, 0x36, 0xCC, 0x6D, 0xB8, 0xFB, 0xF1, 0xB6,
    0x63, 0xEF, 0xC7, 0xFF, 0x80, 0x60, 0x01, 0xC0, 0xFF, 0xFE, 0x00, 0x00, 0x3F, 0xC0, 0xF7, 0xC3,
    0x01, 0x86, 0x03, 0x07, 0xBE, 0x07, 0xF8, 0x00, 0x0C, 0xA5, 0x36, 0xF6, 0xDB, 0xDB, 0x7F, 0xED,
    0xBD, 0xB6, 0xF6, 0xDB, 0xDB, 0x7F, 0xEC, 0x18, 0x30, 0x60, 0xC1, 0xFB, 0x7F, 0xFD, 0xC0, 0x30,
    0x00, 0xC0, 0x03, 0x00, 0x0C, 0x00, 0x00, 0xED, 0x99, 0xDB, 0x33, 0xB6, 0x67, 0xEF, 0xCE, 0xD9,
    0x9D, 0xB3, 0x3B, 0x66, 0x7E, 0xFC, 0x18, 0xC0, 0x31, 0x80, 0x63, 0x07, 0xFF, 0xDF, 0xFF, 0xC0,
    0x36, 0xCC, 0x6D, 0xB8, 0xFB, 0xF1, 0xB6, 0x63, 0x6D, 0xC7, 0xDF, 0x83, 0x18, 0x06, 0x30, 0xFF,
    0xFE, 0x00, 0x00, 0x3F, 0xC0, 0xF7, 0xC3, 0x01, 0x86, 0x03, 0x07, 0x1E, 0x07, 0xF8, 0x36, 0xCC,
    0x6D, 0x98, 0xFB, 0xF1, 0xB6, 0xE3, 0x6C, 0xC6, 0xD9, 0x8F, 0xBF, 0x1F, 0x3C, 0x00, 0x01, 0xFF,
    0xFD, 0xFF, 0xF0, 0x0C, 0x00, 0x18, 0x00, 0x30, 0x00, 0x60, 0x00, 0xC0, 0x36, 0xCC, 0x6D, 0xB8,
    0xFB, 0xF1, 0xB6, 0x63, 0x6D, 0xC7, 0xDF, 0x80, 0x00, 0x00, 0x00, 0xFF, 0xFE, 0x03, 0x00, 0x0E,
    0x01, 0xFF, 0xC0, 0x01, 0x80, 0x03, 0x00, 0x06, 0x00, 0x0C, 0x36, 0xCC, 0x6D, 0x98, 0xFB, 0xF1,
    0xB6, 0xE3, 0x6C, 0xC7, 0xDF, 0x8F, 0x9E, 0x00, 0x00, 0xFF, 0xFE, 0x03, 0x00, 0x46, 0x01, 0x8C,
    0x03, 0x10, 0x06, 0x00, 0x0F, 0xFE, 0x0F, 0xFC, 0x32, 0xC8, 0x6D, 0xB8, 0xFB, 0xF1, 0xB6, 0xE3,
    0x6D, 0xC7, 0xDF, 0x80, 0x00, 0x00, 0x00, 0xFF, 0xFE, 0x03, 0x00, 0xFF, 0xE0, 0x00, 0xC0, 0x01,
    0x87, 0xFF, 0x0C, 0x00, 0x1F, 0xFE, 0x00, 0x00, 0x36, 0xCC, 0x6D, 0xB8, 0xFB, 0xF1, 0xB6, 0x63,
    0x6D, 0xC7, 0xDF, 0x80, 0x00, 0x00, 0x00, 0xFF, 0xFE, 0x03, 0x00, 0xFF, 0xE1, 0x80, 0xC3, 0x01,
    0x86, 0x03, 0x0F, 0xFE, 0x0F, 0xF8, 0x36, 0xCC, 0x6D, 0xB8, 0xFB, 0xF1, 0xB6, 0x63, 0x6D, 0xC7,
    0xDF, 0x80, 0x00, 0x7F, 0xFF, 0x7F, 0xFC, 0x03, 0x00, 0x06, 0x00, 0x1C, 0x00, 0x38, 0x01, 0xFC,
    0x0F, 0x1F, 0x18, 0x0C, 0x36, 0xCC, 0x6D, 0xB8, 0xFB, 0xF1, 0xB6, 0x63, 0x6D, 0xC7, 0xDF, 0x80,
    0x00, 0x00, 0x00, 0xFF, 0xFE, 0x03, 0x00, 0x3F, 0xC0, 0xF3, 0xC3, 0x01, 0x86, 0x03, 0x07, 0x1E,
    0x07, 0xF8, 0x36, 0xCC, 0x6D, 0x98, 0xFB, 0xF1, 0xB6, 0xE3, 0x6C, 0xC6, 0xDB, 0x8F, 0xBF, 0x00,
    0x00, 0x00, 0x01, 0xFF, 0xFD, 0xFF, 0xF0, 0x63, 0x00, 0xC6, 0x01, 0x8C, 0x03, 0x18, 0x06, 0x30,
    0x36, 0xCC, 0x6D, 0xB8, 0xFB, 0xF1, 0xB6, 0x63, 0x6D, 0xC7, 0xDF, 0x80, 0x00, 0x00, 0x00, 0xFF,
    0xFE, 0x18, 0xC0, 0x3F, 0xC0, 0xF7, 0xC3, 0x01, 0x86, 0x03, 0x07, 0x9E, 0x07, 0xF8, 0x00, 0x00,
    0xED, 0x99, 0xDB, 0x33, 0xB6, 0x67, 0xEF, 0xCE, 0xD9, 0x9D, 0xB3, 0x3B, 0x66, 0x7E, 0xFC, 0x00,
    0x00, 0x00, 0x00, 0x00, 0x0F, 0xFF, 0xEF, 0xFF, 0x80, 0x36, 0xCC, 0x6D, 0x98, 0xFB, 0xF1, 0xB6,
    0xE3, 0x6C, 0xC6, 0xDB, 0x8F, 0xBF, 0x00, 0x00, 0xFF, 0xFE, 0xFF, 0xF8, 0x40, 0x01, 0x80, 0x03,
    0x00, 0x06, 0x00, 0x0F, 0xFE, 0x0F, 0xFC, 0x32, 0xC8, 0x6D, 0xB8, 0xFB, 0xF1, 0xB6, 0xE3, 0x6D,
    0xC7, 0xDF, 0x80, 0x00, 0x00, 0x00, 0xFF, 0xFE, 0x00, 0x00, 0xFF, 0xE0, 0x00, 0xC0, 0x01, 0x87,
    0xFF, 0x0C, 0x00, 0x1F, 0xFE, 0x00, 0x00, 0x36, 0xCC, 0x6D, 0xB8, 0xFB, 0xF1, 0xB6, 0x63, 0x6D,
    0xC7, 0xDF, 0x80, 0x00, 0x00, 0x00, 0xFF, 0xFE, 0x00, 0x00, 0xFF, 0xE1, 0x80, 0xC3, 0x01, 0x86,
    0x03, 0x0F, 0xFE, 0x0F, 0xF8, 0x36, 0xCC, 0x6D, 0xB8, 0xFB, 0xF1, 0xB6, 0x63, 0xEF, 0xC7, 0xDF,
    0x80, 0x00, 0x7F, 0xFF, 0x00, 0x00, 0x60, 0x30, 0xC0, 0x61, 0xFF, 0xC3, 0x01, 0x86, 0x03, 0x0F,
    0xFE, 0x00, 0x00, 0x00, 0x18, 0x00, 0xF7, 0xB7, 0xBD, 0xBD, 0xED, 0xEF, 0x6F, 0xFF, 0x7B, 0xDB,
    0xDE, 0xDE, 0xF6, 0xF7, 0xB7, 0xBD, 0xBF, 0xFD, 0x80, 0x0C, 0x00, 0x60, 0x03, 0x00, 0x18, 0x00,
    0x1E, 0xF6, 0xF7, 0xB7, 0xBD, 0xBF, 0xFD, 0xEF, 0x6F, 0x7B, 0x7B, 0xDB, 0xFF, 0xD8, 0x00, 0xC0,
    0x00, 0x7F, 0xF3, 0xFF, 0x80, 0x0C, 0x00, 0x60, 0x03, 0x00, 0x18, 0x00, 0x18, 0x90, 0xF7, 0xB7,
    0xBD, 0xBD, 0xED, 0xFF, 0xEF, 0x7B, 0x7B, 0xDB, 0xDE, 0xDF, 0xFE, 0xC0, 0x06, 0x60, 0x33, 0x01,
    0x98, 0x00, 0xC0, 0x07, 0xFF, 0x1F, 0xF0, 0x00, 0x1E, 0xF6, 0xF7, 0xB7, 0xBD, 0xBF, 0xFD, 0xEF,
    0x6F, 0x7B, 0x7F, 0xFB, 0x00, 0x18, 0x00, 0x0F, 0xFE, 0x00, 0x30, 0x01, 0x9F, 0xFC, 0xC0, 0x07,
    0xFF, 0x00, 0x00, 0x00, 0x1E, 0xF6, 0xF7, 0xB7, 0xBD, 0xBF, 0xFD, 0xEF, 0x6F, 0x7B, 0x7B, 0xDB,
    0xFF, 0xD8, 0x00, 0xC0, 0x00, 0x7F, 0xF3, 0x01, 0x98, 0x0C, 0xC0, 0x67, 0xFF, 0x1F, 0xF0, 0x00,
    0x1E, 0xF6, 0xF7, 0xB7, 0xBD, 0xBF, 0xFD, 0xEF, 0x6F, 0x7B, 0x7B, 0xDB, 0xFF, 0xD8, 0x00, 0xCC,
    0x06, 0x60, 0x33, 0xFF, 0x98, 0x0C, 0xC0, 0x67, 0xFF, 0x00, 0x00, 0x00, 0x1B, 0x7B, 0x6D, 0xED,
    0xB7, 0xB6, 0xFF, 0xDB, 0x7B, 0x6D, 0xED, 0xB7, 0xB6, 0xFF, 0xD8, 0x00, 0x60, 0x11, 0x80, 0xE6,
    0x03, 0x80, 0x1F, 0x01, 0xEE, 0x1F, 0x1E, 0x30, 0x18, 0x00, 0x1E, 0xF6, 0xF7, 0xB7, 0xBD, 0xBF,
    0xFD, 0xEF, 0x6F, 0x7B, 0x7B, 0xDB, 0xFF, 0xD8, 0x00, 0xC0, 0x06, 0x3F, 0xC3, 0xC7, 0x18, 0x0C,
    0xC0, 0x67, 0xDE, 0x1F, 0xE0, 0x00, 0x18, 0x00, 0x30, 0x30, 0x60, 0x60, 0xC0, 0xC1, 0x81, 0x83,
    0x03, 0x06, 0x07, 0x0F, 0x1E, 0x1E, 0x36, 0x30, 0xCE, 0x63, 0x8E, 0xC6, 0x0D, 0x80, 0x03, 0x00,
    0x06, 0x00, 0x0C, 0x00, 0x18, 0x00, 0x18, 0x18, 0x30, 0x30, 0x60, 0x60, 0xC0, 0xE1, 0xC3, 0xC3,
    0xC7, 0xC6, 0x1D, 0xCC, 0x71, 0xD8, 0x80, 0x30, 0x00, 0x41, 0xFF, 0xC1, 0xFF, 0x80, 0x03, 0x00,
    0x06, 0x00, 0x0C, 0x00, 0x18, 0x00, 0x18, 0x18, 0x30, 0x30, 0x60, 0x60, 0xC0, 0xC1, 0xC1, 0xC3,
    0xC7, 0xC6, 0x1D, 0xCC, 0x71, 0xD8, 0x80, 0x30, 0x00, 0xC1, 0xF1, 0x80, 0x67, 0x00, 0xCE, 0x01,
    0xBE, 0x03, 0xEE, 0x07, 0x8C, 0x00, 0x18, 0x18, 0x30, 0x30, 0x60, 0x60, 0xC0, 0xC1, 0x81, 0xC3,
    0x87, 0x87, 0x8D, 0x8C, 0x73, 0xD8, 0xC1, 0xB1, 0x00, 0x60, 0xC0, 0xC1, 0x81, 0x83, 0x00, 0x06,
    0x00, 0x0F, 0xFE, 0x0F, 0xF8, 0x00, 0x18, 0x18, 0x30, 0x30, 0x60, 0x60, 0xC0, 0xE1, 0xC1, 0xC3,
    0xC7, 0xC6, 0x1D, 0xCC, 0x71, 0xD8, 0x80, 0x30, 0x00, 0x00, 0xFF, 0xC1, 0x80, 0x03, 0x00, 0x06,
    0x00, 0x0F, 0xFC, 0x1F, 0xF8, 0x00, 0x18, 0x18, 0x30, 0x30, 0x60, 0x60, 0xC0, 0xE1, 0xE3, 0xE3,
    0x8E, 0xE6, 0x38, 0xEC, 0x60, 0x98, 0x00, 0x20, 0x7F, 0xE0, 0x00, 0xC0, 0x01, 0x83, 0xFF, 0x06,
    0x00, 0x0F, 0xFC, 0x00, 0x00, 0x00, 0x18, 0x18, 0x30, 0x30, 0x60, 0x60, 0xC0, 0xE1, 0xE3, 0xC3,
    0x8E, 0xE6, 0x38, 0xEC, 0x60, 0x98, 0x00, 0x00, 0xFF, 0xE0, 0x38, 0xC0, 0x31, 0x87, 0xE3, 0x0C,
    0x06, 0x19, 0x8C, 0x3F, 0x98, 0x00, 0x00, 0x00, 0x18, 0x18, 0x30, 0x30, 0x60, 0x60, 0xC0, 0xE1,
    0xE3, 0xE3, 0x8E, 0xE6, 0x38, 0xEC, 0x60, 0x98, 0x00, 0x00, 0xFF, 0xE0, 0x3C, 0xC0, 0x79, 0x87,
    0xF3, 0x0C, 0x66, 0x1B, 0xCC, 0x3F, 0xF8, 0x00, 0x18, 0x18, 0x30, 0x30, 0x60, 0x60, 0xC0, 0xC1,
    0xC1, 0xC3, 0xC7, 0xC6, 0x1D, 0xCC, 0x71, 0xD8, 0xC1, 0x30, 0x00, 0x60, 0xFF, 0xC1, 0x81, 0x83,
    0x03, 0x06, 0x06, 0x0F, 0xFC, 0x1F, 0xF0, 0x00, 0x18, 0x18, 0x30, 0x30, 0x60, 0x60, 0xC0, 0xE1,
    0xE3, 0xC3, 0x8E, 0xC6, 0x39, 0xEC, 0x60, 0x98, 0x00, 0x20, 0x60, 0x60, 0xC0, 0xC1, 0xFF, 0x83,
    0x03, 0x06, 0x06, 0x0F, 0xFC, 0x1F, 0xF0, 0x00, 0x18, 0x18, 0x30, 0x30, 0x60, 0x60, 0xC0, 0xE1,
    0x81, 0xC3, 0xC7, 0xC7, 0x1D, 0xCC, 0x71, 0xD8, 0xC0, 0x30, 0x06, 0x60, 0x0C, 0xC0, 0x38, 0x00,
    0x78, 0x03, 0xFC, 0x1E, 0x1E, 0x38, 0x1C, 0x00, 0x18, 0x18, 0x30, 0x30, 0x60, 0x60, 0xC0, 0xC1,
    0xC1, 0xC3, 0xC7, 0xC6, 0x1D, 0xCC, 0x71, 0xD8, 0xC0, 0x30, 0x30, 0x80, 0x61, 0x80, 0xC7, 0x03,
    0xCE, 0x0F, 0xBE, 0x39, 0xE7, 0x21, 0x84, 0x00, 0x18, 0x18, 0x30, 0x30, 0x60, 0x60, 0xC0, 0xC1,
    0xC1, 0xC3, 0xC7, 0xC6, 0x1D, 0xCC, 0x71, 0xD8, 0xC1, 0x30, 0x00, 0x60, 0x7F, 0x81, 0xC7, 0x83,
    0x03, 0x06, 0x06, 0x0F, 0x7C, 0x0F, 0xF0, 0x00, 0x18, 0x18, 0x30, 0x30, 0x60, 0x60, 0xC0, 0xE1,
    0xE3, 0xE3, 0x8E, 0xE6, 0x38, 0xEC, 0x60, 0x98, 0x00, 0x20, 0x7F, 0xE0, 0xC0, 0x01, 0x80, 0x03,
    0xFF, 0x06, 0x00, 0x0F, 0xFC, 0x00, 0x00, 0x00, 0x4C, 0x01, 0xB0, 0xC6, 0xC3, 0x1B, 0x0C, 0x6C,
    0x31, 0xB1, 0xC6, 0xC7, 0x1F, 0x1C, 0x7C, 0xF9, 0xB3, 0x76, 0xDC, 0xFB, 0x61, 0x6C, 0x01, 0xB0,
    0x06, 0xC0, 0x1B, 0x00, 0x0C, 0x00, 0x4C, 0x31, 0xB0, 0xC6, 0xC3, 0x1B, 0x1C, 0x7C, 0x71, 0xF1,
    0xE6, 0xCD, 0xDB, 0x73, 0xED, 0x01, 0xB0, 0x00, 0x07, 0xFF, 0x0F, 0xFC, 0x00, 0x30, 0x00, 0xC0,
    0x03, 0x00, 0x0C, 0x00, 0x4C, 0x31, 0xB0, 0xC6, 0xC3, 0x1B, 0x1C, 0x6C, 0x71, 0xF1, 0xE7, 0xCD,
    0xDB, 0x73, 0xED, 0x85, 0xB0, 0x06, 0xC6, 0x1B, 0x18, 0x0C, 0x60, 0x01, 0x80, 0x07, 0xFF, 0x0F,
    0xFC, 0x00, 0x4C, 0x18, 0xD8, 0x31, 0xB0, 0xE3, 0x61, 0xC7, 0xC3, 0xCF, 0x8D, 0xDB, 0x39, 0xF6,
    0x61, 0x6C, 0x00, 0x10, 0x7F, 0xF0, 0x00, 0x60, 0x00, 0xC3, 0xFF, 0x86, 0x00, 0x0F, 0xFE, 0x00,
    0x00, 0x00, 0x4C, 0x31, 0xB0, 0xC6, 0xC3, 0x1B, 0x0C, 0x6C, 0x71, 0xF1, 0xE6, 0xCD, 0xDB, 0x73,
    0xED, 0x01, 0xB0, 0x00, 0x87, 0xFF, 0x18, 0x0C, 0x60, 0x31, 0x80, 0xC7, 0xFF, 0x0F, 0xF8, 0x00,
    0x4C, 0x31, 0xB0, 0xC6, 0xC3, 0x1B, 0x1C, 0x7C, 0x71, 0xF3, 0x66, 0xDD, 0xFB, 0x61, 0x6C, 0x01,
    0x31, 0x80, 0xC6, 0x03, 0x1F, 0xFC, 0x60, 0x31, 0x80, 0xC7, 0xFF, 0x0F, 0xF8, 0x00, 0x4C, 0x18,
    0xD8, 0x31, 0xB0, 0x63, 0x61, 0xC7, 0xC3, 0x8F, 0x87, 0x9B, 0x1B, 0xB6, 0x73, 0xEC, 0x80, 0xD8,
    0x03, 0x30, 0x0E, 0x60, 0x1C, 0x00, 0x7C, 0x01, 0xDC, 0x0F, 0x1F, 0x18, 0x0C, 0x00, 0x4C, 0x18,
    0xD8, 0x31, 0xB0, 0x63, 0x61, 0xC7, 0xC3, 0x8F, 0x87, 0x9B, 0x1B, 0xB6, 0x73, 0xEC, 0x80, 0xD8,
    0x10, 0xE0, 0x71, 0x80, 0xE3, 0x01, 0xCF, 0x07, 0xDF, 0x1D, 0xE7, 0x21, 0x84, 0x00, 0x4C, 0x31,
    0xB0, 0xC6, 0xC3, 0x1B, 0x1C, 0x6C, 0x71, 0xF1, 0xE6, 0xCD, 0xDB, 0x73, 0xED, 0x01, 0xB0, 0x00,
    0xC1, 0xFE, 0x0E, 0x3C, 0x60, 0x31, 0x80, 0xC3, 0xDF, 0x07, 0xF0, 0x00, 0x18, 0x00, 0x30, 0x30,
    0x60, 0x60, 0xC0, 0xC1, 0xE1, 0x83, 0xC3, 0x06, 0x07, 0x0C, 0x1E, 0x18, 0x3E, 0x3C, 0xEC, 0x7B,
    0x9E, 0xCE, 0x1D, 0x88, 0x03, 0x00, 0x06, 0x00, 0x0C, 0x00, 0x18, 0x00, 0x18, 0x18, 0x30, 0x30,
    0x60, 0x60, 0xF0, 0xC1, 0xC1, 0xC3, 0x07, 0xC7, 0x1D, 0xCF, 0x71, 0xD8, 0xC1, 0x30, 0x00, 0x61,
    0xFF, 0xC1, 0xFF, 0x80, 0x03, 0x00, 0x06, 0x00, 0x0C, 0x00, 0x18, 0x00, 0x18, 0x18, 0x30, 0x30,
    0x60, 0x60, 0xE0, 0xC1, 0xE1, 0xC3, 0x07, 0x86, 0x0F, 0x8E, 0x33, 0x9E, 0xE3, 0xB1, 0x00, 0x60,
    0xC0, 0xC1, 0x81, 0x83, 0x00, 0x06, 0x00, 0x0F, 0xFE, 0x0F, 0xF8, 0x00, 0x18, 0x18, 0x30, 0x30,
    0x60, 0x60, 0xF0, 0xE1, 0x83, 0xC3, 0x0E, 0xE7, 0xB8, 0xEC, 0x60, 0x98, 0x00, 0x30, 0x7F, 0xE0,
    0x00, 0xC0, 0x01, 0x83, 0xFF, 0x06, 0x00, 0x0F, 0xFC, 0x00, 0x00, 0x00, 0x18, 0x18, 0x30, 0x30,
    0x70, 0x60, 0xF0, 0xE1, 0x83, 0xC3, 0x06, 0xC7, 0x99, 0xEE, 0x71, 0xD8, 0x80, 0x30, 0x00, 0x40,
    0xFF, 0xC1, 0x81, 0x83, 0x03, 0x06, 0x06, 0x0F, 0xFC, 0x1F, 0xF0, 0x00, 0x18, 0x18, 0x30, 0x30,
    0x60, 0x60, 0xF0, 0xE1, 0x83, 0xC3, 0x06, 0xC7, 0xB9, 0xEE, 0x60, 0xD8, 0x00, 0x30, 0x60, 0x60,
    0xC0, 0xC1, 0xFF, 0x83, 0x03, 0x06, 0x06, 0x0F, 0xFC, 0x1F, 0xF0, 0x00, 0x18, 0x18, 0x30, 0x30,
    0x60, 0x60, 0xF0, 0xE1, 0xC3, 0xC3, 0x07, 0xC7, 0x1D, 0xCF, 0x71, 0xD8, 0xC0, 0x30, 0x06, 0x60,
    0x0C, 0xC0, 0x38, 0x00, 0x78, 0x03, 0xBC, 0x1E, 0x1E, 0x38, 0x1C, 0x00, 0x18, 0x18, 0x30, 0x30,
    0x60, 0x60, 0xF0, 0xC1, 0xC1, 0xC3, 0x07, 0x87, 0x1D, 0xCF, 0x71, 0xD8, 0xC1, 0x30, 0x00, 0x60,
    0x7F, 0x81, 0xC7, 0x83, 0x03, 0x06, 0x06, 0x0F, 0x7C, 0x0F, 0xF0, 0x00, 0x4C, 0x01, 0xB0, 0xC6,
    0xC3, 0x1B, 0x0C, 0x6C, 0x31, 0xF1, 0xC6, 0xC7, 0x1B, 0x1C, 0x6C, 0xD9, 0xF3, 0x77, 0xD8, 0xFB,
    0x61, 0x6C, 0x01, 0xB0, 0x06, 0xC0, 0x1B, 0x00, 0x0C, 0x00, 0x0C, 0x21, 0xB0, 0xC6, 0xC3, 0x1B,
    0x0C, 0x7C, 0x71, 0xB1, 0xC6, 0xCF, 0x9B, 0x37, 0x7D, 0x8D, 0xB4, 0x06, 0xC6, 0x1B, 0x18, 0x4C,
    0x60, 0x01, 0x80, 0x07, 0xFF, 0x0F, 0xFC, 0x00, 0x0C, 0x18, 0xD8, 0x31, 0xB0, 0x63, 0xE1, 0xC6,
    0xC3, 0x8D, 0x8D, 0xDF, 0x39, 0xF6, 0x61, 0x6C, 0x00, 0x18, 0x7F, 0xF0, 0x00, 0x60, 0x00, 0xC3,
    0xFF, 0x86, 0x00, 0x0F, 0xFE, 0x00, 0x00, 0x00, 0x4C, 0x31, 0xB0, 0xC6, 0xC3, 0x1F, 0x1C, 0x7C,
    0x71, 0xB3, 0xE7, 0xDD, 0xDF, 0x63, 0x6D, 0x01, 0xB0, 0x00, 0x07, 0xFF, 0x18, 0x0C, 0x60, 0x31,
    0x80, 0xC7, 0xFF, 0x0F, 0xF8, 0x00, 0x4C, 0x31, 0xB0, 0xC6, 0xC3, 0x1F, 0x1C, 0x6C, 0x71, 0xB1,
    0xE6, 0xCD, 0xDF, 0x73, 0xED, 0x85, 0xB0, 0x04, 0xC1, 0xFE, 0x0E, 0x3C, 0x60, 0x31, 0x80, 0xC3,
    0xDF, 0x07, 0xF0, 0x00, 0x08, 0x00, 0x70, 0xC1, 0xC3, 0x07, 0x0C, 0x1C, 0x38, 0x70, 0xEF, 0xC3,
    0x9F, 0x1E, 0x1C, 0x6C, 0x73, 0xB9, 0xDC, 0x77, 0x60, 0xDC, 0x00, 0x70, 0x01, 0xC0, 0x07, 0x00,
    0x0C, 0x00, 0x0C, 0x30, 0x70, 0xC1, 0xC3, 0x1F, 0x0E, 0xFC, 0x38, 0x71, 0xF1, 0xCE, 0xE7, 0x71,
    0xDD, 0x82, 0x70, 0x00, 0x07, 0xFF, 0x00, 0x1C, 0x00, 0x70, 0x01, 0xC0, 0x07, 0x00, 0x0C, 0x00,
    0x08, 0x30, 0x70, 0xC1, 0xC3, 0x1F, 0x0E, 0xFC, 0x38, 0x71, 0xF1, 0xCE, 0xE7, 0x71, 0xDD, 0x80,
    0x70, 0x00, 0x0F, 0xFF, 0x03, 0x1C, 0x0C, 0x70, 0x31, 0xC0, 0xC7, 0x03, 0x0C, 0x00, 0x08, 0x18,
    0x38, 0x30, 0x70, 0x60, 0xE0, 0xEF, 0xC1, 0xC3, 0x87, 0xC7, 0x1D, 0xCE, 0x71, 0xDC, 0xC0, 0x38,
    0x00, 0xC1, 0xF9, 0x80, 0x33, 0x00, 0x67, 0x00, 0xDE, 0x01, 0xF7, 0x03, 0xC4, 0x00, 0x0C, 0x30,
    0x70, 0xC1, 0xC3, 0x07, 0x0E, 0xFC, 0x39, 0xF1, 0xF1, 0xCE, 0xE7, 0x71, 0xDD, 0x82, 0x70, 0x01,
    0xC6, 0x07, 0x18, 0x08, 0x60, 0x01, 0x80, 0x07, 0xFF, 0x0F, 0xF8, 0x00, 0x08, 0x30, 0x70, 0xC1,
    0xC3, 0x07, 0x0E, 0xFC, 0x38, 0x71, 0xF1, 0xCE, 0xE7, 0x71, 0xDD, 0x00, 0x70, 0x00, 0x07, 0xFF,
    0x18, 0x00, 0x60, 0x01, 0x80, 0x07, 0xFF, 0x00, 0x00, 0x00, 0x08, 0x30, 0x70, 0xC1, 0xC3, 0x07,
    0x0E, 0xFC, 0x78, 0x71, 0xB1, 0xDC, 0xF7, 0x60, 0xDC, 0x00, 0x21, 0xFF, 0xC0, 0x07, 0x00, 0x1C,
    0x7F, 0xF1, 0x80, 0x07, 0xFF, 0x00, 0x00, 0x00, 0x08, 0x30, 0x70, 0xC1, 0xC3, 0x1F, 0x0E, 0xFC,
    0x78, 0x71, 0xB1, 0xDC, 0xF7, 0x60, 0xDC, 0x00, 0x23, 0xFF, 0xC0, 0xF3, 0x3F, 0xCC, 0xC3, 0x33,
    0x1C, 0xCF, 0xFF, 0x00, 0x00, 0x00, 0x08, 0x30, 0x70, 0xC1, 0xC3, 0x1F, 0x0E, 0xFC, 0x78, 0x73,
    0xB1, 0xDC, 0xF7, 0x60, 0x9C, 0x03, 0x23, 0xFC, 0xC0, 0xF3, 0x03, 0xFC, 0xFF, 0x33, 0x0C, 0xCF,
    0xFF, 0x00, 0x00, 0x00, 0x08, 0x30, 0x70, 0xC1, 0xC3, 0x07, 0x0E, 0xFC, 0x38, 0x71, 0xF1, 0xCE,
    0xE7, 0x71, 0xDD, 0x00, 0x70, 0x00, 0x87, 0xFF, 0x18, 0x0C, 0x60, 0x31, 0x80, 0xC7, 0xFF, 0x0F,
    0xF8, 0x00, 0x08, 0x30, 0x70, 0xC1, 0xC3, 0x07, 0x0E, 0xFC, 0x78, 0x71, 0xB1, 0xDC, 0xF7, 0x61,
    0xDC, 0x00, 0x21, 0x81, 0xC6, 0x07, 0x1F, 0xFC, 0x60, 0x71, 0x81, 0xC7, 0xFF, 0x0F, 0xF8, 0x00,
    0x08, 0x18, 0x38, 0x30, 0x70, 0x63, 0xE0, 0xEF, 0xC1, 0xC3, 0x87, 0xC7, 0x1D, 0xCE, 0x71, 0xDC,
    0xC1, 0x38, 0x02, 0x70, 0x0E, 0x60, 0x1C, 0x00, 0x7C, 0x01, 0xDC, 0x1F, 0x1E, 0x18, 0x0C, 0x00,
    0x08, 0x18, 0x38, 0x30, 0x70, 0x60, 0xE0, 0xEF, 0xC1, 0xC3, 0x87, 0xC7, 0x1D, 0xCE, 0x71, 0xDC,
    0x80, 0x38, 0x10, 0xC0, 0x61, 0x80, 0xE3, 0x01, 0xCF, 0x07, 0xFF, 0x39, 0xE7, 0x21, 0x84, 0x00,
    0x08, 0x30, 0x70, 0xC1, 0xC3, 0x07, 0x0E, 0xFC, 0x39, 0xF1, 0xF1, 0xCE, 0xE7, 0x71, 0xDD, 0x82,
    0x70, 0x00, 0x83, 0xFC, 0x1E, 0x38, 0x60, 0x71, 0x81, 0xC7, 0xDE, 0x0F, 0xF0, 0x00, 0x08, 0x30,
    0x70, 0xC1, 0xC3, 0x07, 0x0E, 0xFC, 0x38, 0x71, 0xF1, 0xCE, 0xE7, 0x71, 0xDD, 0x00, 0x70, 0x00,
    0x07, 0xFF, 0x06, 0x70, 0x19, 0xC0, 0x67, 0x07, 0xFF, 0x1F, 0xF8, 0x00, 0x6C, 0x01, 0xB0, 0xC6,
    0xC3, 0x1B, 0x0C, 0x6C, 0x31, 0xB1, 0xFE, 0xC7, 0x7B, 0x1C, 0x6C, 0xD9, 0xB3, 0x76, 0xD8, 0xFB,
    0x61, 0x6C, 0x01, 0xB0, 0x06, 0xC0, 0x1B, 0x00, 0x0C, 0x00, 0x6C, 0x31, 0xB0, 0xC6, 0xC3, 0x1B,
    0x1D, 0xEC, 0x77, 0xB3, 0xE6, 0xCD, 0xDB, 0x63, 0x6D, 0x01, 0xB0, 0x00, 0x07, 0xFF, 0x0F, 0xFC,
    0x00, 0x30, 0x00, 0xC0, 0x03, 0x00, 0x0C, 0x00, 0x0C, 0x21, 0xB0, 0xC6, 0xC3, 0x1B, 0x0D, 0xEC,
    0x77, 0xB1, 0xC6, 0xCF, 0x9B, 0x77, 0x6D, 0x8D, 0xB4, 0x06, 0xC6, 0x1B, 0x18, 0x4C, 0x60, 0x01,
    0x80, 0x07, 0xFF, 0x0F, 0xFC, 0x00, 0x0C, 0x18, 0xD8, 0x31, 0xB0, 0x63, 0x61, 0xDE, 0xC3, 0x8D,
    0x8D, 0x9B, 0x3B, 0xB6, 0x61, 0x6C, 0x00, 0xD8, 0x7F, 0xF0, 0x00, 0x60, 0x00, 0xC3, 0xFF, 0x86,
    0x00, 0x0F, 0xFE, 0x00, 0x00, 0x00, 0x4C, 0x31, 0xB0, 0xC6, 0xC3, 0x1B, 0x1D, 0xEC, 0x77, 0xB3,
    0xE6, 0xDD, 0xDB, 0x63, 0x6D, 0x01, 0xB0, 0x00, 0x87, 0xFF, 0x18, 0x0C, 0x60, 0x31, 0x80, 0xC7,
    0xFF, 0x0F, 0xF8, 0x00, 0x6C, 0x31, 0xB0, 0xC6, 0xC3, 0x7B, 0x1D, 0xEC, 0x71, 0xB3, 0xE6, 0xDD,
    0xDB, 0x63, 0x6C, 0x01, 0xB1, 0x80, 0xC6, 0x03, 0x1F, 0xFC, 0x60, 0x31, 0x80, 0xC7, 0xFF, 0x0F,
    0xF8, 0x00, 0x6C, 0x18, 0xD8, 0x31, 0xB0, 0x63, 0x61, 0xDE, 0xC3, 0xBD, 0x8F, 0x9B, 0x3B, 0xB6,
    0x63, 0x6C, 0x80, 0xD8, 0x02, 0x30, 0x0E, 0x60, 0x1C, 0x00, 0x7C, 0x01, 0xDC, 0x0F, 0x1F, 0x18,
    0x0C, 0x00, 0x6C, 0x18, 0xD8, 0x31, 0xB0, 0x63, 0x61, 0xDE, 0xC3, 0xBD, 0x8F, 0x9B, 0x3B, 0xB6,
    0x63, 0x6C, 0x80, 0xD8, 0x10, 0xC0, 0x71, 0x80, 0xE3, 0x01, 0xCF, 0x06, 0xFF, 0x19, 0xE7, 0x21,
    0x84, 0x00, 0x6C, 0x31, 0xB0, 0xC6, 0xC3, 0x1B, 0x1D, 0xEC, 0x77, 0xB3, 0xE6, 0xDD, 0xDB, 0x63,
    0x6D, 0x01, 0xB0, 0x00, 0xC1, 0xFE, 0x0E, 0x3C, 0x60, 0x31, 0x80, 0xC3, 0xDF, 0x07, 0xF0, 0x00,
    0x0C, 0x10, 0x70, 0xC1, 0xC3, 0x07, 0x0C, 0xFC, 0x39, 0xF0, 0xE1, 0xC3, 0x87, 0x1E, 0xFC, 0x6D,
    0xF3, 0xB9, 0xDC, 0x77, 0x60, 0xDC, 0x00, 0x70, 0x01, 0xC0, 0x07, 0x00, 0x0C, 0x00, 0x08, 0x30,
    0x70, 0xC1, 0xC3, 0x1F, 0x0E, 0x1C, 0x38, 0x71, 0xF7, 0xCE, 0xE7, 0x71, 0xDD, 0x82, 0x70, 0x00,
    0x87, 0xFF, 0x0F, 0xFC, 0x00, 0x70, 0x01, 0xC0, 0x07, 0x00, 0x0C, 0x00, 0x08, 0x30, 0x70, 0xC1,
    0xC3, 0x3F, 0x0E, 0x1C, 0x38, 0x71, 0xEF, 0xCE, 0xDF, 0x73, 0xDD, 0x87, 0x70, 0x01, 0xC6, 0x07,
    0x18, 0x08, 0x60, 0x01, 0x80, 0x07, 0xFF, 0x0F, 0xF8, 0x04, 0x0C, 0x30, 0x70, 0xC7, 0xC3, 0x87,
    0x0E, 0x1C, 0x79, 0xF3, 0xB9, 0xDC, 0x77, 0x60, 0x9C, 0x00, 0x21, 0xFF, 0xC0, 0x07, 0x00, 0x1C,
    0x7F, 0xF1, 0x80, 0x07, 0xFF, 0x00, 0x00, 0x00, 0x08, 0x30, 0x70, 0xC1, 0xC3, 0x1F, 0x0E, 0x1C,
    0x38, 0x71, 0xF7, 0xCE, 0xE7, 0x71, 0xDD, 0x02, 0x70, 0x00, 0x87, 0xFF, 0x18, 0x0C, 0x60, 0x31,
    0x80, 0xC7, 0xFF, 0x0F, 0xF8, 0x00, 0x08, 0x30, 0x70, 0xC1, 0xC3, 0x1F, 0x0E, 0x1C, 0x38, 0x71,
    0xF7, 0xCE, 0xE7, 0x71, 0xDD, 0x00, 0x31, 0x81, 0xC6, 0x07, 0x1F, 0xFC, 0x60, 0x71, 0x81, 0xC7,
    0xFF, 0x0F, 0xF8, 0x00, 0x08, 0x18, 0x38, 0x30, 0x70, 0x63, 0xE0, 0xE1, 0xC1, 0xC3, 0x87, 0xDF,
    0x1D, 0xFE, 0x71, 0xDC, 0xC1, 0x38, 0x02, 0x70, 0x0E, 0xE0, 0x1C, 0x00, 0x7C, 0x01, 0xDC, 0x1F,
    0x1E, 0x18, 0x0C, 0x00, 0x08, 0x18, 0x38, 0x30, 0x70, 0x63, 0xE0, 0xE1, 0xC1, 0xC3, 0x87, 0xDF,
    0x1D, 0xCE, 0x71, 0xDC, 0xC1, 0x38, 0x10, 0xC0, 0x61, 0x80, 0xE3, 0x01, 0xCF, 0x07, 0xFF, 0x39,
    0xE7, 0x21, 0x84, 0x00, 0x08, 0x30, 0x70, 0xC1, 0xC3, 0x3F, 0x0E, 0x1C, 0x38, 0x71, 0xFF, 0xCE,
    0xE7, 0x71, 0xDD, 0x82, 0x70, 0x00, 0xC3, 0xFC, 0x1E, 0x38, 0x60, 0x71, 0x81, 0xC7, 0xDE, 0x0F,
    0xF0, 0x00, 0x6C, 0x21, 0xB0, 0xC6, 0xC3, 0x1B, 0x0D, 0xEC, 0x77, 0xB1, 0xC6, 0xC7, 0x1B, 0x1D,
    0xEC, 0xFF, 0xB3, 0x66, 0xDC, 0xDB, 0xE1, 0x6C, 0x01, 0xB0, 0x06, 0xC0, 0x1B, 0x00, 0x0C, 0x00,
    0x6C, 0x31, 0xB0, 0xC6, 0xC3, 0x7B, 0x1C, 0x6C, 0x71, 0xB1, 0xDE, 0xCF, 0x9B, 0x77, 0x6D, 0x8D,
    0xB0, 0x06, 0xC6, 0x1B, 0x18, 0x0C, 0x60, 0x01, 0x80, 0x07, 0xFF, 0x0F, 0xFC, 0x00, 0x6C, 0x18,
    0xD8, 0x37, 0xB0, 0xE3, 0x61, 0xC6, 0xC3, 0xBD, 0x8D, 0x9B, 0x3B, 0xB6, 0x61, 0x6C, 0x00, 0x10,
    0x7F, 0xF0, 0x00, 0x60, 0x00, 0xC3, 0xFF, 0x86, 0x00, 0x0F, 0xFE, 0x00, 0x00, 0x00, 0x4C, 0x21,
    0xB0, 0xC6, 0xC3, 0x7B, 0x1C, 0x6C, 0x71, 0xB1, 0xDE, 0xCD, 0x9B, 0x77, 0x6D, 0x85, 0xB0, 0x00,
    0xC1, 0xFE, 0x0E, 0x3C, 0x60, 0x31, 0x80, 0xC3, 0xDF, 0x07, 0xF0, 0x01, 0x00, 0x07, 0x00, 0x0E,
    0x00, 0x1C, 0x00, 0x3C, 0x00, 0xD8, 0x07, 0x9C, 0x3E, 0x1E, 0x71, 0x1C, 0x03, 0x00, 0x06, 0x00,
    0x0C, 0x00, 0x38, 0x1F, 0xFF, 0xC0, 0x01, 0x00, 0x03, 0x00, 0x0E, 0x00, 0x1E, 0x00, 0xEE, 0x07,
    0x8F, 0x1E, 0x6F, 0x00, 0xC0, 0x03, 0x81, 0xFF, 0xFC, 0x00, 0x00, 0x00, 0x03, 0xFF, 0x80, 0x03,
    0x00, 0x06, 0x00, 0x0C, 0x00, 0x18, 0x01, 0x00, 0x03, 0x00, 0x0E, 0x00, 0x1E, 0x00, 0x6E, 0x07,
    0xCF, 0x1E, 0x6F, 0x10, 0xC0, 0x03, 0x81, 0xFF, 0xFC, 0x00, 0x01, 0xFF, 0xC1, 0xFF, 0x80, 0xE3,
    0x01, 0xC6, 0x03, 0x8C, 0x03, 0x18, 0x00, 0x00, 0x03, 0x00, 0x0E, 0x00, 0x1E, 0x00, 0x6E, 0x03,
    0xCF, 0x0E, 0x6F, 0x10, 0xC4, 0x01, 0x81, 0xFF, 0xFD, 0xFF, 0xF1, 0x80, 0x03, 0x00, 0x06, 0x00,
    0x0C, 0x00, 0x1F, 0xFC, 0x1F, 0xF8, 0x01, 0x00, 0x07, 0x00, 0x0E, 0x00, 0x3E, 0x00, 0xEF, 0x0F,
    0x8F, 0x8C, 0x67, 0x01, 0xC0, 0xFF, 0xFE, 0x00, 0x00, 0xFF, 0xE0, 0x00, 0xC0, 0x01, 0x87, 0xFF,
    0x0C, 0x00, 0x1F, 0xFE, 0x00, 0x00, 0x01, 0x00, 0x07, 0x00, 0x0E, 0x00, 0x3E, 0x00, 0xEF, 0x0F,
    0x8F, 0x8C, 0x67, 0x01, 0xC0, 0xFF, 0xFE, 0x00, 0x00, 0xFB, 0xE0, 0x36, 0xC0, 0x6D, 0x87, 0xDB,
    0x0C, 0x36, 0x1F, 0xEC, 0x00, 0xF8, 0x01, 0x80, 0x07, 0x00, 0x0E, 0x00, 0x3E, 0x00, 0xEF, 0x0F,
    0x8F, 0x8C, 0x67, 0x00, 0xC0, 0xFF, 0xFE, 0x00, 0x00, 0x00, 0x01, 0xFF, 0xC3, 0x01, 0x86, 0x03,
    0x0C, 0x06, 0x1F, 0xFC, 0x1F, 0xF0, 0x01, 0x80, 0x07, 0x00, 0x0E, 0x00, 0x3E, 0x00, 0xEF, 0x0F,
    0x8F, 0x8C, 0x63, 0x00, 0xC0, 0xFF, 0xFE, 0x00, 0x00, 0xC0, 0x61, 0x80, 0xC3, 0xFF, 0x86, 0x03,
    0x0C, 0x06, 0x1F, 0xFC, 0x00, 0x00, 0x01, 0x00, 0x03, 0x00, 0x0E, 0x00, 0x1E, 0x00, 0xEE, 0x07,
    0x8F, 0x1E, 0x6F, 0x00, 0xC0, 0x03, 0x81, 0xFF, 0xFC, 0x00, 0x00, 0x0C, 0x00, 0x38, 0x00, 0x78,
    0x03, 0xB8, 0x1E, 0x3E, 0x30, 0x18, 0x01, 0x00, 0x03, 0x00, 0x0E, 0x00, 0x1E, 0x00, 0x6E, 0x07,
    0xCF, 0x1E, 0x6F, 0x10, 0xC4, 0x03, 0x81, 0xFF, 0xFC, 0x00, 0x00, 0x7F, 0x81, 0xEF, 0x86, 0x03,
    0x0C, 0x06, 0x0F, 0x7C, 0x0F, 0xF0, 0x01, 0x00, 0x07, 0x00, 0x0E, 0x00, 0x3E, 0x00, 0xEF, 0x0F,
    0x8F, 0x8C, 0x67, 0x01, 0xC0, 0xFF, 0xFE, 0x00, 0x00, 0xFF, 0xE1, 0x80, 0x03, 0x00, 0x07, 0xFF,
    0x0C, 0x00, 0x1F, 0xFC, 0x00, 0x00, 0x00, 0x18, 0x18, 0x30, 0x38, 0x60, 0x70, 0xC0, 0xE1, 0x83,
    0xE3, 0x0E, 0xE6, 0x38, 0xEF, 0x6C, 0x5E, 0x18, 0x30, 0x30, 0x60, 0x7E, 0xCF, 0xFD, 0x8E, 0x03,
    0x00, 0x06, 0x00, 0x0C, 0x00, 0x18, 0x00, 0x18, 0x1C, 0x30, 0x38, 0x60, 0x70, 0xC1, 0xF1, 0x8F,
    0x7B, 0xDF, 0x37, 0x07, 0x0C, 0x7F, 0xF8, 0xFF, 0xB0, 0x00, 0x60, 0x00, 0x03, 0xFF, 0x80, 0x03,
    0x00, 0x06, 0x00, 0x0C, 0x00, 0x18, 0x00, 0x18, 0x1C, 0x30, 0x38, 0x60, 0x70, 0xC0, 0xF1, 0x87,
    0x73, 0x1D, 0x77, 0xB7, 0x0E, 0x0F, 0xD8, 0xFF, 0xF1, 0x00, 0x60, 0xC0, 0xC1, 0x81, 0x83, 0x00,
    0x06, 0x00, 0x0F, 0xFC, 0x1F, 0xF8, 0x04, 0x18, 0x1C, 0x30, 0x38, 0x60, 0xF8, 0xC3, 0xBD, 0xEE,
    0xBB, 0x83, 0x86, 0x0F, 0xEC, 0x7F, 0xD8, 0x00, 0x30, 0xFF, 0xE0, 0x00, 0xC0, 0x01, 0x87, 0xFF,
    0x0E, 0x00, 0x1F, 0xFC, 0x00, 0x00, 0x00, 0x18, 0x1C, 0x30, 0x38, 0x60, 0x70, 0xC1, 0xF1, 0x8F,
    0x7B, 0xDB, 0x37, 0x07, 0x0C, 0x3F, 0xF8, 0xFF, 0xB0, 0x00, 0x60, 0x7F, 0x01, 0xFF, 0x87, 0x03,
    0x0E, 0x06, 0x0F, 0x7C, 0x0F, 0xF0, 0x00, 0x4C, 0x21, 0xB0, 0xC6, 0xC3, 0x1B, 0x1C, 0x6C, 0x79,
    0xB3, 0x76, 0xDC, 0xFF, 0x4C, 0x7C, 0x31, 0xB0, 0xC6, 0xDF, 0xFB, 0xFF, 0xEC, 0x01, 0xB0, 0x06,
    0xC0, 0x1B, 0x00, 0x0C, 0x00, 0x4C, 0x31, 0xB0, 0xC6, 0xC7, 0x1B, 0x1E, 0x6C, 0xDD, 0xB7, 0xB7,
    0xD3, 0x1B, 0x0F, 0xEF, 0xFF, 0xB6, 0x06, 0xC6, 0x1B, 0x18, 0x4C, 0x60, 0x01, 0x80, 0x07, 0xFF,
    0x0F, 0xFC, 0x00, 0x0C, 0x18, 0xD8, 0x31, 0xB0, 0xE3, 0x63, 0xE6, 0xCE, 0xEF, 0x9B, 0x5B, 0x07,
    0xF6, 0xFF, 0xEC, 0x00, 0xD8, 0x7F, 0xF0, 0x00, 0x60, 0x00, 0xC3, 0xFF, 0x86, 0x00, 0x0F, 0xFE,
    0x00, 0x00, 0x00, 0x4C, 0x31, 0xB0, 0xC6, 0xC7, 0x1B, 0x3E, 0x6D, 0xDF, 0xF6, 0xD6, 0xC3, 0x1B,
    0x1F, 0xEF, 0xFF, 0xB0, 0x06, 0xC7, 0xFF, 0x18, 0x0C, 0x60, 0x31, 0x80, 0xC7, 0xFF, 0x0F, 0xF8,
    0x00, 0x4C, 0x18, 0xD8, 0x31, 0xB0, 0xE3, 0x61, 0xE6, 0xCE, 0xFF, 0x9B, 0x5F, 0x06, 0x36, 0x1F,
    0xED, 0xFF, 0xD8, 0x01, 0xB0, 0x0C, 0x60, 0x1C, 0x00, 0x78, 0x01, 0xDC, 0x1F, 0x1E, 0x18, 0x0C,
    0x00, 0x4C, 0x18, 0xD8, 0x31, 0xB0, 0xE3, 0x61, 0xE6, 0xCE, 0xFF, 0x9B, 0x5B, 0x06, 0x36, 0x1F,
    0xED, 0xFF, 0xD8, 0x01, 0xB0, 0x61, 0x80, 0xC3, 0x01, 0xCF, 0x07, 0xDE, 0x3D, 0xE7, 0x21, 0x84,
    0x00, 0x18, 0x18, 0x60, 0x61, 0x81, 0x86, 0x0E, 0x18, 0x3C, 0x61, 0xF9, 0x9E, 0x76, 0x76, 0xD8,
    0x18, 0x60, 0x61, 0x81, 0xFE, 0x7F, 0xF9, 0xC0, 0x60, 0x01, 0x80, 0x06, 0x00, 0x18, 0x00, 0x08,
    0x18, 0x70, 0x61, 0xC3, 0x87, 0x1F, 0x1C, 0xE7, 0x77, 0x6D, 0xC1, 0x87, 0x07, 0xFD, 0xFF, 0xF0,
    0x01, 0xC6, 0x07, 0x18, 0x08, 0x60, 0x01, 0x80, 0x07, 0xFF, 0x0F, 0xF8, 0x04, 0x08, 0x18, 0x70,
    0xE1, 0xC3, 0xC7, 0x3B, 0xDD, 0xFF, 0x72, 0x61, 0xC7, 0xFF, 0x7F, 0xFC, 0x00, 0x21, 0xFF, 0xC0,
    0x07, 0x00, 0x1C, 0x7F, 0xF1, 0x80, 0x07, 0xFF, 0x00, 0x00, 0x00, 0x08, 0x18, 0x70, 0x61, 0xC3,
    0x87, 0x1F, 0x1C, 0xE7, 0x77, 0x6D, 0xC1, 0x87, 0x7F, 0xFD, 0xFF, 0xF0, 0x00, 0x87, 0xFF, 0x18,
    0x1C, 0x60, 0x71, 0x81, 0xC7, 0xFF, 0x0F, 0xF8, 0x04, 0x08, 0x18, 0x70, 0xE1, 0xC3, 0xC7, 0x1B,
    0x9D, 0xF7, 0x72, 0x61, 0xC1, 0xFF, 0x7F, 0xFD, 0x80, 0x21, 0x81, 0x86, 0x07, 0x1F, 0xFC, 0x60,
    0x71, 0x81, 0xC7, 0xFF, 0x00, 0x00, 0x00, 0x08, 0x18, 0x70, 0x61, 0xC3, 0x87, 0x1F, 0x9C, 0xE7,
    0x77, 0x6D, 0xC1, 0x87, 0x7F, 0xFD, 0xFF, 0xF0, 0x01, 0xC0, 0x67, 0x01, 0xC0, 0x0F, 0x00, 0x7F,
    0x0F, 0x8F, 0x38, 0x1C, 0x01, 0x00, 0x07, 0x00, 0x0E, 0x00, 0x1C, 0x00, 0x7C, 0x01, 0xDC, 0x07,
    0x1C, 0x3C, 0x1E, 0x70, 0x0C, 0x18, 0xC0, 0x31, 0x80, 0x63, 0x00, 0xC6, 0x1F, 0xFF, 0xC0, 0x01,
    0x00, 0x03, 0x00, 0x0E, 0x00, 0x1E, 0x00, 0xEE, 0x07, 0x8F, 0x8E, 0x0F, 0x06, 0x30, 0x0C, 0x61,
    0xFF, 0xFC, 0x00, 0x00, 0x00, 0x03, 0xFF, 0x80, 0x03, 0x00, 0x06, 0x00, 0x0C, 0x00, 0x18, 0x01,
    0x00, 0x03, 0x00, 0x0E, 0x00, 0x1E, 0x00, 0xEE, 0x07, 0x8F, 0x0E, 0x0F, 0x06, 0x30, 0x0C, 0x61,
    0xFF, 0xFD, 0xFF, 0xF1, 0x80, 0x03, 0x00, 0x06, 0x00, 0x0C, 0x00, 0x1F, 0xFC, 0x1F, 0xF8, 0x01,
    0x00, 0x07, 0x00, 0x0E, 0x00, 0x3E, 0x01, 0xEF, 0x8F, 0x87, 0x8B, 0x1A, 0x06, 0x30, 0xFF, 0xFE,
    0x00, 0x00, 0xFF, 0xE0, 0x00, 0xC0, 0x01, 0x87, 0xFF, 0x0C, 0x00, 0x1F, 0xFE, 0x00, 0x00, 0x01,
    0x00, 0x03, 0x00, 0x0E, 0x00, 0x1E, 0x00, 0xEE, 0x07, 0x8F, 0x8E, 0x0F, 0x06, 0x30, 0x0C, 0x61,
    0xFF, 0xFC, 0x00, 0x01, 0xFF, 0xC3, 0x01, 0x86, 0x03, 0x0C, 0x06, 0x1F, 0xFC, 0x1F, 0xF0, 0x01,
    0x80, 0x07, 0x00, 0x0E, 0x00, 0x3E, 0x03, 0xEF, 0x8F, 0x07, 0x83, 0x18, 0x06, 0x30, 0xFF, 0xFE,
    0x00, 0x00, 0xC0, 0x61, 0x80, 0xC3, 0xFF, 0x86, 0x03, 0x0C, 0x06, 0x1F, 0xFC, 0x1F, 0xF0, 0x01,
    0x00, 0x03, 0x00, 0x0E, 0x00, 0x3E, 0x00, 0xEE, 0x07, 0x8F, 0x8E, 0x07, 0x06, 0x30, 0x0C, 0x61,
    0xFF, 0xFC, 0x00, 0x00, 0x1C, 0x00, 0x38, 0x00, 0x78, 0x03, 0xB8, 0x1E, 0x3E, 0x30, 0x18, 0x01,
    0x00, 0x03, 0x00, 0x0E, 0x00, 0x1E, 0x00, 0xEE, 0x07, 0x8F, 0x8E, 0x0F, 0x06, 0x30, 0x0C, 0x61,
    0xFF, 0xFC, 0x00, 0x00, 0x7F, 0x81, 0xEF, 0x86, 0x03, 0x0C, 0x06, 0x0F, 0x3C, 0x0F, 0xF0, 0x01,
    0x80, 0x07, 0x00, 0x0E, 0x00, 0x3E, 0x00, 0xEE, 0x07, 0x8F, 0x9E, 0x07, 0x00, 0x00, 0x7F, 0xFD,
    0xFF, 0xFC, 0x06, 0x00, 0x0C, 0x00, 0x18, 0x00, 0x30, 0x00, 0x60, 0x00, 0xC0, 0x01, 0x00, 0x03,
    0x00, 0x0E, 0x00, 0x3E, 0x00, 0xEE, 0x0F, 0x8F, 0x8C, 0x07, 0x00, 0x00, 0xFF, 0xFE, 0xFF, 0xF8,
    0x06, 0x00, 0x1C, 0x03, 0xFF, 0x80, 0x03, 0x00, 0x06, 0x00, 0x0C, 0x00, 0x18, 0x00, 0x00, 0x03,
    0x00, 0x0E, 0x00, 0x1C, 0x00, 0x7C, 0x03, 0xCE, 0x1F, 0x0F, 0x10, 0x04, 0x00, 0x01, 0xFF, 0xFC,
    0x06, 0x01, 0x8C, 0x03, 0x18, 0x06, 0x20, 0x0C, 0x00, 0x1F, 0xFC, 0x1F, 0xF8, 0x01, 0x00, 0x03,
    0x00, 0x0E, 0x00, 0x3E, 0x00, 0xEE, 0x0F, 0x8F, 0x8C, 0x07, 0x00, 0x00, 0xFF, 0xFE, 0xFF, 0xF8,
    0x06, 0x01, 0xFF, 0xC3, 0xFF, 0x06, 0x00, 0x0C, 0x00, 0x1F, 0xFC, 0x1F, 0xF8, 0x01, 0x80, 0x07,
    0x00, 0x0E, 0x00, 0x3F, 0x03, 0xE7, 0xCF, 0x07, 0x80, 0x00, 0x7F, 0xFF, 0x03, 0x80, 0x03, 0x00,
    0xFF, 0xE0, 0x00, 0xC0, 0x01, 0x87, 0xFF, 0x0C, 0x00, 0x1F, 0xFE, 0x00, 0x00, 0x01, 0x80, 0x03,
    0x00, 0x0E, 0x00, 0x3E, 0x00, 0xEE, 0x0F, 0x8F, 0x8C, 0x07, 0x00, 0x00, 0xFF, 0xFE, 0xFF, 0xF8,
    0x06, 0x01, 0xFF, 0xC3, 0x01, 0x86, 0x03, 0x0C, 0x06, 0x1F, 0xFC, 0x1F, 0xF0, 0x01, 0x80, 0x03,
    0x00, 0x0E, 0x00, 0x3E, 0x00, 0xEE, 0x0F, 0x8F, 0x8C, 0x07, 0x00, 0x00, 0xFF, 0xFE, 0x03, 0x00,
    0xC6, 0x61, 0x80, 0xC3, 0xFF, 0x86, 0x03, 0x0C, 0x06, 0x1F, 0xFC, 0x00, 0x00, 0x01, 0x00, 0x03,
    0x00, 0x0E, 0x00, 0x3E, 0x00, 0xEF, 0x0F, 0x8F, 0x8C, 0x07, 0x00, 0x00, 0xFF, 0xFE, 0x03, 0x00,
    0x06, 0x00, 0x08, 0x00, 0x38, 0x00, 0x70, 0x03, 0xF8, 0x1E, 0x3E, 0x30, 0x18, 0x01, 0x00, 0x03,
    0x00, 0x0E, 0x00, 0x3E, 0x00, 0xEE, 0x0F, 0x8F, 0x8C, 0x07, 0x00, 0x00, 0xFF, 0xFE, 0xFF, 0xF8,
    0x06, 0x00, 0x7F, 0x81, 0xEF, 0x86, 0x03, 0x0C, 0x06, 0x0F, 0x7C, 0x0F, 0xF0, 0x01, 0x00, 0x07,
    0x00, 0x0E, 0x00, 0x3E, 0x03, 0xEF, 0x8F, 0x07, 0x80, 0x00, 0x7F, 0xFF, 0x03, 0x80, 0x03, 0x00,
    0x06, 0x00, 0x0C, 0x03, 0xFF, 0x80, 0x70, 0x01, 0xF0, 0x1F, 0x7E, 0x38, 0x18, 0x01, 0x80, 0x07,
    0x00, 0x0E, 0x00, 0x3F, 0x03, 0xE7, 0xCF, 0x07, 0x80, 0x00, 0x7F, 0xFF, 0x03, 0x80, 0x03, 0x00,
    0xFF, 0xE1, 0x80, 0x03, 0x00, 0x07, 0xFF, 0x0C, 0x00, 0x1F, 0xFC, 0x00, 0x00, 0x01, 0x80, 0x07,
    0x00, 0x0E, 0x00, 0x3E, 0x00, 0xEE, 0x0F, 0x8F, 0x8C, 0x07, 0x00, 0x00, 0xFF, 0xFE, 0xFF, 0xF8,
    0x06, 0x01, 0xFF, 0xC0, 0xC6, 0x01, 0x8C, 0x03, 0x18, 0x1F, 0xFC, 0x1F, 0xF8, 0x00, 0x08, 0x18,
    0x70, 0x61, 0xC3, 0x87, 0x0F, 0x1C, 0xEE, 0x77, 0x1D, 0xD8, 0x07, 0x03, 0xFF, 0xFF, 0xF7, 0xE1,
    0xC1, 0x87, 0x06, 0xFC, 0x18, 0x70, 0x61, 0xC1, 0x87, 0x04, 0x1C, 0x04, 0x08, 0x0C, 0x38, 0x38,
    0x70, 0xF8, 0xE3, 0xBD, 0xCE, 0x1B, 0x80, 0xFF, 0x7F, 0xFE, 0x0C, 0x1C, 0x19, 0xF8, 0x30, 0x70,
    0x61, 0x80, 0xC3, 0x01, 0xCE, 0x07, 0xDE, 0x3D, 0xE7, 0x21, 0x84, 0x00, 0x0C, 0x21, 0xB0, 0xC6,
    0xC7, 0x1B, 0x1C, 0x6C, 0xF9, 0xB7, 0x76, 0xD8, 0x5B, 0x7F, 0xEF, 0xFF, 0xB0, 0xC6, 0xC3, 0xFB,
    0x0C, 0x6C, 0x31, 0xB0, 0xC6, 0xC2, 0x1B, 0x00, 0x0C, 0x00, 0x6C, 0x31, 0xB0, 0xC6, 0xC7, 0x1B,
    0x3F, 0x6D, 0xCD, 0xB0, 0x7E, 0xFF, 0xFB, 0x0C, 0x6C, 0x3F, 0xB0, 0xC6, 0xC0, 0x03, 0x1F, 0xFC,
    0x7F, 0xF0, 0x00, 0xC0, 0x03, 0x00, 0x0C, 0x00, 0x2C, 0x31, 0xB0, 0xC6, 0xC7, 0x1B, 0x1E, 0x6D,
    0xDD, 0xB6, 0x16, 0xCF, 0xFB, 0xFF, 0xEC, 0x31, 0xB0, 0xFE, 0xC3, 0x1B, 0x18, 0x6C, 0x60, 0x01,
    0x80, 0x07, 0xFF, 0x0F, 0xFC, 0x00, 0x6C, 0x18, 0xD8, 0x71, 0xB0, 0xF3, 0x67, 0x76, 0xCC, 0xFD,
    0xBF, 0xFB, 0x06, 0x36, 0x0F, 0xEC, 0x18, 0xD8, 0x00, 0x20, 0xFF, 0xE0, 0x00, 0xC3, 0xFF, 0x86,
    0x00, 0x0C, 0x00, 0x1F, 0xFC, 0x00, 0x6C, 0x31, 0xB0, 0xC6, 0xC7, 0x9B, 0x77, 0x6D, 0xCD, 0xB0,
    0x7E, 0xFF, 0xFB, 0x0C, 0x6C, 0x3F, 0xB0, 0xC6, 0xC0, 0x00, 0x1F, 0xFC, 0x60, 0x31, 0x80, 0xC7,
    0xFF, 0x00, 0x00, 0x00, 0x6C, 0x31, 0xB0, 0xC6, 0xC7, 0x9B, 0x77, 0x6D, 0xCD, 0xB0, 0x7E, 0xFF,
    0xFB, 0x0C, 0x6C, 0x3F, 0xB0, 0xC6, 0xC0, 0x03, 0x0F, 0xF8, 0x78, 0xF1, 0x80, 0xC7, 0x8F, 0x0F,
    0xF8, 0x00, 0x08, 0x18, 0x70, 0x61, 0xC3, 0x87, 0x0F, 0x1C, 0xEF, 0x77, 0x9D, 0xD8, 0x07, 0x03,
    0xFF, 0xFF, 0xF7, 0x61, 0xC1, 0x87, 0x06, 0x1C, 0x18, 0x70, 0x61, 0xC1, 0x87, 0x04, 0x1C, 0x00,
    0x18, 0x18, 0x60, 0x61, 0x83, 0xC6, 0x1F, 0x98, 0xE7, 0x67, 0x0D, 0x80, 0xFE, 0x7F, 0xF9, 0xD8,
    0x60, 0x61, 0x81, 0x80, 0x1F, 0xF8, 0x00, 0x60, 0x01, 0x80, 0x06, 0x00, 0x18, 0x00, 0x18, 0x18,
    0x60, 0x61, 0x83, 0x86, 0x0F, 0x18, 0x6F, 0x67, 0x9D, 0x88, 0x06, 0x7F, 0xF9, 0xFF, 0xE0, 0x61,
    0x87, 0x86, 0x18, 0x18, 0x60, 0x01, 0x80, 0x07, 0xFF, 0x1F, 0xF8, 0x06, 0x18, 0x18, 0x60, 0xE1,
    0x83, 0xC6, 0x39, 0xD9, 0xC3, 0x60, 0x1F, 0x9F, 0xFE, 0x06, 0x18, 0x18, 0x21, 0xFF, 0x80, 0x06,
    0x00, 0x18, 0x7F, 0xE1, 0x80, 0x07, 0xFF, 0x00, 0x00, 0x00, 0x18, 0x18, 0x60, 0x61, 0x83, 0xC6,
    0x1F, 0x99, 0xE7, 0x63, 0x05, 0x81, 0xFE, 0x7F, 0xF8, 0x18, 0x60, 0x60, 0x87, 0xFE, 0x18, 0x18,
    0x60, 0x61, 0x81, 0x87, 0xFE, 0x0F, 0xF8, 0x00, 0x18, 0x18, 0x60, 0x61, 0x83, 0xC6, 0x1F, 0x99,
    0xE7, 0x67, 0x0D, 0x80, 0xFE, 0x7F, 0xF8, 0x18, 0x61, 0xE0, 0x86, 0x06, 0x1F, 0xF8, 0x60, 0x61,
    0x81, 0x87, 0xFE, 0x0F, 0xF8, 0x00, 0x18, 0x0C, 0x30, 0x18, 0x60, 0x78, 0xC1, 0xF9, 0x8F, 0x3B,
    0x08, 0x16, 0x01, 0xFC, 0x7F, 0xF8, 0xDC, 0x30, 0x38, 0x60, 0x7E, 0xC0, 0x1C, 0x80, 0x7C, 0x01,
    0xDC, 0x0F, 0x1E, 0x18, 0x0C, 0x00, 0x18, 0x18, 0x60, 0x61, 0x83, 0xC6, 0x1F, 0x99, 0xE7, 0x62,
    0x05, 0x80, 0xFE, 0x7F, 0xF9, 0x98, 0x60, 0x61, 0x83, 0xFC, 0x1F, 0x78, 0x60, 0x61, 0x81, 0x87,
    0x9E, 0x0F, 0xF0, 0x01, 0x80, 0x07, 0x00, 0x0E, 0x00, 0x3E, 0x00, 0xEE, 0x0F, 0x8F, 0x9E, 0x07,
    0x00, 0x00, 0x00, 0x01, 0xFF, 0xFC, 0x31, 0x80, 0x63, 0x00, 0xC6, 0x01, 0x8C, 0x03, 0x18, 0x06,
    0x30, 0x01, 0x00, 0x03, 0x00, 0x0E, 0x00, 0x3E, 0x00, 0xEE, 0x0F, 0x8F, 0x8C, 0x07, 0x00, 0x00,
    0xFF, 0xFE, 0x18, 0xC0, 0x31, 0x80, 0x63, 0x03, 0xFF, 0x80, 0x03, 0x00, 0x06, 0x00, 0x0C, 0x00,
    0x18, 0x01, 0x80, 0x07, 0x00, 0x0E, 0x00, 0x3F, 0x03, 0xE7, 0xCF, 0x07, 0x80, 0x00, 0x7F, 0xFF,
    0x0C, 0x60, 0x18, 0xC0, 0xFF, 0xE0, 0x00, 0xC0, 0x01, 0x87, 0xFF, 0x0C, 0x00, 0x1F, 0xFE, 0x00,
    0x00, 0x01, 0x80, 0x07, 0x00, 0x0E, 0x00, 0x3E, 0x00, 0xEF, 0x0F, 0x8F, 0x8C, 0x07, 0x00, 0x00,
    0xFF, 0xFE, 0x18, 0xC0, 0x31, 0x81, 0xFF, 0xC3, 0x01, 0x86, 0x03, 0x0C, 0x06, 0x1F, 0xFC, 0x1F,
    0xF0, 0x01, 0x00, 0x03, 0x00, 0x0E, 0x00, 0x3E, 0x00, 0xEE, 0x0F, 0x8F, 0x8C, 0x07, 0x00, 0x00,
    0xFF, 0xFE, 0x38, 0x60, 0x30, 0xC0, 0x6D, 0x80, 0x38, 0x00, 0x78, 0x03, 0xB8, 0x1E, 0x3E, 0x30,
    0x18, 0x01, 0x00, 0x03, 0x00, 0x0E, 0x00, 0x3E, 0x00, 0xEE, 0x0F, 0x8F, 0x8C, 0x07, 0x00, 0x00,
    0xFF, 0xFE, 0x18, 0xE0, 0x31, 0x80, 0x7F, 0x81, 0xEF, 0x86, 0x03, 0x0C, 0x06, 0x0F, 0x7C, 0x0F,
    0xF0, 0x01, 0x80, 0x07, 0x00, 0x0E, 0x00, 0x1C, 0x00, 0x7C, 0x01, 0xDC, 0x07, 0x1C, 0x3C, 0x1E,
    0x20, 0x0C, 0x00, 0x00, 0x00, 0x00, 0x00, 0x0F, 0xFF, 0xEF, 0xFF, 0x80, 0x01, 0x00, 0x03, 0x00,
    0x0E, 0x00, 0x1E, 0x00, 0x7E, 0x03, 0xCF, 0x1E, 0x0F, 0x10, 0x04, 0x00, 0x01, 0xFF, 0xFC, 0x00,
    0x00, 0x00, 0x03, 0xFF, 0x80, 0x03, 0x00, 0x06, 0x00, 0x0C, 0x00, 0x18, 0x00, 0x00, 0x03, 0x00,
    0x0E, 0x00, 0x1C, 0x00, 0x7C, 0x03, 0xDE, 0x1F, 0x0F, 0x18, 0x04, 0x00, 0x01, 0xFF, 0xFD, 0xFF,
    0xF1, 0x80, 0x03, 0x00, 0x06, 0x00, 0x0C, 0x00, 0x1F, 0xFC, 0x1F, 0xF8, 0x01, 0x80, 0x07, 0x00,
    0x0E, 0x00, 0x3F, 0x03, 0xE7, 0x8F, 0x07, 0x80, 0x00, 0x7F, 0xFF, 0x7F, 0xFC, 0x00, 0x00, 0xFF,
    0xE0, 0x00, 0xC0, 0x01, 0x87, 0xFF, 0x0C, 0x00, 0x1F, 0xFE, 0x00, 0x00, 0x01, 0x00, 0x07, 0x00,
    0x0E, 0x00, 0x3E, 0x00, 0xEF, 0x0F, 0x8F, 0x8C, 0x07, 0x00, 0x00, 0xFF, 0xFE, 0x00, 0x00, 0xFF,
    0xE0, 0x18, 0xC0, 0x31, 0x87, 0xE3, 0x0C, 0x46, 0x1F, 0xCC, 0x00, 0x18, 0x01, 0x00, 0x07, 0x00,
    0x0E, 0x00, 0x3E, 0x00, 0xEF, 0x0F, 0x8F, 0x8C, 0x07, 0x00, 0x00, 0xFF, 0xFE, 0x00, 0x00, 0x00,
    0x01, 0xFF, 0xC3, 0x01, 0x86, 0x03, 0x0C, 0x06, 0x1F, 0xFC, 0x1F, 0xF0, 0x01, 0x00, 0x03, 0x00,
    0x0E, 0x00, 0x3E, 0x00, 0xEF, 0x0F, 0x8F, 0x8C, 0x07, 0x00, 0x00, 0xFF, 0xFE, 0x00, 0x00, 0xC0,
    0x61, 0x80, 0xC3, 0xFF, 0x86, 0x03, 0x0C, 0x06, 0x1F, 0xFC, 0x00, 0x00, 0x01, 0x00, 0x03, 0x00,
    0x0E, 0x00, 0x3E, 0x00, 0xEE, 0x0F, 0x8F, 0x8C, 0x07, 0x00, 0x00, 0xFF, 0xFE, 0xFF, 0xF8, 0x06,
    0x00, 0x1C, 0x00, 0x38, 0x00, 0xF8, 0x03, 0xBC, 0x1E, 0x3E, 0x30, 0x18, 0x01, 0x00, 0x03, 0x00,
    0x0E, 0x00, 0x3E, 0x00, 0xEE, 0x0F, 0x8F, 0x8C, 0x07, 0x00, 0x00, 0xFF, 0xFE, 0x00, 0x00, 0x00,
    0x00, 0x7F, 0x81, 0xEF, 0x86, 0x03, 0x0C, 0x06, 0x0F, 0x7C, 0x0F, 0xF0, 0x00, 0x1C, 0x30, 0x70,
    0xE1, 0xC3, 0x87, 0x0E, 0x1C, 0x38, 0x70, 0xE1, 0xC7, 0xC7, 0x1B, 0x1C, 0xE6, 0x77, 0x1D, 0xD8,
    0x37, 0x00, 0x1C, 0x00, 0x70, 0x01, 0xC0, 0x00, 0x00, 0x08, 0x30, 0x70, 0xE1, 0xC3, 0x87, 0x0E,
    0x1C, 0x38, 0x71, 0xB1, 0xCE, 0xF7, 0x71, 0xDD, 0x00, 0x70, 0x00, 0x87, 0xFF, 0x1F, 0xFC, 0x00,
    0x70, 0x01, 0xC0, 0x07, 0x00, 0x1C, 0x00, 0x08, 0x30, 0x70, 0xE1, 0xC3, 0x87, 0x0E, 0x1C, 0x38,
    0x71, 0xF1, 0xCE, 0xE7, 0x71, 0xDD, 0x83, 0x70, 0x01, 0xC6, 0x07, 0x18, 0x08, 0x60, 0x01, 0x80,
    0x07, 0xFF, 0x0F, 0xF8, 0x00, 0x08, 0x30, 0x70, 0xE1, 0xC3, 0x87, 0x0E, 0x1C, 0x38, 0x71, 0xB1,
    0xCE, 0xF7, 0x70, 0xDD, 0x00, 0x70, 0x00, 0x07, 0xFF, 0x18, 0x00, 0x60, 0x01, 0x80, 0x07, 0xFF,
    0x0F, 0xF8, 0x00, 0x08, 0x38, 0x70, 0xE1, 0xC3, 0x87, 0x0E, 0x1C, 0x7C, 0x73, 0xB9, 0xDC, 0x77,
    0x60, 0xDC, 0x00, 0x21, 0xFF, 0xC0, 0x07, 0x00, 0x1C, 0x7F, 0xF1, 0x80, 0x07, 0xFF, 0x00, 0x00,
    0x00, 0x08, 0x1C, 0x38, 0x38, 0x70, 0x70, 0xE0, 0xE1, 0xC3, 0xE3, 0x8E, 0xE7, 0x38, 0xEE, 0x60,
    0xDC, 0x00, 0x60, 0xFC, 0xC0, 0x1F, 0xF0, 0x37, 0x87, 0xFF, 0x8C, 0x33, 0x1F, 0xFE, 0x00, 0x78,
    0x00, 0x08, 0x30, 0x70, 0xE1, 0xC3, 0x87, 0x0E, 0x1C, 0x38, 0x71, 0xB1, 0xCE, 0xF7, 0x70, 0xDD,
    0x00, 0x70, 0x00, 0x07, 0xFF, 0x18, 0x1C, 0x60, 0x71, 0x81, 0xC7, 0xFF, 0x0F, 0xF8, 0x00, 0x08,
    0x38, 0x70, 0xE1, 0xC3, 0x87, 0x0E, 0x1C, 0x7C, 0x73, 0xB9, 0xDC, 0x77, 0x60, 0xDC, 0x00, 0x21,
    0x81, 0xC6, 0x07, 0x1F, 0xFC, 0x60, 0x71, 0x81, 0xC7, 0xFF, 0x0F, 0xF8, 0x04, 0x1C, 0x1C, 0x38,
    0x38, 0x70, 0x70, 0xE0, 0xE1, 0xC3, 0x63, 0x8E, 0xF7, 0x38, 0xEE, 0x40, 0x1C, 0x03, 0x38, 0x07,
    0x20, 0x0E, 0x00, 0x7E, 0x03, 0xCF, 0x8F, 0x07, 0x00, 0x00, 0x00, 0x08, 0x30, 0x70, 0xE1, 0xC3,
    0x87, 0x0E, 0x1C, 0x38, 0x71, 0xB1, 0xCE, 0xE7, 0x71, 0xDD, 0x81, 0x70, 0x00, 0x83, 0xFC, 0x1E,
    0x38, 0x60, 0x71, 0x81, 0x87, 0xDE, 0x0F, 0xF0, 0x00, 0x08, 0x30, 0x70, 0xE1, 0xC3, 0x87, 0x0E,
    0x1C, 0x38, 0x71, 0xB1, 0xCE, 0xF7, 0x70, 0xDD, 0x00, 0x70, 0x00, 0x07, 0xFF, 0x06, 0x70, 0x19,
    0xC0, 0x67, 0x07, 0xFF, 0x1F, 0xF8, 0x00, 0x18, 0x00, 0x30, 0x66, 0x60, 0xCC, 0xC1, 0x99, 0x83,
    0x33, 0x0E, 0x67, 0x9C, 0xCF, 0x3B, 0x98, 0x77, 0xB1, 0xBF, 0x67, 0x77, 0xC4, 0x67, 0x80, 0x03,
    0x00, 0x06, 0x00, 0x0C, 0x00, 0x18, 0x00, 0x18, 0x33, 0x30, 0x66, 0x60, 0xCC, 0xC1, 0x99, 0xC7,
    0x73, 0xCE, 0xF6, 0x37, 0xFC, 0x6E, 0x78, 0x08, 0x30, 0x00, 0x61, 0xFF, 0xC0, 0x01, 0x80, 0x03,
    0x00, 0x06, 0x00, 0x0C, 0x00, 0x18, 0x00, 0x18, 0x33, 0x30, 0x66, 0x60, 0xCC, 0xC1, 0x99, 0x87,
    0x33, 0xCE, 0xF6, 0x37, 0xEC, 0x6E, 0x78, 0x88, 0x30, 0x78, 0xC1, 0xF1, 0x80, 0x63, 0x00, 0xCE,
    0x01, 0xBE, 0x03, 0xEE, 0x07, 0x8C, 0x00, 0x18, 0x33, 0x30, 0x66, 0x60, 0xCC, 0xC1, 0x99, 0x87,
    0x33, 0xCE, 0xF7, 0xB7, 0xEC, 0x6E, 0x78, 0x88, 0x30, 0x00, 0x60, 0xC0, 0xC1, 0x80, 0x83, 0x00,
    0x06, 0x00, 0x0F, 0xFE, 0x1F, 0xF8, 0x00, 0x18, 0x33, 0x30, 0x66, 0x60, 0xCC, 0xC3, 0xB9, 0xE7,
    0x7B, 0xDB, 0xFE, 0x37, 0x3C, 0x04, 0x18, 0x00, 0x30, 0x7F, 0xE0, 0x00, 0xC1, 0xFF, 0x83, 0x00,
    0x06, 0x00, 0x0F, 0xFE, 0x00, 0x00, 0x00, 0x18, 0x33, 0x30, 0x66, 0x60, 0xCC, 0xC1, 0x99, 0xC7,
    0x73, 0xCE, 0xF6, 0x37, 0xFC, 0x6E, 0x78, 0x00, 0x30, 0x00, 0x60, 0xFF, 0xC1, 0x81, 0x83, 0x03,
    0x06, 0x06, 0x0F, 0xFC, 0x1F, 0xF0, 0x00, 0x18, 0x33, 0x30, 0x66, 0x60, 0xCC, 0xC3, 0x99, 0xE7,
    0x7B, 0x9B, 0xF6, 0x37, 0x3C, 0x44, 0x78, 0x00, 0x10, 0x60, 0x60, 0xC0, 0xC1, 0xFF, 0x83, 0x03,
    0x06, 0x06, 0x0F, 0xFC, 0x1F, 0xF0, 0x00, 0x18, 0x33, 0x30, 0x66, 0x60, 0xCC, 0xC1, 0x99, 0xC7,
    0x73, 0xCE, 0xF6, 0x37, 0xFC, 0x6E, 0x78, 0x08, 0x30, 0x10, 0xC0, 0x61, 0x80, 0xC3, 0x01, 0xCE,
    0x07, 0xFE, 0x39, 0xE7, 0x21, 0x84, 0x00, 0x18, 0x33, 0x30, 0x66, 0x60, 0xCC, 0xC3, 0x99, 0xC7,
    0x73, 0xCE, 0xF6, 0x37, 0xFC, 0x6E, 0x78, 0x08, 0x30, 0x00, 0x60, 0x7F, 0x81, 0xE7, 0x83, 0x03,
    0x06, 0x06, 0x0F, 0xFC, 0x0F, 0xF0, 0x00, 0x18, 0x33, 0x30, 0x66, 0x61, 0xCC, 0xC3, 0xB9, 0xE7,
    0xFB, 0x9B, 0xFE, 0x33, 0x3C, 0x01, 0x98, 0x03, 0x00, 0xFF, 0xF0, 0x00, 0x00, 0x7F, 0x01, 0xCF,
    0x07, 0x06, 0x07, 0x3C, 0x0F, 0xF0, 0x00, 0x2C, 0x01, 0xB3, 0x36, 0xCC, 0xDB, 0x33, 0x6C, 0xCD,
    0xB3, 0x36, 0xCC, 0xDF, 0x3F, 0x7D, 0xFF, 0xB7, 0xFE, 0xF3, 0x3B, 0x00, 0x6C, 0x01, 0xB0, 0x06,
    0xC0, 0x1B, 0x00, 0x0C, 0x00, 0x2C, 0xC9, 0xB3, 0x36, 0xCC, 0xDB, 0x33, 0x7C, 0xDD, 0xF3, 0xF6,
    0xDF, 0xFB, 0xFD, 0xED, 0x33, 0xB0, 0x00, 0x47, 0xFF, 0x00, 0x0C, 0x00, 0x30, 0x00, 0xC0, 0x03,
    0x00, 0x0C, 0x00, 0x0C, 0x00, 0xD8, 0xCD, 0xB1, 0x9B, 0x63, 0x36, 0xC6, 0x6D, 0x8D, 0xDF, 0x3F,
    0xB6, 0x7F, 0xED, 0x99, 0xD8, 0x01, 0xB0, 0xC3, 0x61, 0x82, 0xC3, 0x00, 0x06, 0x00, 0x0F, 0xFF,
    0x0F, 0xFC, 0x00, 0x2C, 0x66, 0xD8, 0xCD, 0xB1, 0x9B, 0x63, 0x77, 0xC7, 0xEF, 0x9F, 0xFB, 0x7E,
    0xF6, 0x4C, 0xEC, 0x00, 0x58, 0x7F, 0xF0, 0x00, 0x60, 0x00, 0xC3, 0xFF, 0x86, 0x00, 0x0F, 0xFF,
    0x00, 0x00, 0x00, 0x2C, 0xCD, 0xB3, 0x36, 0xCC, 0xDB, 0x33, 0x7C, 0xDD, 0xF7, 0xF6, 0xDF, 0xFB,
    0xED, 0xEC, 0x21, 0xB0, 0x02, 0xC7, 0xFF, 0x18, 0x0C, 0x60, 0x31, 0x80, 0xC7, 0xFF, 0x0F, 0xF8,
    0x00, 0x6C, 0xCD, 0xB3, 0x36, 0xCC, 0xDB, 0x37, 0x7C, 0xFD, 0xF7, 0xFE, 0xFF, 0x7B, 0x4C, 0xEC,
    0x00, 0x01, 0x80, 0xC6, 0x03, 0x1F, 0xFC, 0x60, 0x31, 0x80, 0xC7, 0xFF, 0x0F, 0xF8, 0x00, 0x2C,
    0x66, 0xD8, 0xCD, 0xB1, 0x9B, 0x63, 0x37, 0xC6, 0xEF, 0x9F, 0xDB, 0x3F, 0xF6, 0xCD, 0xEC, 0x10,
    0xD8, 0x10, 0xC0, 0x71, 0x80, 0xE3, 0x01, 0xCF, 0x07, 0xDF, 0x1D, 0xE7, 0x21, 0x86, 0x00, 0x2C,
    0xC9, 0xB3, 0x36, 0xCC, 0xDB, 0x33, 0x7C, 0xDD, 0xF3, 0xF6, 0xDF, 0xFB, 0xFD, 0xED, 0x33, 0xB0,
    0x02, 0xC1, 0xFE, 0x1E, 0x3C, 0x60, 0x31, 0x80, 0xC3, 0xDF, 0x07, 0xF8, 0x00, 0x18, 0x33, 0x30,
    0x66, 0x60, 0xCC, 0xF3, 0x99, 0xC7, 0x73, 0x0E, 0xF7, 0x37, 0xFF, 0x6E, 0x78, 0x08, 0x30, 0x00,
    0x60, 0x7F, 0x81, 0xE7, 0x83, 0x03, 0x06, 0x06, 0x0F, 0xFC, 0x0F, 0xF0, 0x00, 0x0C, 0x44, 0x31,
    0x98, 0xC6, 0x63, 0x19, 0x8C, 0x66, 0x33, 0x9F, 0xCE, 0x6F, 0x3B, 0x8C, 0xEF, 0x36, 0xFC, 0xFB,
    0xBB, 0x44, 0x6C, 0x00, 0x30, 0x00, 0xC0, 0x03, 0x00, 0x0C, 0x00, 0x0C, 0x66, 0x31, 0x98, 0xC6,
    0x63, 0x39, 0xFC, 0xEE, 0xF3, 0xBC, 0xDB, 0xFB, 0x66, 0x6C, 0x10, 0x30, 0x00, 0x87, 0xFF, 0x00,
    0x0C, 0x00, 0x30, 0x00, 0xC0, 0x03, 0x00, 0x0C, 0x00, 0x0C, 0x66, 0x31, 0x98, 0xC6, 0x63, 0x19,
    0xFC, 0xE6, 0xF3, 0xBC, 0xDB, 0xF3, 0x6E, 0x6D, 0x11, 0xB0, 0x00, 0xC6, 0x03, 0x18, 0x08, 0x60,
    0x01, 0x80, 0x07, 0xFF, 0x0F, 0xF8, 0x00, 0x0C, 0x66, 0x31, 0x98, 0xC6, 0x63, 0x39, 0xFC, 0xEF,
    0x37, 0xFC, 0xDB, 0x9B, 0x44, 0x2C, 0x00, 0x21, 0xFF, 0xC0, 0x03, 0x1F, 0xFC, 0x60, 0x01, 0x80,
    0x07, 0xFF, 0x00, 0x00, 0x00, 0x0C, 0x66, 0x31, 0x98, 0xC6, 0x63, 0x39, 0xFC, 0xEF, 0x37, 0xFC,
    0xDB, 0x9B, 0x44, 0x0C, 0x00, 0x33, 0xFF, 0xC0, 0xF3, 0x03, 0xCC, 0xFF, 0x33, 0x0C, 0xCF, 0xFF,
    0x00, 0x00, 0x00, 0x0C, 0x66, 0x31, 0x98, 0xC6, 0x63, 0x39, 0xFC, 0xEE, 0xF3, 0xFC, 0xDB, 0xFB,
    0x66, 0x6C, 0x00, 0x30, 0x00, 0x87, 0xFF, 0x18, 0x0C, 0x60, 0x31, 0x80, 0xC7, 0xFF, 0x00, 0x00,
    0x00, 0x0C, 0x66, 0x31, 0x98, 0xC6, 0x63, 0x39, 0xFC, 0xEE, 0x37, 0xFC, 0xDB, 0xBB, 0x46, 0x6C,
    0x00, 0x21, 0x80, 0xC6, 0x03, 0x1F, 0xFC, 0x60, 0x31, 0x80, 0xC7, 0xFF, 0x0F, 0xF8, 0x00, 0x0C,
    0x33, 0x18, 0x66, 0x30, 0xCC, 0x63, 0x9F, 0xC7, 0x71, 0x8F, 0xF3, 0x37, 0xF6, 0x46, 0x6C, 0x00,
    0x18, 0x30, 0xC0, 0x61, 0x80, 0xE3, 0x01, 0xCF, 0x07, 0xFF, 0x39, 0xE7, 0x21, 0x84, 0x00, 0x0C,
    0x66, 0x31, 0x98, 0xC6, 0x63, 0x39, 0xFC, 0xEE, 0xF3, 0xBC, 0xDB, 0xFB, 0x6E, 0x6C, 0x10, 0x30,
    0x00, 0xC3, 0xFC, 0x1E, 0x38, 0x60, 0x31, 0x80, 0xC7, 0xFE, 0x0F, 0xF0, 0x00, 0x2C, 0x01, 0xF3,
    0x37, 0xCC, 0xDF, 0x33, 0x7C, 0xCD, 0xF3, 0x3F, 0xCC, 0xFF, 0x3F, 0x7D, 0xFF, 0xF7, 0xFF, 0xF3,
    0x7F, 0x00, 0x7C, 0x01, 0xF0, 0x07, 0xC0, 0x1F, 0x00, 0x0C, 0x00, 0x2C, 0x00, 0x78, 0xCC, 0xF1,
    0x99, 0xE3, 0x3F, 0xC6, 0x7F, 0x8D, 0xCF, 0x3F, 0x9E, 0xFF, 0xFC, 0x99, 0xF8, 0x00, 0xF0, 0xC1,
    0xE1, 0x82, 0xC3, 0x00, 0x06, 0x00, 0x0F, 0xFF, 0x0F, 0xFC, 0x00, 0x0C, 0x66, 0x78, 0xCC, 0xF1,
    0x9B, 0xE3, 0x3F, 0xC6, 0xE7, 0x9F, 0xEF, 0x7E, 0xFE, 0x4C, 0xFC, 0x00, 0x58, 0x7F, 0xF0, 0x00,
    0x60, 0x00, 0xC3, 0xFF, 0x86, 0x00, 0x0F, 0xFF, 0x00, 0x00, 0x00, 0x2C, 0x24, 0x78, 0xCC, 0xF1,
    0x9F, 0xE3, 0x37, 0xC6, 0x6F, 0x8F, 0xFF, 0x3F, 0x9E, 0x7F, 0xFD, 0x99, 0xF8, 0x00, 0xF0, 0xC1,
    0xE1, 0x80, 0xC3, 0x00, 0x06, 0x00, 0x0F, 0xFF, 0x0F, 0xFC, 0x08, 0x20, 0x18, 0x60, 0x30, 0xC0,
    0xE3, 0x81, 0xC7, 0x03, 0xCF, 0x0D, 0xF6, 0x39, 0xE6, 0x41, 0x04, 0x03, 0x00, 0x06, 0x00, 0x0C,
    0x07, 0xFF, 0xDF, 0xFF, 0xC0, 0x08, 0x20, 0x18, 0xE0, 0x31, 0xC0, 0xE3, 0x81, 0xEF, 0x8E, 0xFB,
    0x98, 0xE3, 0x00, 0xC0, 0x03, 0x81, 0xFF, 0xFC, 0x00, 0x00, 0x00, 0x03, 0xFF, 0x80, 0x03, 0x00,
    0x06, 0x00, 0x0C, 0x00, 0x18, 0x00, 0x00, 0x18, 0xE0, 0x31, 0xC0, 0xE3, 0x81, 0xEF, 0x8E, 0xFB,
    0x98, 0xE3, 0x00, 0xC0, 0x01, 0x81, 0xFF, 0xFD, 0xFF, 0xF1, 0x80, 0x03, 0x00, 0x06, 0x00, 0x0C,
    0x00, 0x1F, 0xFC, 0x1F, 0xF8, 0x08, 0x20, 0x18, 0xE0, 0x31, 0xC0, 0xE3, 0x81, 0xEF, 0x8E, 0xFB,
    0x98, 0xE3, 0x00, 0xC0, 0x03, 0x81, 0xFF, 0xFC, 0x00, 0x01, 0xFF, 0xC3, 0xFF, 0x06, 0x00, 0x0C,
    0x00, 0x1F, 0xFC, 0x1F, 0xF8, 0x0C, 0x20, 0x18, 0xE0, 0x71, 0xC0, 0xF3, 0x83, 0xFD, 0x8E, 0x7B,
    0x80, 0x61, 0x01, 0xC0, 0xFF, 0xFE, 0x00, 0x00, 0xFF, 0xE0, 0x00, 0xC0, 0x01, 0x87, 0xFF, 0x0C,
    0x00, 0x1F, 0xFE, 0x00, 0x00, 0x08, 0x20, 0x18, 0xE0, 0x71, 0xC0, 0xF3, 0x83, 0xFD, 0x8E, 0x73,
    0x80, 0x61, 0x01, 0xC0, 0xFF, 0xFE, 0x00, 0x00, 0xFB, 0xE0, 0x36, 0xC0, 0x6D, 0x87, 0xDB, 0x0C,
    0x36, 0x1F, 0xEC, 0x00, 0xF8, 0x08, 0x20, 0x18, 0xE0, 0x31, 0xC0, 0xE3, 0x83, 0xFD, 0x8E, 0x7B,
    0x80, 0x61, 0x00, 0xC0, 0xFF, 0xFE, 0xFF, 0xF8, 0x00, 0x01, 0xFF, 0xC3, 0x01, 0x86, 0x03, 0x0C,
    0x06, 0x1F, 0xFC, 0x00, 0x00, 0x08, 0x20, 0x18, 0xE0, 0x31, 0xC0, 0xF3, 0x83, 0xFD, 0x8E, 0x7B,
    0x90, 0x61, 0x00, 0xC0, 0xFF, 0xFE, 0xFF, 0xF8, 0xC0, 0x61, 0x80, 0xC3, 0xFF, 0x86, 0x03, 0x0C,
    0x06, 0x1F, 0xFC, 0x00, 0x00, 0x08, 0x20, 0x18, 0xE0, 0x31, 0xC0, 0xE3, 0x81, 0xEF, 0x8E, 0xFB,
    0x98, 0xE3, 0x00, 0xC0, 0x03, 0x81, 0xFF, 0xFC, 0x00, 0x00, 0x7F, 0x81, 0xEF, 0x86, 0x03, 0x0C,
    0x06, 0x0F, 0x7C, 0x0F, 0xF0, 0x00, 0x18, 0x22, 0x30, 0x66, 0x60, 0xCC, 0xC3, 0xB9, 0x87, 0x73,
    0x1F, 0xF6, 0x77, 0x7F, 0x44, 0x7C, 0x0C, 0x30, 0x18, 0x60, 0x3F, 0xCF, 0xFF, 0x8E, 0x03, 0x00,
    0x06, 0x00, 0x0C, 0x00, 0x18, 0x00, 0x18, 0x33, 0x30, 0x66, 0x61, 0xDC, 0xC3, 0xFD, 0x8D, 0xDF,
    0xD9, 0x97, 0x03, 0x0C, 0x7F, 0xF9, 0xFF, 0xF0, 0x00, 0x60, 0x00, 0x03, 0xFF, 0x80, 0x03, 0x00,
    0x06, 0x00, 0x0C, 0x00, 0x18, 0x00, 0x18, 0x33, 0x30, 0x66, 0x60, 0xCC, 0xC3, 0xB9, 0x87, 0xFB,
    0x1B, 0xBF, 0xA3, 0x2E, 0x07, 0xF9, 0xFF, 0xF1, 0x00, 0x60, 0xC0, 0xC1, 0x81, 0x83, 0x00, 0x06,
    0x00, 0x0F, 0xFE, 0x1F, 0xF8, 0x00, 0x18, 0x33, 0x30, 0x66, 0x61, 0xDC, 0xC3, 0xFD, 0xCD, 0xDF,
    0xD9, 0x96, 0x03, 0x0C, 0x3F, 0xF9, 0xFF, 0xF0, 0x00, 0x60, 0x61, 0x80, 0xC7, 0x03, 0xCE, 0x07,
    0xBE, 0x39, 0xEE, 0x21, 0x84, 0x00, 0x2C, 0x49, 0xB3, 0x26, 0xCD, 0xDB, 0x37, 0x6C, 0xDD, 0xB7,
    0xF6, 0xFF, 0x7F, 0x4C, 0xFC, 0x31, 0xB0, 0xC6, 0xC3, 0xFB, 0xFF, 0xED, 0xC1, 0xB0, 0x06, 0xC0,
    0x1B, 0x00, 0x0C, 0x00, 0x2C, 0x64, 0xD8, 0xDD, 0xB1, 0xBB, 0x63, 0xF6, 0xCF, 0xFF, 0x93, 0x7B,
    0x06, 0x36, 0x1F, 0xED, 0xFF, 0xD8, 0x01, 0xB0, 0x61, 0x80, 0xC3, 0x01, 0xCF, 0x07, 0xDF, 0x3D,
    0xE7, 0x21, 0x84, 0x00, 0x0C, 0x66, 0x31, 0x98, 0xC6, 0x63, 0x19, 0x8C, 0xE6, 0x33, 0xFC, 0xDB,
    0xFB, 0x66, 0x6C, 0x18, 0x30, 0x60, 0xC1, 0xFB, 0x7F, 0xFD, 0xC0, 0x30, 0x00, 0xC0, 0x03, 0x00,
    0x0C, 0x00, 0x08, 0x66, 0x71, 0x99, 0xC6, 0x67, 0x3F, 0xDD, 0xFF, 0x76, 0x67, 0xC1, 0x87, 0x07,
    0xFF, 0xFF, 0xF4, 0x01, 0xC6, 0x07, 0x18, 0x08, 0x60, 0x01, 0x80, 0x07, 0xFF, 0x0F, 0xF8, 0x00,
    0x08, 0x66, 0x71, 0x99, 0xCF, 0xF7, 0x3F, 0xDD, 0x99, 0xF0, 0x61, 0xC3, 0xFF, 0xFF, 0xFC, 0x00,
    0x21, 0xFF, 0xC0, 0x07, 0x00, 0x1C, 0x7F, 0xF1, 0x80, 0x07, 0xFF, 0x00, 0x00, 0x00, 0x08, 0x66,
    0x71, 0x99, 0xC6, 0x67, 0x3F, 0xDD, 0xFF, 0xF6, 0x67, 0xC1, 0x87, 0x3F, 0xFD, 0xFF, 0xF0, 0x00,
    0x87, 0xFF, 0x18, 0x1C, 0x60, 0x71, 0x81, 0xC7, 0xFF, 0x0F, 0xF8, 0x00, 0x08, 0x66, 0x71, 0x99,
    0xC6, 0x67, 0x3F, 0xDD, 0xFF, 0xF4, 0x61, 0xC1, 0xFF, 0xFF, 0xFD, 0x00, 0x21, 0x81, 0xC6, 0x07,
    0x1F, 0xFC, 0x60, 0x71, 0x81, 0xC7, 0xFF, 0x0F, 0xF8, 0x08, 0x20, 0x18, 0x60, 0x30, 0xC0, 0xE3,
    0x81, 0xC7, 0x03, 0xCF, 0x0D, 0xB6, 0x39, 0xE6, 0x41, 0x84, 0x18, 0xC0, 0x31, 0x80, 0x63, 0x07,
    0xFF, 0xDF, 0xFF, 0xC0, 0x0C, 0x70, 0x18, 0xE0, 0x31, 0xC0, 0xE3, 0x81, 0xEF, 0x8E, 0xFB, 0x98,
    0xE3, 0x00, 0x00, 0x00, 0x01, 0xFF, 0xFC, 0x06, 0x00, 0x0C, 0x00, 0x18, 0x00, 0x30, 0x00, 0x60,
    0x00, 0xC0, 0x08, 0x20, 0x18, 0xE0, 0x31, 0xC0, 0xE3, 0x83, 0xEF, 0x8E, 0xFB, 0x98, 0xE3, 0x00,
    0x00, 0xFF, 0xFE, 0xFF, 0xF8, 0x06, 0x00, 0x1C, 0x03, 0xFF, 0x80, 0x03, 0x00, 0x06, 0x00, 0x0C,
    0x00, 0x18, 0x00, 0x00, 0x18, 0xE0, 0x31, 0xC0, 0xE3, 0x81, 0xC7, 0x07, 0xDB, 0x1D, 0xF7, 0x30,
    0xC2, 0x00, 0x01, 0xFF, 0xFC, 0x06, 0x01, 0x8C, 0x03, 0x18, 0x06, 0x00, 0x0C, 0x00, 0x1F, 0xFC,
    0x1F, 0xF8, 0x0C, 0x20, 0x18, 0xE0, 0x71, 0xC0, 0xF3, 0x87, 0x7D, 0xCC, 0x71, 0x80, 0x00, 0x7F,
    0xFF, 0x7F, 0xFC, 0x03, 0x00, 0xFF, 0xE0, 0x00, 0xC0, 0x01, 0x87, 0xFF, 0x0C, 0x00, 0x1F, 0xFE,
    0x00, 0x00, 0x08, 0x20, 0x18, 0xE0, 0x31, 0xC0, 0xE3, 0x83, 0xEF, 0x8E, 0xFB, 0x98, 0xE3, 0x00,
    0x00, 0xFF, 0xFE, 0x07, 0x00, 0x06, 0x01, 0xFF, 0xC3, 0x01, 0x86, 0x03, 0x0C, 0x06, 0x1F, 0xFC,
    0x1F, 0xF0, 0x08, 0x20, 0x18, 0xE0, 0x31, 0xC0, 0xE3, 0x83, 0xEF, 0x8E, 0xFB, 0x98, 0xE3, 0x00,
    0x00, 0xFF, 0xFE, 0x03, 0x00, 0xC6, 0x61, 0x88, 0xC3, 0xFF, 0x86, 0x03, 0x0C, 0x06, 0x1F, 0xFC,
    0x00, 0x00, 0x08, 0x20, 0x18, 0xE0, 0x31, 0xC0, 0xE3, 0x83, 0xEF, 0x8E, 0xFB, 0x98, 0xE3, 0x00,
    0x00, 0xFF, 0xFE, 0xFF, 0xF8, 0x06, 0x00, 0x7F, 0x81, 0xEF, 0x86, 0x03, 0x0C, 0x06, 0x0F, 0x7C,
    0x0F, 0xF0, 0x00, 0x0C, 0x66, 0x31, 0x98, 0xC6, 0x63, 0x39, 0x8C, 0xFF, 0x36, 0xF6, 0xD1, 0x8B,
    0x03, 0xEF, 0xFF, 0xB7, 0x60, 0xC1, 0x87, 0x06, 0xFC, 0x18, 0x30, 0x60, 0xC1, 0x83, 0x06, 0x0C,
    0x00, 0x08, 0x33, 0x38, 0x66, 0x71, 0xDC, 0xE7, 0xFD, 0xCD, 0xDF, 0x81, 0xFF, 0x7F, 0xFE, 0x0E,
    0x1C, 0x0D, 0xF8, 0x18, 0x70, 0x61, 0x80, 0xC3, 0x01, 0xCE, 0x07, 0xBE, 0x39, 0xE7, 0x21, 0x84,
    0x00, 0x2C, 0xC9, 0xB3, 0x36, 0xCC, 0xDB, 0x37, 0x6D, 0xFD, 0xBF, 0xDE, 0xD3, 0x3B, 0x07, 0xEF,
    0xFF, 0xB0, 0xC6, 0xC3, 0xFB, 0x0C, 0x6C, 0x31, 0xB0, 0xC6, 0xC3, 0x1B, 0x00, 0x0C, 0x00, 0x08,
    0x66, 0x71, 0x99, 0xC6, 0x67, 0x39, 0x9D, 0xFF, 0x76, 0xF7, 0xC1, 0x07, 0x01, 0xFF, 0xFF, 0xF7,
    0xE1, 0xC1, 0x87, 0x06, 0x1C, 0x18, 0x70, 0x61, 0xC1, 0x87, 0x04, 0x0C, 0x00, 0x08, 0x66, 0x71,
    0x99, 0xC6, 0x67, 0x19, 0xDC, 0xFF, 0x77, 0xF7, 0xD9, 0x8F, 0x7F, 0xFD, 0xFF, 0xF0, 0x61, 0xC1,
    0x87, 0x1E, 0x1C, 0x60, 0x01, 0x80, 0x07, 0xFF, 0x1F, 0xF8, 0x08, 0x20, 0x18, 0xE0, 0x31, 0xC0,
    0xE3, 0x83, 0xEF, 0x8E, 0xFB, 0x98, 0xE3, 0x00, 0x00, 0xFF, 0xFE, 0x18, 0xE0, 0x31, 0x80, 0x7F,
    0x81, 0xEF, 0x86, 0x03, 0x0C, 0x06, 0x0F, 0x7C, 0x0F, 0xF0, 0x08, 0x20, 0x18, 0x60, 0x30, 0xC0,
    0xE3, 0x81, 0xC7, 0x03, 0xCE, 0x0D, 0xB6, 0x39, 0xE6, 0x41, 0x84, 0x00, 0x00, 0x00, 0x00, 0x00,
    0x0F, 0xFF, 0xEF, 0xFF, 0x80, 0x08, 0x20, 0x18, 0xE0, 0x31, 0xC0, 0xE3, 0x83, 0xEF, 0x8E, 0xFB,
    0x98, 0xE3, 0x00, 0x00, 0xFF, 0xFE, 0xFF, 0xF8, 0x00, 0x01, 0xFF, 0xC1, 0xFF, 0x80, 0x03, 0x00,
    0x06, 0x00, 0x0C, 0x00, 0x18, 0x0C, 0x70, 0x18, 0xE0, 0x71, 0xC0, 0xE3, 0x83, 0xED, 0x8E, 0xFB,
    0x90, 0x61, 0x00, 0x00, 0xFF, 0xFE, 0x00, 0x00, 0xC0, 0x01, 0x80, 0x03, 0x00, 0x06, 0x00, 0x0F,
    0xFE, 0x0F, 0xFC, 0x0C, 0x20, 0x18, 0xE0, 0x71, 0xC0, 0xF3, 0x87, 0x7D, 0xCC, 0x71, 0x80, 0x00,
    0x7F, 0xFF, 0x00, 0x00, 0x00, 0x00, 0xFF, 0xE0, 0x00, 0xC0, 0x01, 0x87, 0xFF, 0x0C, 0x00, 0x1F,
    0xFE, 0x00, 0x00, 0x08, 0x20, 0x18, 0xE0, 0x31, 0xC0, 0xE3, 0x83, 0xEF, 0x8E, 0xFB, 0x98, 0x63,
    0x00, 0x00, 0xFF, 0xFE, 0x00, 0x00, 0xFB, 0xE0, 0x36, 0xC0, 0x6D, 0x87, 0xDB, 0x0C, 0x36, 0x1F,
    0xEC, 0x00, 0xF8, 0x0C, 0x20, 0x18, 0xE0, 0x71, 0xC0, 0xF3, 0x87, 0x7D, 0xCC, 0x71, 0x80, 0x00,
    0x7F, 0xFF, 0x00, 0x00, 0x00, 0x60, 0xF8, 0xC0, 0x3F, 0xE0, 0x67, 0x87, 0xDB, 0x0C, 0x33, 0x1F,
    0xEC, 0x00, 0x78, 0x08, 0x20, 0x18, 0xE0, 0x31, 0xC0, 0xE3, 0x83, 0xEF, 0x8E, 0xFB, 0x98, 0xE3,
    0x00, 0x00, 0xFF, 0xFE, 0xFF, 0xF8, 0x00, 0x01, 0xFF, 0xC3, 0x01, 0x86, 0x03, 0x0C, 0x06, 0x1F,
    0xFC, 0x1F, 0xF0, 0x08, 0x20, 0x18, 0xE0, 0x31, 0xC0, 0xE3, 0x83, 0xEF, 0x8E, 0xFB, 0x98, 0x63,
    0x00, 0x00, 0xFF, 0xFE, 0x00, 0x00, 0xC0, 0x61, 0x80, 0xC3, 0xFF, 0x86, 0x03, 0x0C, 0x06, 0x1F,
    0xFC, 0x00, 0x00, 0x00, 0x0C, 0x00, 0x31, 0x98, 0xC6, 0x63, 0x19, 0x8C, 0xE6, 0x33, 0xBC, 0xDF,
    0xFB, 0x6E, 0x6D, 0x10, 0xB0, 0x00, 0xC0, 0xFB, 0x7F, 0xFD, 0xC0, 0x30, 0x00, 0xC0, 0x03, 0x00,
    0x0C, 0x00, 0x08, 0x66, 0x71, 0x99, 0xC6, 0x67, 0x19, 0x9C, 0xFF, 0x77, 0xFF, 0xD9, 0x9F, 0x03,
    0xFF, 0xFF, 0xF4, 0x01, 0xC6, 0x07, 0x18, 0x08, 0x60, 0x01, 0x80, 0x07, 0xFF, 0x0F, 0xF8, 0x00,
    0x08, 0x66, 0x71, 0x99, 0xC6, 0x67, 0x3F, 0xDD, 0xFF, 0xF4, 0x67, 0xC7, 0xFF, 0xFF, 0xFC, 0x00,
    0x21, 0xFF, 0xC0, 0x07, 0x00, 0x1C, 0x7F, 0xF1, 0x80, 0x07, 0xFF, 0x00, 0x00, 0x00, 0x08, 0x66,
    0x71, 0x99, 0xC6, 0x67, 0x3F, 0xDC, 0xFF, 0x76, 0xF7, 0xC1, 0x87, 0x1F, 0xFD, 0xFF, 0xF0, 0x00,
    0x87, 0xFF, 0x18, 0x1C, 0x60, 0x71, 0x81, 0xC7, 0xFF, 0x0F, 0xF8, 0x00, 0x0C, 0x66, 0x31, 0x98,
    0xC6, 0x63, 0x19, 0x8C, 0x66, 0x33, 0x98, 0xCE, 0x63, 0x3B, 0xCD, 0xBF, 0x3E, 0xE6, 0xD1, 0x1B,
    0x00, 0x0C, 0x00, 0x30, 0x00, 0xC0, 0x00, 0x00, 0x0C, 0x66, 0x31, 0x98, 0xC6, 0x63, 0x19, 0x8C,
    0xE6, 0x33, 0xFC, 0xDB, 0xFB, 0x66, 0x6C, 0x00, 0x30, 0x00, 0x87, 0xFF, 0x00, 0x0C, 0x00, 0x30,
    0x00, 0xC0, 0x03, 0x00, 0x0C, 0x00, 0x0C, 0x66, 0x31, 0x98, 0xC6, 0x63, 0x19, 0x8C, 0xE6, 0x33,
    0xBC, 0xDF, 0xF3, 0x6E, 0xED, 0x19, 0xB0, 0x00, 0xC6, 0x03, 0x18, 0x08, 0x60, 0x01, 0x80, 0x07,
    0xFF, 0x0F, 0xF8, 0x00, 0x0C, 0x66, 0x31, 0x98, 0xC6, 0x63, 0x39, 0x8C, 0xEF, 0x36, 0xFE, 0xDB,
    0x9B, 0x44, 0x2C, 0x00, 0x21, 0xFF, 0xC0, 0x03, 0x1F, 0xFC, 0x60, 0x01, 0x80, 0x06, 0x00, 0x1F,
    0xFC, 0x00, 0x0C, 0x66, 0x31, 0x98, 0xC6, 0x63, 0x39, 0x8C, 0xEE, 0x33, 0xFC, 0xDB, 0xFB, 0x66,
    0x6C, 0x00, 0x30, 0x00, 0x87, 0xFF, 0x18, 0x0C, 0x60, 0x31, 0x80, 0xC7, 0xFF, 0x0F, 0xF8, 0x00,
    0x0C, 0x66, 0x31, 0x98, 0xC6, 0x63, 0x39, 0x8C, 0xEF, 0x37, 0xFC, 0xDB, 0xBB, 0x46, 0x6C, 0x00,
    0x21, 0x80, 0xC6, 0x03, 0x1F, 0xFC, 0x60, 0x31, 0x80, 0xC7, 0xFF, 0x0F, 0xF8, 0x00, 0x0C, 0x33,
    0x18, 0x66, 0x30, 0xCC, 0x63, 0x98, 0xC7, 0x79, 0x9B, 0xFB, 0x33, 0x36, 0x00, 0x0C, 0x03, 0x18,
    0x07, 0x30, 0x0E, 0x00, 0x3E, 0x03, 0xC7, 0x87, 0x07, 0x00, 0x00, 0x00, 0x0C, 0x66, 0x31, 0x98,
    0xC6, 0x63, 0x19, 0x8C, 0xE6, 0x33, 0xBC, 0xDB, 0xFB, 0x6E, 0x6C, 0x10, 0x30, 0x00, 0xC3, 0xFC,
    0x1E, 0x38, 0x60, 0x71, 0x81, 0xC7, 0xFE, 0x0F, 0xF0, 0x00, 0x30, 0x40, 0xC7, 0xC3, 0x1B, 0x8C,
    0xC6, 0x33, 0x0C, 0xCC, 0x33, 0x30, 0xCF, 0xC3, 0x3F, 0x0C, 0xCC, 0x63, 0x1F, 0x8C, 0x3C, 0x30,
    0x00, 0xC0, 0x03, 0x00, 0x0C, 0x00, 0x30, 0x00, 0x30, 0x00, 0xC7, 0xE3, 0x39, 0xCC, 0xC3, 0x3B,
    0x0C, 0xFC, 0x33, 0x3F, 0xCC, 0x7E, 0x30, 0x00, 0xC0, 0x00, 0x1F, 0xFC, 0x00, 0x30, 0x00, 0xC0,
    0x03, 0x00, 0x0C, 0x00, 0x30, 0x00, 0x30, 0x00, 0xC7, 0xE3, 0x39, 0xCC, 0xC3, 0x33, 0x0C, 0xEC,
    0x33, 0xFD, 0xCC, 0x7E, 0x30, 0x60, 0xC0, 0x03, 0x0C, 0x0C, 0x30, 0x20, 0xC0, 0x03, 0x00, 0x0F,
    0xFE, 0x1F, 0xF0, 0x00, 0x31, 0xF8, 0xCF, 0xF3, 0x30, 0xCC, 0xC3, 0x3F, 0x0C, 0xEC, 0x33, 0x1F,
    0x8C, 0x7E, 0x30, 0x00, 0xC6, 0x3F, 0x98, 0x30, 0x60, 0xC1, 0x83, 0x86, 0xDE, 0x1F, 0xCE, 0x22,
    0x10, 0x00, 0x31, 0xF8, 0xC7, 0xE3, 0x30, 0xCC, 0xC3, 0x3F, 0x0C, 0xEC, 0x33, 0x3F, 0x8C, 0x7E,
    0xF0, 0x03, 0x06, 0x7F, 0x98, 0x00, 0x61, 0xF1, 0x8F, 0xC6, 0xF3, 0x1F, 0xEC, 0x21, 0xF0, 0x00,
    0x31, 0xF8, 0xCF, 0xF3, 0x30, 0xCC, 0xC3, 0x3F, 0x0C, 0xEE, 0x73, 0x1F, 0x8C, 0x00, 0x30, 0x00,
    0x03, 0xFF, 0x00, 0x0C, 0x3F, 0xF0, 0xC0, 0x03, 0x00, 0x0F, 0xFC, 0x00, 0x00, 0x00, 0x31, 0xF8,
    0xCF, 0xF3, 0x30, 0xCC, 0xC3, 0x3F, 0x0C, 0xEC, 0x33, 0x1F, 0x8C, 0x7E, 0x30, 0x00, 0xC7, 0xFF,
    0x01, 0x8C, 0x06, 0x31, 0xF8, 0xC6, 0x23, 0x1F, 0xCC, 0x00, 0x20, 0x00, 0x31, 0xF8, 0xCF, 0xF3,
    0x30, 0xCC, 0xC3, 0x3F, 0x0C, 0xEE, 0x73, 0x1F, 0x8C, 0x00, 0x30, 0x00, 0x07, 0xFF, 0x03, 0xCC,
    0x0F, 0x31, 0xFC, 0xC6, 0x33, 0x1F, 0xFC, 0x00, 0x00, 0x00, 0x31, 0xF8, 0xCF, 0xF3, 0x30, 0xCC,
    0xC3, 0x3F, 0x0C, 0xFE, 0x73, 0x1F, 0x8C, 0x00, 0x30, 0x03, 0x07, 0xCC, 0x03, 0xFE, 0x0D, 0xF1,
    0xF6, 0xC6, 0x33, 0x1F, 0xEC, 0x01, 0xF0, 0x00, 0x30, 0x00, 0xC7, 0xE3, 0x39, 0xCC, 0xC3, 0x33,
    0x0C, 0xFC, 0x33, 0x3F, 0xCC, 0x7E, 0x30, 0x00, 0xC0, 0x00, 0x0F, 0xFC, 0x30, 0x30, 0xC0, 0xC3,
    0x03, 0x0F, 0xFC, 0x3F, 0xE0, 0x00, 0x31, 0xF8, 0xCF, 0xF3, 0x30, 0xCC, 0xC3, 0x3F, 0x0C, 0xEC,
    0x33, 0x1F, 0xCC, 0x7E, 0x30, 0x00, 0xC3, 0x03, 0x0C, 0x0C, 0x3F, 0xF0, 0xC0, 0xC3, 0x03, 0x0F,
    0xFC, 0x3F, 0xE0, 0x00, 0x30, 0x00, 0xC7, 0xE3, 0x39, 0xCC, 0xC3, 0x33, 0x0C, 0xFC, 0x33, 0xB9,
    0xCC, 0x7E, 0x30, 0x00, 0xC0, 0x33, 0x00, 0xC8, 0x07, 0x80, 0x1E, 0x01, 0xCE, 0x1E, 0x1E, 0x70,
    0x38, 0x00, 0x30, 0x00, 0xC7, 0xE3, 0x3D, 0xCC, 0xC3, 0x3F, 0x0C, 0xEC, 0x33, 0x1F, 0xCC, 0x7E,
    0x30, 0x00, 0xC1, 0x86, 0x06, 0x18, 0x18, 0xE0, 0xF3, 0x87, 0xFB, 0x39, 0xE7, 0x43, 0x08, 0x00,
    0x30, 0x00, 0xC7, 0xE3, 0x39, 0xCC, 0xC3, 0x3B, 0x0C, 0xFC, 0x33, 0x3F, 0xCC, 0x7E, 0x30, 0x00,
    0xC0, 0x03, 0x07, 0xF8, 0x38, 0xF0, 0xC0, 0xC3, 0x03, 0x0F, 0xFC, 0x1F, 0xE0, 0x00, 0x31, 0xF8,
    0xCF, 0xF3, 0x30, 0xCC, 0xC3, 0x3F, 0x0C, 0xFC, 0x33, 0x1F, 0xCC, 0x7E, 0x30, 0x00, 0xC3, 0xFF,
    0x0C, 0x00, 0x30, 0x00, 0xFF, 0xC3, 0x00, 0x0F, 0xFC, 0x00, 0x00, 0x00, 0x30, 0x00, 0xC7, 0xE3,
    0x39, 0xCC, 0xC3, 0x33, 0x0C, 0xFC, 0x33, 0x3F, 0xCC, 0x7E, 0x30, 0x00, 0xC0, 0x00, 0x0F, 0xFC,
    0x0C, 0xC0, 0x33, 0x00, 0xCC, 0x1F, 0xFC, 0x3F, 0xF0, 0x00, 0x18, 0x06, 0xDE, 0x36, 0xF9, 0xBC,
    0xCD, 0xE3, 0x6F, 0x1B, 0x78, 0xDF, 0xC6, 0xFE, 0x36, 0xF3, 0x36, 0xF9, 0xB7, 0x8D, 0x80, 0x6C,
    0x03, 0x60, 0x1B, 0x00, 0x18, 0x00, 0x0C, 0x01, 0xB3, 0xE6, 0xDD, 0xDB, 0x63, 0x6D, 0x8D, 0xF6,
    0x36, 0xDD, 0xDB, 0x3E, 0x6C, 0x01, 0xB0, 0x00, 0x07, 0xFF, 0x0F, 0xFC, 0x00, 0x30, 0x00, 0xC0,
    0x03, 0x00, 0x0C, 0x00, 0x4C, 0x01, 0xB3, 0xE6, 0xDD, 0xDB, 0x63, 0x6D, 0x8D, 0xF6, 0x37, 0xD8,
    0xDB, 0x7E, 0x6C, 0xF9, 0xB0, 0x06, 0xC6, 0x1B, 0x18, 0x4C, 0x60, 0x01, 0x80, 0x07, 0xFF, 0x0F,
    0xFC, 0x00, 0x4C, 0x7C, 0xD9, 0xFD, 0xB3, 0x1B, 0x66, 0x37, 0xCC, 0x6F, 0x9D, 0xDB, 0x1F, 0x36,
    0x00, 0x6C, 0x00, 0x00, 0x7F, 0xF0, 0x00, 0x60, 0x00, 0xC3, 0xFF, 0x86, 0x00, 0x0F, 0xFE, 0x00,
    0x00, 0x00, 0x0C, 0x01, 0xB3, 0xE6, 0xDD, 0xDB, 0x63, 0x7D, 0x8D, 0xF6, 0x36, 0xDF, 0xDB, 0x3E,
    0x6C, 0x01, 0xB0, 0x00, 0x07, 0xFF, 0x18, 0x0C, 0x60, 0x31, 0x80, 0xC7, 0xFF, 0x0F, 0xF8, 0x00,
    0x6C, 0xF9, 0xB7, 0xF6, 0xD8, 0xDB, 0x63, 0x7D, 0x8D, 0xF6, 0x36, 0xDF, 0x9B, 0x3E, 0x6C, 0x01,
    0xB1, 0x80, 0xC6, 0x03, 0x1F, 0xFC, 0x70, 0x31, 0x80, 0xC7, 0xFF, 0x0F, 0xF8, 0x00, 0x0C, 0x00,
    0xD8, 0xF9, 0xB3, 0xBB, 0x66, 0x37, 0xCC, 0x6F, 0x98, 0xDB, 0x3B, 0xB6, 0x3E, 0x6C, 0x00, 0xD8,
    0x02, 0x30, 0x0E, 0x00, 0x1C, 0x00, 0x7C, 0x01, 0xDC, 0x0F, 0x1E, 0x18, 0x0C, 0x00, 0x0C, 0x00,
    0xD8, 0xF9, 0xB3, 0xBB, 0x66, 0x36, 0xCC, 0x6F, 0x98, 0xDB, 0x3F, 0xB6, 0x3E, 0x6C, 0x00, 0xD8,
    0x10, 0xC0, 0x71, 0x80, 0xE3, 0x01, 0xCF, 0x06, 0xFF, 0x1D, 0xE7, 0x21, 0x84, 0x00, 0x0C, 0x01,
    0xB3, 0xE6, 0xDD, 0xDB, 0x63, 0x7D, 0x8D, 0xF6, 0x36, 0xDD, 0xDB, 0x3E, 0x6C, 0x01, 0xB0, 0x00,
    0xC1, 0xFE, 0x0E, 0x3C, 0x60, 0x31, 0x80, 0xC3, 0xDF, 0x07, 0xF0, 0x00, 0x30, 0x00, 0xC7, 0xC3,
    0x1F, 0x8C, 0xC6, 0x3F, 0x0C, 0xFC, 0x33, 0x30, 0xCC, 0xC3, 0x33, 0x0C, 0xEC, 0x63, 0xDF, 0x8C,
    0x3C, 0x30, 0x00, 0xC0, 0x03, 0x00, 0x0C, 0x00, 0x30, 0x00, 0x30, 0xF0, 0xC7, 0xE3, 0x30, 0xCF,
    0xC3, 0x3B, 0x0C, 0xCC, 0x33, 0xB9, 0xCF, 0x7E, 0x30, 0x60, 0xC0, 0x03, 0x1F, 0xFC, 0x3F, 0xF0,
    0x00, 0xC0, 0x03, 0x00, 0x0C, 0x00, 0x30, 0x00, 0x30, 0x00, 0xC7, 0xE3, 0x3D, 0xCE, 0xC3, 0x3F,
    0x0C, 0xCC, 0x33, 0x39, 0xCE, 0x7E, 0x3C, 0x60, 0xC0, 0x03, 0x0C, 0x0C, 0x30, 0x20, 0xC0, 0x03,
    0x00, 0x0F, 0xFE, 0x1F, 0xF0, 0x00, 0x30, 0xF0, 0xC7, 0xE3, 0x30, 0xCF, 0xC3, 0x33, 0x0C, 0xCC,
    0x33, 0xDF, 0x8C, 0x3C, 0x30, 0x00, 0xC3, 0xFF, 0x00, 0x0C, 0x3F, 0xF0, 0xC0, 0x03, 0x00, 0x0F,
    0xFC, 0x00, 0x00, 0x00, 0x31, 0xF8, 0xC7, 0xE3, 0x30, 0xCF, 0xC3, 0x33, 0x0C, 0xCC, 0x33, 0xFF,
    0x8C, 0x7E, 0x30, 0x04, 0xC7, 0xF3, 0x03, 0xCC, 0x0F, 0xF1, 0xFC, 0xC6, 0x33, 0x1F, 0xFC, 0x00,
    0x00, 0x00, 0x30, 0x00, 0xC7, 0xE3, 0xB9, 0xCF, 0xC3, 0x33, 0x0C, 0xCC, 0x33, 0xDF, 0x8E, 0x3C,
    0x30, 0x00, 0xC0, 0x00, 0x0F, 0xFC, 0x30, 0x30, 0xC0, 0xC3, 0x03, 0x0F, 0xFC, 0x3F, 0xE0, 0x00,
    0x31, 0xF8, 0xCF, 0xF3, 0xB0, 0xCF, 0xC3, 0x33, 0x0C, 0xEC, 0x33, 0xDF, 0xCC, 0x3E, 0x30, 0x00,
    0x83, 0x03, 0x0C, 0x0C, 0x3F, 0xF0, 0xC0, 0xC3, 0x03, 0x0F, 0xFC, 0x3F, 0xE0, 0x00, 0x30, 0x00,
    0xC7, 0xE3, 0x1F, 0x8E, 0xC3, 0x3F, 0x0C, 0xCC, 0x33, 0x39, 0xCF, 0x7E, 0x38, 0x00, 0xC0, 0x33,
    0x00, 0xC8, 0x07, 0x00, 0x1E, 0x01, 0xDE, 0x1E, 0x1E, 0x70, 0x38, 0x00, 0x30, 0xF0, 0xC7, 0xE3,
    0x30, 0xCF, 0xC3, 0x3B, 0x0C, 0xCC, 0x33, 0xDF, 0x8E, 0x3C, 0x30, 0x00, 0xC0, 0x03, 0x07, 0xF8,
    0x38, 0xF0, 0xC0, 0xC3, 0x03, 0x0F, 0xFC, 0x1F, 0xE0, 0x00, 0x31, 0xF8, 0xCF, 0xF3, 0x30, 0xCF,
    0xC3, 0x33, 0x0C, 0xEC, 0x33, 0xDF, 0x8C, 0x3E, 0x30, 0x00, 0xC3, 0xFF, 0x0C, 0x00, 0x30, 0x00,
    0xFF, 0xC3, 0x00, 0x0F, 0xFC, 0x00, 0x00, 0x00, 0x31, 0xF8, 0xCF, 0xF3, 0x30, 0xCF, 0xC3, 0x33,
    0x0C, 0xCE, 0x73, 0xDF, 0x8C, 0x03, 0x30, 0x0C, 0x07, 0xFF, 0x80, 0x00, 0x1F, 0xC0, 0x73, 0x83,
    0x86, 0x07, 0x38, 0x1F, 0xC0, 0x00, 0x18, 0x06, 0xDE, 0x36, 0xF9, 0xBC, 0xCF, 0xE3, 0x7F, 0x1B,
    0x78, 0xDB, 0xC6, 0xDE, 0x37, 0xF3, 0x3E, 0xF9, 0xB7, 0x8D, 0x80, 0x6C, 0x03, 0x60, 0x1B, 0x00,
    0x18, 0x00, 0x0C, 0x01, 0xB3, 0xE6, 0xDD, 0x9B, 0x63, 0x7D, 0x8D, 0xB6, 0x36, 0xD8, 0xDF, 0x7F,
    0x7C, 0xF9, 0xB0, 0x86, 0xC6, 0x1B, 0x18, 0x0C, 0x60, 0x01, 0x80, 0x07, 0xFF, 0x0F, 0xFC, 0x00,
    0x4C, 0x7C, 0xD9, 0xFD, 0xB3, 0x1B, 0xE6, 0x36, 0xCC, 0x6D, 0x98, 0xDF, 0x3F, 0x36, 0x3E, 0x6C,
    0x00, 0x18, 0x7F, 0xF0, 0x00, 0x60, 0x00, 0xC3, 0xFF, 0x86, 0x00, 0x0F, 0xFE, 0x00, 0x00, 0x00,
    0x4C, 0xF9, 0xB7, 0xF6, 0xD8, 0xDF, 0x63, 0x6D, 0x8D, 0xB6, 0x37, 0xDF, 0xDF, 0x3E, 0x6C, 0x01,
    0x31, 0x80, 0xC6, 0x03, 0x1F, 0xFC, 0x70, 0x31, 0x80, 0xC7, 0xFF, 0x0F, 0xF8, 0x00, 0x10, 0x01,
    0xDF, 0x0E, 0xDC, 0x7C, 0x63, 0xE1, 0x9F, 0x0C, 0xF8, 0x7F, 0xC3, 0x3E, 0x19, 0xF1, 0x8E, 0xFC,
    0x73, 0xC3, 0x80, 0x1C, 0x00, 0xE0, 0x07, 0x00, 0x18, 0x00, 0x10, 0x01, 0xDF, 0x8F, 0xCE, 0x7C,
    0x3F, 0xE1, 0xFF, 0x0C, 0xFC, 0xE7, 0x7E, 0x38, 0x01, 0xC0, 0x00, 0x7F, 0xF0, 0x03, 0x80, 0x1C,
    0x00, 0xE0, 0x07, 0x00, 0x18, 0x00, 0x10, 0x01, 0xDF, 0x8F, 0xCE, 0x7C, 0x33, 0xE1, 0xFF, 0x0F,
    0xFC, 0xE7, 0x7E, 0x38, 0x01, 0xC0, 0x0E, 0x60, 0x73, 0x01, 0x18, 0x00, 0xC0, 0x07, 0xFF, 0x1F,
    0xF0, 0x00, 0x1B, 0xE1, 0xDF, 0x8F, 0x86, 0x7C, 0x33, 0xE1, 0xFF, 0x0C, 0xFF, 0xE7, 0x7E, 0x38,
    0x00, 0x98, 0xFE, 0xC1, 0xC6, 0x0E, 0x30, 0x71, 0xB7, 0xCF, 0xF7, 0x22, 0x18, 0x00, 0x19, 0xE1,
    0xDF, 0x8F, 0x86, 0x7C, 0x3F, 0xE1, 0xFF, 0x0C, 0xFF, 0xE7, 0x7E, 0x38, 0x01, 0xC0, 0x00, 0x7F,
    0xF3, 0x00, 0x18, 0x00, 0xC0, 0x07, 0xFF, 0x1F, 0xF0, 0x00, 0x13, 0xF1, 0xFF, 0xCF, 0x86, 0x7C,
    0x3F, 0xE1, 0xFF, 0x9C, 0xEF, 0xC7, 0x00, 0x18, 0x00, 0x0F, 0xFE, 0x00, 0x73, 0xFF, 0x98, 0x00,
    0xC0, 0x07, 0xFF, 0x00, 0x00, 0x00, 0x1B, 0xF1, 0xFF, 0xCF, 0x86, 0x7C, 0x3F, 0xE1, 0xFF, 0x9C,
    0xEF, 0xC7, 0x00, 0x38, 0x00, 0x1F, 0xFE, 0x0C, 0x70, 0x63, 0xBF, 0x1D, 0x80, 0xEC, 0xE7, 0x7F,
    0x38, 0x00, 0x00, 0x00, 0x1B, 0xF1, 0xFF, 0xCF, 0x86, 0x7C, 0x3F, 0xE1, 0xFF, 0x9C, 0xEF, 0xC7,
    0x00, 0x18, 0x00, 0x1F, 0xFE, 0x0F, 0x30, 0x79, 0xBF, 0xCD, 0x86, 0x6C, 0xF3, 0x7F, 0xF8, 0x00,
    0x10, 0x01, 0xDF, 0x8F, 0xCE, 0x7C, 0x33, 0xE1, 0xFF, 0x0C, 0xFF, 0xE7, 0x7E, 0x38, 0x01, 0xC0,
    0x00, 0x7F, 0xF3, 0x01, 0x98, 0x0C, 0xC0, 0x67, 0xFF, 0x1F, 0xF0, 0x00, 0x1B, 0xF1, 0xFF, 0xCF,
    0x86, 0x7C, 0x3F, 0xE1, 0xFF, 0x0C, 0xEF, 0xC7, 0x7E, 0x38, 0x00, 0x8C, 0x0E, 0x60, 0x73, 0xFF,
    0x98, 0x1C, 0xC0, 0xE7, 0xFF, 0x1F, 0xF0, 0x00, 0x19, 0xF8, 0xEF, 0xF3, 0xB0, 0xCE, 0xC3, 0xFB,
    0x0F, 0xEC, 0x33, 0x9F, 0x8E, 0x7E, 0x38, 0x00, 0x46, 0x66, 0x19, 0x98, 0x7E, 0x71, 0x99, 0xC6,
    0x7D, 0x9F, 0xE7, 0x00, 0x00, 0x00, 0x10, 0x00, 0xE7, 0xE3, 0xB9, 0xCE, 0xC3, 0x3B, 0x0F, 0xEC,
    0x3F, 0xB9, 0xCE, 0x7E, 0x38, 0x00, 0xE0, 0x33, 0x80, 0xE4, 0x03, 0x80, 0x1F, 0x01, 0xEE, 0x1F,
    0x1E, 0x30, 0x18, 0x00, 0x18, 0xF0, 0xE7, 0xE3, 0xB0, 0xCE, 0xC3, 0x3B, 0x0F, 0xEC, 0x33, 0xBF,
    0xCE, 0x7E, 0x38, 0x00, 0x61, 0x86, 0x06, 0x18, 0x1C, 0x60, 0x73, 0xC3, 0xFF, 0xB9, 0xE7, 0x43,
    0x08, 0x00, 0x10, 0x01, 0xDF, 0x8F, 0xCE, 0x7C, 0x3F, 0xE1, 0xFF, 0x0C, 0xFF, 0xE7, 0x7E, 0x38,
    0x01, 0xC0, 0x04, 0x3F, 0xC3, 0xC7, 0x18, 0x1C, 0xC0, 0xE7, 0xDE, 0x1F, 0xE0, 0x00, 0x10, 0x01,
    0xDF, 0x8F, 0xCE, 0x7C, 0x3F, 0xE1, 0xFF, 0x0C, 0xFF, 0xE7, 0x7E, 0x38, 0x01, 0xC0, 0x00, 0x7F,
    0xF0, 0x38, 0x01, 0xC0, 0x3B, 0x87, 0x8F, 0x30, 0x18, 0x00, 0x1B, 0xE1, 0xDF, 0x8F, 0x86, 0x7C,
    0x3F, 0xE1, 0xFF, 0x0C, 0xFF, 0xE7, 0x7E, 0x38, 0x01, 0xC0, 0x00, 0x7F, 0xF0, 0x03, 0xBF, 0xFC,
    0xF0, 0xE0, 0x07, 0x00, 0x18, 0x00, 0x10, 0x01, 0xDF, 0x8F, 0xCE, 0x7C, 0x33, 0xE1, 0xFF, 0x0C,
    0xFF, 0xE7, 0x7E, 0x38, 0x00, 0x8F, 0xFE, 0x19, 0xC0, 0xCE, 0x06, 0x70, 0x33, 0x87, 0xFF, 0x3F,
    0xF0, 0x00, 0x18, 0x06, 0xDE, 0x36, 0xF9, 0xBC, 0xCD, 0xE3, 0x6F, 0x1B, 0x78, 0xFB, 0xC6, 0xDE,
    0x36, 0xF3, 0x36, 0xF9, 0xB7, 0x8D, 0x80, 0x6C, 0x03, 0x60, 0x1B, 0x00, 0x18, 0x00, 0x0C, 0x01,
    0xB3, 0xE6, 0xDD, 0xDB, 0x63, 0x6D, 0x8F, 0xB6, 0x36, 0xDD, 0xDB, 0x3E, 0x6C, 0x21, 0xB0, 0x00,
    0x87, 0xFF, 0x00, 0x0C, 0x00, 0x30, 0x00, 0xC0, 0x03, 0x00, 0x0C, 0x00, 0x0C, 0x01, 0xB3, 0xE6,
    0xDD, 0xDB, 0x63, 0x6D, 0x8F, 0xB6, 0x3E, 0xDD, 0xDB, 0x3E, 0x6C, 0x21, 0xB0, 0x86, 0xC6, 0x1B,
    0x18, 0x0C, 0x60, 0x01, 0x80, 0x07, 0xFF, 0x0F, 0xFC, 0x00, 0x6C, 0x7C, 0xD9, 0xFD, 0xB3, 0x1B,
    0x66, 0x3E, 0xCC, 0x7D, 0x9D, 0xDB, 0x1F, 0x36, 0x00, 0x6C, 0x00, 0x00, 0x7F, 0xF0, 0x00, 0x60,
    0x00, 0xC3, 0xFF, 0x86, 0x00, 0x0F, 0xFE, 0x00, 0x00, 0x00, 0x0C, 0x01, 0xB3, 0xE6, 0xDD, 0xDB,
    0x63, 0xED, 0x8F, 0xB6, 0x36, 0xDF, 0xDB, 0x3E, 0x6C, 0x01, 0xB0, 0x00, 0x07, 0xFF, 0x18, 0x0C,
    0x60, 0x31, 0x80, 0xC7, 0xFF, 0x0F, 0xF8, 0x00, 0x6C, 0xF9, 0xB7, 0xF6, 0xD8, 0xDB, 0x63, 0xED,
    0x8F, 0xB6, 0x36, 0xDF, 0x9B, 0x3E, 0x6C, 0x01, 0xB1, 0x80, 0xC6, 0x03, 0x1F, 0xFC, 0x70, 0x31,
    0x80, 0xC7, 0xFF, 0x0F, 0xF8, 0x00, 0x0C, 0x00, 0xD8, 0xF9, 0xB3, 0xBB, 0x66, 0x36, 0xCC, 0x7D,
    0x98, 0xDB, 0x3B, 0xB6, 0x3E, 0x6C, 0x10, 0xD8, 0x02, 0x30, 0x0E, 0x60, 0x1C, 0x00, 0x7C, 0x01,
    0xDC, 0x0F, 0x1E, 0x18, 0x0C, 0x00, 0x0C, 0x01, 0xB3, 0xE6, 0xDD, 0xDB, 0x63, 0xED, 0x8F, 0xB6,
    0x36, 0xDD, 0xDB, 0x3E, 0x6C, 0x21, 0xB0, 0x00, 0xC1, 0xFE, 0x0E, 0x3C, 0x60, 0x31, 0x80, 0xC3,
    0xDF, 0x07, 0xF0, 0x00, 0x10, 0x81, 0xDF, 0x0E, 0xDC, 0x7C, 0x7F, 0xE1, 0xFF, 0x0C, 0xF8, 0x67,
    0xC3, 0x3E, 0x1F, 0xF9, 0xFE, 0xFC, 0x73, 0xC3, 0x80, 0x1C, 0x00, 0xE0, 0x07, 0x00, 0x18, 0x00,
    0x11, 0xE1, 0xDF, 0xCF, 0x87, 0xFC, 0x33, 0xE1, 0x9F, 0x0C, 0xFC, 0xFF, 0x7E, 0x38, 0xC1, 0xC0,
    0x04, 0x7F, 0xF0, 0x03, 0x80, 0x1C, 0x00, 0xE0, 0x07, 0x00, 0x18, 0x00, 0x11, 0xE1, 0xDF, 0xCF,
    0x87, 0xFC, 0x33, 0xE1, 0x9F, 0x0F, 0xFC, 0xFF, 0x7E, 0x38, 0xC1, 0xC0, 0x0C, 0xFF, 0xF0, 0x63,
    0x83, 0x1C, 0x18, 0xE0, 0xC7, 0x06, 0x18, 0x00, 0x10, 0x41, 0xDF, 0x8E, 0xFE, 0x7C, 0x3F, 0xE1,
    0x9F, 0x0C, 0xF8, 0x7F, 0x7F, 0xF9, 0xE1, 0xC0, 0x0E, 0x60, 0x73, 0x01, 0x18, 0x00, 0xC0, 0x07,
    0xFF, 0x1F, 0xF0, 0x00, 0x11, 0xE1, 0xDF, 0x8F, 0x87, 0xFC, 0x33, 0xE1, 0x9F, 0x0F, 0xEF, 0xC7,
    0x3C, 0x38, 0x00, 0x0F, 0xFE, 0x00, 0x73, 0xFF, 0x98, 0x00, 0xC0, 0x07, 0xFF, 0x00, 0x00, 0x00,
    0x13, 0xE1, 0xFF, 0x8F, 0x87, 0xFC, 0x33, 0xE1, 0x9F, 0x9F, 0xEF, 0xC7, 0x0C, 0x38, 0x00, 0x1F,
    0xFE, 0x0F, 0x37, 0xF9, 0xB0, 0xCD, 0x8E, 0x6F, 0xFF, 0x00, 0x00, 0x00, 0x13, 0xE1, 0xFF, 0x8F,
    0x87, 0xFC, 0x33, 0xE1, 0x9F, 0x9F, 0xEF, 0xC7, 0x08, 0x38, 0x0C, 0x9F, 0xE6, 0x0F, 0x30, 0x7F,
    0xBF, 0xCD, 0x86, 0x6F, 0xFF, 0x00, 0x00, 0x00, 0x11, 0xE1, 0xDF, 0x8F, 0x87, 0xFC, 0x33, 0xE1,
    0x9F, 0x0F, 0xEF, 0xFF, 0x3C, 0x38, 0x01, 0xC0, 0x00, 0x7F, 0xF3, 0x01, 0x98, 0x0C, 0xC0, 0x67,
    0xFF, 0x1F, 0xF0, 0x00, 0x13, 0xE1, 0xFF, 0x8F, 0x87, 0xFC, 0x33, 0xE1, 0x9F, 0x0F, 0xFF, 0xC7,
    0x7C, 0x38, 0x00, 0x0C, 0x0E, 0x60, 0x73, 0xFF, 0x98, 0x1C, 0xC0, 0xE7, 0xFF, 0x1F, 0xF0, 0x00,
    0x19, 0xF0, 0xEF, 0xE3, 0xB0, 0xFE, 0xC3, 0x3B, 0x0C, 0xEC, 0x3F, 0xBF, 0xFE, 0x7C, 0x38, 0x00,
    0x86, 0x66, 0x19, 0x98, 0x7E, 0x71, 0x99, 0xC6, 0x6F, 0x9F, 0xF7, 0x01, 0x0C, 0x00, 0x10, 0x00,
    0xE7, 0xC3, 0x9F, 0xCE, 0xC3, 0xFB, 0x0C, 0xEC, 0x33, 0xB0, 0xFE, 0x7E, 0x38, 0xF0, 0xE0, 0x33,
    0x80, 0xE6, 0x03, 0x80, 0x1F, 0x01, 0xEE, 0x1F, 0x1E, 0x30, 0x18, 0x00, 0x11, 0xF0, 0xEF, 0xE3,
    0xB0, 0xFE, 0xC3, 0x3B, 0x0C, 0xEC, 0x3F, 0x9F, 0xFE, 0x3C, 0x38, 0x00, 0x41, 0x86, 0x06, 0x18,
    0x1C, 0x60, 0xF3, 0xC7, 0x7F, 0xB9, 0xE7, 0x43, 0x08, 0x00, 0x10, 0x01, 0xDF, 0x8F, 0xCF, 0xFC,
    0x33, 0xE1, 0x9F, 0x0C, 0xFC, 0xFF, 0x7E, 0x38, 0x41, 0xC0, 0x04, 0x3F, 0xC3, 0xC7, 0x18, 0x1C,
    0xC0, 0xE7, 0xDE, 0x1F, 0xE0, 0x00, 0x08, 0xF8, 0x77, 0xF1, 0xD8, 0xFF, 0x61, 0x9D, 0x86, 0x77,
    0x3F, 0xCF, 0xFF, 0x08, 0x18, 0x00, 0x01, 0xFF, 0xC6, 0x00, 0x18, 0x00, 0x7F, 0xE1, 0x80, 0x07,
    0xFF, 0x00, 0x00, 0x00, 0x10, 0x01, 0xDF, 0x8F, 0xCF, 0xFC, 0x33, 0xE1, 0x9F, 0x0F, 0xFF, 0xFF,
    0x7E, 0x38, 0x00, 0x8F, 0xFE, 0x19, 0xC0, 0xCE, 0x06, 0x70, 0x33, 0x87, 0xFF, 0x3F, 0xF0, 0x00,
    0x1B, 0xF1, 0xFF, 0xFF, 0x86, 0x7C, 0x33, 0xE1, 0x9F, 0x9F, 0xEF, 0xC7, 0x0B, 0x38, 0x18, 0x0F,
    0xFE, 0x00, 0x00, 0xFE, 0x0E, 0x78, 0x60, 0xC3, 0x9E, 0x0F, 0xE0, 0x00, 0x18, 0x06, 0xDE, 0x36,
    0xF9, 0xBC, 0xED, 0xE3, 0xEF, 0x1B, 0x78, 0xDB, 0xC6, 0xDE, 0x3E, 0xF3, 0xF6, 0xF9, 0xB7, 0x8D,
    0x80, 0x6C, 0x03, 0x60, 0x1B, 0x00, 0x18, 0x00, 0x6C, 0x01, 0xB3, 0xE6, 0xDD, 0xFB, 0x63, 0xED,
    0x8D, 0xB6, 0x36, 0xDD, 0xFB, 0x3F, 0xEC, 0x31, 0xB0, 0x06, 0xC6, 0x1B, 0x18, 0x0C, 0x60, 0x01,
    0x80, 0x07, 0xFF, 0x0F, 0xFC, 0x00, 0x0C, 0x7C, 0xD9, 0xF9, 0xB3, 0x1F, 0x66, 0x36, 0xCC, 0x6D,
    0x9D, 0xFB, 0x1F, 0x36, 0x00, 0x6C, 0x00, 0x10, 0x7F, 0xF0, 0x00, 0x60, 0x00, 0xC3, 0xFF, 0x86,
    0x00, 0x0F, 0xFE, 0x00, 0x00, 0x00, 0x0C, 0x01, 0xB3, 0xE6, 0xDD, 0xFB, 0x63, 0x6D, 0x8D, 0xB6,
    0x36, 0xDF, 0xFB, 0x3E, 0x6C, 0x01, 0xB0, 0x00, 0x87, 0xFF, 0x18, 0x0C, 0x60, 0x31, 0x80, 0xC7,
    0xFF, 0x0F, 0xF8, 0x00, 0x0C, 0xF9, 0xB7, 0xE6, 0xD8, 0xFB, 0x63, 0x6D, 0x8D, 0xB6, 0x3E, 0xDF,
    0xFB, 0x3C, 0x6C, 0x00, 0x31, 0x80, 0xC6, 0x03, 0x1F, 0xFC, 0x70, 0x31, 0x80, 0xC7, 0xFF, 0x0F,
    0xF8, 0x00, 0x2C, 0x7C, 0xD9, 0xF9, 0xB3, 0x1F, 0x66, 0x3E, 0xCC, 0x6D, 0x98, 0xDB, 0x31, 0xF6,
    0x7E, 0x6C, 0x78, 0xD8, 0x02, 0x30, 0x0E, 0x60, 0x1C, 0x00, 0x7C, 0x01, 0xDC, 0x0F, 0x1E, 0x18,
    0x0C, 0x00, 0x0C, 0x00, 0xD8, 0xFD, 0xB3, 0xBF, 0x66, 0x36, 0xCC, 0x6D, 0x98, 0xDB, 0x3F, 0xF6,
    0x3E, 0x6C, 0x00, 0xD8, 0x10, 0xC0, 0x61, 0x80, 0xE3, 0x01, 0xCF, 0x07, 0xDF, 0x1D, 0xE7, 0x21,
    0x84, 0x00, 0x00, 0x1F, 0xC0, 0x79, 0xC1, 0xC0, 0xC3, 0x01, 0x86, 0x03, 0x0E, 0x06, 0x0F, 0x78,
    0x0F, 0xE0, 0x03, 0x00, 0x06, 0x00, 0x0C, 0x07, 0xFF, 0xDF, 0xFF, 0xC0, 0x00, 0x00, 0x3F, 0xE0,
    0xF1, 0xE1, 0x80, 0xC3, 0x01, 0x87, 0x8F, 0x07, 0xFC, 0x00, 0xC0, 0x03, 0x81, 0xFF, 0xFC, 0x00,
    0x00, 0x00, 0x03, 0xFF, 0x80, 0x03, 0x00, 0x06, 0x00, 0x0C, 0x00, 0x18, 0x0F, 0xF0, 0x3F, 0xF0,
    0xC0, 0x61, 0x80, 0xC3, 0xC7, 0x83, 0xFE, 0x00, 0x60, 0x00, 0xC0, 0xFF, 0xFE, 0xFF, 0xF8, 0xC0,
    0x01, 0x80, 0x03, 0x00, 0x06, 0x00, 0x0F, 0xFE, 0x0F, 0xFC, 0x00, 0x00, 0x3F, 0xE0, 0xF1, 0xE1,
    0x80, 0xC3, 0xC7, 0x83, 0xFE, 0x00, 0x60, 0x01, 0xC0, 0xFF, 0xFE, 0x00, 0x00, 0xFF, 0xE0, 0x00,
    0xC0, 0x01, 0x87, 0xFF, 0x0C, 0x00, 0x1F, 0xFE, 0x00, 0x00, 0x00, 0x00, 0x3F, 0xE0, 0xF1, 0xE1,
    0x80, 0xC3, 0xC7, 0x83, 0xFE, 0x00, 0x60, 0x01, 0xC0, 0xFF, 0xFE, 0x00, 0x00, 0xFF, 0xE0, 0x38,
    0xC0, 0x31, 0x87, 0xE3, 0x0C, 0x46, 0x1F, 0xCC, 0x00, 0x08, 0x00, 0x00, 0x3F, 0xE0, 0xF1, 0xE1,
    0x80, 0xC3, 0xC7, 0x83, 0xFE, 0x00, 0x60, 0x01, 0xC0, 0xFF, 0xFE, 0x00, 0x00, 0xFB, 0xE0, 0x36,
    0xC0, 0x6D, 0x87, 0xDB, 0x0C, 0x36, 0x1F, 0xEC, 0x00, 0xF8, 0x00, 0x00, 0x3F, 0xE0, 0xF1, 0xE1,
    0x80, 0xC3, 0xC7, 0x83, 0xFE, 0x00, 0x60, 0x01, 0xC0, 0xFF, 0xFE, 0x00, 0x40, 0xF8, 0xC0, 0x31,
    0x80, 0x67, 0x07, 0xCE, 0x0C, 0x3E, 0x1F, 0xE6, 0x00, 0x00, 0x00, 0x00, 0x3F, 0xE0, 0xF1, 0xE1,
    0x80, 0xC3, 0xC7, 0x83, 0xFE, 0x00, 0x60, 0x01, 0xC0, 0xFF, 0xFE, 0x00, 0x40, 0xF8, 0xC0, 0x3F,
    0xE0, 0x60, 0x07, 0xDF, 0x0C, 0x36, 0x1F, 0xEC, 0x00, 0xF8, 0x00, 0x00, 0x3F, 0xE0, 0xF1, 0xE1,
    0x80, 0xC3, 0x01, 0x87, 0xDF, 0x03, 0xFC, 0x00, 0xC0, 0x03, 0x81, 0xFF, 0xFC, 0x00, 0x01, 0xFF,
    0xC3, 0x01, 0x86, 0x03, 0x0C, 0x06, 0x1F, 0xFC, 0x1F, 0xF0, 0x00, 0x00, 0x3F, 0xE0, 0xF1, 0xE1,
    0x80, 0xC3, 0x01, 0x87, 0xDF, 0x03, 0xFC, 0x00, 0xC0, 0xFF, 0xFE, 0xFF, 0xF8, 0xC0, 0x61, 0x80,
    0xC3, 0xFF, 0x86, 0x03, 0x0C, 0x06, 0x1F, 0xFC, 0x1F, 0xF0, 0x00, 0x00, 0x3F, 0xE0, 0xF1, 0xE1,
    0x80, 0xC3, 0x01, 0x87, 0xDF, 0x03, 0xFC, 0x00, 0xC0, 0x03, 0x81, 0xFF, 0xFC, 0x00, 0x00, 0x0C,
    0x00, 0x38, 0x00, 0x78, 0x03, 0xB8, 0x1E, 0x3E, 0x30, 0x18, 0x00, 0x00, 0x3F, 0xE0, 0xF1, 0xE1,
    0x80, 0xC3, 0x01, 0x87, 0xDF, 0x03, 0xFC, 0x00, 0xC0, 0x03, 0x81, 0xFF, 0xFC, 0x00, 0x00, 0x7F,
    0x81, 0xC7, 0x86, 0x03, 0x0C, 0x06, 0x0F, 0x7C, 0x0F, 0xF0, 0x00, 0x00, 0x3F, 0xE0, 0xF1, 0xE1,
    0x80, 0xC3, 0xC7, 0x83, 0xFE, 0x00, 0x60, 0x01, 0xC0, 0xFF, 0xFE, 0x02, 0x00, 0x06, 0x01, 0xFF,
    0xC0, 0x38, 0x00, 0x78, 0x03, 0xB8, 0x1E, 0x3C, 0x30, 0x18, 0x00, 0x18, 0x08, 0x30, 0xFC, 0x63,
    0xDC, 0xC6, 0x1D, 0x8C, 0x1B, 0x18, 0x66, 0x1F, 0xCF, 0x1F, 0x1E, 0x18, 0x30, 0x30, 0x60, 0x7E,
    0xCF, 0xFD, 0x8E, 0x03, 0x00, 0x06, 0x00, 0x0C, 0x00, 0x18, 0x00, 0x18, 0x3E, 0x30, 0xEE, 0x63,
    0x0C, 0xC6, 0x19, 0x87, 0xF3, 0xC7, 0xC7, 0x06, 0x0C, 0x7F, 0xF8, 0xFF, 0xB0, 0x00, 0x60, 0x00,
    0x03, 0xFF, 0x80, 0x03, 0x00, 0x06, 0x00, 0x0C, 0x00, 0x18, 0x00, 0x18, 0x3E, 0x30, 0xEE, 0x63,
    0x8C, 0xC6, 0x19, 0x86, 0x33, 0x0F, 0xE7, 0x8F, 0x0E, 0x0F, 0xD8, 0xFF, 0xF1, 0x80, 0x60, 0xC0,
    0xC1, 0x81, 0x83, 0x00, 0x06, 0x00, 0x0F, 0xFC, 0x1F, 0xF8, 0x00, 0x18, 0x7E, 0x30, 0xEE, 0x63,
    0x0C, 0xC3, 0xB9, 0xE7, 0xE3, 0x83, 0x06, 0x07, 0xFC, 0x7F, 0xD8, 0x00, 0x30, 0xFF, 0xE0, 0x00,
    0xC0, 0x01, 0x87, 0xFF, 0x0E, 0x00, 0x1F, 0xFC, 0x00, 0x00, 0x00, 0x18, 0x3E, 0x30, 0xEE, 0x63,
    0x0C, 0xC6, 0x19, 0x87, 0x73, 0xC7, 0xC7, 0x06, 0x0C, 0x3F, 0xF8, 0xFF, 0xB0, 0x00, 0x60, 0xFF,
    0xC1, 0x81, 0x83, 0x03, 0x06, 0x06, 0x0F, 0xFC, 0x1F, 0xF0, 0x00, 0x18, 0x3E, 0x30, 0xEE, 0x63,
    0x0C, 0xC6, 0x19, 0xC7, 0x73, 0xC7, 0xC6, 0x07, 0xEC, 0x7F, 0xF8, 0x00, 0x30, 0x60, 0x60, 0xC0,
    0xC1, 0xFF, 0x83, 0x03, 0x06, 0x06, 0x0F, 0xFC, 0x1F, 0xF0, 0x00, 0x18, 0x3E, 0x30, 0xEE, 0x63,
    0x8C, 0xC6, 0x19, 0x86, 0x33, 0x8F, 0xE7, 0x8F, 0x0C, 0x3F, 0xD8, 0xFF, 0xB0, 0x00, 0x60, 0x0C,
    0xC0, 0x38, 0x00, 0x78, 0x03, 0xF8, 0x1E, 0x3E, 0x30, 0x18, 0x00, 0x18, 0x3E, 0x30, 0xEE, 0x63,
    0x0C, 0xC6, 0x19, 0xC7, 0x73, 0xC7, 0xC6, 0x06, 0x0C, 0x3F, 0xF8, 0xFF, 0xB0, 0x00, 0x60, 0x61,
    0x80, 0xC7, 0x03, 0xCE, 0x0F, 0xBE, 0x39, 0xEE, 0x21, 0x84, 0x00, 0x18, 0x3E, 0x30, 0xEE, 0x63,
    0x0C, 0xC6, 0x19, 0x87, 0x73, 0xC7, 0xC7, 0x06, 0x0C, 0x3F, 0xF8, 0xFF, 0xB0, 0x00, 0x60, 0x7F,
    0x81, 0xEF, 0x83, 0x03, 0x0E, 0x06, 0x0F, 0x7C, 0x0F, 0xF0, 0x00, 0x4C, 0x01, 0xB3, 0xE6, 0xDF,
    0xDB, 0x63, 0x6D, 0x8D, 0xB6, 0x36, 0xDF, 0xDF, 0x1E, 0x7C, 0x71, 0xB1, 0xC6, 0xDF, 0xFB, 0xFF,
    0xEC, 0x01, 0xB0, 0x06, 0xC0, 0x1B, 0x00, 0x0C, 0x00, 0x6C, 0xF9, 0xB7, 0x76, 0xD8, 0xDB, 0x63,
    0x6D, 0xDD, 0xF3, 0xE7, 0xC7, 0x1B, 0x1F, 0xEF, 0xFF, 0xB0, 0x06, 0xC7, 0xFF, 0x00, 0x0C, 0x00,
    0x30, 0x00, 0xC0, 0x03, 0x00, 0x0C, 0x00, 0x6C, 0xF9, 0xB7, 0x76, 0xD8, 0xDB, 0x63, 0x6D, 0x8D,
    0xB3, 0xF7, 0xC7, 0x1B, 0x0F, 0xEF, 0xFF, 0xB0, 0x06, 0xC6, 0x1B, 0x18, 0x4C, 0x60, 0x01, 0x80,
    0x07, 0xFF, 0x0F, 0xFC, 0x00, 0x6C, 0xF9, 0xB7, 0x76, 0xD8, 0xDB, 0x63, 0x6D, 0xFD, 0xF3, 0xE6,
    0xC3, 0x1B, 0x1F, 0xEF, 0xFF, 0xB0, 0x06, 0xC7, 0xFF, 0x18, 0x0C, 0x60, 0x31, 0x80, 0xC7, 0xFF,
    0x0F, 0xF8, 0x00, 0x6C, 0x7C, 0xD9, 0xDD, 0xB3, 0x1B, 0x66, 0x36, 0xCF, 0xEF, 0x8F, 0x9B, 0x06,
    0x36, 0x3F, 0xED, 0xFF, 0xD8, 0x01, 0xB0, 0x0C, 0x60, 0x1C, 0x00, 0x78, 0x01, 0xDC, 0x1F, 0x1E,
    0x18, 0x0C, 0x00, 0x6C, 0xF9, 0xB7, 0x76, 0xD8, 0xDB, 0x63, 0x6D, 0xDD, 0xF3, 0xE7, 0xC7, 0x1B,
    0x1F, 0xEF, 0xFF, 0xB0, 0x06, 0xC3, 0xFC, 0x1F, 0x7C, 0x60, 0x31, 0x80, 0xC7, 0xDF, 0x0F, 0xF0,
    0x00, 0x08, 0x10, 0x61, 0xF9, 0x8E, 0xF6, 0x70, 0xD9, 0x83, 0x67, 0x0D, 0x8E, 0xF6, 0x1F, 0x98,
    0x18, 0x60, 0x61, 0x81, 0xFE, 0x7F, 0xF9, 0xC0, 0x60, 0x01, 0x80, 0x06, 0x00, 0x18, 0x00, 0x08,
    0x7E, 0x73, 0xB9, 0xCC, 0x37, 0x30, 0xDC, 0xE6, 0x71, 0xF9, 0xC1, 0x87, 0x7F, 0xFD, 0xFF, 0xF0,
    0x01, 0xC0, 0x00, 0x1F, 0xFC, 0x00, 0x70, 0x01, 0xC0, 0x07, 0x00, 0x1C, 0x00, 0x18, 0x7C, 0x73,
    0xF9, 0xCC, 0x37, 0x30, 0xDC, 0xC7, 0x73, 0xF9, 0xC3, 0x87, 0x07, 0xFD, 0xFF, 0xF4, 0x01, 0xC6,
    0x07, 0x18, 0x08, 0x60, 0x01, 0x80, 0x07, 0xFF, 0x0F, 0xF8, 0x00, 0x08, 0x7E, 0x73, 0x9D, 0xCC,
    0x37, 0x31, 0xDC, 0x7E, 0x70, 0x61, 0xCF, 0xFF, 0x7F, 0xFC, 0x00, 0x21, 0xFF, 0xC0, 0x07, 0x00,
    0x1C, 0x7F, 0xF1, 0x80, 0x07, 0xFF, 0x00, 0x00, 0x00, 0x08, 0x7E, 0x73, 0xB9, 0xCC, 0x37, 0x30,
    0xDC, 0xE6, 0x71, 0xF9, 0xC1, 0x87, 0x7F, 0xFD, 0xFF, 0xF0, 0x00, 0x87, 0xFF, 0x18, 0x1C, 0x60,
    0x71, 0x81, 0xC7, 0xFF, 0x0F, 0xF8, 0x00, 0x08, 0x7E, 0x73, 0xB9, 0xCC, 0x37, 0x30, 0xDC, 0xEE,
    0x71, 0xF9, 0xC1, 0xFF, 0x7F, 0xFC, 0x00, 0x21, 0x81, 0x86, 0x07, 0x1F, 0xFC, 0x60, 0x71, 0x81,
    0xC7, 0xFF, 0x00, 0x00, 0x00, 0x08, 0x7E, 0x73, 0xB9, 0xCC, 0x37, 0x30, 0xDC, 0xEE, 0x71, 0xF9,
    0xC1, 0x87, 0x7F, 0xFD, 0xFF, 0xF0, 0x01, 0xC0, 0x67, 0x01, 0x88, 0x0F, 0x00, 0x7F, 0x0F, 0x8F,
    0x38, 0x1C, 0x00, 0x08, 0x7E, 0x73, 0xB9, 0xCC, 0x37, 0x30, 0xDC, 0xEE, 0x71, 0xF9, 0xC1, 0x87,
    0x7F, 0xFD, 0xFF, 0xF0, 0x01, 0xC3, 0xFC, 0x1F, 0x78, 0x60, 0x61, 0x81, 0x87, 0x9E, 0x0F, 0xF0,
    0x00, 0x00, 0x1F, 0xC0, 0x79, 0xC1, 0xC0, 0xC3, 0x01, 0x86, 0x03, 0x0E, 0x06, 0x0F, 0x78, 0x0F,
    0xF0, 0x18, 0xE0, 0x31, 0xC0, 0x63, 0x87, 0xFF, 0xDF, 0xFF, 0xC0, 0x00, 0x00, 0x3F, 0xE0, 0xF1,
    0xE1, 0x80, 0xC3, 0x01, 0x87, 0xDF, 0x03, 0xFC, 0x06, 0x30, 0x0C, 0x71, 0xFF, 0xFC, 0x00, 0x00,
    0x00, 0x03, 0xFF, 0x80, 0x03, 0x00, 0x06, 0x00, 0x0C, 0x00, 0x18, 0x0F, 0xF0, 0x3F, 0xF0, 0xC0,
    0x61, 0x80, 0xC3, 0xC7, 0x81, 0xFE, 0x03, 0x18, 0x06, 0x30, 0xFF, 0xFE, 0xFF, 0xF8, 0xC0, 0x01,
    0x80, 0x03, 0x00, 0x06, 0x00, 0x0F, 0xFE, 0x0F, 0xFC, 0x00, 0x00, 0x3F, 0xE0, 0xF1, 0xE1, 0x80,
    0xC3, 0xC7, 0x83, 0xFE, 0x03, 0x18, 0x06, 0x38, 0xFF, 0xFE, 0x00, 0x00, 0xFF, 0xE0, 0x00, 0xC0,
    0x01, 0x87, 0xFF, 0x0C, 0x00, 0x1F, 0xFE, 0x00, 0x00, 0x00, 0x00, 0x3F, 0xE0, 0xF1, 0xE1, 0x80,
    0xC3, 0x01, 0x87, 0xDF, 0x03, 0xFC, 0x06, 0x30, 0x0C, 0x71, 0xFF, 0xFC, 0x00, 0x01, 0xFF, 0xC3,
    0x01, 0x86, 0x03, 0x0C, 0x06, 0x1F, 0xFC, 0x1F, 0xF0, 0x00, 0x00, 0x3F, 0xE0, 0xF1, 0xE1, 0x80,
    0xC3, 0xC7, 0x83, 0xFE, 0x03, 0x18, 0x06, 0x30, 0xFF, 0xFE, 0xFF, 0xF8, 0xC0, 0x61, 0x80, 0xC3,
    0xFF, 0x86, 0x03, 0x0C, 0x06, 0x1F, 0xFC, 0x1F, 0xF0, 0x00, 0x00, 0x3F, 0xE0, 0xF1, 0xE1, 0x80,
    0xC3, 0x01, 0x87, 0xDF, 0x03, 0xFC, 0x06, 0x30, 0x0C, 0x71, 0xFF, 0xFC, 0x00, 0x00, 0x0C, 0x00,
    0x38, 0x00, 0x78, 0x03, 0xB8, 0x1E, 0x3E, 0x30, 0x18, 0x00, 0x00, 0x3F, 0xE0, 0xF1, 0xE1, 0x80,
    0xC3, 0x01, 0x87, 0xDF, 0x03, 0xFC, 0x06, 0x30, 0x0C, 0x71, 0xFF, 0xFC, 0x00, 0x00, 0x7F, 0x81,
    0xEF, 0x86, 0x03, 0x0C, 0x06, 0x0F, 0x7C, 0x0F, 0xF0, 0x0F, 0xE0, 0x3F, 0xE0, 0xE0, 0x61, 0x80,
    0xC3, 0x01, 0x83, 0x8F, 0x03, 0xFC, 0x00, 0x00, 0x7F, 0xFD, 0xFF, 0xFC, 0x06, 0x00, 0x0C, 0x00,
    0x18, 0x00, 0x30, 0x00, 0x60, 0x00, 0xC0, 0x00, 0x00, 0x3F, 0xE0, 0xF1, 0xE1, 0x80, 0xC3, 0x01,
    0x87, 0x8F, 0x07, 0xFC, 0x00, 0x00, 0xFF, 0xFE, 0x07, 0x00, 0x06, 0x00, 0x1C, 0x03, 0xFF, 0x80,
    0x03, 0x00, 0x06, 0x00, 0x0C, 0x00, 0x18, 0x00, 0x00, 0x1F, 0xE0, 0xF1, 0xE1, 0x80, 0xC3, 0x01,
    0x87, 0x8F, 0x07, 0xFC, 0x00, 0x00, 0x00, 0x01, 0xFF, 0xFC, 0x06, 0x01, 0x8C, 0x03, 0x18, 0x06,
    0x20, 0x0C, 0x00, 0x1F, 0xFC, 0x1F, 0xF8, 0x00, 0x00, 0x3F, 0xE0, 0xF1, 0xE1, 0x80, 0xC3, 0xC7,
    0x83, 0xFE, 0x00, 0x00, 0x7F, 0xFF, 0x03, 0x80, 0x03, 0x00, 0xFF, 0xE0, 0x00, 0xC0, 0x01, 0x87,
    0xFF, 0x0C, 0x00, 0x1F, 0xFE, 0x00, 0x00, 0x00, 0x00, 0x3F, 0xE0, 0xF1, 0xE1, 0x80, 0xC3, 0xC7,
    0x83, 0xFE, 0x00, 0x00, 0x7F, 0xFF, 0x7F, 0xFC, 0x03, 0x00, 0xFF, 0xE0, 0x1F, 0xC0, 0x31, 0x87,
    0xE3, 0x0C, 0x46, 0x1F, 0xCC, 0x00, 0x18, 0x00, 0x00, 0x3F, 0xE0, 0xF1, 0xE1, 0x80, 0xC3, 0xC7,
    0x83, 0xFE, 0x00, 0x00, 0x7F, 0xFF, 0x03, 0x80, 0x03, 0x00, 0xFF, 0xE0, 0x36, 0xC0, 0x6D, 0x87,
    0xDB, 0x0C, 0x36, 0x1F, 0xEC, 0x00, 0xF8, 0x00, 0x00, 0x3F, 0xE0, 0xF1, 0xE1, 0x80, 0xC3, 0x01,
    0x87, 0xDF, 0x03, 0xFC, 0x00, 0x00, 0xFF, 0xFE, 0xFF, 0xF8, 0x06, 0x01, 0xFF, 0xC3, 0x01, 0x86,
    0x03, 0x0C, 0x06, 0x1F, 0xFC, 0x1F, 0xF0, 0x00, 0x00, 0x3F, 0xE0, 0xF1, 0xE1, 0x80, 0xC3, 0x01,
    0x87, 0xDF, 0x03, 0xFC, 0x00, 0x00, 0xFF, 0xFE, 0x03, 0x00, 0xC6, 0x61, 0x80, 0xC3, 0xFF, 0x86,
    0x03, 0x0C, 0x06, 0x1F, 0xFC, 0x00, 0x00, 0x00, 0x00, 0x3F, 0xE0, 0xF1, 0xE1, 0x80, 0xC3, 0x01,
    0x87, 0xDF, 0x03, 0xFC, 0x00, 0x00, 0xFF, 0xFE, 0xFF, 0xF8, 0x06, 0x00, 0x08, 0x00, 0x38, 0x00,
    0x70, 0x03, 0xF8, 0x1F, 0x3E, 0x30, 0x18, 0x00, 0x00, 0x3F, 0xE0, 0xF1, 0xE1, 0x80, 0xC3, 0x01,
    0x87, 0xDF, 0x03, 0xFC, 0x00, 0x00, 0xFF, 0xFE, 0xFF, 0xF8, 0x06, 0x00, 0xFF, 0x81, 0xC7, 0x86,
    0x03, 0x0C, 0x06, 0x0F, 0x7C, 0x0F, 0xF0, 0x00, 0x1C, 0x7C, 0x73, 0xF9, 0xCC, 0x37, 0x30, 0xDC,
    0xC3, 0x73, 0xB9, 0xC7, 0xC7, 0x01, 0xFF, 0xFF, 0xF7, 0xE1, 0xC1, 0x87, 0x06, 0xFC, 0x18, 0x70,
    0x61, 0xC1, 0x87, 0x04, 0x1C, 0x00, 0x08, 0x7E, 0x73, 0xB9, 0xCC, 0x37, 0x3B, 0x9C, 0x7E, 0x70,
    0x3F, 0xFF, 0xFF, 0x0E, 0x1C, 0x3B, 0xF0, 0xE1, 0xC0, 0x06, 0x1F, 0xFC, 0x00, 0x70, 0x01, 0xC0,
    0x07, 0x00, 0x1C, 0x00, 0x18, 0x7C, 0x73, 0xB9, 0xCC, 0x37, 0x30, 0xDC, 0xEE, 0x71, 0xF9, 0xC0,
    0xFF, 0xFF, 0xFD, 0x18, 0x70, 0x6F, 0xC1, 0x87, 0x1E, 0x18, 0x60, 0x01, 0x80, 0x07, 0xFF, 0x1F,
    0xF8, 0x00, 0x08, 0x7E, 0x73, 0xB9, 0xCC, 0x37, 0x3B, 0x9C, 0x7E, 0x77, 0xFF, 0xDF, 0xFF, 0x06,
    0xFC, 0x18, 0x70, 0x00, 0x87, 0xFF, 0x00, 0x1C, 0x7F, 0xF1, 0x80, 0x06, 0x00, 0x1F, 0xFC, 0x00,
    0x08, 0x7E, 0x73, 0xB9, 0xCC, 0x37, 0x3B, 0x9C, 0x7E, 0x70, 0x3F, 0xFF, 0xFF, 0x0E, 0x1C, 0x3B,
    0xF0, 0xE1, 0xC0, 0x02, 0x1F, 0xFC, 0x60, 0x71, 0x81, 0xC7, 0xFF, 0x0F, 0xF8, 0x00, 0x08, 0x7E,
    0x73, 0xB9, 0xCC, 0x37, 0x3B, 0x9C, 0x7E, 0x70, 0x3F, 0xFF, 0xFF, 0x0E, 0x1C, 0x3B, 0xF0, 0xE1,
    0x86, 0x02, 0x18, 0x1C, 0x7F, 0xF1, 0x81, 0xC7, 0xFF, 0x00, 0x00, 0x00, 0x08, 0x3F, 0x38, 0xEE,
    0x71, 0x86, 0xE3, 0xB9, 0xC3, 0xF3, 0x80, 0xFF, 0x7F, 0xFE, 0x0E, 0x1C, 0x1D, 0xF8, 0x18, 0x70,
    0x61, 0x80, 0xC3, 0x01, 0xCE, 0x07, 0xDE, 0x39, 0xE7, 0x21, 0x84, 0x00, 0x08, 0x7E, 0x73, 0xB9,
    0xCC, 0x37, 0x3B, 0x9C, 0x7E, 0x70, 0x3F, 0xFF, 0xFF, 0x0E, 0x1C, 0x3B, 0xF0, 0xC1, 0xC3, 0xFE,
    0x1E, 0x78, 0x60, 0x71, 0x81, 0xC7, 0x9E, 0x0F, 0xF0, 0x00, 0x0C, 0x01, 0xB3, 0xE6, 0xDD, 0xDB,
    0x63, 0x6D, 0xDD, 0xB3, 0xE6, 0xC0, 0x1B, 0x7F, 0xEF, 0xFF, 0xB0, 0xC6, 0xC3, 0xFB, 0x0C, 0x6C,
    0x31, 0xB0, 0xC6, 0xC2, 0x1B, 0x00, 0x0C, 0x00, 0x6C, 0xF9, 0xB7, 0x76, 0xD8, 0xDB, 0x77, 0x6C,
    0xF9, 0xB0, 0x7E, 0xFF, 0xFB, 0x0C, 0x6C, 0x3F, 0xB0, 0xC6, 0xC0, 0x02, 0x1F, 0xFC, 0x7F, 0xF0,
    0x00, 0xC0, 0x03, 0x00, 0x0C, 0x00, 0x6C, 0xF9, 0xB7, 0x76, 0xD8, 0xDB, 0x63, 0x6D, 0xDD, 0xB3,
    0xE6, 0xC7, 0xFB, 0xFF, 0xEC, 0x31, 0xB0, 0xFE, 0xC3, 0x1B, 0x18, 0x6C, 0x60, 0x01, 0x80, 0x07,
    0xFF, 0x0F, 0xFC, 0x00, 0x2C, 0x7E, 0xD9, 0xDD, 0xB3, 0x1B, 0x67, 0x76, 0xC7, 0xCD, 0x83, 0xFB,
    0x7F, 0xF6, 0x0F, 0xEC, 0x18, 0xD8, 0x20, 0x20, 0xFF, 0xE0, 0x00, 0xC3, 0xFF, 0x86, 0x00, 0x0C,
    0x00, 0x1F, 0xFC, 0x00, 0x6C, 0xF9, 0xB7, 0x76, 0xD8, 0xDB, 0x77, 0x6C, 0xF9, 0xB0, 0x7E, 0xFF,
    0xFB, 0x0C, 0x6C, 0x3F, 0xB0, 0xC6, 0xC0, 0x00, 0x1F, 0xFC, 0x60, 0x31, 0x80, 0xC7, 0xFF, 0x00,
    0x00, 0x00, 0x6C, 0xF9, 0xB7, 0x76, 0xD8, 0xDB, 0x77, 0x6C, 0xF9, 0xB0, 0xFE, 0xFF, 0xFB, 0x0C,
    0x6C, 0x3F, 0xB0, 0xC6, 0xC6, 0x03, 0x18, 0x0C, 0x7F, 0xF1, 0x80, 0xC7, 0xFF, 0x00, 0x00, 0x00,
    0x6C, 0xF9, 0xB7, 0x76, 0xD8, 0xDB, 0x77, 0x6C, 0xF9, 0xB0, 0x7E, 0xFF, 0xFB, 0x0C, 0x6C, 0x3F,
    0xB0, 0xC6, 0xC3, 0xFF, 0x1E, 0x7C, 0x60, 0x31, 0x80, 0xC7, 0x8F, 0x0F, 0xF8, 0x00, 0x08, 0x7C,
    0x73, 0xF9, 0xCC, 0x37, 0x30, 0xDC, 0xC3, 0x73, 0xF9, 0xC7, 0xC7, 0x01, 0xFF, 0xFF, 0xF7, 0x61,
    0xC1, 0x87, 0x06, 0x1C, 0x18, 0x70, 0x61, 0xC1, 0x87, 0x04, 0x1C, 0x00, 0x18, 0x7E, 0x63, 0xB9,
    0x8C, 0x36, 0x30, 0xD8, 0xEE, 0x61, 0xF9, 0x80, 0x7E, 0x7F, 0xF9, 0x18, 0x60, 0x61, 0x81, 0x80,
    0x1F, 0xF8, 0x00, 0x60, 0x01, 0x80, 0x06, 0x00, 0x18, 0x00, 0x18, 0x7E, 0x63, 0xBD, 0x8C, 0x36,
    0x30, 0xD8, 0xE7, 0x61, 0xF9, 0x80, 0x06, 0x7F, 0xF9, 0xFF, 0xE0, 0x61, 0x87, 0x86, 0x18, 0x18,
    0x60, 0x01, 0x80, 0x07, 0xFF, 0x1F, 0xF8, 0x00, 0x08, 0x7E, 0x63, 0xB9, 0x8C, 0x36, 0x3B, 0x98,
    0x7E, 0x60, 0x1F, 0x9F, 0xFE, 0x66, 0x18, 0x18, 0x21, 0xFF, 0x80, 0x06, 0x00, 0x18, 0x7F, 0xE1,
    0x80, 0x07, 0xFF, 0x00, 0x00, 0x00, 0x18, 0x7E, 0x63, 0xB9, 0x8C, 0x36, 0x30, 0xD8, 0xEE, 0x61,
    0xF9, 0x83, 0xFE, 0x7F, 0xF8, 0x18, 0x60, 0x60, 0x87, 0xFE, 0x18, 0x18, 0x60, 0x61, 0x81, 0x87,
    0xFE, 0x0F, 0xF8, 0x00, 0x08, 0x7E, 0x63, 0xBD, 0x8C, 0x36, 0x3B, 0xD8, 0x7E, 0x60, 0x01, 0x80,
    0xFE, 0x7F, 0xF8, 0x18, 0x61, 0xE1, 0x86, 0x06, 0x1F, 0xF8, 0x60, 0x61, 0x81, 0x87, 0xFE, 0x0F,
    0xF8, 0x00, 0x18, 0x3F, 0x30, 0xEE, 0x61, 0x86, 0xC3, 0x0D, 0x87, 0x73, 0x07, 0xE6, 0x00, 0xFC,
    0x7F, 0xF8, 0xDC, 0x30, 0x38, 0x60, 0x7E, 0xC0, 0x1C, 0x80, 0x7C, 0x01, 0xDC, 0x0F, 0x1E, 0x18,
    0x0C, 0x00, 0x18, 0x7E, 0x63, 0xB9, 0x8C, 0x36, 0x30, 0xD8, 0xEE, 0x61, 0xF9, 0x80, 0x7E, 0x7F,
    0xF8, 0x18, 0x60, 0x61, 0x83, 0xFC, 0x1F, 0x78, 0x60, 0x61, 0x81, 0x87, 0x9E, 0x0F, 0xF0, 0x0F,
    0xE0, 0x3F, 0xE0, 0xE0, 0x61, 0x80, 0xC3, 0x01, 0x83, 0x8F, 0x03, 0xFC, 0x00, 0x00, 0x00, 0x01,
    0xFF, 0xFC, 0x31, 0x80, 0x63, 0x00, 0xC6, 0x01, 0x8C, 0x03, 0x18, 0x06, 0x30, 0x00, 0x00, 0x3F,
    0xE0, 0xF1, 0xE1, 0x80, 0xC3, 0x01, 0x87, 0xDF, 0x03, 0xFC, 0x00, 0x00, 0xFF, 0xFE, 0x18, 0xC0,
    0x31, 0x80, 0x63, 0x03, 0xFF, 0x80, 0x03, 0x00, 0x06, 0x00, 0x0C, 0x00, 0x18, 0x00, 0x00, 0x1F,
    0xE0, 0xF1, 0xE1, 0x80, 0xC3, 0x01, 0x87, 0x8F, 0x03, 0xFC, 0x00, 0x00, 0x00, 0x01, 0xFF, 0xFC,
    0x19, 0x80, 0x33, 0x03, 0x66, 0x06, 0x00, 0x0C, 0x00, 0x1F, 0xFC, 0x1F, 0xF8, 0x00, 0x00, 0x3F,
    0xE0, 0xF1, 0xE1, 0x80, 0xC3, 0xC7, 0x83, 0xFE, 0x00, 0x00, 0x7F, 0xFF, 0x0C, 0x60, 0x18, 0xC0,
    0xFF, 0xE0, 0x00, 0xC0, 0x01, 0x87, 0xFF, 0x0C, 0x00, 0x1F, 0xFE, 0x00, 0x00, 0x00, 0x00, 0x3F,
    0xE0, 0xF1, 0xE1, 0x80, 0xC3, 0x01, 0x87, 0xDF, 0x03, 0xFC, 0x00, 0x00, 0xFF, 0xFE, 0x18, 0xC0,
    0x31, 0x81, 0xFF, 0xC3, 0x01, 0x86, 0x03, 0x0C, 0x06, 0x1F, 0xFC, 0x1F, 0xF0, 0x00, 0x00, 0x3F,
    0xE0, 0xF1, 0xE1, 0x80, 0xC3, 0x01, 0x87, 0xDF, 0x03, 0xFC, 0x00, 0x00, 0xFF, 0xFE, 0x1C, 0xC0,
    0xF9, 0xE1, 0x80, 0xC3, 0xFF, 0x86, 0x03, 0x0C, 0x06, 0x1F, 0xFC, 0x00, 0x00, 0x00, 0x00, 0x3F,
    0xE0, 0xF1, 0xE1, 0x80, 0xC3, 0x01, 0x87, 0xDF, 0x03, 0xFC, 0x00, 0x00, 0xFF, 0xFE, 0xFF, 0xF8,
    0x30, 0xC0, 0x6D, 0x80, 0x38, 0x00, 0x78, 0x03, 0xB8, 0x1E, 0x3E, 0x30, 0x18, 0x00, 0x00, 0x3F,
    0xE0, 0xF1, 0xE1, 0x80, 0xC3, 0x01, 0x87, 0xDF, 0x03, 0xFC, 0x00, 0x00, 0xFF, 0xFE, 0xFF, 0xF8,
    0x31, 0x80, 0x7F, 0x81, 0xEF, 0x86, 0x03, 0x0C, 0x06, 0x0F, 0x7C, 0x0F, 0xF0, 0x00, 0x00, 0x3F,
    0xE0, 0xF1, 0xE1, 0x80, 0xC3, 0xC7, 0x83, 0xFE, 0x00, 0x00, 0x7F, 0xFF, 0x7F, 0xFC, 0x1B, 0x60,
    0x06, 0x01, 0xFF, 0xC0, 0x38, 0x00, 0x78, 0x03, 0xB8, 0x1E, 0x3C, 0x30, 0x18, 0x00, 0x00, 0x1F,
    0xC0, 0x79, 0xC1, 0xC0, 0xC3, 0x01, 0x86, 0x03, 0x0E, 0x06, 0x0F, 0x38, 0x0F, 0xE0, 0x00, 0x00,
    0x00, 0x00, 0x00, 0x0F, 0xFF, 0xEF, 0xFF, 0x80, 0x0F, 0xF0, 0x7F, 0xF0, 0xC0, 0x61, 0x80, 0xC3,
    0xC7, 0x83, 0xFE, 0x00, 0x00, 0x00, 0x00, 0xFF, 0xFE, 0x00, 0x00, 0x00, 0x01, 0xFF, 0xC0, 0x01,
    0x80, 0x03, 0x00, 0x06, 0x00, 0x0C, 0x0F, 0xF0, 0x3F, 0xF0, 0xC0, 0x61, 0x80, 0xC3, 0xC7, 0x83,
    0xFE, 0x00, 0x00, 0x00, 0x00, 0xFF, 0xFE, 0x00, 0x00, 0xC0, 0x01, 0x80, 0x03, 0x00, 0x06, 0x00,
    0x0F, 0xFE, 0x0F, 0xFC, 0x00, 0x00, 0x3F, 0xE0, 0xF1, 0xE1, 0x80, 0xC3, 0xC7, 0x83, 0xFE, 0x00,
    0x00, 0x00, 0x00, 0xFF, 0xFE, 0x00, 0x00, 0xFF, 0xE0, 0x00, 0xC0, 0x01, 0x87, 0xFF, 0x0C, 0x00,
    0x1F, 0xFE, 0x00, 0x00, 0x00, 0x00, 0x3F, 0xE0, 0xF1, 0xE1, 0x80, 0xC3, 0xC7, 0x83, 0xFE, 0x00,
    0x00, 0x00, 0x00, 0xFF, 0xFE, 0x00, 0x00, 0xFF, 0xF0, 0x36, 0xC0, 0x6D, 0x87, 0xDB, 0x0C, 0x36,
    0x1F, 0xFE, 0x00, 0x00, 0x00, 0x00, 0x3F, 0xE0, 0xF1, 0xE1, 0x80, 0xC3, 0x01, 0x87, 0xDF, 0x03,
    0xFC, 0x00, 0x00, 0xFF, 0xFE, 0xFF, 0xF8, 0x00, 0x01, 0xFF, 0xC3, 0x01, 0x86, 0x03, 0x0C, 0x06,
    0x1F, 0xFC, 0x1F, 0xF0, 0x00, 0x00, 0x3F, 0xE0, 0xF1, 0xE1, 0x80, 0xC3, 0x01, 0x87, 0xDF, 0x03,
    0xFC, 0x00, 0x00, 0xFF, 0xFE, 0x00, 0x00, 0xC0, 0x61, 0x80, 0xC3, 0xFF, 0x86, 0x03, 0x0C, 0x06,
    0x1F, 0xFC, 0x1F, 0xF0, 0x00, 0x00, 0x3F, 0xE0, 0xF1, 0xE1, 0x80, 0xC3, 0x01, 0x87, 0x8F, 0x07,
    0xFC, 0x00, 0x00, 0x00, 0x01, 0xFF, 0xFC, 0x00, 0x00, 0x0C, 0x00, 0x38, 0x00, 0x78, 0x03, 0xB8,
    0x1E, 0x3E, 0x30, 0x18, 0x00, 0x00, 0x3F, 0xE0, 0xF1, 0xE1, 0x80, 0xC3, 0x01, 0x87, 0xDF, 0x03,
    0xFC, 0x00, 0x00, 0xFF, 0xFE, 0x00, 0x00, 0x00, 0x00, 0x7F, 0x81, 0xEF, 0x86, 0x03, 0x0C, 0x06,
    0x0F, 0x7C, 0x0F, 0xF0, 0x00, 0x00, 0x3F, 0xE0, 0xF1, 0xE1, 0x80, 0xC3, 0x01, 0x87, 0xDF, 0x03,
    0xFC, 0x00, 0x00, 0xFF, 0xFE, 0x00, 0x00, 0x00, 0x01, 0xFF, 0xC0, 0x38, 0x00, 0xF8, 0x03, 0xB8,
    0x1E, 0x3E, 0x30, 0x18, 0x00, 0x00, 0x3F, 0xE0, 0xF1, 0xE1, 0x80, 0xC3, 0xC7, 0x83, 0xFE, 0x00,
    0x00, 0x00, 0x00, 0xFF, 0xFE, 0x02, 0x00, 0x06, 0x01, 0xFF, 0xC0, 0x38, 0x00, 0x78, 0x03, 0xB8,
    0x1E, 0x3C, 0x30, 0x18, 0x00, 0x00, 0x3F, 0xE0, 0xF1, 0xE1, 0x80, 0xC3, 0x01, 0x87, 0xDF, 0x03,
    0xFC, 0x00, 0x00, 0xFF, 0xFE, 0xFF, 0xF8, 0x00, 0x01, 0xFF, 0xC0, 0x01, 0x80, 0x1F, 0x0F, 0xFE,
    0x1C, 0x0C, 0x00, 0x18, 0x00, 0x00, 0x3F, 0xE0, 0xF1, 0xE1, 0x80, 0xC3, 0x01, 0x87, 0xDF, 0x03,
    0xFC, 0x00, 0x00, 0xFF, 0xFE, 0x00, 0x00, 0xFF, 0xE1, 0x80, 0x03, 0x00, 0x07, 0xFF, 0x0C, 0x00,
    0x1F, 0xFC, 0x00, 0x00, 0x00, 0x00, 0x3F, 0xE0, 0xF1, 0xE1, 0x80, 0xC3, 0x01, 0x87, 0xDF, 0x03,
    0xFC, 0x00, 0x00, 0xFF, 0xFE, 0x00, 0x00, 0x00, 0x01, 0xFF, 0xC0, 0xC6, 0x01, 0x8C, 0x03, 0x18,
    0x1F, 0xFC, 0x1F, 0xF8, 0x00, 0x00, 0x3F, 0xE0, 0xF1, 0xE1, 0x80, 0xC3, 0xC7, 0x83, 0xFE, 0x00,
    0x00, 0x7F, 0xFF, 0x7F, 0xFC, 0x03, 0x00, 0x0E, 0x01, 0xFF, 0xE0, 0x00, 0x01, 0xFE, 0x07, 0x1C,
    0x0E, 0x38, 0x0F, 0xF0, 0x00, 0x08, 0x10, 0x61, 0xF9, 0x8E, 0xF6, 0x70, 0xD9, 0x83, 0x67, 0x0D,
    0x8E, 0xF6, 0x1F, 0x98, 0x10, 0x60, 0x01, 0x80, 0xFE, 0x7F, 0xF9, 0xC0, 0x60, 0x01, 0x80, 0x06,
    0x00, 0x18, 0x00, 0x18, 0x7C, 0x73, 0xF9, 0xCC, 0x37, 0x30, 0xDC, 0xC3, 0x73, 0xB9, 0xC7, 0xC7,
    0x01, 0xFD, 0xFF, 0xF0, 0x01, 0xC6, 0x07, 0x18, 0x08, 0x60, 0x01, 0x80, 0x07, 0xFF, 0x0F, 0xF8,
    0x00, 0x08, 0x7E, 0x73, 0x9D, 0xCC, 0x37, 0x39, 0xDC, 0x7E, 0x70, 0x01, 0xC7, 0xFF, 0x7F, 0xFC,
    0x00, 0x21, 0xFF, 0xC0, 0x07, 0x00, 0x1C, 0x7F, 0xF1, 0x80, 0x07, 0xFF, 0x00, 0x00, 0x00, 0x08,
    0x7E, 0x73, 0xB9, 0xCC, 0x37, 0x30, 0xDC, 0xEE, 0x71, 0xF9, 0xC0, 0x7F, 0x7F, 0xFC, 0x00, 0x70,
    0x00, 0x07, 0xFF, 0x18, 0x1C, 0x60, 0x71, 0x81, 0xC7, 0xFF, 0x0F, 0xF8, 0x00, 0x18, 0x7E, 0x73,
    0xB9, 0xCC, 0x37, 0x30, 0xDC, 0xEE, 0x71, 0xF9, 0xC0, 0x07, 0x7F, 0xFD, 0xFF, 0xF0, 0x01, 0xC0,
    0x67, 0x01, 0x88, 0x0F, 0x00, 0x7F, 0x0F, 0x8F, 0x38, 0x1C, 0x00, 0x10, 0x41, 0xCF, 0x8E, 0xEC,
    0x76, 0x33, 0xE1, 0x9F, 0x0C, 0xF8, 0x67, 0xC3, 0x3E, 0x19, 0xD8, 0xCE, 0xFC, 0x73, 0xC3, 0x80,
    0x1C, 0x00, 0xE0, 0x07, 0x00, 0x38, 0x00, 0x10, 0x01, 0xDF, 0x8F, 0xCE, 0x7C, 0x33, 0xE1, 0x9F,
    0x0C, 0xFF, 0xE7, 0x7E, 0x38, 0x01, 0xC0, 0x00, 0x7F, 0xF3, 0xFF, 0x80, 0x1C, 0x00, 0xE0, 0x07,
    0x00, 0x38, 0x00, 0x10, 0x01, 0xDF, 0x8F, 0xCE, 0x7C, 0x33, 0xE1, 0x9F, 0x0C, 0xFC, 0xE7, 0x7E,
    0x38, 0x41, 0xC4, 0x0E, 0x60, 0x73, 0x00, 0x18, 0x00, 0xC0, 0x07, 0xFF, 0x1F, 0xF0, 0x00, 0x13,
    0xF1, 0xFF, 0xCF, 0x86, 0x7C, 0x33, 0xE1, 0x9F, 0x9C, 0xEF, 0xC7, 0x00, 0x38, 0x00, 0x0F, 0xFE,
    0x00, 0x73, 0xFF, 0x98, 0x00, 0xC0, 0x07, 0xFF, 0x00, 0x00, 0x00, 0x33, 0xF1, 0xFF, 0xCF, 0x86,
    0x7C, 0x33, 0xE1, 0x9F, 0x9C, 0xEF, 0xC7, 0x00, 0x38, 0x00, 0x1F, 0xFE, 0x0C, 0x70, 0x63, 0xBF,
    0x1D, 0x80, 0xEF, 0xE7, 0x00, 0x10, 0x00, 0x33, 0xF1, 0xFF, 0xCF, 0x86, 0x7C, 0x33, 0xE1, 0x9F,
    0x9C, 0xEF, 0xC7, 0x00, 0x38, 0x00, 0x1F, 0xFE, 0x0F, 0x37, 0xF9, 0xB0, 0xCD, 0x8E, 0x6F, 0xFF,
    0x00, 0x00, 0x00, 0x11, 0xF8, 0xEF, 0xF3, 0xB0, 0xCE, 0xC3, 0x3B, 0x0C, 0xEE, 0x73, 0x9F, 0x8E,
    0x00, 0x30, 0x01, 0x87, 0xE6, 0x01, 0xFF, 0x06, 0xF1, 0xFF, 0xE6, 0x19, 0x9F, 0xFE, 0x00, 0xF0,
    0x00, 0x39, 0xF1, 0xDF, 0xCF, 0x86, 0x7C, 0x33, 0xE1, 0x9F, 0x0C, 0xEF, 0xE7, 0x7E, 0x38, 0x01,
    0xC0, 0x00, 0x7F, 0xF3, 0x03, 0x98, 0x1C, 0xC0, 0xE7, 0xFF, 0x1F, 0xF0, 0x00, 0x3B, 0xF1, 0xDF,
    0xCF, 0x86, 0x7C, 0x33, 0xE1, 0x9F, 0x0C, 0xEF, 0xE7, 0x7E, 0x38, 0x00, 0x8C, 0x0E, 0x60, 0x73,
    0xFF, 0x98, 0x1C, 0xC0, 0xE7, 0xFF, 0x1F, 0xF0, 0x00, 0x10, 0x00, 0xE7, 0xE3, 0xB9, 0xCE, 0xC3,
    0x3B, 0x0C, 0xEC, 0x33, 0xB9, 0xCE, 0x7E, 0x38, 0x00, 0xE0, 0x33, 0x80, 0xE4, 0x03, 0x80, 0x1F,
    0x01, 0xEE, 0x1F, 0x1E, 0x30, 0x18, 0x00, 0x10, 0x00, 0xE7, 0xE3, 0xB9, 0xCE, 0xC3, 0x3B, 0x0C,
    0xEC, 0x33, 0xBF, 0xCE, 0x7E, 0x38, 0x00, 0xE1, 0x86, 0x06, 0x18, 0x18, 0x60, 0xF3, 0xC7, 0xFF,
    0xB9, 0xE7, 0x43, 0x08, 0x00, 0x10, 0x01, 0xDF, 0x8F, 0xCE, 0x7C, 0x33, 0xE1, 0x9F, 0x0C, 0xFF,
    0xE7, 0x7E, 0x38, 0x01, 0xC0, 0x04, 0x3F, 0xC3, 0xC7, 0x18, 0x18, 0xC0, 0xC7, 0xDE, 0x1F, 0xE0,
    0x00, 0x10, 0x01, 0xDF, 0x8F, 0xCE, 0x7C, 0x33, 0xE1, 0x9F, 0x0C, 0xFF, 0xE7, 0x7E, 0x38, 0x01,
    0xC7, 0xFC, 0x7F, 0xF0, 0x38, 0x03, 0xC0, 0x3B, 0x87, 0x8F, 0x30, 0x38, 0x00, 0x31, 0xF1, 0xDF,
    0xCF, 0x86, 0x7C, 0x33, 0xE1, 0x9F, 0x0C, 0xEF, 0xE7, 0x7E, 0x38, 0x01, 0xC0, 0x00, 0x7F, 0xF0,
    0xCE, 0x06, 0x70, 0x33, 0x87, 0xFF, 0x3F, 0xF0, 0x00, 0x18, 0x00, 0x31, 0xFF, 0x63, 0xFC, 0xC0,
    0xC1, 0x81, 0x83, 0x03, 0x06, 0x07, 0x0F, 0x1E, 0x1E, 0x36, 0x30, 0xEC, 0x63, 0x8E, 0xCE, 0x0D,
    0x88, 0x03, 0x00, 0x06, 0x00, 0x0C, 0x00, 0x18, 0x00, 0x18, 0x00, 0x31, 0xFF, 0x60, 0x60, 0xC0,
    0xC1, 0xC1, 0xC3, 0xC7, 0x86, 0x1D, 0xCC, 0x71, 0xD8, 0xC1, 0x30, 0x00, 0x41, 0xFF, 0xC1, 0xFF,
    0x80, 0x03, 0x00, 0x06, 0x00, 0x0C, 0x00, 0x18, 0x00, 0x18, 0x00, 0x31, 0xFF, 0x60, 0x60, 0xC0,
    0xC1, 0x81, 0xC3, 0x83, 0x87, 0x8F, 0x8C, 0x3B, 0x98, 0xE3, 0xB1, 0x00, 0x60, 0xC0, 0xC1, 0x81,
    0x83, 0x00, 0x06, 0x00, 0x0F, 0xFE, 0x0F, 0xF8, 0x00, 0x18, 0x00, 0x31, 0xFF, 0x60, 0x60, 0xC0,
    0xC1, 0xE3, 0xC3, 0x87, 0xC6, 0x39, 0xEC, 0x60, 0x98, 0x00, 0xC0, 0xC1, 0x81, 0x9F, 0xE3, 0x0F,
    0x86, 0x3B, 0x0D, 0xE6, 0x1F, 0xEC, 0x10, 0xF8, 0x00, 0x18, 0x00, 0x31, 0xFF, 0x60, 0x60, 0xC0,
    0xC1, 0xC1, 0xC3, 0xC7, 0x86, 0x1D, 0x8C, 0x73, 0xD8, 0xC1, 0x30, 0x00, 0x00, 0xFF, 0xC1, 0x80,
    0x03, 0x00, 0x06, 0x00, 0x0F, 0xFC, 0x1F, 0xF8, 0x00, 0x18, 0xFF, 0xB0, 0x30, 0x60, 0x60, 0xC0,
    0xE1, 0xE3, 0xC3, 0x8E, 0xC6, 0x39, 0xEC, 0x60, 0xD8, 0x00, 0x20, 0x7F, 0xE0, 0x00, 0xC1, 0xFF,
    0x83, 0x00, 0x06, 0x00, 0x0F, 0xFC, 0x00, 0x00, 0x00, 0x18, 0x00, 0x31, 0xFF, 0x60, 0x60, 0xC0,
    0xE1, 0xE3, 0xC3, 0x8E, 0xC6, 0x39, 0xEC, 0x60, 0x98, 0x00, 0x00, 0xFF, 0xE0, 0x3C, 0xC0, 0x79,
    0x87, 0xF3, 0x0C, 0x66, 0x1F, 0xFC, 0x00, 0x00, 0x00, 0x18, 0x00, 0x31, 0xFF, 0x60, 0x60, 0xC0,
    0xC1, 0xC1, 0xC3, 0xC7, 0x86, 0x1D, 0x8C, 0x73, 0xD8, 0xC1, 0x30, 0x00, 0x60, 0xFF, 0xC1, 0x81,
    0x83, 0x03, 0x06, 0x06, 0x0F, 0xFC, 0x1F, 0xF0, 0x00, 0x18, 0x00, 0x31, 0xFF, 0x60, 0x60, 0xC0,
    0xE1, 0xE3, 0xC3, 0x86, 0xC6, 0x39, 0xEC, 0x71, 0xD8, 0x80, 0x20, 0x60, 0x60, 0xC0, 0xC1, 0xFF,
    0x83, 0x03, 0x06, 0x06, 0x0F, 0xFC, 0x1F, 0xF0, 0x00, 0x18, 0x00, 0x31, 0xFF, 0x60, 0x60, 0xC0,
    0xC1, 0x81, 0xC3, 0xC7, 0x87, 0x1D, 0xCC, 0x71, 0xD8, 0xC1, 0x30, 0x06, 0x60, 0x0C, 0xC0, 0x38,
    0x00, 0x78, 0x03, 0xBC, 0x1E, 0x1E, 0x38, 0x1C, 0x00, 0x18, 0x00, 0x31, 0xFF, 0x60, 0x60, 0xC0,
    0xC1, 0xC1, 0xC3, 0xC7, 0x86, 0x1D, 0x8C, 0x73, 0xD8, 0xC1, 0x30, 0x30, 0x80, 0x61, 0x80, 0xC7,
    0x03, 0xCE, 0x0F, 0xBE, 0x39, 0xE7, 0x21, 0x84, 0x00, 0x18, 0x00, 0x31, 0xFF, 0x60, 0x60, 0xC0,
    0xC1, 0xC1, 0xC3, 0xC7, 0x86, 0x1D, 0x8C, 0x73, 0xD8, 0xC1, 0x30, 0x00, 0x60, 0x7F, 0x81, 0xC7,
    0x83, 0x03, 0x06, 0x06, 0x0F, 0x7C, 0x0F, 0xF0, 0x00, 0x18, 0x00, 0x31, 0xFF, 0x60, 0x60, 0xC0,
    0xC1, 0xC1, 0xC3, 0xC7, 0x86, 0x1D, 0xCC, 0x71, 0xD8, 0xC1, 0x30, 0x00, 0x40, 0xFF, 0xC0, 0x18,
    0x00, 0x78, 0x03, 0xF8, 0x1F, 0x3E, 0x38, 0x18, 0x00, 0x6C, 0x01, 0xB7, 0xF6, 0xDF, 0xDB, 0x0C,
    0x6C, 0x71, 0xB1, 0xC6, 0xC7, 0x1F, 0x1C, 0x7C, 0x79, 0xB3, 0x76, 0xDC, 0xFB, 0x61, 0x6C, 0x01,
    0xB0, 0x06, 0xC0, 0x1B, 0x00, 0x0C, 0x00, 0x4C, 0x01, 0xB7, 0xF6, 0xC3, 0x1B, 0x1C, 0x6C, 0x71,
    0xF1, 0xC6, 0xCD, 0xDB, 0x73, 0x6D, 0x85, 0xB0, 0x00, 0x07, 0xFF, 0x0F, 0xFC, 0x00, 0x30, 0x00,
    0xC0, 0x03, 0x00, 0x0C, 0x00, 0x4C, 0x01, 0xB7, 0xF6, 0xC7, 0x1B, 0x0C, 0x6C, 0x71, 0xF1, 0xC7,
    0xC7, 0x9B, 0x37, 0x6D, 0xCD, 0xB4, 0x06, 0xC6, 0x1B, 0x18, 0x0C, 0x60, 0x01, 0x80, 0x07, 0xFF,
    0x0F, 0xFC, 0x00, 0x0C, 0x00, 0xD9, 0xFD, 0xB0, 0x63, 0x61, 0xC7, 0xC3, 0x8F, 0x8D, 0x9B, 0x3B,
    0xB6, 0x61, 0x6C, 0x00, 0x10, 0x7F, 0xF0, 0x00, 0x60, 0x00, 0xC3, 0xFF, 0x86, 0x00, 0x0F, 0xFE,
    0x00, 0x00, 0x00, 0x0C, 0x01, 0xB7, 0xF6, 0xC3, 0x1B, 0x1C, 0x7C, 0x71, 0xF1, 0xC6, 0xCD, 0x9B,
    0x77, 0x6D, 0x85, 0xB0, 0x00, 0x87, 0xFF, 0x18, 0x0C, 0x60, 0x31, 0x80, 0xC7, 0xFF, 0x0F, 0xF8,
    0x00, 0x0C, 0x01, 0xB7, 0xF6, 0xC3, 0x1B, 0x1C, 0x7C, 0x71, 0xF3, 0xE6, 0xDD, 0xDB, 0x63, 0x6C,
    0x01, 0x31, 0x80, 0xC6, 0x03, 0x1F, 0xFC, 0x60, 0x31, 0x80, 0xC7, 0xFF, 0x0F, 0xF8, 0x00, 0x4C,
    0x7E, 0xD9, 0xFD, 0xB0, 0x63, 0x61, 0xC7, 0xC3, 0x8F, 0x87, 0x1B, 0x1F, 0x36, 0x77, 0x6C, 0xC2,
    0xD8, 0x02, 0x30, 0x0E, 0x60, 0x1C, 0x00, 0x7C, 0x01, 0xDC, 0x0F, 0x1E, 0x18, 0x0C, 0x00, 0x0C,
    0x00, 0xD9, 0xFD, 0xB0, 0x63, 0x61, 0xC7, 0xC3, 0x8F, 0x87, 0x1B, 0x1B, 0x36, 0x73, 0x6C, 0xC2,
    0xD8, 0x10, 0xC0, 0x71, 0x80, 0xE3, 0x01, 0xCF, 0x07, 0xDF, 0x1D, 0xE7, 0x21, 0x84, 0x00, 0x4C,
    0x01, 0xB7, 0xF6, 0xC3, 0x1B, 0x1C, 0x6C, 0x71, 0xF1, 0xC6, 0xCD, 0x9B, 0x73, 0x6D, 0x85, 0xB0,
    0x00, 0xC1, 0xFE, 0x0E, 0x3C, 0x60, 0x31, 0x80, 0xC3, 0xDF, 0x07, 0xF0, 0x00, 0x18, 0x00, 0x31,
    0xFF, 0x63, 0xFC, 0xC0, 0xC1, 0xE1, 0x83, 0xC3, 0x06, 0x07, 0x0C, 0x0E, 0x18, 0x3C, 0x3C, 0xEC,
    0x7B, 0x9C, 0xCE, 0x1D, 0x88, 0x03, 0x00, 0x06, 0x00, 0x0C, 0x00, 0x18, 0x00, 0x18, 0x00, 0x31,
    0xFF, 0x60, 0x60, 0xE0, 0xC1, 0xE1, 0xC3, 0x07, 0x87, 0x1D, 0x8F, 0x73, 0xD8, 0xC1, 0x30, 0x00,
    0x61, 0xFF, 0xC1, 0xFF, 0x80, 0x03, 0x00, 0x06, 0x00, 0x0C, 0x00, 0x18, 0x00, 0x18, 0x00, 0x31,
    0xFF, 0x60, 0x60, 0xE0, 0xC1, 0xE1, 0xC3, 0x07, 0x86, 0x0F, 0x8C, 0x3B, 0x9E, 0xE3, 0xB1, 0x00,
    0x60, 0xC0, 0xC1, 0x81, 0x83, 0x00, 0x06, 0x00, 0x0F, 0xFE, 0x0F, 0xF8, 0x00, 0x18, 0x00, 0x31,
    0xFF, 0x60, 0x60, 0xF0, 0xC1, 0x81, 0xC3, 0x07, 0xC7, 0x9D, 0xCC, 0x71, 0x98, 0x80, 0xC0, 0xC1,
    0x81, 0x9F, 0xE3, 0x0F, 0x86, 0x3B, 0x0D, 0xE6, 0x1F, 0xEC, 0x10, 0xF8, 0x00, 0x18, 0xFF, 0xB0,
    0x30, 0x60, 0x60, 0xF0, 0xE1, 0x83, 0xC3, 0x07, 0xC7, 0xBD, 0xEC, 0x70, 0xD8, 0x00, 0x20, 0x7F,
    0xE0, 0x00, 0xC1, 0xFF, 0x83, 0x00, 0x06, 0x00, 0x0F, 0xFC, 0x00, 0x00, 0x00, 0x18, 0x00, 0x31,
    0xFF, 0x70, 0x60, 0xF0, 0xC1, 0x81, 0xC3, 0x07, 0xC7, 0x9D, 0xCE, 0x71, 0xD8, 0xC1, 0x30, 0x00,
    0x00, 0xFF, 0xC1, 0x81, 0x83, 0x03, 0x06, 0x06, 0x0F, 0xFC, 0x1F, 0xF0, 0x00, 0x18, 0x00, 0x31,
    0xFF, 0x60, 0x60, 0xF0, 0xC1, 0xC1, 0xC3, 0x07, 0xC7, 0x9D, 0xCE, 0x71, 0xD8, 0xC1, 0x30, 0x00,
    0x60, 0x7F, 0x81, 0xC7, 0x83, 0x03, 0x06, 0x06, 0x0F, 0x7C, 0x0F, 0xF0, 0x00, 0x6C, 0x01, 0xB7,
    0xF6, 0xDF, 0xDB, 0x0C, 0x7C, 0x31, 0xF1, 0xC6, 0xC7, 0x1B, 0x1C, 0x6C, 0xD9, 0xF3, 0x77, 0xDC,
    0xFB, 0x61, 0x6C, 0x01, 0xB0, 0x06, 0xC0, 0x1B, 0x00, 0x0C, 0x00, 0x4C, 0x01, 0xB7, 0xF6, 0xC7,
    0x1B, 0x0C, 0x7C, 0x71, 0xB1, 0xC6, 0xC7, 0x9B, 0x37, 0x7D, 0xCD, 0xB4, 0x06, 0xC6, 0x1B, 0x18,
    0x4C, 0x60, 0x01, 0x80, 0x07, 0xFF, 0x0F, 0xFC, 0x00, 0x0C, 0x00, 0xD9, 0xFD, 0xB0, 0x63, 0xE1,
    0xC6, 0xC3, 0x8D, 0x8F, 0x9F, 0x3B, 0xB6, 0x61, 0x6C, 0x00, 0x18, 0x7F, 0xF0, 0x00, 0x60, 0x00,
    0xC3, 0xFF, 0x86, 0x00, 0x0F, 0xFE, 0x00, 0x00, 0x00, 0x0C, 0x00, 0x77, 0xFD, 0xCF, 0xE7, 0x0C,
    0x1C, 0x38, 0x70, 0xEF, 0xC3, 0x9F, 0x1E, 0x1C, 0x6C, 0x73, 0xB9, 0xDC, 0x77, 0x60, 0xDD, 0x00,
    0x70, 0x01, 0xC0, 0x07, 0x00, 0x0C, 0x00, 0x08, 0x00, 0x77, 0xFD, 0xC3, 0x07, 0x0E, 0x7C, 0x39,
    0xF1, 0xF1, 0xCE, 0xE7, 0x71, 0xDD, 0x82, 0x70, 0x00, 0x87, 0xFF, 0x0F, 0xFC, 0x00, 0x70, 0x01,
    0xC0, 0x07, 0x00, 0x0C, 0x00, 0x08, 0x00, 0x77, 0xFD, 0xC3, 0x07, 0x0E, 0x1C, 0x3B, 0xF1, 0xE7,
    0xC6, 0xC7, 0x73, 0xDD, 0x83, 0x70, 0x01, 0xC6, 0x07, 0x18, 0x08, 0x60, 0x01, 0x80, 0x07, 0xFF,
    0x0F, 0xF8, 0x00, 0x0D, 0xFF, 0x73, 0xF9, 0xC3, 0x87, 0x0E, 0x7C, 0x78, 0x73, 0xB9, 0xDC, 0x77,
    0x60, 0xDC, 0x00, 0x01, 0xFF, 0xC0, 0x07, 0x00, 0x1C, 0x7F, 0xF1, 0x80, 0x07, 0xFF, 0x00, 0x00,
    0x00, 0x0D, 0xFF, 0x70, 0xE1, 0xC3, 0x87, 0x0E, 0x7C, 0x7D, 0xF3, 0xB9, 0xDC, 0x77, 0x60, 0xDC,
    0x00, 0x23, 0xFF, 0xC0, 0xF3, 0x03, 0xCC, 0xFF, 0x33, 0x0C, 0xCC, 0xF3, 0x3F, 0xFC, 0x00, 0x08,
    0x00, 0x77, 0xFD, 0xC3, 0x07, 0x0E, 0x7C, 0x3B, 0xF1, 0xF1, 0xCE, 0xE7, 0x71, 0xDD, 0x83, 0x70,
    0x00, 0x87, 0xFF, 0x18, 0x0C, 0x60, 0x31, 0x80, 0xC7, 0xFF, 0x0F, 0xF8, 0x00, 0x08, 0x00, 0x77,
    0xFD, 0xC3, 0x07, 0x0E, 0x7C, 0x3B, 0xF1, 0xF1, 0xCE, 0xE7, 0x71, 0xDD, 0x80, 0x21, 0x81, 0xC6,
    0x07, 0x1F, 0xFC, 0x60, 0x71, 0x81, 0xC7, 0xFF, 0x0F, 0xF8, 0x00, 0x08, 0x00, 0x39, 0xFF, 0x70,
    0x60, 0xE0, 0xE1, 0xC1, 0xDF, 0x87, 0xC7, 0x1D, 0xCE, 0x71, 0xDC, 0xC1, 0xB8, 0x06, 0x70, 0x0E,
    0x60, 0x1C, 0x00, 0x7C, 0x01, 0xDC, 0x1F, 0x1E, 0x18, 0x0C, 0x00, 0x08, 0x00, 0x77, 0xFD, 0xC3,
    0x07, 0x0E, 0x7C, 0x39, 0xF1, 0xF1, 0xCE, 0xE7, 0x71, 0xDD, 0x83, 0x70, 0x00, 0x83, 0xFC, 0x1E,
    0x38, 0x60, 0x71, 0x81, 0xC7, 0xDE, 0x0F, 0xF0, 0x00, 0x08, 0x00, 0x77, 0xFD, 0xC3, 0x07, 0x0E,
    0x1C, 0x3B, 0xF1, 0xF1, 0xCE, 0xE7, 0x71, 0xDD, 0x82, 0x70, 0x00, 0x07, 0xFF, 0x01, 0xC0, 0x07,
    0x00, 0x77, 0x07, 0x8F, 0x18, 0x0C, 0x00, 0x6C, 0x01, 0xB7, 0xF6, 0xDF, 0xDB, 0x0C, 0x6C, 0x71,
    0xB1, 0xFE, 0xC7, 0x7B, 0x1C, 0x6C, 0xD9, 0xB3, 0x76, 0xDC, 0xFB, 0xE1, 0x6C, 0x01, 0xB0, 0x06,
    0xC0, 0x1B, 0x00, 0x0C, 0x00, 0x0C, 0x01, 0xB7, 0xF6, 0xC3, 0x1B, 0x1C, 0x6C, 0x77, 0xB1, 0xC6,
    0xCD, 0x9B, 0x77, 0x6D, 0x85, 0xB0, 0x04, 0xC7, 0xFF, 0x0F, 0xFC, 0x00, 0x30, 0x00, 0xC0, 0x03,
    0x00, 0x0C, 0x00, 0x0C, 0x01, 0xB7, 0xF6, 0xCF, 0x9B, 0x0C, 0x6C, 0x77, 0xB1, 0xDE, 0xCF, 0x9B,
    0x77, 0x6D, 0x85, 0xB0, 0x06, 0xC6, 0x1B, 0x18, 0x0C, 0x60, 0x01, 0x80, 0x07, 0xFF, 0x0F, 0xFC,
    0x00, 0x0C, 0x00, 0xD9, 0xFD, 0xB0, 0x63, 0x61, 0xDE, 0xC3, 0x8D, 0x8D, 0x9B, 0x39, 0xB6, 0x61,
    0x6C, 0x00, 0x10, 0x7F, 0xF0, 0x00, 0x60, 0x00, 0xC3, 0xFF, 0x86, 0x00, 0x0F, 0xFE, 0x00, 0x00,
    0x00, 0x0C, 0x01, 0xB7, 0xF6, 0xC3, 0x1B, 0x1D, 0xEC, 0x77, 0xB1, 0xC6, 0xCD, 0x9B, 0x73, 0x6D,
    0x85, 0xB0, 0x00, 0xC7, 0xFF, 0x18, 0x0C, 0x60, 0x31, 0x80, 0xC7, 0xFF, 0x0F, 0xF8, 0x00, 0x0C,
    0x01, 0xB7, 0xF6, 0xC3, 0x1B, 0x1D, 0xEC, 0x77, 0xB3, 0xE6, 0xDD, 0xDB, 0x63, 0x6C, 0x00, 0x21,
    0x80, 0xC6, 0x03, 0x1F, 0xFC, 0x60, 0x31, 0x80, 0xC7, 0xFF, 0x0F, 0xF8, 0x00, 0x4C, 0x7C, 0xD9,
    0xFD, 0xB0, 0x63, 0x61, 0xC6, 0xC3, 0xBD, 0x87, 0x1B, 0x1F, 0x36, 0x77, 0x6C, 0xC2, 0xD8, 0x02,
    0x30, 0x0E, 0x60, 0x1C, 0x00, 0x7C, 0x01, 0xDC, 0x0F, 0x1E, 0x18, 0x0C, 0x00, 0x4C, 0x01, 0xB7,
    0xF6, 0xC3, 0x1B, 0x1D, 0xEC, 0x77, 0xB1, 0xC6, 0xCF, 0x9B, 0x77, 0x6D, 0x85, 0xB0, 0x00, 0xC1,
    0xFE, 0x0E, 0x3C, 0x60, 0x31, 0x80, 0xC3, 0xDF, 0x07, 0xF0, 0x00, 0x0C, 0x00, 0x77, 0xFD, 0xCF,
    0xE7, 0x0C, 0x1C, 0x33, 0xF0, 0xE7, 0xC3, 0x87, 0x0E, 0x7C, 0x6F, 0xF3, 0xB1, 0xCC, 0x77, 0x71,
    0xDD, 0x00, 0x70, 0x01, 0xC0, 0x07, 0x00, 0x0C, 0x00, 0x08, 0x00, 0x77, 0xFD, 0xC3, 0x07, 0x0E,
    0x7C, 0x39, 0xF0, 0xE7, 0xC7, 0xDF, 0x3B, 0x9D, 0xC7, 0x74, 0x01, 0xC6, 0x07, 0x18, 0x08, 0x60,
    0x01, 0x80, 0x07, 0xFF, 0x0F, 0xF8, 0x00, 0x0D, 0xFF, 0x73, 0xF9, 0xC3, 0x9F, 0x0E, 0x7C, 0x78,
    0x71, 0xB7, 0xDC, 0xF7, 0x60, 0xDC, 0x00, 0x21, 0xFF, 0xC0, 0x07, 0x00, 0x1C, 0x7F, 0xF1, 0x80,
    0x07, 0xFF, 0x00, 0x00, 0x00, 0x09, 0xFE, 0x67, 0xFD, 0x83, 0x06, 0x0C, 0xF8, 0x38, 0x61, 0xEF,
    0x8E, 0xFE, 0x71, 0xD9, 0x82, 0x60, 0x00, 0x07, 0xFE, 0x18, 0x18, 0x60, 0x61, 0x81, 0x87, 0xFE,
    0x0F, 0xF8, 0x00, 0x0D, 0xFF, 0x73, 0xF9, 0xC3, 0x9F, 0x0E, 0x7C, 0x38, 0x71, 0xF7, 0xCE, 0xF7,
    0x71, 0xDD, 0x80, 0x21, 0x81, 0xC6, 0x07, 0x1F, 0xFC, 0x60, 0x71, 0x81, 0xC7, 0xFF, 0x0F, 0xF8,
    0x00, 0x08, 0x00, 0x39, 0xFF, 0x70, 0x60, 0xE0, 0xE7, 0xC1, 0xC3, 0x87, 0xDF, 0x1D, 0xFE, 0x71,
    0xDC, 0xC1, 0x18, 0x30, 0xC0, 0x61, 0x80, 0xE3, 0x03, 0xCF, 0x0E, 0xFF, 0x39, 0xE7, 0x21, 0x84,
    0x00, 0x08, 0x00, 0x77, 0xFD, 0xC3, 0x07, 0x0E, 0x7C, 0x38, 0x70, 0xE1, 0xC6, 0xDF, 0x3B, 0xDD,
    0xC3, 0x74, 0x00, 0xC3, 0xFC, 0x1E, 0x38, 0x60, 0x71, 0x81, 0xC7, 0xDE, 0x0F, 0xF0, 0x00, 0x6C,
    0x01, 0xB7, 0xF6, 0xDF, 0xDB, 0x0C, 0x6C, 0x77, 0xB1, 0xDE, 0xC7, 0x1B, 0x1D, 0xEC, 0xDF, 0xB3,
    0x66, 0xDC, 0xFB, 0xE3, 0x6D, 0x01, 0xB0, 0x06, 0xC0, 0x1B, 0x00, 0x0C, 0x3F, 0xFC, 0x7F, 0xF0,
    0x0E, 0x00, 0x1C, 0x00, 0x7C, 0x01, 0xDC, 0x0F, 0x1E, 0x3C, 0x8E, 0x21, 0x80, 0x03, 0x00, 0x06,
    0x03, 0xFF, 0xEF, 0xFF, 0xE0, 0x3F, 0xFC, 0x07, 0x00, 0x0E, 0x00, 0x3F, 0x03, 0xE7, 0x8F, 0x27,
    0x80, 0x60, 0x01, 0xC0, 0xFF, 0xFE, 0x00, 0x00, 0x00, 0x01, 0xFF, 0xC0, 0x01, 0x80, 0x03, 0x00,
    0x06, 0x00, 0x0C, 0x3F, 0xFC, 0x7F, 0xF0, 0x0E, 0x00, 0x3E, 0x01, 0xEF, 0x0F, 0xB7, 0x88, 0x62,
    0x00, 0xC0, 0xFF, 0xFE, 0xFF, 0xF8, 0xC0, 0x01, 0x80, 0x03, 0x00, 0x06, 0x00, 0x0F, 0xFE, 0x0F,
    0xFC, 0x3F, 0xFC, 0x07, 0x00, 0x0F, 0x00, 0x77, 0x07, 0xC7, 0xC6, 0x33, 0x80, 0xE0, 0x7F, 0xFF,
    0x00, 0x00, 0x7F, 0xF0, 0x00, 0x60, 0x00, 0xC3, 0xFF, 0x86, 0x00, 0x0F, 0xFF, 0x00, 0x00, 0x3F,
    0xFC, 0x07, 0x00, 0x1F, 0x00, 0x77, 0x07, 0xC7, 0xC6, 0x33, 0x80, 0xE0, 0x7F, 0xFF, 0x00, 0x00,
    0x7D, 0xF0, 0x1B, 0x60, 0x36, 0xC3, 0xED, 0x86, 0x1B, 0x0F, 0xF6, 0x00, 0x7C, 0x3F, 0xFC, 0x07,
    0x00, 0x0F, 0x00, 0x77, 0x07, 0xC7, 0xC6, 0x33, 0x80, 0x60, 0x7F, 0xFF, 0x00, 0x00, 0x00, 0x00,
    0xFF, 0xE1, 0x80, 0xC3, 0x01, 0x86, 0x03, 0x0F, 0xFE, 0x0F, 0xF8, 0x3F, 0xFC, 0x07, 0x00, 0x1F,
    0x00, 0x77, 0x07, 0xC7, 0xC6, 0x33, 0x80, 0x60, 0x7F, 0xFF, 0x7F, 0xFC, 0x60, 0x30, 0xC0, 0x61,
    0xFF, 0xC3, 0x01, 0x86, 0x03, 0x0F, 0xFE, 0x0F, 0xF8, 0x3F, 0xFC, 0x07, 0x00, 0x0F, 0x00, 0x3F,
    0x03, 0xE7, 0x8F, 0x37, 0x88, 0x60, 0x01, 0xC0, 0xFF, 0xFE, 0x00, 0x00, 0x06, 0x00, 0x1C, 0x00,
    0x3C, 0x01, 0xDC, 0x0F, 0x1F, 0x18, 0x0C, 0x3F, 0xFC, 0x07, 0x00, 0x0F, 0x00, 0x37, 0x03, 0xE7,
    0x8F, 0x27, 0x80, 0x60, 0x01, 0xC0, 0xFF, 0xFE, 0x00, 0x00, 0x3F, 0xC0, 0xF7, 0xC3, 0x01, 0x86,
    0x03, 0x07, 0xBE, 0x07, 0xF8, 0x3F, 0xFC, 0x7F, 0xF0, 0x0F, 0x00, 0x77, 0x07, 0xC7, 0xC7, 0x33,
    0x80, 0x60, 0x7F, 0xFF, 0x7F, 0xFC, 0x00, 0x00, 0xFF, 0xE0, 0x1C, 0x00, 0x3C, 0x01, 0xDC, 0x0F,
    0x1F, 0x18, 0x0C, 0x3F, 0xFC, 0x07, 0x00, 0x1F, 0x00, 0x77, 0x87, 0xD7, 0xC6, 0x33, 0x80, 0xE0,
    0x7F, 0xFF, 0x01, 0x80, 0x03, 0x00, 0xFF, 0xE0, 0x1C, 0x00, 0x3C, 0x01, 0xDC, 0x0F, 0x1E, 0x18,
    0x0C, 0x3F, 0xFC, 0x07, 0x00, 0x1F, 0x01, 0xF7, 0xC7, 0xDB, 0xC0, 0x30, 0x3F, 0xFF, 0xBF, 0xFE,
    0x01, 0x80, 0x03, 0x00, 0xFF, 0xF0, 0x00, 0x00, 0xFF, 0x03, 0x8E, 0x07, 0x1C, 0x07, 0xF8, 0x00,
    0x18, 0x00, 0x31, 0xFF, 0x61, 0xFC, 0xC0, 0xE1, 0x81, 0xC3, 0x06, 0xC6, 0x3D, 0xEF, 0x6C, 0xDE,
    0x18, 0x30, 0x30, 0x60, 0x7E, 0xCF, 0xFD, 0x8E, 0x03, 0x00, 0x06, 0x00, 0x0C, 0x00, 0x18, 0x00,
    0x18, 0x00, 0x31, 0xFF, 0x60, 0x70, 0xC0, 0xE1, 0x87, 0x73, 0xDF, 0x77, 0x26, 0x0C, 0x7F, 0xF8,
    0xFF, 0xB0, 0x00, 0x60, 0x00, 0x03, 0xFF, 0x80, 0x03, 0x00, 0x06, 0x00, 0x0C, 0x00, 0x18, 0x00,
    0x18, 0xFF, 0xB0, 0xFE, 0x60, 0x70, 0xC3, 0xB9, 0xEF, 0xBB, 0x93, 0x06, 0x07, 0xEC, 0x7F, 0xD8,
    0x00, 0x30, 0xFF, 0xE0, 0x00, 0xC0, 0x01, 0x87, 0xFF, 0x0E, 0x00, 0x1F, 0xFC, 0x00, 0x00, 0x00,
    0x18, 0xFF, 0xB0, 0xFE, 0x60, 0x70, 0xC1, 0xF1, 0xCF, 0x7B, 0xDF, 0x36, 0x07, 0xEC, 0x7F, 0xD8,
    0x00, 0x30, 0x60, 0x60, 0xC0, 0xC1, 0xFF, 0x83, 0x03, 0x06, 0x06, 0x0F, 0xFC, 0x00, 0x00, 0x00,
    0x18, 0xFF, 0xB0, 0x38, 0x60, 0x70, 0xC0, 0xE1, 0x83, 0xE3, 0x9E, 0xF7, 0xB6, 0x4C, 0x0F, 0xD8,
    0xFF, 0xB1, 0x80, 0x60, 0x0C, 0xC0, 0x18, 0x00, 0x78, 0x03, 0xF8, 0x1F, 0x3E, 0x30, 0x1C, 0x00,
    0x18, 0x00, 0x31, 0xFF, 0x60, 0x70, 0xC0, 0xE1, 0x87, 0x7B, 0xDF, 0x77, 0x06, 0x0C, 0x7F, 0xF8,
    0xFF, 0xB0, 0x00, 0x60, 0x7F, 0x81, 0xEF, 0x87, 0x03, 0x0E, 0x06, 0x0F, 0x7C, 0x0F, 0xF0, 0x00,
    0x4C, 0x01, 0xB7, 0xF6, 0xCF, 0xDB, 0x1C, 0x6C, 0x71, 0xB3, 0xE6, 0xDD, 0xFF, 0x6D, 0x7C, 0x31,
    0xB0, 0xC6, 0xC3, 0xFB, 0xFF, 0xED, 0xC1, 0xB0, 0x06, 0xC0, 0x1B, 0x00, 0x0C, 0x00, 0x0C, 0x00,
    0xD9, 0xFD, 0xB0, 0x63, 0x61, 0xC6, 0xC7, 0xEF, 0x9F, 0xDF, 0x26, 0x36, 0x1F, 0xED, 0xFF, 0xD8,
    0x01, 0xB0, 0x61, 0x80, 0xE3, 0x01, 0xCF, 0x07, 0xDF, 0x39, 0xE7, 0x21, 0x84, 0x00, 0x0C, 0x01,
    0xB7, 0xF6, 0xC7, 0x1B, 0x1E, 0x6D, 0xDD, 0xF7, 0xF7, 0xC3, 0x1B, 0x0F, 0xEF, 0xFF, 0xB0, 0x06,
    0xC3, 0xFC, 0x1F, 0x78, 0x60, 0x31, 0x80, 0xC7, 0xDF, 0x0F, 0xF8, 0x00, 0x18, 0x00, 0x67, 0xFD,
    0x8F, 0xF6, 0x0E, 0x18, 0x3C, 0x61, 0xF9, 0x8E, 0x76, 0x76, 0xD8, 0x18, 0x60, 0x61, 0x81, 0xFE,
    0x7F, 0xF9, 0xC0, 0x60, 0x01, 0x80, 0x06, 0x00, 0x18, 0x00, 0x08, 0x00, 0x77, 0xFD, 0xC1, 0x87,
    0x0E, 0x1C, 0x3C, 0x73, 0xBD, 0xDD, 0xB7, 0x06, 0x1D, 0xFF, 0xF7, 0xFF, 0xC0, 0x07, 0x18, 0x1C,
    0x60, 0x01, 0x80, 0x07, 0xFF, 0x0F, 0xF8, 0x00, 0x19, 0xFF, 0x70, 0xE1, 0xC3, 0xC7, 0x1F, 0xDD,
    0xFF, 0x76, 0x61, 0xC7, 0xFF, 0x7F, 0xFC, 0x00, 0x21, 0xFF, 0xC0, 0x07, 0x00, 0x1C, 0x7F, 0xF1,
    0x80, 0x07, 0xFF, 0x00, 0x00, 0x00, 0x19, 0xFF, 0x70, 0xE1, 0xC3, 0x87, 0x0F, 0x1C, 0xEF, 0x77,
    0x6D, 0xC1, 0x87, 0x3F, 0xFD, 0xFF, 0xF0, 0x00, 0x87, 0xFF, 0x18, 0x1C, 0x60, 0x71, 0x81, 0xC7,
    0xFF, 0x0F, 0xF8, 0x00, 0x19, 0xFF, 0x70, 0xE1, 0xC3, 0x87, 0x1F, 0x9D, 0xF7, 0x76, 0x65, 0xC1,
    0xFF, 0x7F, 0xFC, 0x00, 0x21, 0x81, 0xC6, 0x07, 0x1F, 0xFC, 0x60, 0x71, 0x81, 0xC7, 0xFF, 0x0F,
    0xF8, 0x00, 0x08, 0x00, 0x77, 0xFD, 0xC1, 0x87, 0x0F, 0x1C, 0x7E, 0x77, 0xFD, 0xC9, 0x87, 0x07,
    0xFD, 0xFF, 0xF0, 0x01, 0xC0, 0x67, 0x01, 0x80, 0x0F, 0x00, 0x7F, 0x0F, 0x8F, 0x38, 0x1C, 0x00,
    0x08, 0x00, 0x77, 0xFD, 0xC1, 0x87, 0x0F, 0x1C, 0x7E, 0x77, 0xDD, 0xC9, 0x87, 0x7F, 0xFD, 0xFF,
    0xF0, 0x01, 0xC3, 0xFC, 0x1F, 0x78, 0x60, 0x61, 0x81, 0x87, 0xDE, 0x0F, 0xF0, 0x3F, 0xFC, 0x7F,
    0xF0, 0x0E, 0x00, 0x1C, 0x00, 0x7C, 0x01, 0xDE, 0x0F, 0x1F, 0x3C, 0x0E, 0x0C, 0x60, 0x18, 0xC0,
    0x31, 0x83, 0xFF, 0xEF, 0xFF, 0xE0, 0x3F, 0xFC, 0x07, 0x00, 0x0F, 0x00, 0x77, 0x03, 0xC7, 0xCF,
    0x87, 0x83, 0x18, 0x3F, 0xFE, 0xFF, 0xFE, 0x00, 0x00, 0x00, 0x01, 0xFF, 0xC0, 0x01, 0x80, 0x03,
    0x00, 0x06, 0x00, 0x0C, 0x3F, 0xFC, 0x7F, 0xF0, 0x0E, 0x00, 0x37, 0x03, 0xE7, 0x8F, 0x07, 0x83,
    0x18, 0x06, 0x30, 0xFF, 0xFE, 0xFF, 0xF8, 0xC0, 0x01, 0x80, 0x03, 0x00, 0x06, 0x00, 0x0F, 0xFE,
    0x0F, 0xFC, 0x3F, 0xFC, 0x07, 0x00, 0x0F, 0x00, 0x77, 0x03, 0xE7, 0xCF, 0x07, 0x83, 0x18, 0x06,
    0x30, 0xFF, 0xFE, 0x00, 0x00, 0x3F, 0xC0, 0xF7, 0xC3, 0x01, 0x86, 0x03, 0x07, 0xBE, 0x07, 0xF8,
    0x00, 0x00, 0x7F, 0xF8, 0x0E, 0x00, 0x1C, 0x00, 0x7C, 0x03, 0xDE, 0x1F, 0x0F, 0x18, 0x06, 0x00,
    0x01, 0xFF, 0xFC, 0x06, 0x00, 0x0C, 0x00, 0x18, 0x00, 0x30, 0x00, 0x60, 0x00, 0xC0, 0x3F, 0xFC,
    0x07, 0x00, 0x0F, 0x00, 0x77, 0x03, 0xC7, 0xC7, 0x07, 0x80, 0x00, 0x7F, 0xFF, 0x7F, 0xFC, 0x03,
    0x00, 0x0E, 0x01, 0xFF, 0xC0, 0x01, 0x80, 0x03, 0x00, 0x06, 0x00, 0x0C, 0x3F, 0xFC, 0x07, 0x00,
    0x0E, 0x00, 0x3E, 0x01, 0xEF, 0x0F, 0x8F, 0x8C, 0x07, 0x00, 0x00, 0xFF, 0xFE, 0x03, 0x00, 0xC6,
    0x01, 0x8C, 0x03, 0x10, 0x06, 0x00, 0x0F, 0xFE, 0x0F, 0xFC, 0x3F, 0xFC, 0x07, 0x00, 0x1F, 0x00,
    0xF7, 0x87, 0xC7, 0xC4, 0x00, 0x3F, 0xFF, 0x81, 0xC0, 0x01, 0x80, 0x7F, 0xF0, 0x00, 0x60, 0x00,
    0xC3, 0xFF, 0x86, 0x00, 0x0F, 0xFF, 0x00, 0x00, 0x3F, 0xFC, 0x07, 0x00, 0x0F, 0x00, 0x77, 0x07,
    0xC7, 0xC7, 0x03, 0x80, 0x00, 0x7F, 0xFF, 0x01, 0x80, 0x03, 0x00, 0xFF, 0xE0, 0x18, 0xC3, 0xF1,
    0x86, 0x03, 0x0C, 0xE6, 0x1F, 0xCC, 0x00, 0x00, 0x3F, 0xFC, 0x07, 0x00, 0x1F, 0x00, 0xF7, 0x87,
    0xC3, 0xC0, 0x00, 0x3F, 0xFF, 0x81, 0xC0, 0x01, 0x80, 0x7D, 0xF0, 0x1B, 0x60, 0x36, 0xC3, 0xED,
    0x86, 0x1B, 0x0C, 0xF6, 0x1F, 0xFC, 0x3F, 0xFC, 0x07, 0x00, 0x0F, 0x00, 0x77, 0x03, 0xC7, 0xCF,
    0x07, 0x80, 0x00, 0x7F, 0xFF, 0x7F, 0xFC, 0x03, 0x00, 0xFF, 0xE1, 0x80, 0xC3, 0x01, 0x86, 0x03,
    0x0F, 0xFE, 0x0F, 0xF8, 0x3F, 0xFC, 0x07, 0x00, 0x0F, 0x00, 0x77, 0x07, 0xC7, 0xC7, 0x03, 0x80,
    0x00, 0x7F, 0xFF, 0x01, 0x80, 0x63, 0x30, 0xC4, 0x61, 0xFF, 0xC3, 0x01, 0x86, 0x03, 0x0F, 0xFE,
    0x00, 0x00, 0x3F, 0xFC, 0x07, 0x00, 0x0F, 0x00, 0x77, 0x03, 0xE7, 0xC7, 0x07, 0x80, 0x00, 0x7F,
    0xFF, 0x7F, 0xFC, 0x03, 0x00, 0x04, 0x00, 0x1C, 0x00, 0x38, 0x01, 0xFC, 0x0F, 0x9F, 0x1C, 0x0C,
    0x3F, 0xFC, 0x07, 0x00, 0x0F, 0x00, 0x77, 0x03, 0xC7, 0xCF, 0x07, 0x80, 0x00, 0x7F, 0xFF, 0x7F,
    0xFC, 0x03, 0x00, 0x3F, 0xC0, 0xF7, 0xC3, 0x01, 0x86, 0x03, 0x07, 0xBE, 0x07, 0xF8, 0x00, 0x08,
    0x00, 0x77, 0xFD, 0xC1, 0x87, 0x0E, 0x1C, 0x7C, 0x77, 0x9D, 0xD8, 0x37, 0x03, 0xFF, 0xFF, 0xF7,
    0xE1, 0xC1, 0x87, 0x06, 0xFC, 0x18, 0x70, 0x61, 0xC1, 0x87, 0x04, 0x1C, 0x00, 0x1C, 0xFF, 0xB8,
    0x38, 0x70, 0x78, 0xE3, 0xFD, 0xCE, 0x3B, 0x80, 0x7F, 0x7F, 0xFE, 0x4E, 0x1C, 0x0D, 0xF8, 0x10,
    0x70, 0x61, 0x80, 0xC3, 0x01, 0xCE, 0x07, 0xFF, 0x39, 0xE7, 0x21, 0x84, 0x00, 0x0C, 0x01, 0xB7,
    0xF6, 0xC3, 0x1B, 0x1C, 0x6C, 0xF9, 0xB7, 0x76, 0xD8, 0x5B, 0x7F, 0xEF, 0xFF, 0xB0, 0xC6, 0xC3,
    0xFB, 0x0C, 0x6C, 0x31, 0xB0, 0xC6, 0xC2, 0x1B, 0x00, 0x0C, 0x00, 0x08, 0x00, 0x77, 0xFD, 0xC1,
    0x87, 0x0E, 0x1C, 0x7C, 0x77, 0x9D, 0xDC, 0x37, 0x03, 0xFF, 0xFF, 0xF7, 0x61, 0xC1, 0x87, 0x06,
    0x1C, 0x18, 0x70, 0x61, 0xC1, 0x87, 0x04, 0x1C, 0x00, 0x18, 0xFF, 0x63, 0xF9, 0x83, 0x86, 0x1F,
    0x99, 0xE7, 0x67, 0x0D, 0x80, 0xFE, 0x7F, 0xF9, 0xF8, 0x60, 0x61, 0x81, 0x80, 0x1F, 0xF8, 0x00,
    0x60, 0x01, 0x80, 0x06, 0x00, 0x18, 0x00, 0x08, 0x00, 0x63, 0xFD, 0x81, 0x86, 0x0E, 0x18, 0x7E,
    0x67, 0x9D, 0x9C, 0x16, 0x7F, 0xF9, 0xFF, 0xE0, 0x61, 0x81, 0x86, 0x1E, 0x18, 0x60, 0x01, 0x80,
    0x07, 0xFF, 0x1F, 0xF8, 0x00, 0x18, 0xFF, 0x60, 0xE1, 0x83, 0xC6, 0x3F, 0xD9, 0xE7, 0x60, 0x1F,
    0x9F, 0xFE, 0x46, 0x18, 0x18, 0x21, 0xFF, 0x80, 0x06, 0x00, 0x18, 0x7F, 0xE1, 0x80, 0x07, 0xFF,
    0x00, 0x00, 0x00, 0x18, 0xFF, 0x60, 0xE1, 0x83, 0xC6, 0x1F, 0x99, 0xE7, 0x62, 0x05, 0x80, 0xFE,
    0x7F, 0xF9, 0x98, 0x60, 0x60, 0x87, 0xFE, 0x18, 0x18, 0x60, 0x61, 0x81, 0x87, 0xFE, 0x0F, 0xF8,
    0x00, 0x18, 0xFF, 0x60, 0x61, 0x83, 0x86, 0x1F, 0x99, 0xE7, 0x67, 0x0D, 0x80, 0xFE, 0x7F, 0xF8,
    0x18, 0x61, 0xE0, 0x86, 0x06, 0x1F, 0xF8, 0x60, 0x61, 0x81, 0x87, 0xFE, 0x00, 0x00, 0x00, 0x08,
    0x00, 0x30, 0xFF, 0x60, 0x30, 0xC0, 0xF1, 0x87, 0xFB, 0x1E, 0x36, 0x00, 0xFC, 0x7F, 0xF8, 0xFC,
    0x30, 0x18, 0x60, 0x3E, 0xC0, 0x1C, 0x80, 0x7C, 0x01, 0xDC, 0x0F, 0x1E, 0x18, 0x0C, 0x00, 0x00,
    0x7F, 0xF8, 0x0E, 0x00, 0x1C, 0x00, 0x7C, 0x03, 0xDE, 0x1F, 0x0F, 0x18, 0x06, 0x00, 0x01, 0xFF,
    0xFC, 0x31, 0x80, 0x63, 0x00, 0xC6, 0x01, 0x8C, 0x03, 0x18, 0x06, 0x30, 0x3F, 0xFC, 0x07, 0x00,
    0x0E, 0x00, 0x3E, 0x01, 0xEF, 0x0F, 0x8F, 0x8C, 0x07, 0x00, 0x00, 0xFF, 0xFE, 0x0C, 0xC0, 0xD9,
    0x81, 0xB3, 0x03, 0x00, 0x06, 0x00, 0x0F, 0xFE, 0x00, 0x00, 0x3F, 0xFC, 0x07, 0x00, 0x1F, 0x00,
    0xF7, 0x87, 0xC7, 0xC4, 0x01, 0x3F, 0xFF, 0x86, 0x30, 0x0C, 0x60, 0x7F, 0xF0, 0x00, 0x60, 0x00,
    0xC3, 0xFF, 0x86, 0x00, 0x0F, 0xFF, 0x00, 0x00, 0x3F, 0xFC, 0x07, 0x00, 0x0F, 0x00, 0x77, 0x03,
    0xC7, 0xC7, 0x07, 0x80, 0x00, 0x7F, 0xFF, 0x0C, 0x60, 0x18, 0xC0, 0xFF, 0xE1, 0x80, 0xC3, 0x01,
    0x86, 0x03, 0x0F, 0xFE, 0x0F, 0xF8, 0x3F, 0xFC, 0x7F, 0xF0, 0x0E, 0x00, 0x1C, 0x00, 0x7C, 0x01,
    0xDC, 0x0F, 0x1E, 0x3C, 0x0E, 0x00, 0x00, 0x00, 0x00, 0x00, 0x07, 0xFF, 0xF7, 0xFF, 0xC0, 0x3F,
    0xFC, 0x07, 0x00, 0x0F, 0x00, 0x77, 0x03, 0xC7, 0xC7, 0x07, 0x80, 0x00, 0x7F, 0xFF, 0x00, 0x00,
    0x00, 0x00, 0xFF, 0xE0, 0xFF, 0xC0, 0x01, 0x80, 0x03, 0x00, 0x06, 0x00, 0x0C, 0x3F, 0xFC, 0x7F,
    0xF0, 0x0E, 0x00, 0x3E, 0x00, 0xEF, 0x0F, 0x8F, 0x8C, 0x07, 0x00, 0x00, 0xFF, 0xFE, 0xFF, 0xF8,
    0xC0, 0x01, 0x80, 0x03, 0x00, 0x06, 0x00, 0x0F, 0xFE, 0x0F, 0xFC, 0x3F, 0xFC, 0x07, 0x00, 0x0E,
    0x00, 0x3F, 0x03, 0xEF, 0x8F, 0x07, 0xBF, 0xFF, 0x80, 0x00, 0x00, 0x00, 0x7F, 0xF0, 0x00, 0x60,
    0x00, 0xC3, 0xFF, 0x86, 0x00, 0x0F, 0xFF, 0x00, 0x00, 0x3F, 0xFC, 0x07, 0x00, 0x0F, 0x00, 0x77,
    0x03, 0xE7, 0xCF, 0x07, 0x80, 0x00, 0x7F, 0xFF, 0x00, 0x00, 0x00, 0x00, 0xFF, 0xE1, 0x80, 0xC3,
    0x01, 0x86, 0x03, 0x0F, 0xFE, 0x0F, 0xF8, 0x3F, 0xFC, 0x07, 0x00, 0x0F, 0x00, 0x77, 0x07, 0xC7,
    0xC7, 0x03, 0x80, 0x00, 0x7F, 0xFF, 0x00, 0x00, 0x60, 0x30, 0xC0, 0x61, 0xFF, 0xC3, 0x01, 0x86,
    0x03, 0x0F, 0xFE, 0x00, 0x00, 0x3F, 0xFC, 0x07, 0x00, 0x0F, 0x00, 0x77, 0x03, 0xC7, 0xC7, 0x03,
    0x80, 0x00, 0x7F, 0xFF, 0x7F, 0xFC, 0x03, 0x00, 0x0E, 0x00, 0x1C, 0x00, 0x7C, 0x01, 0xDE, 0x0F,
    0x1F, 0x18, 0x0C, 0x3F, 0xFC, 0x7F, 0xF0, 0x0F, 0x00, 0x77, 0x03, 0xE7, 0xCF, 0x07, 0x80, 0x00,
    0x7F, 0xFF, 0x7F, 0xFC, 0x00, 0x00, 0x3F, 0xC0, 0xE3, 0xC3, 0x01, 0x86, 0x03, 0x07, 0xBE, 0x07,
    0xF8, 0x00, 0x18, 0x00, 0x77, 0xFD, 0xCF, 0xE7, 0x0E, 0x1C, 0x38, 0x70, 0xE1, 0xC3, 0x87, 0x0E,
    0x1C, 0x6C, 0x73, 0xB9, 0xDC, 0x77, 0x60, 0xDD, 0x00, 0x70, 0x01, 0xC0, 0x07, 0x00, 0x1C, 0x00,
    0x10, 0x01, 0xFF, 0xEE, 0x38, 0x71, 0xC3, 0x8E, 0x1C, 0xF8, 0xEE, 0xE7, 0xE3, 0xBE, 0x05, 0xC0,
    0x04, 0x7F, 0xF3, 0xFF, 0x80, 0x1C, 0x00, 0xE0, 0x07, 0x00, 0x38, 0x00, 0x10, 0x01, 0xFF, 0xEE,
    0x38, 0x71, 0xC3, 0x8E, 0x1C, 0x78, 0xE6, 0xC7, 0xF3, 0xBF, 0x0D, 0xC0, 0x0E, 0x60, 0x73, 0x01,
    0x18, 0x00, 0xC0, 0x07, 0xFF, 0x1F, 0xF0, 0x00, 0x10, 0x01, 0xFF, 0xEE, 0x38, 0x71, 0xC3, 0x8E,
    0x1C, 0xF8, 0xEE, 0xE7, 0xE3, 0xBE, 0x05, 0xC0, 0x00, 0x7F, 0xF3, 0x00, 0x18, 0x00, 0xC0, 0x07,
    0xFF, 0x1F, 0xF0, 0x00, 0x3F, 0xFD, 0xDF, 0xCE, 0x38, 0x71, 0xC3, 0x9F, 0x1D, 0xDC, 0xFC, 0x77,
    0xC1, 0xB8, 0x00, 0x8F, 0xFE, 0x00, 0x70, 0x03, 0x9F, 0xFC, 0xC0, 0x07, 0xFF, 0x00, 0x00, 0x00,
    0x10, 0x01, 0xFF, 0xEE, 0x38, 0x71, 0xC3, 0x8E, 0x1C, 0xD8, 0xFE, 0x77, 0xE1, 0xB8, 0x00, 0x9F,
    0xFE, 0x0F, 0x30, 0x79, 0xBF, 0xCD, 0x86, 0x6F, 0xF3, 0x01, 0xF8, 0x00, 0x10, 0x01, 0xFF, 0xEE,
    0x38, 0x71, 0xC3, 0x8E, 0x1C, 0xF8, 0xEE, 0xE7, 0xE3, 0xBE, 0x05, 0xC0, 0x04, 0x7F, 0xF3, 0x03,
    0x98, 0x1C, 0xC0, 0xE7, 0xFF, 0x1F, 0xF0, 0x00, 0x10, 0x01, 0xFF, 0xEE, 0x38, 0x71, 0xC3, 0x8E,
    0x1C, 0xF8, 0xEE, 0xF7, 0xE1, 0xBC, 0x00, 0x8C, 0x0E, 0x60, 0x73, 0xFF, 0x98, 0x1C, 0xC0, 0xE7,
    0xFF, 0x1F, 0xF0, 0x00, 0x10, 0x00, 0xEF, 0xFB, 0x87, 0x0E, 0x1C, 0x38, 0x70, 0xE3, 0xE3, 0x8D,
    0xCE, 0xE3, 0xBB, 0x02, 0xE0, 0x33, 0x80, 0xE4, 0x03, 0x80, 0x1F, 0x00, 0xEE, 0x1F, 0x1E, 0x30,
    0x18, 0x00, 0x10, 0x01, 0xFF, 0xEE, 0x38, 0x71, 0xC3, 0x8E, 0x1C, 0x78, 0xE6, 0xE7, 0xF3, 0xBF,
    0x0D, 0xC0, 0x04, 0x3F, 0xC3, 0xCF, 0x18, 0x18, 0xC0, 0xC7, 0xDE, 0x1F, 0xE0, 0x00, 0x10, 0x01,
    0xFF, 0xEE, 0x38, 0x71, 0xC3, 0x8E, 0x1C, 0xF8, 0xEE, 0xE7, 0xE3, 0xBE, 0x05, 0xC0, 0x04, 0x7F,
    0xF0, 0x38, 0x03, 0xC0, 0x3B, 0x87, 0x8F, 0x30, 0x18, 0x00, 0x10, 0x01, 0xFF, 0xEE, 0x38, 0x71,
    0xC3, 0x8E, 0x1C, 0xD8, 0xFE, 0x77, 0xC1, 0xB8, 0x00, 0x0F, 0xFE, 0x60, 0x03, 0x00, 0x1F, 0xF8,
    0xC0, 0x07, 0xFF, 0x00, 0x00, 0x00, 0x10, 0x01, 0xFF, 0xEE, 0x38, 0x71, 0xC3, 0x8E, 0x1C, 0xF8,
    0xEE, 0xE7, 0xE3, 0xBE, 0x05, 0xC0, 0x00, 0x7F, 0xF0, 0xCE, 0x06, 0x70, 0x33, 0x87, 0xFF, 0x3F,
    0xF0, 0x00, 0x18, 0x00, 0x31, 0xFF, 0xE3, 0xDE, 0xC1, 0x99, 0x83, 0x33, 0x0E, 0x66, 0x1C, 0xCF,
    0x3B, 0x9E, 0x77, 0x31, 0xFF, 0x63, 0x77, 0xCE, 0x67, 0x80, 0x83, 0x00, 0x06, 0x00, 0x0C, 0x00,
    0x18, 0x00, 0x18, 0x00, 0x31, 0xFF, 0xE0, 0xCC, 0xC1, 0x99, 0xC7, 0x33, 0xCE, 0xE6, 0x3F, 0xEC,
    0x6E, 0x78, 0x88, 0x70, 0x00, 0x61, 0xFF, 0xC1, 0xFF, 0x80, 0x03, 0x00, 0x06, 0x00, 0x0C, 0x00,
    0x18, 0x00, 0x18, 0x00, 0x31, 0xFF, 0xE0, 0xCC, 0xC1, 0x99, 0x83, 0x33, 0x8E, 0xE7, 0x9D, 0xEC,
    0x6F, 0xF8, 0xDC, 0xF0, 0x00, 0x60, 0xC0, 0xC1, 0x81, 0x83, 0x00, 0x06, 0x00, 0x0F, 0xFE, 0x1F,
    0xF8, 0x00, 0x18, 0x00, 0x31, 0xFF, 0xE0, 0xCC, 0xC1, 0x99, 0xE7, 0x73, 0xCF, 0xF6, 0x37, 0x7C,
    0x46, 0x38, 0x00, 0xC0, 0xC1, 0x81, 0x9F, 0xE3, 0x0F, 0x86, 0x3B, 0x0D, 0xE6, 0x1F, 0xEC, 0x10,
    0xF8, 0x00, 0x18, 0xFF, 0xF0, 0xEF, 0x60, 0xCC, 0xC3, 0x99, 0xE7, 0x73, 0xDF, 0xF6, 0x77, 0x7C,
    0x46, 0x78, 0x00, 0x30, 0x7F, 0xE0, 0x00, 0xC0, 0x01, 0x83, 0xFF, 0x06, 0x00, 0x0F, 0xFE, 0x00,
    0x00, 0x00, 0x18, 0xFF, 0xF0, 0xEF, 0x60, 0xCC, 0xC1, 0x99, 0xE7, 0x73, 0xCF, 0xF6, 0x37, 0x7C,
    0x46, 0x78, 0x01, 0x10, 0xFF, 0x60, 0x3E, 0xC0, 0x7F, 0x87, 0xFB, 0x0C, 0x36, 0x1F, 0xFC, 0x00,
    0x00, 0x00, 0x18, 0x00, 0x31, 0xFF, 0xE0, 0xCC, 0xC1, 0x99, 0xC7, 0x33, 0xCE, 0xE6, 0x3F, 0xEC,
    0x6E, 0x78, 0x88, 0x30, 0x00, 0x60, 0xFF, 0xC1, 0x81, 0x83, 0x03, 0x06, 0x06, 0x0F, 0xFC, 0x1F,
    0xF0, 0x00, 0x18, 0x00, 0x31, 0xFF, 0xE0, 0xCC, 0xC3, 0x99, 0xE7, 0x73, 0x9F, 0xF6, 0x37, 0x7C,
    0x46, 0x78, 0x00, 0x30, 0x60, 0x60, 0xC0, 0xC1, 0xFF, 0x83, 0x03, 0x06, 0x06, 0x0F, 0xFC, 0x1F,
    0xF0, 0x00, 0x18, 0x00, 0x31, 0xFF, 0xE0, 0xCC, 0xC1, 0x99, 0x87, 0x33, 0xCE, 0xF7, 0xBF, 0xEC,
    0x6E, 0x78, 0x88, 0x30, 0x06, 0x60, 0x0C, 0xC0, 0x1C, 0x00, 0x78, 0x03, 0xDC, 0x1E, 0x1E, 0x38,
    0x0C, 0x00, 0x18, 0x00, 0x31, 0xFF, 0xE0, 0xCC, 0xC1, 0x99, 0xC7, 0x33, 0xCE, 0xF6, 0x3F, 0xEC,
    0x6E, 0x78, 0x88, 0x30, 0x10, 0xC0, 0x61, 0x80, 0xC3, 0x01, 0xCF, 0x07, 0xFE, 0x39, 0xE7, 0x21,
    0x84, 0x00, 0x18, 0x00, 0x31, 0xFF, 0xE0, 0xCC, 0xC1, 0x99, 0xC7, 0x33, 0xCE, 0xF6, 0x3F, 0xEC,
    0xEE, 0xF8, 0x88, 0xF0, 0x00, 0x60, 0x7F, 0x81, 0xE7, 0x83, 0x03, 0x06, 0x06, 0x0F, 0xFC, 0x0F,
    0xF0, 0x00, 0x0C, 0x01, 0xB0, 0x06, 0xDF, 0xFB, 0x33, 0x6C, 0xCD, 0xB3, 0x36, 0xCC, 0xDF, 0x37,
    0x7C, 0xFD, 0xB7, 0xFE, 0xFB, 0x7B, 0x4C, 0xEC, 0x01, 0xB0, 0x06, 0xC0, 0x1B, 0x00, 0x0C, 0x00,
    0x2C, 0x01, 0xB7, 0xFE, 0xCC, 0xDB, 0x33, 0x6C, 0xCD, 0xF3, 0xF6, 0xDF, 0xFB, 0xFD, 0xED, 0x33,
    0xB0, 0x02, 0x47, 0xFF, 0x00, 0x0C, 0x00, 0x30, 0x00, 0xC0, 0x03, 0x00, 0x0C, 0x00, 0x2C, 0x00,
    0xD9, 0xFF, 0xB3, 0x9B, 0x63, 0x36, 0xC6, 0x6F, 0x8D, 0xDF, 0x3F, 0xB6, 0x7F, 0xED, 0x99, 0xD8,
    0x01, 0xB0, 0xC3, 0x61, 0x82, 0xC3, 0x00, 0x06, 0x00, 0x0F, 0xFF, 0x0F, 0xFC, 0x00, 0x0C, 0x00,
    0xD9, 0xFF, 0xB1, 0x9B, 0x63, 0x37, 0xC7, 0xEF, 0x9F, 0xFB, 0x76, 0xF6, 0x4C, 0xEC, 0x00, 0x18,
    0x7F, 0xF0, 0x00, 0x60, 0x00, 0xC3, 0xFF, 0x86, 0x00, 0x0F, 0xFF, 0x00, 0x00, 0x00, 0x0C, 0x01,
    0xB7, 0xFE, 0xCC, 0xDB, 0x33, 0x7C, 0xCD, 0xF3, 0xF6, 0xDF, 0xFB, 0xED, 0xED, 0x33, 0xB0, 0x02,
    0xC7, 0xFF, 0x18, 0x0C, 0x60, 0x31, 0x80, 0xC7, 0xFF, 0x0F, 0xF8, 0x00, 0x0C, 0x01, 0xB7, 0xFE,
    0xCC, 0xDB, 0x33, 0x7C, 0xFD, 0xF7, 0xFE, 0xFF, 0xFB, 0x4C, 0xEC, 0x00, 0x11, 0x80, 0xC6, 0x03,
    0x1F, 0xFC, 0x60, 0x31, 0x80, 0xC7, 0xFF, 0x0F, 0xF8, 0x00, 0x0C, 0x00, 0xD9, 0xFF, 0xB1, 0x9B,
    0x63, 0x37, 0xC6, 0x6F, 0x8F, 0xDB, 0x3F, 0xF6, 0xFD, 0xEC, 0x99, 0xD8, 0x03, 0xB0, 0x06, 0x60,
    0x1C, 0x00, 0x7C, 0x01, 0xDC, 0x0F, 0x1F, 0x18, 0x0C, 0x00, 0x0C, 0x00, 0xD9, 0xFF, 0xB1, 0x9B,
    0x63, 0x37, 0xC6, 0x6F, 0x8F, 0xDB, 0x3F, 0xF6, 0xED, 0xEC, 0x99, 0xD8, 0x10, 0xD0, 0x71, 0x80,
    0xE3, 0x01, 0xCF, 0x06, 0xFF, 0x1D, 0xE7, 0x20, 0x80, 0x00, 0x2C, 0x01, 0xB7, 0xFE, 0xCC, 0xDB,
    0x33, 0x7C, 0xCD, 0xF3, 0xF6, 0xDF, 0xFB, 0xFD, 0xED, 0x33, 0xB0, 0x02, 0xC3, 0xFE, 0x1E, 0x3C,
    0x60, 0x31, 0x80, 0xC3, 0xDF, 0x07, 0xF8, 0x00, 0x18, 0x00, 0x31, 0xFF, 0xE3, 0xDE, 0xC1, 0x99,
    0xE3, 0x33, 0xCE, 0x66, 0x1C, 0xCC, 0x3B, 0x98, 0x77, 0x3C, 0xFF, 0x7B, 0x7F, 0xCE, 0xE7, 0x88,
    0x83, 0x00, 0x06, 0x00, 0x0C, 0x00, 0x18, 0x00, 0x18, 0x00, 0x31, 0xFF, 0xE0, 0xCC, 0xE1, 0x99,
    0xE3, 0x33, 0x0E, 0xE6, 0x1D, 0xEE, 0x7F, 0xDE, 0xDC, 0xF0, 0x10, 0x60, 0xC0, 0xC1, 0x81, 0x83,
    0x00, 0x06, 0x00, 0x0F, 0xFE, 0x1F, 0xF8, 0x00, 0x18, 0x00, 0x31, 0xFF, 0xE0, 0xCC, 0xF1, 0x99,
    0xC7, 0x33, 0x0E, 0xF7, 0x3F, 0xEF, 0xEE, 0xF8, 0x88, 0xF0, 0x00, 0x60, 0x7F, 0x81, 0xE7, 0x83,
    0x03, 0x06, 0x06, 0x0F, 0xFC, 0x0F, 0xF0, 0x00, 0x0C, 0x00, 0x37, 0xFE, 0xCE, 0xF3, 0x19, 0x8C,
    0x66, 0x31, 0x9F, 0xCE, 0x6F, 0x3B, 0x8C, 0xEF, 0x37, 0xFC, 0xDB, 0xBB, 0x66, 0x6C, 0x00, 0x30,
    0x00, 0xC0, 0x03, 0x00, 0x0C, 0x00, 0x0C, 0x00, 0x37, 0xFE, 0xC6, 0x63, 0x19, 0x8C, 0xE7, 0xF3,
    0xB8, 0xDF, 0xF3, 0x6E, 0x6D, 0x10, 0x30, 0x00, 0x87, 0xFF, 0x00, 0x0C, 0x00, 0x30, 0x00, 0xC0,
    0x03, 0x00, 0x0C, 0x00, 0x0C, 0xEF, 0x37, 0xFE, 0xC6, 0x63, 0x19, 0x8C, 0x67, 0xF3, 0xB8, 0xCF,
    0xF3, 0x6F, 0xED, 0x19, 0xB0, 0x00, 0xC6, 0x03, 0x18, 0x0C, 0x60, 0x01, 0x80, 0x07, 0xFF, 0x0F,
    0xF8, 0x00, 0x0D, 0xFF, 0xB3, 0xBC, 0xC6, 0x63, 0x19, 0xFC, 0xEE, 0x37, 0xFC, 0xDB, 0xBB, 0x46,
    0x6C, 0x00, 0x21, 0xFF, 0xC0, 0x03, 0x00, 0x0C, 0x7F, 0xF1, 0x80, 0x07, 0xFF, 0x00, 0x00, 0x00,
    0x0C, 0x00, 0x37, 0xFE, 0xC6, 0x63, 0x19, 0xFC, 0xEE, 0xF3, 0xBC, 0xDB, 0xFB, 0x6E, 0x6C, 0x10,
    0x30, 0x00, 0x07, 0xFF, 0x18, 0x0C, 0x60, 0x31, 0x80, 0xC7, 0xFF, 0x0F, 0xF8, 0x00, 0x0C, 0x00,
    0x37, 0xFE, 0xC6, 0x63, 0x19, 0xFC, 0xEE, 0x33, 0xFC, 0xDB, 0xBB, 0x46, 0x6C, 0x00, 0x21, 0x80,
    0xC6, 0x03, 0x1F, 0xFC, 0x60, 0x31, 0x80, 0xC7, 0xFF, 0x0F, 0xF8, 0x00, 0x0C, 0x00, 0x19, 0xFF,
    0xB0, 0xCC, 0x61, 0x98, 0xC3, 0x3F, 0x8E, 0xE3, 0x1F, 0xE6, 0x6E, 0xEC, 0x8C, 0xD8, 0x00, 0x30,
    0x0E, 0x60, 0x1C, 0x00, 0x7C, 0x01, 0xDC, 0x1F, 0x1E, 0x18, 0x0C, 0x00, 0x0C, 0x00, 0x19, 0xFF,
    0xB0, 0xCC, 0x61, 0x98, 0xC7, 0x3F, 0x8E, 0xE3, 0x3F, 0xE6, 0x6E, 0xEC, 0x8C, 0xD8, 0x00, 0x30,
    0x61, 0x80, 0xE3, 0x01, 0xCF, 0x07, 0xFF, 0x39, 0xE7, 0x21, 0x84, 0x00, 0x0C, 0x00, 0x37, 0xFE,
    0xC6, 0x63, 0x19, 0x8C, 0xE7, 0xF3, 0xB8, 0xDF, 0xF3, 0x6E, 0xED, 0x19, 0xB0, 0x00, 0xC3, 0xFC,
    0x1E, 0x38, 0x60, 0x31, 0x80, 0xC7, 0xFE, 0x0F, 0xF0, 0x00, 0x0C, 0x01, 0xB0, 0x06, 0xDF, 0xFB,
    0x33, 0x6C, 0xCD, 0xB3, 0x3E, 0xCC, 0xFB, 0x37, 0x6D, 0xFD, 0xB7, 0xFE, 0xFB, 0x7B, 0x4C, 0xEC,
    0x01, 0xB0, 0x06, 0xC0, 0x1B, 0x00, 0x0C, 0x00, 0x0C, 0x00, 0xF7, 0xFB, 0xCC, 0xCF, 0x33, 0x7C,
    0xCF, 0xF3, 0xF3, 0xDF, 0xEF, 0xFD, 0xFD, 0x33, 0xF0, 0x02, 0xC3, 0xFE, 0x1E, 0x3C, 0x60, 0x31,
    0x80, 0xC7, 0xDF, 0x0F, 0xF8, 0x00, 0x0C, 0x00, 0x37, 0xFE, 0xCE, 0xF3, 0x19, 0x8C, 0x66, 0xF1,
    0x98, 0xCE, 0x63, 0x39, 0xBC, 0xEF, 0x33, 0xFC, 0xDB, 0xFB, 0x66, 0x6C, 0x10, 0x30, 0x00, 0xC0,
    0x03, 0x00, 0x0C, 0x00, 0x0C, 0x00, 0x19, 0xFF, 0xB0, 0xCC, 0x61, 0x9B, 0xC7, 0x31, 0x8E, 0xFF,
    0x3F, 0xE6, 0x6E, 0x6C, 0x88, 0x18, 0x10, 0xE0, 0x61, 0x80, 0xE3, 0x01, 0xCF, 0x06, 0xFF, 0x39,
    0xE7, 0x21, 0x84, 0x00, 0x00, 0xFF, 0xF8, 0x30, 0xC0, 0x63, 0x81, 0xC7, 0x03, 0x8E, 0x0D, 0xB6,
    0x3B, 0xEE, 0x61, 0x8C, 0x03, 0x00, 0x06, 0x00, 0x0C, 0x07, 0xFF, 0xDF, 0xFF, 0xC0, 0x7F, 0xFC,
    0x7D, 0xF0, 0x71, 0xC0, 0xF7, 0x87, 0x7D, 0xCC, 0x71, 0x80, 0x60, 0x01, 0xC0, 0xFF, 0xFE, 0x00,
    0x00, 0x00, 0x01, 0xFF, 0xC0, 0x01, 0x80, 0x03, 0x00, 0x06, 0x00, 0x0C, 0x7F, 0xFC, 0x7D, 0xF0,
    0x71, 0xC0, 0xF7, 0x83, 0x7D, 0xCE, 0x71, 0x80, 0x60, 0x00, 0xC0, 0xFF, 0xFE, 0x00, 0x00, 0xC0,
    0x01, 0x80, 0x03, 0x00, 0x06, 0x00, 0x0F, 0xFE, 0x0F, 0xFC, 0x00, 0x00, 0xFF, 0xF8, 0x31, 0xC0,
    0xE3, 0x83, 0xFF, 0x8E, 0x7B, 0x98, 0x61, 0x01, 0xC0, 0xFF, 0xFE, 0x00, 0x00, 0xFF, 0xE0, 0x00,
    0xC0, 0x01, 0x87, 0xFF, 0x0C, 0x00, 0x1F, 0xFE, 0x00, 0x00, 0x7F, 0xFC, 0x7D, 0xF0, 0x71, 0xC1,
    0xFF, 0xC7, 0x3D, 0xCC, 0x30, 0x80, 0x60, 0x7F, 0xFF, 0x00, 0x00, 0x00, 0x00, 0xFF, 0xE1, 0x80,
    0xC3, 0x01, 0x86, 0x03, 0x0F, 0xFE, 0x0F, 0xF8, 0x7F, 0xFC, 0x38, 0xE0, 0x71, 0xC1, 0xF7, 0xC7,
    0x3D, 0xCC, 0x30, 0x80, 0x60, 0x7F, 0xFF, 0x7F, 0xFC, 0x60, 0x30, 0xC0, 0x61, 0xFF, 0xC3, 0x01,
    0x86, 0x03, 0x0F, 0xFE, 0x0F, 0xF8, 0x7F, 0xFC, 0x7D, 0xF0, 0x71, 0xC0, 0xF7, 0x87, 0x7D, 0xCE,
    0x71, 0x80, 0x60, 0x01, 0xC0, 0xFF, 0xFE, 0x00, 0x00, 0x06, 0x00, 0x1C, 0x00, 0x3C, 0x01, 0xDC,
    0x0F, 0x1F, 0x18, 0x0C, 0x7F, 0xFC, 0x38, 0xE0, 0x71, 0xC0, 0xF7, 0x87, 0x7D, 0xCC, 0x71, 0x80,
    0x60, 0x01, 0xC0, 0xFF, 0xFE, 0x00, 0x00, 0x3F, 0xC0, 0xF7, 0xC3, 0x01, 0x86, 0x03, 0x07, 0xBE,
    0x07, 0xF8, 0x3E, 0xF8, 0xFF, 0xF8, 0x31, 0xC0, 0xE3, 0x83, 0xFF, 0x8E, 0x7B, 0x98, 0x61, 0x01,
    0xC0, 0xFF, 0xFE, 0x03, 0x00, 0x06, 0x01, 0xFF, 0xC0, 0x38, 0x00, 0x78, 0x03, 0xB8, 0x1E, 0x3C,
    0x30, 0x18, 0x00, 0x18, 0x00, 0x31, 0xFF, 0x63, 0xDE, 0xC3, 0x99, 0x87, 0x73, 0x0E, 0xF6, 0x37,
    0xFF, 0xE6, 0x7E, 0x0C, 0x30, 0x18, 0x60, 0x3F, 0xCF, 0xFF, 0x8E, 0x03, 0x00, 0x06, 0x00, 0x0C,
    0x00, 0x18, 0x00, 0x18, 0xFF, 0xB0, 0xEF, 0x60, 0xDC, 0xC3, 0xF9, 0x8F, 0xFF, 0xD9, 0x9F, 0x03,
    0x0C, 0x7F, 0xF9, 0xFF, 0xF0, 0x00, 0x60, 0x00, 0x03, 0xFF, 0x80, 0x03, 0x00, 0x06, 0x00, 0x0C,
    0x00, 0x18, 0x00, 0x18, 0xFF, 0xB0, 0x6E, 0x61, 0xDC, 0xC7, 0xFF, 0xEC, 0xCF, 0x81, 0x86, 0x07,
    0xFC, 0xFF, 0xF8, 0x00, 0x30, 0xFF, 0xE0, 0x00, 0xC0, 0x01, 0x87, 0xFF, 0x0C, 0x00, 0x1F, 0xFE,
    0x00, 0x00, 0x00, 0x18, 0xFF, 0xB0, 0xEF, 0x60, 0xDC, 0xC3, 0xF9, 0x8F, 0xFB, 0xD9, 0xBF, 0x03,
    0x0C, 0x3F, 0xF9, 0xFF, 0xF0, 0x00, 0x60, 0x63, 0x80, 0xC7, 0x03, 0xCE, 0x0F, 0xBE, 0x39, 0xEE,
    0x21, 0x84, 0x00, 0x2C, 0x01, 0xB7, 0xFE, 0xDD, 0xDB, 0x33, 0x6C, 0xDD, 0xB7, 0xF6, 0xFF, 0x7F,
    0x4C, 0xFC, 0x31, 0xB0, 0xC6, 0xC3, 0xFB, 0xFF, 0xED, 0xC1, 0xB0, 0x06, 0xC0, 0x1B, 0x00, 0x0C,
    0x00, 0x0C, 0x00, 0xD9, 0xFF, 0xB1, 0x9B, 0x63, 0x76, 0xCF, 0xFF, 0x93, 0x7B, 0x06, 0x36, 0x1F,
    0xED, 0xFF, 0xD8, 0x01, 0xB0, 0x61, 0x80, 0xC3, 0x01, 0xCE, 0x07, 0xFE, 0x39, 0xE7, 0x21, 0x84,
    0x00, 0x0C, 0x00, 0x37, 0xFE, 0xCE, 0x73, 0x19, 0x8C, 0xE6, 0x33, 0xFC, 0xDF, 0xFB, 0x66, 0x6C,
    0x18, 0x30, 0x60, 0xC1, 0xFB, 0x7F, 0xFD, 0xC0, 0x30, 0x00, 0xC0, 0x03, 0x00, 0x0C, 0x00, 0x08,
    0x00, 0x77, 0xFF, 0xC6, 0x67, 0x19, 0x9C, 0xFF, 0x77, 0x77, 0xD1, 0x8F, 0x07, 0xFD, 0xFF, 0xF6,
    0x01, 0xC6, 0x07, 0x18, 0x08, 0x60, 0x01, 0x80, 0x07, 0xFF, 0x0F, 0xF8, 0x00, 0x09, 0xFF, 0xF1,
    0x99, 0xC6, 0x77, 0x3F, 0xDD, 0xDD, 0xF4, 0x61, 0xC3, 0xFF, 0x7F, 0xFC, 0x00, 0x21, 0xFF, 0xC0,
    0x07, 0x00, 0x1C, 0x7F, 0xF1, 0x80, 0x07, 0xFF, 0x00, 0x00, 0x00, 0x0D, 0xFF, 0xF3, 0x9D, 0xC6,
    0x67, 0x3F, 0xDD, 0xFF, 0xF6, 0x67, 0xC1, 0x87, 0x3F, 0xFD, 0xFF, 0xF0, 0x00, 0x87, 0xFF, 0x18,
    0x1C, 0x60, 0x71, 0x81, 0xC7, 0xFF, 0x0F, 0xF8, 0x00, 0x0D, 0xFF, 0xF3, 0x9D, 0xC6, 0x77, 0x3F,
    0xDD, 0xDD, 0xF4, 0x63, 0xC1, 0xFF, 0x7F, 0xFC, 0x00, 0x21, 0x81, 0xC6, 0x07, 0x1F, 0xFC, 0x60,
    0x71, 0x81, 0xC7, 0xFF, 0x0F, 0xF8, 0x7F, 0xFC, 0x7D, 0xF0, 0x71, 0xC0, 0xF7, 0x87, 0x7D, 0xCC,
    0x71, 0x83, 0x18, 0x06, 0x30, 0xFF, 0xFE, 0x00, 0x00, 0x3F, 0xC0, 0xF7, 0xC3, 0x01, 0x86, 0x03,
    0x07, 0xBE, 0x07, 0xF8, 0x00, 0x00, 0xFF, 0xF8, 0x31, 0xC0, 0x63, 0x81, 0xC7, 0x07, 0xDB, 0x1C,
    0xF7, 0x00, 0x82, 0x7F, 0xFD, 0xFF, 0xFC, 0x06, 0x00, 0x0C, 0x00, 0x18, 0x00, 0x30, 0x00, 0x60,
    0x00, 0xC0, 0x7F, 0xFC, 0x38, 0xE0, 0x71, 0xC0, 0xF3, 0xC7, 0x7D, 0xCC, 0x71, 0x80, 0x00, 0x7F,
    0xFF, 0x03, 0x80, 0x03, 0x00, 0x0E, 0x01, 0xFF, 0xC0, 0x01, 0x80, 0x03, 0x00, 0x06, 0x00, 0x0C,
    0x7F, 0xFC, 0x7D, 0xF0, 0x31, 0xC0, 0xE3, 0x83, 0xED, 0x8E, 0xFB, 0x98, 0x61, 0x3F, 0xFE, 0xFF,
    0xFE, 0x03, 0x00, 0xC6, 0x01, 0x8C, 0x03, 0x00, 0x06, 0x00, 0x0F, 0xFE, 0x0F, 0xFC, 0x00, 0x00,
    0xFF, 0xF8, 0x31, 0xC0, 0xE3, 0x83, 0xFF, 0x8E, 0x7B, 0x80, 0x40, 0x7F, 0xFF, 0x03, 0x80, 0x03,
    0x00, 0xFF, 0xE0, 0x00, 0xC0, 0x01, 0x87, 0xFF, 0x0C, 0x00, 0x1F, 0xFE, 0x00, 0x00, 0x7F, 0xFC,
    0x7D, 0xF0, 0x71, 0xC0, 0xF3, 0x87, 0x7D, 0xCC, 0x71, 0x80, 0x00, 0x7F, 0xFF, 0x7F, 0xFC, 0x03,
    0x00, 0xFF, 0xE1, 0x80, 0xC3, 0x01, 0x86, 0x03, 0x0F, 0xFE, 0x0F, 0xF8, 0x7F, 0xFC, 0x38, 0xE0,
    0x71, 0xC0, 0xF3, 0xC7, 0x7D, 0xCC, 0x71, 0x80, 0x00, 0x7F, 0xFF, 0x7F, 0xFC, 0x63, 0x30, 0xC4,
    0x61, 0xFF, 0xC3, 0x01, 0x86, 0x03, 0x0F, 0xFE, 0x00, 0x00, 0x7F, 0xFC, 0x7D, 0xF0, 0x71, 0xC0,
    0xF3, 0x87, 0x7D, 0xCC, 0x71, 0x80, 0x00, 0x7F, 0xFF, 0x7F, 0xFC, 0x03, 0x00, 0x3F, 0xC0, 0xF7,
    0xC3, 0x01, 0x86, 0x03, 0x07, 0xBE, 0x07, 0xF8, 0x00, 0x08, 0x00, 0x37, 0xFE, 0xC6, 0x63, 0x39,
    0x8C, 0xEF, 0x36, 0xFE, 0xD9, 0x9B, 0x03, 0xEF, 0xFF, 0xB7, 0x60, 0xC1, 0x87, 0x06, 0xFC, 0x18,
    0x30, 0x60, 0xC1, 0x83, 0x04, 0x0C, 0x00, 0x18, 0xFF, 0xF8, 0x66, 0x71, 0xCC, 0xE7, 0xFD, 0xCD,
    0xCF, 0x80, 0xFF, 0x7F, 0xFE, 0x7E, 0x1C, 0x0D, 0xF8, 0x18, 0x70, 0x61, 0x80, 0xC3, 0x01, 0xCE,
    0x0F, 0xFE, 0x39, 0xE7, 0x21, 0x84, 0x00, 0x19, 0xFF, 0xF1, 0x99, 0xCE, 0x67, 0x3F, 0xDD, 0xBF,
    0xF4, 0x43, 0xDF, 0xFF, 0x7F, 0x9C, 0x1B, 0xF0, 0x61, 0xC1, 0x06, 0x0F, 0xF0, 0x78, 0xE1, 0x81,
    0xC7, 0x9E, 0x0F, 0xF0, 0x00, 0x08, 0x00, 0x77, 0xFF, 0xC6, 0x67, 0x19, 0x9C, 0xE7, 0x77, 0xFD,
    0xDB, 0xDF, 0x46, 0x3D, 0xFF, 0xFF, 0xFF, 0xC1, 0x87, 0x06, 0x1C, 0x18, 0x70, 0x61, 0xC1, 0x87,
    0x06, 0x18, 0x00, 0x00, 0xFF, 0xF8, 0x31, 0xC0, 0x63, 0x81, 0xC7, 0x07, 0xDF, 0x1D, 0xF7, 0x30,
    0xC2, 0x00, 0x01, 0xFF, 0xFC, 0x31, 0x80, 0x63, 0x00, 0xC6, 0x01, 0x8C, 0x03, 0x18, 0x06, 0x30,
    0x7F, 0xFC, 0x7D, 0xF0, 0x30, 0xC0, 0xE3, 0x81, 0xC7, 0x07, 0xDF, 0x1D, 0xF7, 0x31, 0xC6, 0x00,
    0x00, 0x00, 0x00, 0x00, 0x07, 0xFF, 0xF7, 0xFF, 0xC0, 0x7F, 0xFC, 0x7D, 0xF0, 0x71, 0xC0, 0xF3,
    0xC7, 0x7D, 0xCC, 0x71, 0x80, 0x00, 0x7F, 0xFF, 0x7F, 0xFC, 0x00, 0x00, 0xFF, 0xE1, 0x80, 0xC3,
    0x01, 0x86, 0x03, 0x0F, 0xFE, 0x0F, 0xF8, 0x7F, 0xFC, 0x18, 0xE0, 0x71, 0xC0, 0xF3, 0xC7, 0x7D,
    0xCC, 0x71, 0x80, 0x00, 0x7F, 0xFF, 0x7F, 0xFC, 0x03, 0x00, 0x0E, 0x00, 0x1C, 0x00, 0x7C, 0x01,
    0xDE, 0x0F, 0x1F, 0x18, 0x0C, 0x7F, 0xFC, 0x7D, 0xF0, 0x71, 0xC0, 0xF3, 0xC7, 0x7D, 0xCC, 0x71,
    0x80, 0x00, 0x7F, 0xFF, 0x7F, 0xFC, 0x00, 0x00, 0x3F, 0xC0, 0xF7, 0xC3, 0x01, 0x86, 0x03, 0x07,
    0xBE, 0x07, 0xF8, 0x00, 0x0C, 0x00, 0x37, 0xFE, 0xCE, 0x73, 0x19, 0x8C, 0x66, 0x31, 0x98, 0xCE,
    0x63, 0x39, 0xCC, 0xEF, 0x33, 0xFC, 0xDB, 0xDB, 0x66, 0x6C, 0x00, 0x30, 0x00, 0xC0, 0x03, 0x00,
    0x0C, 0x00, 0x0C, 0x00, 0x37, 0xFE, 0xC6, 0x63, 0x19, 0x8C, 0xE6, 0x33, 0xBC, 0xDF, 0xFB, 0x6F,
    0x6D, 0x18, 0xB0, 0x00, 0x87, 0xFF, 0x00, 0x1C, 0x00, 0x30, 0x00, 0xC0, 0x03, 0x00, 0x0C, 0x00,
    0x0C, 0xE7, 0x37, 0xFE, 0xC6, 0x63, 0x19, 0x8C, 0x66, 0x33, 0x9C, 0xCF, 0xF3, 0x6F, 0x6D, 0x18,
    0xB0, 0x00, 0xC6, 0x03, 0x18, 0x0C, 0x60, 0x01, 0x80, 0x07, 0xFF, 0x0F, 0xF8, 0x00, 0x0D, 0xFF,
    0xB1, 0x98, 0xC6, 0x63, 0x39, 0x8C, 0xE7, 0x37, 0xFE, 0xDB, 0xDB, 0x46, 0x2C, 0x00, 0x21, 0xFF,
    0xC0, 0x03, 0x00, 0x0C, 0x7F, 0xF1, 0x80, 0x07, 0xFF, 0x00, 0x00, 0x00, 0x0C, 0x00, 0x37, 0xFE,
    0xC6, 0x63, 0x19, 0x8C, 0xE6, 0x33, 0xBC, 0xDF, 0xFB, 0x66, 0x6C, 0x10, 0x30, 0x00, 0x07, 0xFF,
    0x18, 0x0C, 0x60, 0x31, 0x80, 0xC7, 0xFF, 0x0F, 0xF8, 0x00, 0x08, 0x00, 0x37, 0xFE, 0xC6, 0x63,
    0x19, 0x8C, 0xE7, 0x33, 0xFC, 0xDB, 0xFB, 0x66, 0x6C, 0x00, 0x31, 0x80, 0xC6, 0x03, 0x1F, 0xFC,
    0x60, 0x31, 0x80, 0xC7, 0xFF, 0x0F, 0xF8, 0x00, 0x0C, 0x00, 0x37, 0xFE, 0xC6, 0x63, 0x19, 0x8C,
    0xE6, 0x33, 0xBC, 0xDF, 0xFB, 0x6F, 0x6D, 0x18, 0xB0, 0x00, 0xC3, 0xFC, 0x1E, 0x38, 0x60, 0x71,
    0x81, 0xC7, 0xDE, 0x0F, 0xF0, 0x00, 0x0C, 0x00, 0x19, 0xFF, 0xB0, 0xCC, 0x61, 0x98, 0xC7, 0x31,
    0x8E, 0xF3, 0x3F, 0xF6, 0x66, 0x6C, 0x00, 0x18, 0x00, 0x60, 0xFF, 0xE0, 0x1C, 0x00, 0x78, 0x01,
    0xDC, 0x0F, 0x1E, 0x18, 0x0C, 0x00, 0x0D, 0xFF, 0xB1, 0x98, 0xC6, 0x63, 0x19, 0x8C, 0xE7, 0x37,
    0xFC, 0xDB, 0xDB, 0x46, 0x2C, 0x06, 0x30, 0x1C, 0x07, 0xFF, 0x00, 0x00, 0x1F, 0xC0, 0xE3, 0x83,
    0x8E, 0x07, 0xF0, 0x0C, 0x18, 0x18, 0x30, 0x30, 0x63, 0xFE, 0xC0, 0xC1, 0x81, 0x83, 0x03, 0x06,
    0x07, 0x0F, 0x1E, 0x1E, 0x3C, 0x30, 0xEC, 0x63, 0x9C, 0xC6, 0x1D, 0x88, 0x03, 0x00, 0x06, 0x00,
    0x0C, 0x00, 0x18, 0x00, 0x08, 0x18, 0x30, 0x30, 0x63, 0xFE, 0xC0, 0xC1, 0xC1, 0xC3, 0xC7, 0x86,
    0x1D, 0x8C, 0x73, 0xD8, 0xC1, 0x30, 0x00, 0x41, 0xFF, 0xC1, 0xFF, 0x80, 0x03, 0x00, 0x06, 0x00,
    0x0C, 0x00, 0x18, 0x00, 0x18, 0x18, 0x30, 0x30, 0x63, 0xFE, 0xC0, 0xC1, 0x81, 0xC3, 0x83, 0x87,
    0x8F, 0x8C, 0x3B, 0x98, 0xE3, 0xB1, 0x00, 0x60, 0xC0, 0xC1, 0x81, 0x83, 0x00, 0x06, 0x00, 0x0F,
    0xFE, 0x0F, 0xF8, 0x0C, 0x18, 0x18, 0x31, 0xFF, 0x60, 0x70, 0xC0, 0xE1, 0xE1, 0xC3, 0x86, 0xC6,
    0x3D, 0xEC, 0x70, 0xD8, 0x00, 0xC0, 0xC1, 0x81, 0x9F, 0xE3, 0x0F, 0x86, 0x3B, 0x0D, 0xE6, 0x1F,
    0xEC, 0x10, 0xF8, 0x0C, 0x18, 0x18, 0x31, 0xFF, 0x60, 0x70, 0xC0, 0xE1, 0xE3, 0xC3, 0x8E, 0xC6,
    0x39, 0xEC, 0x60, 0xD8, 0x00, 0x20, 0x7F, 0xE0, 0x00, 0xC0, 0x01, 0x83, 0xFF, 0x06, 0x00, 0x0F,
    0xFC, 0x00, 0x00, 0x0C, 0x18, 0x18, 0x31, 0xFF, 0x60, 0x70, 0xC0, 0xC1, 0xC1, 0xC3, 0xC7, 0x86,
    0x1D, 0xCC, 0x73, 0xD8, 0xC1, 0x30, 0x00, 0x60, 0xFF, 0xC1, 0x81, 0x83, 0x03, 0x06, 0x06, 0x0F,
    0xFC, 0x1F, 0xF0, 0x0C, 0x18, 0x18, 0x31, 0xFF, 0x60, 0x70, 0xC0, 0xE1, 0xE3, 0xC3, 0x86, 0xC6,
    0x39, 0xEC, 0x60, 0xD8, 0x00, 0x30, 0x60, 0x60, 0xC0, 0xC1, 0xFF, 0x83, 0x03, 0x06, 0x06, 0x0F,
    0xFC, 0x1F, 0xF0, 0x0C, 0x18, 0x18, 0x31, 0xFF, 0x60, 0x70, 0xC0, 0xC1, 0x81, 0xC3, 0xC7, 0x87,
    0x1D, 0xCC, 0x71, 0xD8, 0xC1, 0x30, 0x06, 0x60, 0x0C, 0xC0, 0x38, 0x00, 0x78, 0x03, 0xBC, 0x1E,
    0x1E, 0x38, 0x1C, 0x0C, 0x18, 0x18, 0x31, 0xFF, 0x60, 0x70, 0xC0, 0xC1, 0xC1, 0xC3, 0xC7, 0x86,
    0x1D, 0xCC, 0x73, 0xD8, 0xC1, 0x30, 0x10, 0x80, 0x61, 0x80, 0xC7, 0x03, 0xCE, 0x0F, 0xBE, 0x39,
    0xE7, 0x21, 0x84, 0x00, 0x08, 0x18, 0x30, 0x30, 0x63, 0xFE, 0xC0, 0xC1, 0xC1, 0xC3, 0xC7, 0x86,
    0x0D, 0x8C, 0x73, 0xD8, 0xC1, 0xB0, 0x00, 0x60, 0x7F, 0x81, 0xC7, 0x83, 0x03, 0x06, 0x06, 0x0F,
    0x3C, 0x0F, 0xF0, 0x0C, 0x18, 0x18, 0x31, 0xFF, 0x60, 0x70, 0xC0, 0xC1, 0xC1, 0xC3, 0xC7, 0x86,
    0x1D, 0x8C, 0x73, 0xD8, 0xC1, 0x30, 0x00, 0x40, 0xFF, 0xC0, 0x18, 0x00, 0x78, 0x03, 0xF8, 0x1E,
    0x3E, 0x38, 0x18, 0x00, 0x0C, 0x31, 0xB0, 0xC6, 0xDF, 0xDB, 0x7F, 0x6C, 0x31, 0xB1, 0xC6, 0xC7,
    0x1F, 0x1C, 0x7C, 0x79, 0xB3, 0x66, 0xDC, 0xFB, 0x61, 0x6C, 0x01, 0xB0, 0x06, 0xC0, 0x1B, 0x00,
    0x0C, 0x00, 0x08, 0x31, 0xB1, 0xC6, 0xDF, 0xDB, 0x0C, 0x6C, 0x71, 0xF1, 0xC6, 0xCD, 0x9B, 0x73,
    0x6D, 0x85, 0xB0, 0x00, 0x87, 0xFF, 0x0F, 0xFC, 0x00, 0x30, 0x00, 0xC0, 0x03, 0x00, 0x0C, 0x00,
    0x0C, 0x31, 0xB1, 0xC6, 0xDF, 0xDB, 0x0C, 0x6C, 0x71, 0xF1, 0xC7, 0xC7, 0x9B, 0x37, 0x6D, 0xCD,
    0xB4, 0x06, 0xC6, 0x1B, 0x18, 0x4C, 0x60, 0x01, 0x80, 0x07, 0xFF, 0x0F, 0xFC, 0x0C, 0x4C, 0x18,
    0xD9, 0xFD, 0xB0, 0xE3, 0x61, 0xC7, 0xC3, 0x8F, 0x8D, 0x9B, 0x39, 0xF6, 0x61, 0x6C, 0x00, 0x10,
    0x7F, 0xF0, 0x00, 0x60, 0x00, 0xC3, 0xFF, 0x86, 0x00, 0x0F, 0xFE, 0x00, 0x00, 0x00, 0x08, 0x31,
    0xB1, 0xC6, 0xDF, 0xDB, 0x0C, 0x7C, 0x71, 0xF1, 0xE6, 0xCD, 0xDB, 0x73, 0x6D, 0x85, 0xB0, 0x00,
    0x87, 0xFF, 0x18, 0x0C, 0x60, 0x31, 0x80, 0xC7, 0xFF, 0x0F, 0xF8, 0x00, 0x08, 0x31, 0xB1, 0xC6,
    0xDF, 0xDB, 0x0C, 0x7C, 0x71, 0xF1, 0xE6, 0xCD, 0xDB, 0x73, 0x6D, 0x01, 0xB1, 0x80, 0xC6, 0x03,
    0x1F, 0xFC, 0x60, 0x31, 0x80, 0xC7, 0xFF, 0x0F, 0xF8, 0x00, 0x0C, 0x18, 0xD8, 0x71, 0xB3, 0xFB,
    0x60, 0xC7, 0xC3, 0x8F, 0x87, 0x1B, 0x1B, 0x36, 0x73, 0x6C, 0xC2, 0xD8, 0x01, 0x30, 0x0E, 0x60,
    0x1C, 0x00, 0x7C, 0x01, 0xDC, 0x0F, 0x1E, 0x18, 0x0C, 0x00, 0x0C, 0x18, 0xD8, 0x71, 0xB3, 0xFB,
    0x60, 0xC7, 0xC3, 0x8F, 0x87, 0x1B, 0x1B, 0x36, 0x73, 0x6C, 0xC2, 0xD8, 0x10, 0xC0, 0x71, 0x80,
    0xE3, 0x01, 0xCF, 0x07, 0xDF, 0x1D, 0xE7, 0x21, 0x84, 0x00, 0x0C, 0x31, 0xB0, 0xC6, 0xDF, 0xDB,
    0x0C, 0x6C, 0x71, 0xF1, 0xC6, 0xCD, 0x9B, 0x73, 0x6D, 0x85, 0xB0, 0x00, 0xC1, 0xFE, 0x0E, 0x3C,
    0x60, 0x31, 0x80, 0xC3, 0xDF, 0x07, 0xF0, 0x04, 0x18, 0x18, 0x30, 0x30, 0x63, 0xFE, 0xC0, 0xC1,
    0xC1, 0x83, 0xC3, 0x06, 0x06, 0x0C, 0x0E, 0x18, 0x3C, 0x3C, 0x6C, 0x79, 0x9C, 0xC7, 0x1D, 0x88,
    0x13, 0x00, 0x06, 0x00, 0x0C, 0x00, 0x18, 0x00, 0x18, 0x18, 0x30, 0x30, 0x63, 0xFE, 0xE0, 0xC1,
    0xE1, 0xC3, 0x03, 0x86, 0x0F, 0x8E, 0x3B, 0x9E, 0xE3, 0xB1, 0x00, 0x60, 0xC0, 0xC1, 0x81, 0x83,
    0x00, 0x06, 0x00, 0x0F, 0xFE, 0x0F, 0xF8, 0x0C, 0x18, 0x18, 0x31, 0xFF, 0x60, 0x70, 0xF0, 0xE1,
    0x81, 0xC3, 0x06, 0xC7, 0xBD, 0xEC, 0x70, 0xD8, 0x00, 0xC0, 0xC1, 0x81, 0x9F, 0xE3, 0x0F, 0x86,
    0x3B, 0x0D, 0xE6, 0x1F, 0xEC, 0x10, 0xF8, 0x0C, 0x18, 0x18, 0x31, 0xFF, 0x60, 0x70, 0xF0, 0xE1,
    0x81, 0xC3, 0x07, 0xC7, 0xBD, 0xEC, 0x60, 0xD8, 0x00, 0x20, 0x7F, 0xE0, 0x00, 0xC0, 0x01, 0x83,
    0xFF, 0x06, 0x00, 0x0F, 0xFC, 0x00, 0x00, 0x0C, 0x18, 0x18, 0x31, 0xFF, 0x70, 0x70, 0xF0, 0xE1,
    0x81, 0xC3, 0x07, 0xC7, 0x9D, 0xCE, 0x71, 0xD8, 0x80, 0x30, 0x00, 0x00, 0xFF, 0xC1, 0x81, 0x83,
    0x03, 0x06, 0x06, 0x0F, 0xFC, 0x1F, 0xF0, 0x00, 0x18, 0x18, 0x30, 0x30, 0x63, 0xFE, 0xF0, 0xC1,
    0xC1, 0xC3, 0x03, 0x87, 0x0F, 0x8F, 0x73, 0xD8, 0xC1, 0xB0, 0x00, 0x60, 0x7F, 0x81, 0xC7, 0x83,
    0x03, 0x06, 0x06, 0x0F, 0x3C, 0x0F, 0xF0, 0x04, 0x0C, 0x30, 0x70, 0xC1, 0xDF, 0xF7, 0x0E, 0x1C,
    0x30, 0x70, 0xE1, 0xC3, 0xBF, 0x0E, 0x7C, 0x7C, 0x71, 0xB1, 0xDC, 0x77, 0x71, 0xDD, 0x00, 0x70,
    0x01, 0xC0, 0x07, 0x00, 0x0C, 0x00, 0x08, 0x30, 0x70, 0xC1, 0xDF, 0xF7, 0x0C, 0x1C, 0x3B, 0xF1,
    0xE7, 0xCE, 0xE7, 0x71, 0xDD, 0x83, 0x70, 0x00, 0x87, 0xFF, 0x1F, 0xFC, 0x00, 0x70, 0x01, 0xC0,
    0x07, 0x00, 0x0C, 0x00, 0x08, 0x30, 0x70, 0xC1, 0xDF, 0xF7, 0x0C, 0x1C, 0x30, 0x70, 0xEF, 0xC7,
    0xC7, 0x3B, 0x9D, 0xC7, 0x76, 0x09, 0xC6, 0x07, 0x18, 0x0C, 0x60, 0x01, 0x80, 0x07, 0xFF, 0x0F,
    0xF8, 0x0C, 0x08, 0x30, 0x77, 0xFD, 0xC3, 0x87, 0x0E, 0x1C, 0x3B, 0xF1, 0xF1, 0xDE, 0xF7, 0x70,
    0xDC, 0x00, 0x21, 0xFF, 0xC0, 0x07, 0x00, 0x1C, 0x7F, 0xF1, 0x80, 0x07, 0xFF, 0x00, 0x00, 0x0C,
    0x1C, 0x30, 0x77, 0xFD, 0xC3, 0x87, 0x0C, 0x1C, 0x3B, 0xF1, 0xE7, 0xCE, 0xE7, 0x71, 0xDD, 0x83,
    0x70, 0x00, 0x07, 0xFF, 0x18, 0x1C, 0x60, 0x31, 0x80, 0xC7, 0xFF, 0x0F, 0xF8, 0x0C, 0x0C, 0x30,
    0x77, 0xFD, 0xC3, 0x07, 0x0E, 0x1C, 0x3B, 0xF1, 0xF1, 0xCE, 0xE7, 0x71, 0xDD, 0x00, 0x21, 0x81,
    0xC6, 0x07, 0x1F, 0xFC, 0x60, 0x71, 0x81, 0xC7, 0xFF, 0x0F, 0xF8, 0x0C, 0x1C, 0x18, 0x39, 0xFF,
    0x70, 0x70, 0xE0, 0xC1, 0xC1, 0xDF, 0x87, 0x9F, 0x1D, 0xCE, 0x71, 0xDC, 0xC1, 0x38, 0x06, 0x70,
    0x0E, 0x60, 0x1C, 0x00, 0x7C, 0x03, 0xDC, 0x1F, 0x1E, 0x18, 0x0C, 0x0C, 0x0C, 0x18, 0x39, 0xFF,
    0x70, 0x70, 0xE0, 0xC1, 0xC1, 0xDF, 0x87, 0xDF, 0x1D, 0xCE, 0x71, 0xDC, 0xC1, 0x38, 0x10, 0xE0,
    0x61, 0x80, 0xE3, 0x01, 0xCF, 0x07, 0xFF, 0x19, 0xE7, 0x21, 0x84, 0x0C, 0x1C, 0x30, 0x70, 0xC1,
    0xDF, 0xF7, 0x0C, 0x1C, 0x3B, 0xF1, 0xE7, 0xCE, 0xE7, 0x71, 0xDD, 0x83, 0x70, 0x00, 0x83, 0xFC,
    0x1E, 0x38, 0x60, 0x71, 0x81, 0xC7, 0xDE, 0x0F, 0xF0, 0x00, 0x0C, 0x31, 0xB0, 0xC6, 0xC7, 0x1B,
    0x7F, 0x6C, 0x31, 0xB1, 0xDE, 0xC7, 0x7B, 0x1C, 0x6C, 0x79, 0xB3, 0x66, 0xDC, 0xFB, 0x63, 0x6D,
    0x01, 0xB0, 0x06, 0xC0, 0x1B, 0x00, 0x0C, 0x00, 0x0C, 0x31, 0xB1, 0xC6, 0xDF, 0xDB, 0x0C, 0x6C,
    0x77, 0xB1, 0xFE, 0xCD, 0xDB, 0x73, 0x6D, 0x85, 0xB0, 0x00, 0x87, 0xFF, 0x0F, 0xFC, 0x00, 0x30,
    0x00, 0xC0, 0x03, 0x00, 0x0C, 0x00, 0x0C, 0x31, 0xB1, 0xC6, 0xDF, 0xDB, 0x0C, 0x6C, 0x71, 0xB1,
    0xDE, 0xC7, 0x9B, 0x37, 0x6D, 0xCD, 0xB6, 0x16, 0xC6, 0x1B, 0x18, 0x6C, 0x60, 0x01, 0x80, 0x07,
    0xFF, 0x0F, 0xFC, 0x0C, 0x6C, 0x18, 0xD9, 0xFD, 0xB0, 0xE3, 0x61, 0xC6, 0xC3, 0xBD, 0x87, 0x9B,
    0x3B, 0xB6, 0x63, 0x6C, 0x00, 0x18, 0x7F, 0xF0, 0x00, 0x60, 0x00, 0xC3, 0xFF, 0x86, 0x00, 0x0F,
    0xFE, 0x00, 0x00, 0x00, 0x0C, 0x31, 0xB1, 0xC6, 0xDF, 0xDB, 0x0C, 0x6C, 0x77, 0xB1, 0xFE, 0xCD,
    0x9B, 0x73, 0x6D, 0x85, 0xB0, 0x00, 0x87, 0xFF, 0x18, 0x0C, 0x60, 0x31, 0x80, 0xC7, 0xFF, 0x0F,
    0xF8, 0x00, 0x0C, 0x31, 0xB1, 0xC6, 0xDF, 0xDB, 0x0C, 0x6C, 0x77, 0xB1, 0xFE, 0xCD, 0xDB, 0x73,
    0x6D, 0x01, 0xB1, 0x80, 0xC6, 0x03, 0x1F, 0xFC, 0x60, 0x31, 0x80, 0xC7, 0xFF, 0x0F, 0xF8, 0x00,
    0x0C, 0x18, 0xD8, 0x71, 0xB3, 0xFB, 0x60, 0xC6, 0xC3, 0xBD, 0x87, 0x7B, 0x1B, 0x36, 0x73, 0x6C,
    0xC2, 0xD8, 0x02, 0x30, 0x0E, 0x60, 0x1C, 0x00, 0x7C, 0x01, 0xDC, 0x0F, 0x1E, 0x18, 0x0C, 0x00,
    0x0C, 0x31, 0xB0, 0xC6, 0xDF, 0xDB, 0x0C, 0x6C, 0x77, 0xB1, 0xDE, 0xCD, 0x9B, 0x73, 0x6D, 0x85,
    0xB0, 0x00, 0xC1, 0xFE, 0x0E, 0x3C, 0x60, 0x31, 0x80, 0xC3, 0xDF, 0x07, 0xF0, 0x04, 0x0C, 0x30,
    0x70, 0xC1, 0xDF, 0xF7, 0x0E, 0x1C, 0x31, 0xF0, 0xCF, 0xC3, 0x87, 0x0E, 0x1C, 0x7F, 0xF1, 0xB7,
    0xDC, 0x77, 0x61, 0xDD, 0x00, 0x70, 0x01, 0xC0, 0x07, 0x00, 0x0C, 0x00, 0x08, 0x30, 0x70, 0xC1,
    0xDF, 0xF7, 0x0C, 0x3C, 0x31, 0xF0, 0xE1, 0xC7, 0xDF, 0x3B, 0xFD, 0xC7, 0x74, 0x01, 0xC6, 0x07,
    0x18, 0x08, 0x60, 0x01, 0x80, 0x07, 0xFF, 0x0F, 0xF8, 0x0C, 0x0C, 0x18, 0x39, 0xFF, 0x70, 0x70,
    0xE0, 0xC7, 0xC1, 0xC7, 0x87, 0x87, 0x1D, 0xBE, 0x73, 0xDC, 0xC1, 0xB8, 0x10, 0xE0, 0x61, 0x80,
    0xE3, 0x01, 0xCF, 0x07, 0xDE, 0x1D, 0xE7, 0x21, 0x84, 0x00, 0x0C, 0x31, 0xB0, 0xC6, 0xDF, 0xDB,
    0x7F, 0x6C, 0x31, 0xB1, 0xDE, 0xC7, 0x1B, 0x1C, 0xEC, 0x7F, 0xB3, 0x66, 0xDC, 0xDB, 0x63, 0xED,
    0x01, 0xB0, 0x06, 0xC0, 0x1B, 0x00, 0x0C, 0x00, 0x0C, 0x31, 0xB1, 0xC6, 0xDF, 0xDB, 0x1C, 0x6C,
    0x77, 0xB1, 0xC6, 0xCF, 0xFB, 0x77, 0x6D, 0x8D, 0xB4, 0x06, 0xC6, 0x1B, 0x18, 0x6C, 0x60, 0x01,
    0x80, 0x07, 0xFF, 0x0F, 0xFC, 0x00, 0x0C, 0x31, 0xB1, 0xC6, 0xDF, 0xDB, 0x0C, 0x6C, 0x77, 0xB1,
    0xC6, 0xCF, 0xFB, 0x77, 0x6D, 0x85, 0xB0, 0x06, 0xC1, 0xFC, 0x0F, 0x7C, 0x60, 0x31, 0x80, 0xC3,
    0xDF, 0x07, 0xF8, 0x01, 0x80, 0x03, 0x00, 0xFF, 0xF1, 0xFF, 0xC0, 0x38, 0x00, 0x78, 0x01, 0xB8,
    0x0F, 0x38, 0x7C, 0x3C, 0x63, 0x18, 0x06, 0x00, 0x0C, 0x07, 0xFF, 0xDF, 0xFF, 0xC0, 0x01, 0x80,
    0x03, 0x00, 0xFF, 0xE0, 0x1C, 0x00, 0x38, 0x01, 0xFC, 0x1F, 0x1F, 0x1C, 0xCE, 0x01, 0x81, 0xFF,
    0xFC, 0x00, 0x00, 0x00, 0x03, 0xFF, 0x80, 0x03, 0x00, 0x06, 0x00, 0x0C, 0x00, 0x18, 0x01, 0x80,
    0x03, 0x00, 0xFF, 0xE0, 0x1C, 0x00, 0x38, 0x00, 0xF8, 0x07, 0xBE, 0x3E, 0xDE, 0x21, 0x88, 0x07,
    0x03, 0xFF, 0xF8, 0x00, 0x03, 0x00, 0x06, 0x00, 0x0C, 0x00, 0x1F, 0xFC, 0x1F, 0xF8, 0x01, 0x80,
    0x03, 0x00, 0xFF, 0xE0, 0x1C, 0x00, 0x7C, 0x07, 0xDF, 0x1F, 0x6F, 0x00, 0xC0, 0xFF, 0xFE, 0x00,
    0x00, 0xFF, 0xE0, 0x00, 0xC0, 0x01, 0x87, 0xFF, 0x0C, 0x00, 0x1F, 0xFE, 0x00, 0x00, 0x01, 0x80,
    0x03, 0x00, 0xFF, 0xE0, 0x1C, 0x00, 0x3C, 0x01, 0xDC, 0x1F, 0x1F, 0x18, 0xCE, 0x03, 0x81, 0xFF,
    0xFC, 0x00, 0x00, 0x00, 0x03, 0xFF, 0x86, 0x03, 0x0C, 0x06, 0x1F, 0xFC, 0x1F, 0xF0, 0x01, 0x80,
    0x03, 0x00, 0xFF, 0xE0, 0x1C, 0x00, 0x7C, 0x07, 0xDF, 0x1F, 0x0F, 0x00, 0xC0, 0x03, 0x81, 0xFF,
    0xFC, 0xC0, 0x61, 0x80, 0xC3, 0xFF, 0x86, 0x03, 0x0C, 0x06, 0x1F, 0xFC, 0x00, 0x00, 0x01, 0x80,
    0x03, 0x00, 0xFF, 0xE0, 0x1C, 0x00, 0x38, 0x01, 0xFC, 0x1F, 0x9F, 0x1C, 0xCE, 0x01, 0x81, 0xFF,
    0xFC, 0x00, 0x00, 0x0C, 0x00, 0x38, 0x00, 0x78, 0x03, 0xB8, 0x1E, 0x3E, 0x30, 0x18, 0x01, 0x80,
    0x03, 0x00, 0xFF, 0xE0, 0x1C, 0x00, 0x3C, 0x01, 0xDC, 0x1F, 0x1F, 0x18, 0xCE, 0x03, 0x81, 0xFF,
    0xFC, 0x00, 0x00, 0x7F, 0x81, 0xEF, 0x86, 0x03, 0x0C, 0x06, 0x0F, 0x3C, 0x0F, 0xF0, 0x00, 0x18,
    0x18, 0x30, 0x38, 0x63, 0xFE, 0xC0, 0xE1, 0x81, 0xC3, 0x07, 0xC6, 0x3D, 0xEF, 0x75, 0xDE, 0x18,
    0x30, 0x30, 0x60, 0x7E, 0xCF, 0xFD, 0x8E, 0x03, 0x00, 0x06, 0x00, 0x0C, 0x00, 0x18, 0x04, 0x18,
    0x1C, 0x31, 0xFF, 0x60, 0x70, 0xC0, 0xE1, 0x83, 0xE3, 0x1E, 0xF7, 0xBB, 0x6E, 0x0E, 0x18, 0xFF,
    0xF1, 0xFF, 0x60, 0x00, 0xC1, 0x81, 0x83, 0x00, 0x06, 0x00, 0x0F, 0xFC, 0x1F, 0xF8, 0x04, 0x18,
    0x1C, 0x31, 0xFF, 0x60, 0x70, 0xC1, 0xF1, 0xEF, 0x7B, 0x99, 0xB6, 0x07, 0xEC, 0x7F, 0xF8, 0x00,
    0x30, 0xFF, 0xE0, 0x00, 0xC0, 0x01, 0x87, 0xFF, 0x0E, 0x00, 0x1F, 0xFC, 0x00, 0x00, 0x04, 0x18,
    0x1C, 0x31, 0xFF, 0x60, 0x70, 0xC0, 0xE1, 0x83, 0xF3, 0xDF, 0xF7, 0x37, 0x6C, 0x0F, 0xD8, 0xFF,
    0xF0, 0x00, 0x60, 0x7F, 0x81, 0xEF, 0x87, 0x03, 0x0E, 0x06, 0x0F, 0x7C, 0x0F, 0xF0, 0x00, 0x08,
    0x18, 0x60, 0x61, 0x9F, 0xF6, 0x06, 0x18, 0x38, 0x60, 0xF1, 0x86, 0xE6, 0x79, 0xD8, 0x99, 0x60,
    0x61, 0x81, 0xFE, 0x7F, 0xF9, 0xC0, 0x60, 0x01, 0x80, 0x06, 0x00, 0x18, 0x06, 0x18, 0x18, 0x77,
    0xFD, 0xC3, 0x87, 0x0E, 0x1C, 0x7C, 0x73, 0xBD, 0xDD, 0xB7, 0x06, 0x1D, 0xFF, 0xF7, 0xFF, 0xC0,
    0x07, 0x18, 0x1C, 0x60, 0x01, 0x80, 0x07, 0xFF, 0x0F, 0xF8, 0x06, 0x08, 0x18, 0x73, 0xFD, 0xC1,
    0x87, 0x0F, 0x1C, 0xFF, 0x77, 0x6D, 0xC1, 0xBF, 0x7F, 0xFC, 0x00, 0x21, 0xFF, 0xC0, 0x07, 0x00,
    0x1C, 0x7F, 0xF1, 0x80, 0x07, 0xFF, 0x00, 0x00, 0x06, 0x08, 0x18, 0x77, 0xFD, 0xC3, 0x87, 0x0E,
    0x1C, 0x7E, 0x77, 0xDD, 0xC9, 0x97, 0x3F, 0xFD, 0xFF, 0xF0, 0x01, 0xC0, 0x00, 0x1F, 0xFC, 0x60,
    0x71, 0x81, 0xC7, 0xFF, 0x00, 0x00, 0x06, 0x08, 0x18, 0x77, 0xFD, 0xC1, 0x87, 0x0F, 0x1C, 0x7E,
    0x77, 0x9D, 0xC9, 0x97, 0x3F, 0xFD, 0xFF, 0xF0, 0x00, 0x86, 0x07, 0x1F, 0xFC, 0x60, 0x71, 0x81,
    0xC7, 0xFF, 0x00, 0x00, 0x06, 0x08, 0x18, 0x77, 0xFD, 0xC3, 0x87, 0x0E, 0x1C, 0x7E, 0x77, 0x9D,
    0xC9, 0x97, 0x07, 0xFD, 0xFF, 0xF6, 0x01, 0xC0, 0x67, 0x01, 0xC8, 0x0F, 0x00, 0xFF, 0x0F, 0x8F,
    0x38, 0x1C, 0x06, 0x08, 0x18, 0x77, 0xFD, 0xC3, 0x87, 0x0E, 0x1C, 0x7E, 0x77, 0x9D, 0xC9, 0x97,
    0x07, 0xFD, 0xFF, 0xF0, 0x01, 0xC3, 0xFC, 0x1F, 0x78, 0x60, 0x61, 0x81, 0x87, 0x9E, 0x0F, 0xF0,
    0x01, 0x00, 0x03, 0x00, 0x06, 0x01, 0xFF, 0xE3, 0xFF, 0x80, 0x70, 0x00, 0xF0, 0x07, 0x70, 0x3E,
    0x78, 0xF0, 0x78, 0x80, 0x20, 0x63, 0x00, 0xC6, 0x0F, 0xFF, 0xBF, 0xFF, 0x80, 0x01, 0x80, 0x03,
    0x00, 0xFF, 0xE0, 0x1C, 0x00, 0x3C, 0x01, 0xDC, 0x1F, 0x1F, 0x16, 0x36, 0x0C, 0x61, 0xFF, 0xFC,
    0x00, 0x00, 0x00, 0x03, 0xFF, 0x86, 0x03, 0x0C, 0x06, 0x1F, 0xFC, 0x1F, 0xF0, 0x01, 0x80, 0x07,
    0x00, 0xFF, 0xF0, 0x1C, 0x00, 0x38, 0x01, 0xFC, 0x0F, 0x9F, 0x1C, 0x0E, 0x00, 0x01, 0xFF, 0xFD,
    0xFF, 0xF0, 0x0C, 0x00, 0x18, 0x00, 0x30, 0x00, 0x60, 0x00, 0xC0, 0x01, 0x80, 0x03, 0x00, 0xFF,
    0xE0, 0x1C, 0x00, 0x38, 0x01, 0xFC, 0x0F, 0x9F, 0x1C, 0x1E, 0x00, 0x01, 0xFF, 0xFC, 0x06, 0x00,
    0x1C, 0x03, 0xFF, 0x80, 0x03, 0x00, 0x06, 0x00, 0x0C, 0x00, 0x18, 0x01, 0x80, 0x03, 0x00, 0xFF,
    0xE0, 0x1C, 0x00, 0x38, 0x00, 0xFC, 0x0F, 0x9F, 0x1C, 0x1E, 0x00, 0x01, 0xFF, 0xFC, 0x06, 0x00,
    0x8C, 0x03, 0x18, 0x06, 0x30, 0x0C, 0x00, 0x1F, 0xFC, 0x1F, 0xF8, 0x01, 0x80, 0x03, 0x00, 0xFF,
    0xE0, 0x1C, 0x00, 0x7C, 0x07, 0xDF, 0x1F, 0x0F, 0x00, 0x00, 0xFF, 0xFE, 0x03, 0x00, 0xFF, 0xE0,
    0x00, 0xC0, 0x01, 0x87, 0xFF, 0x0C, 0x00, 0x1F, 0xFE, 0x00, 0x00, 0x01, 0x80, 0x03, 0x00, 0xFF,
    0xE0, 0x1C, 0x00, 0x38, 0x01, 0xFC, 0x1F, 0x9F, 0x1C, 0x1E, 0x00, 0x01, 0xFF, 0xFC, 0x06, 0x00,
    0x1C, 0x03, 0xFF, 0x86, 0x03, 0x0C, 0x06, 0x1F, 0xFC, 0x1F, 0xF0, 0x01, 0x80, 0x03, 0x00, 0xFF,
    0xE0, 0x1C, 0x00, 0x7C, 0x07, 0xDF, 0x1F, 0x0F, 0x00, 0x00, 0xFF, 0xFE, 0x07, 0x00, 0xC6, 0x61,
    0x80, 0xC3, 0xFF, 0x86, 0x03, 0x0C, 0x06, 0x1F, 0xFC, 0x00, 0x00, 0x01, 0x80, 0x03, 0x00, 0xFF,
    0xE0, 0x1C, 0x00, 0x3C, 0x03, 0xDE, 0x1F, 0x1F, 0x10, 0x00, 0xFF, 0xFE, 0xFF, 0xF8, 0x06, 0x00,
    0x08, 0x00, 0x38, 0x00, 0x70, 0x03, 0xF8, 0x1E, 0x3E, 0x30, 0x18, 0x01, 0x80, 0x03, 0x00, 0xFF,
    0xE0, 0x1C, 0x00, 0x38, 0x01, 0xFC, 0x0F, 0x9F, 0x1C, 0x1E, 0x00, 0x01, 0xFF, 0xFC, 0x06, 0x00,
    0x7F, 0x81, 0xE7, 0x86, 0x03, 0x0C, 0x06, 0x0F, 0x3C, 0x0F, 0xF0, 0x06, 0x0C, 0x18, 0x77, 0xFD,
    0xC3, 0x87, 0x0E, 0x1C, 0x3C, 0x73, 0xB9, 0xDE, 0x77, 0x60, 0x5D, 0xFF, 0xFF, 0xFF, 0xC1, 0x87,
    0x06, 0xFC, 0x18, 0x70, 0x61, 0xC1, 0x87, 0x04, 0x1C, 0x06, 0x08, 0x0C, 0x39, 0xFF, 0x70, 0x70,
    0xE1, 0xF9, 0xCF, 0x3B, 0x98, 0x7F, 0x7F, 0xFE, 0x7E, 0x1C, 0x0D, 0xF8, 0x18, 0x70, 0x61, 0x80,
    0xC3, 0x01, 0xCE, 0x07, 0xFF, 0x39, 0xE7, 0x21, 0x84, 0x08, 0x6C, 0x31, 0xB7, 0xF6, 0xC7, 0x1B,
    0x1C, 0x6C, 0xF9, 0xB7, 0x76, 0xD8, 0xDB, 0x07, 0xEF, 0xFF, 0xB4, 0xC6, 0xC3, 0x1B, 0x0F, 0xEC,
    0x31, 0xB0, 0xC6, 0xC3, 0x1B, 0x00, 0x0C, 0x0C, 0x6C, 0x31, 0xB7, 0xF6, 0xC3, 0x1B, 0x1C, 0x6C,
    0xFD, 0xB7, 0x36, 0xC1, 0xFB, 0xFF, 0xEC, 0x31, 0xB0, 0xDE, 0xC3, 0x1B, 0x18, 0x6C, 0x60, 0x01,
    0x80, 0x07, 0xFF, 0x0F, 0xFC, 0x06, 0x08, 0x18, 0x77, 0xFD, 0xC1, 0x87, 0x0E, 0x1C, 0x3C, 0x73,
    0xFD, 0xDE, 0x77, 0x20, 0x5D, 0xFF, 0xF7, 0xFF, 0xC1, 0x87, 0x06, 0x1C, 0x18, 0x70, 0x61, 0xC1,
    0x87, 0x06, 0x1C, 0x06, 0x18, 0x18, 0x63, 0xFD, 0x83, 0x86, 0x0F, 0x18, 0x7E, 0x63, 0x9D, 0x9C,
    0x36, 0x03, 0xF9, 0xFF, 0xE0, 0x61, 0x81, 0x86, 0x1E, 0x18, 0x60, 0x01, 0x80, 0x07, 0xFF, 0x1F,
    0xF8, 0x06, 0x18, 0x18, 0x63, 0xFD, 0x81, 0x86, 0x0F, 0x18, 0xFF, 0x67, 0x9D, 0x80, 0x7E, 0x7F,
    0xF8, 0x18, 0x61, 0xFF, 0x80, 0x06, 0x00, 0x18, 0x7F, 0xE1, 0x80, 0x07, 0xFF, 0x00, 0x00, 0x06,
    0x08, 0x18, 0x63, 0xFD, 0x83, 0x86, 0x0F, 0x18, 0x7F, 0x67, 0x9D, 0x88, 0x7E, 0x7F, 0xF9, 0xD8,
    0x60, 0x61, 0x81, 0x80, 0x1F, 0xF8, 0x60, 0x61, 0x81, 0x87, 0xFE, 0x0F, 0xF8, 0x06, 0x18, 0x18,
    0x63, 0xFD, 0x81, 0x86, 0x0F, 0x18, 0xFF, 0x67, 0x9D, 0x88, 0x7E, 0x7F, 0xF9, 0x18, 0x60, 0x60,
    0x87, 0x86, 0x18, 0x18, 0x7F, 0xE1, 0x81, 0x87, 0xFE, 0x0F, 0xF8, 0x06, 0x18, 0x0C, 0x30, 0xFF,
    0x60, 0x70, 0xC0, 0xF1, 0x87, 0xFB, 0x1E, 0x76, 0x00, 0xFC, 0x7F, 0xF8, 0xFC, 0x30, 0x18, 0x60,
    0x3E, 0xC0, 0x1C, 0x80, 0x7C, 0x01, 0xDC, 0x0F, 0x1E, 0x18, 0x0C, 0x06, 0x18, 0x18, 0x63, 0xFD,
    0x83, 0x86, 0x0F, 0x18, 0xFF, 0x67, 0x9D, 0x80, 0x7E, 0x7F, 0xF9, 0xD8, 0x60, 0x61, 0x83, 0xFC,
    0x1F, 0x78, 0x60, 0x61, 0x81, 0x87, 0x9E, 0x0F, 0xF0, 0x01, 0x80, 0x07, 0x00, 0xFF, 0xF0, 0x1C,
    0x00, 0x3C, 0x01, 0xFC, 0x0F, 0x1F, 0x1C, 0x0E, 0x00, 0x01, 0xFF, 0xFD, 0xFF, 0xF0, 0x63, 0x00,
    0xC6, 0x01, 0x8C, 0x03, 0x18, 0x06, 0x30, 0x01, 0x80, 0x03, 0x00, 0xFF, 0xE0, 0x1C, 0x00, 0x38,
    0x00, 0xFC, 0x0F, 0x9F, 0x1C, 0x1E, 0x00, 0x01, 0xFF, 0xFC, 0x19, 0x80, 0x33, 0x03, 0x66, 0x06,
    0x00, 0x0C, 0x00, 0x1F, 0xFC, 0x1F, 0xF8, 0x01, 0x80, 0x03, 0x00, 0xFF, 0xE0, 0x1C, 0x00, 0x7C,
    0x07, 0xDF, 0x1F, 0x0F, 0x00, 0x00, 0xFF, 0xFE, 0x18, 0xC0, 0xFF, 0xE0, 0x00, 0xC0, 0x01, 0x87,
    0xFF, 0x0C, 0x00, 0x1F, 0xFE, 0x00, 0x00, 0x01, 0x80, 0x03, 0x00, 0xFF, 0xE0, 0x1C, 0x00, 0x3C,
    0x03, 0xDE, 0x1F, 0x1F, 0x00, 0x00, 0xFF, 0xFE, 0xFF, 0xF8, 0x31, 0x80, 0x63, 0x03, 0xFF, 0x86,
    0x03, 0x0C, 0x06, 0x1F, 0xFC, 0x1F, 0xF0, 0x01, 0x80, 0x03, 0x00, 0xFF, 0xE0, 0x1C, 0x00, 0x38,
    0x00, 0xFC, 0x0F, 0x9F, 0x3C, 0x1E, 0x00, 0x01, 0xFF, 0xFC, 0x31, 0xC0, 0x7F, 0x81, 0xEF, 0x86,
    0x03, 0x0C, 0x06, 0x0F, 0x3C, 0x0F, 0xF0, 0x01, 0x80, 0x03, 0x00, 0xFF, 0xF1, 0xFF, 0xC0, 0x38,
    0x00, 0x70, 0x01, 0xF0, 0x07, 0x78, 0x3C, 0x7C, 0x60, 0x38, 0x00, 0x00, 0x00, 0x07, 0xFF, 0xDF,
    0xFF, 0xC0, 0x01, 0x80, 0x03, 0x00, 0xFF, 0xE0, 0x1C, 0x00, 0x38, 0x01, 0xFC, 0x0F, 0x9F, 0x1C,
    0x1E, 0x00, 0x01, 0xFF, 0xFC, 0x00, 0x00, 0x00, 0x03, 0xFF, 0x80, 0x03, 0x00, 0x06, 0x00, 0x0C,
    0x00, 0x18, 0x01, 0x80, 0x03, 0x00, 0xFF, 0xE0, 0x1C, 0x00, 0x38, 0x01, 0xFC, 0x0F, 0x9F, 0x1C,
    0x1E, 0x00, 0x01, 0xFF, 0xFC, 0x00, 0x01, 0x80, 0x03, 0x00, 0x06, 0x00, 0x0C, 0x00, 0x1F, 0xFC,
    0x1F, 0xF8, 0x01, 0x80, 0x03, 0x00, 0xFF, 0xE0, 0x1C, 0x00, 0x7C, 0x07, 0xDF, 0x1F, 0x0F, 0x00,
    0x00, 0xFF, 0xFE, 0x00, 0x00, 0xFF, 0xE0, 0x00, 0xC0, 0x01, 0x87, 0xFF, 0x0C, 0x00, 0x1F, 0xFE,
    0x00, 0x00, 0x01, 0x80, 0x03, 0x00, 0xFF, 0xE0, 0x1C, 0x00, 0x38, 0x01, 0xFC, 0x1F, 0x1F, 0x1C,
    0x0E, 0x00, 0x01, 0xFF, 0xFC, 0x00, 0x00, 0x00, 0x03, 0xFF, 0x86, 0x03, 0x0C, 0x06, 0x1F, 0xFC,
    0x1F, 0xF0, 0x01, 0x80, 0x03, 0x00, 0xFF, 0xE0, 0x1C, 0x00, 0x7C, 0x07, 0xDF, 0x1F, 0x0F, 0x00,
    0x00, 0xFF, 0xFE, 0x00, 0x00, 0xC0, 0x61, 0x80, 0xC3, 0xFF, 0x86, 0x03, 0x0C, 0x06, 0x1F, 0xFC,
    0x00, 0x00, 0x01, 0x80, 0x03, 0x00, 0xFF, 0xE0, 0x1C, 0x00, 0x38, 0x01, 0xFC, 0x1F, 0x9F, 0x1C,
    0x0E, 0x00, 0x01, 0xFF, 0xFC, 0x00, 0x00, 0x0C, 0x00, 0x38, 0x00, 0x78, 0x03, 0xB8, 0x1E, 0x3E,
    0x30, 0x18, 0x01, 0x80, 0x03, 0x00, 0xFF, 0xE0, 0x1C, 0x00, 0x38, 0x01, 0xFC, 0x1F, 0x9F, 0x1C,
    0x0E, 0x00, 0x01, 0xFF, 0xFC, 0x00, 0x00, 0x7F, 0x81, 0xEF, 0x86, 0x03, 0x0C, 0x06, 0x0F, 0x3C,
    0x0F, 0xF0, 0x08, 0x30, 0x61, 0xC3, 0x0F, 0xFF, 0x70, 0xC3, 0x86, 0x1C, 0x70, 0xE3, 0x87, 0x1E,
    0x39, 0xF1, 0xCD, 0xCE, 0xE7, 0x7E, 0x1B, 0xC0, 0x1C, 0x00, 0xE0, 0x07, 0x00, 0x38, 0x00, 0x10,
    0x61, 0xC7, 0x0F, 0xFF, 0x71, 0xC3, 0x8E, 0x1C, 0x70, 0xE7, 0xE7, 0xF3, 0xBE, 0x0D, 0xC0, 0x04,
    0x7F, 0xF3, 0xFF, 0x80, 0x1C, 0x00, 0xE0, 0x07, 0x00, 0x38, 0x00, 0x10, 0x61, 0xC7, 0x0F, 0xFF,
    0x71, 0xC3, 0x8E, 0x1C, 0x70, 0xE7, 0xC7, 0x77, 0xBF, 0x1D, 0xF0, 0x0E, 0x60, 0x73, 0x01, 0x18,
    0x00, 0xC0, 0x07, 0xFF, 0x1F, 0xF0, 0x0C, 0x30, 0x61, 0xFF, 0xEE, 0x38, 0x71, 0xC3, 0x8E, 0x1C,
    0xF8, 0xEE, 0xE7, 0xE3, 0xBE, 0x05, 0xC0, 0x00, 0x7F, 0xF3, 0x00, 0x18, 0x00, 0xC0, 0x07, 0xFF,
    0x1F, 0xF0, 0x0C, 0x10, 0x61, 0xFF, 0xEE, 0x38, 0x71, 0xC3, 0x8F, 0x1C, 0xDC, 0xFE, 0x77, 0xC1,
    0xB8, 0x00, 0x8F, 0xFE, 0x00, 0x70, 0x03, 0x9F, 0xFC, 0xC0, 0x07, 0xFF, 0x00, 0x00, 0x0C, 0x30,
    0x61, 0xFF, 0xEE, 0x38, 0x71, 0xC3, 0x8F, 0x1C, 0xDC, 0xFE, 0x77, 0xC1, 0xB8, 0x00, 0x9F, 0xFE,
    0x0D, 0xF0, 0x63, 0xBF, 0x1D, 0x80, 0xEF, 0xE7, 0x00, 0x10, 0x0C, 0x30, 0x61, 0xFF, 0xEE, 0x38,
    0x71, 0xC3, 0x8E, 0x1C, 0xF8, 0xEE, 0xE7, 0xE3, 0xBE, 0x05, 0xC0, 0x00, 0x7F, 0xF3, 0x03, 0x98,
    0x1C, 0xC0, 0xE7, 0xFF, 0x1F, 0xF0, 0x0C, 0x30, 0x61, 0xFF, 0xEE, 0x38, 0x71, 0xC3, 0x8E, 0x1C,
    0xF8, 0xEE, 0x77, 0xE1, 0xB8, 0x00, 0x8C, 0x0E, 0x60, 0x73, 0xFF, 0x98, 0x1C, 0xC0, 0xE7, 0xFF,
    0x1F, 0xF0, 0x0C, 0x38, 0x70, 0xEF, 0xFB, 0x87, 0x0E, 0x1C, 0x38, 0x70, 0xE3, 0xF3, 0xBC, 0xEE,
    0xE1, 0xB8, 0x00, 0xE0, 0x33, 0x80, 0xE0, 0x07, 0x80, 0x3B, 0x87, 0xC7, 0x8C, 0x06, 0x00, 0x10,
    0x61, 0xC7, 0x0F, 0xFF, 0x71, 0xC3, 0x8E, 0x1C, 0x78, 0xE6, 0xE7, 0xF3, 0xBF, 0x0D, 0xC0, 0x04,
    0x3F, 0xC3, 0xCF, 0x18, 0x18, 0xC0, 0xC7, 0xDE, 0x1F, 0xE0, 0x00, 0x18, 0x00, 0x31, 0xFE, 0x61,
    0xFC, 0xC0, 0x19, 0x80, 0x73, 0x1F, 0xC6, 0x3F, 0x8F, 0x07, 0x1E, 0x0C, 0x30, 0x30, 0x61, 0xE0,
    0xC7, 0x81, 0x8C, 0x03, 0x00, 0x06, 0x00, 0x0C, 0x00, 0x18, 0x00, 0x30, 0x00, 0xCF, 0xF3, 0x00,
    0xCC, 0x3E, 0x3B, 0xF8, 0xF0, 0xC3, 0x07, 0x0C, 0x78, 0x33, 0x80, 0xC8, 0x02, 0x1F, 0xFC, 0x3F,
    0xF0, 0x00, 0xC0, 0x03, 0x00, 0x0C, 0x00, 0x30, 0x00, 0x30, 0x00, 0xCF, 0xF3, 0x00, 0xCC, 0x06,
    0x33, 0xF8, 0xEF, 0xE3, 0xC7, 0x0C, 0x38, 0x33, 0xC0, 0xCC, 0x03, 0x0C, 0x0C, 0x30, 0x30, 0xC0,
    0x03, 0x00, 0x0F, 0xFE, 0x1F, 0xF0, 0x00, 0x33, 0xFC, 0xC0, 0x73, 0x07, 0x8C, 0xFE, 0x3C, 0x38,
    0xE1, 0xC3, 0x1E, 0x0C, 0xF0, 0x33, 0x00, 0x83, 0xFF, 0x00, 0x0C, 0x00, 0x30, 0xFF, 0xC3, 0x00,
    0x0F, 0xFC, 0x00, 0x00, 0x00, 0x30, 0x00, 0xCF, 0xF3, 0x00, 0xCC, 0x1E, 0x3B, 0xF8, 0xF0, 0xC3,
    0x07, 0x0C, 0x78, 0x33, 0x80, 0xC8, 0x02, 0x0F, 0xFC, 0x30, 0x30, 0xC0, 0xC3, 0x03, 0x0F, 0xFC,
    0x3F, 0xE0, 0x00, 0x33, 0xFC, 0xC7, 0xF3, 0x01, 0x8C, 0xFE, 0x3F, 0x38, 0xE1, 0xC3, 0x1E, 0x0C,
    0xF0, 0x33, 0x00, 0x83, 0x03, 0x0C, 0x0C, 0x3F, 0xF0, 0xC0, 0xC3, 0x03, 0x0F, 0xFC, 0x3F, 0xE0,
    0x00, 0x30, 0x00, 0xCF, 0xF3, 0x00, 0xCC, 0x06, 0x33, 0xF8, 0xFC, 0xE3, 0xC7, 0x0C, 0x38, 0x33,
    0xC0, 0xCC, 0x33, 0x00, 0xCC, 0x07, 0x80, 0x1E, 0x01, 0xCE, 0x1E, 0x1E, 0x60, 0x18, 0x00, 0x30,
    0x00, 0xCF, 0xF3, 0x00, 0xCC, 0x1E, 0x3B, 0xF8, 0xF0, 0xE3, 0x07, 0x0C, 0x38, 0x33, 0xC0, 0xCC,
    0x03, 0x07, 0xF8, 0x3C, 0xF0, 0xC0, 0xC3, 0x03, 0x0F, 0x7C, 0x1F, 0xE0, 0x00, 0x0C, 0x01, 0xB0,
    0x06, 0xDF, 0xDB, 0x03, 0x6C, 0x1D, 0xB7, 0xE6, 0xDF, 0x9F, 0x0E, 0x7C, 0x31, 0xB1, 0x86, 0xDE,
    0x1B, 0x70, 0x6C, 0x01, 0xB0, 0x06, 0xC0, 0x1B, 0x00, 0x0C, 0x00, 0x0C, 0x01, 0xB7, 0xF6, 0xC0,
    0xDB, 0x0F, 0x7D, 0xF9, 0xF4, 0xE6, 0xC7, 0x1B, 0x38, 0x6D, 0xC1, 0xB4, 0x04, 0xC7, 0xFF, 0x0F,
    0xFC, 0x00, 0x30, 0x00, 0xC0, 0x03, 0x00, 0x0C, 0x00, 0x4C, 0x01, 0xB7, 0xF6, 0xC0, 0xDB, 0x03,
    0x6D, 0xF9, 0xF7, 0xE7, 0xC3, 0x1B, 0x1C, 0x6D, 0xE1, 0xB6, 0x06, 0xC6, 0x1B, 0x18, 0x4C, 0x60,
    0x01, 0x80, 0x07, 0xFF, 0x0F, 0xFC, 0x00, 0x4C, 0xFE, 0xD8, 0xFD, 0xB0, 0x1B, 0x67, 0xE7, 0xCF,
    0xCF, 0x83, 0x1B, 0x1C, 0x36, 0x70, 0x6C, 0xC0, 0x10, 0x7F, 0xF0, 0x00, 0x60, 0x00, 0xC3, 0xFF,
    0x86, 0x00, 0x0F, 0xFE, 0x00, 0x00, 0x00, 0x0C, 0x01, 0xB7, 0xF6, 0xC0, 0xDB, 0x07, 0x7D, 0xF9,
    0xF6, 0xE6, 0xC7, 0x1B, 0x38, 0x6D, 0xC1, 0xB4, 0x00, 0xC7, 0xFF, 0x18, 0x0C, 0x60, 0x31, 0x80,
    0xC7, 0xFF, 0x0F, 0xF8, 0x00, 0x0C, 0x01, 0xB7, 0xF6, 0xC0, 0xDB, 0x07, 0x6D, 0xF9, 0xF6, 0xE6,
    0xC7, 0x1B, 0x78, 0x6D, 0x81, 0x31, 0x80, 0xC6, 0x03, 0x1F, 0xFC, 0x70, 0x31, 0x80, 0xC7, 0xFF,
    0x00, 0x00, 0x00, 0x4C, 0x00, 0xD9, 0xFD, 0xB0, 0x1B, 0x60, 0x77, 0xCF, 0xCF, 0x9F, 0x9B, 0x06,
    0x36, 0x38, 0x6C, 0xE0, 0xD9, 0x82, 0x30, 0x0E, 0x60, 0x1C, 0x00, 0x7C, 0x01, 0xDC, 0x0F, 0x1E,
    0x18, 0x0C, 0x00, 0x0C, 0x00, 0xD9, 0xFD, 0xB0, 0x1B, 0x60, 0xF7, 0xCF, 0xCF, 0x93, 0x9B, 0x0E,
    0x36, 0x38, 0x6C, 0xE0, 0xD9, 0x10, 0xC0, 0x71, 0x80, 0xE3, 0x01, 0xCF, 0x06, 0xFF, 0x1D, 0xE7,
    0x21, 0x84, 0x00, 0x4C, 0x01, 0xB7, 0xF6, 0xC0, 0xDB, 0x07, 0x6D, 0xF9, 0xF6, 0xE6, 0xC3, 0x1B,
    0x38, 0x6D, 0xC1, 0xB6, 0x00, 0xC1, 0xFE, 0x0E, 0x3C, 0x60, 0x31, 0x80, 0xC3, 0xDF, 0x07, 0xF8,
    0x00, 0x18, 0x00, 0x31, 0xFE, 0x61, 0xFC, 0xC0, 0x19, 0xC0, 0x33, 0xDF, 0xC6, 0x3F, 0x8C, 0x47,
    0x18, 0x0C, 0x3C, 0x38, 0x78, 0xE0, 0xC7, 0x81, 0x8E, 0x03, 0x00, 0x06, 0x00, 0x0C, 0x00, 0x18,
    0x00, 0x30, 0x00, 0xCF, 0xF3, 0x00, 0xCF, 0x06, 0x3F, 0xF8, 0xCF, 0xE3, 0x87, 0x0F, 0x78, 0x33,
    0x80, 0xC8, 0x03, 0x1F, 0xFC, 0x3F, 0xF0, 0x00, 0xC0, 0x03, 0x00, 0x0C, 0x00, 0x30, 0x00, 0x30,
    0x00, 0xCF, 0xF3, 0x00, 0xCF, 0x06, 0x3B, 0xF8, 0xCF, 0xE3, 0x87, 0x0F, 0x38, 0x33, 0xC0, 0xCC,
    0x03, 0x07, 0xF8, 0x3C, 0xF0, 0xC0, 0xC3, 0x03, 0x0F, 0x7C, 0x1F, 0xE0, 0x00, 0x0C, 0x00, 0x77,
    0xF9, 0xCF, 0xE7, 0x03, 0x9C, 0x0C, 0x77, 0xF1, 0xDF, 0xFF, 0x06, 0x7C, 0x38, 0x71, 0xC1, 0xCE,
    0x07, 0x70, 0x1D, 0x80, 0x70, 0x01, 0xC0, 0x07, 0x00, 0x0C, 0x00, 0x10, 0x01, 0xDF, 0xCE, 0x06,
    0x7F, 0xF3, 0xFF, 0xFC, 0x3B, 0xE3, 0x87, 0x78, 0x3F, 0x01, 0xC0, 0x04, 0x7F, 0xF1, 0xFF, 0x80,
    0x1C, 0x00, 0xE0, 0x07, 0x00, 0x18, 0x00, 0x10, 0x01, 0xDF, 0xCE, 0x06, 0x70, 0x73, 0xFF, 0x7F,
    0xFF, 0xE1, 0x87, 0x38, 0x3F, 0x81, 0xF8, 0x0E, 0x60, 0x73, 0x81, 0x1C, 0x00, 0xE0, 0x07, 0xFF,
    0x1F, 0xF0, 0x00, 0x1B, 0xF9, 0xDF, 0xCE, 0x06, 0x7F, 0xE3, 0xFF, 0xFC, 0x33, 0xE3, 0x87, 0xF8,
    0x3F, 0x01, 0xC0, 0x00, 0x7F, 0xF3, 0x00, 0x18, 0x00, 0xC0, 0x07, 0xFF, 0x1F, 0xF0, 0x00, 0x1B,
    0xF9, 0xC0, 0xCE, 0x7E, 0x7F, 0xFF, 0x87, 0x7C, 0x70, 0xEF, 0x07, 0xF0, 0x3E, 0x00, 0x0F, 0xFE,
    0x00, 0x73, 0xFF, 0x98, 0x00, 0xC0, 0x07, 0xFF, 0x00, 0x00, 0x00, 0x1B, 0xF9, 0xDF, 0xCE, 0x06,
    0x7F, 0xFF, 0xFF, 0xFC, 0x30, 0xE3, 0x87, 0x78, 0x3F, 0x01, 0xC0, 0x00, 0x7F, 0xF3, 0x03, 0x98,
    0x1C, 0xC0, 0xE7, 0xFF, 0x1F, 0xF0, 0x00, 0x1B, 0xF9, 0xDF, 0xCE, 0x06, 0x7F, 0xE3, 0xFF, 0xFC,
    0x30, 0xE7, 0x07, 0xF0, 0x3E, 0x00, 0x8C, 0x06, 0x60, 0x73, 0xFF, 0x98, 0x1C, 0xC0, 0xE7, 0xFF,
    0x1F, 0xF0, 0x00, 0x10, 0x00, 0xE7, 0xF3, 0x80, 0xCE, 0xFF, 0x3B, 0xFF, 0xE0, 0xEF, 0x87, 0x0E,
    0x78, 0x3B, 0x80, 0xE8, 0x33, 0x80, 0xE4, 0x03, 0x80, 0x1F, 0x01, 0xEF, 0x1F, 0x1E, 0x30, 0x18,
    0x00, 0x19, 0xFC, 0xE7, 0xF3, 0x80, 0xCE, 0xFE, 0xFB, 0xFF, 0xE0, 0xC3, 0x8F, 0x0E, 0xF8, 0x3B,
    0x80, 0xE0, 0x87, 0x06, 0x18, 0x1C, 0x60, 0x73, 0xC3, 0xEF, 0x1D, 0xE7, 0x43, 0x08, 0x00, 0x10,
    0x01, 0xDF, 0xCE, 0x06, 0x7F, 0xF3, 0xFF, 0xFC, 0x3B, 0xE3, 0x87, 0x38, 0x3F, 0x81, 0xF0, 0x06,
    0x3F, 0xC3, 0xC7, 0x18, 0x1C, 0xC0, 0xE7, 0xDE, 0x0F, 0xE0, 0x00, 0x6C, 0x01, 0xB7, 0xF6, 0xCF,
    0xDB, 0x03, 0x6C, 0x19, 0xB7, 0xE6, 0xDF, 0xFB, 0x0E, 0x6C, 0x31, 0xB1, 0x86, 0xDC, 0x1B, 0x60,
    0x6C, 0x01, 0xB0, 0x06, 0xC0, 0x1B, 0x00, 0x0C, 0x00, 0x0C, 0x01, 0xB7, 0xF6, 0xC0, 0xDB, 0x3F,
    0x6D, 0xFF, 0xB0, 0xFE, 0xC7, 0x1B, 0x38, 0x6D, 0xC1, 0xB4, 0x00, 0x87, 0xFF, 0x0F, 0xFC, 0x00,
    0x30, 0x00, 0xC0, 0x03, 0x00, 0x0C, 0x00, 0x4C, 0x00, 0xD9, 0xFD, 0xB0, 0x1B, 0x60, 0x36, 0xCF,
    0xED, 0x9F, 0xFB, 0x06, 0x36, 0x1C, 0x6C, 0xF0, 0xD9, 0x81, 0xB0, 0xC3, 0x61, 0xC4, 0xC3, 0x80,
    0x07, 0x00, 0x0F, 0xFE, 0x0F, 0xFC, 0x00, 0x6C, 0xFE, 0xD8, 0xFD, 0xB0, 0x1B, 0x63, 0xF6, 0xCF,
    0xFD, 0x83, 0x9B, 0x0E, 0x36, 0x78, 0x6C, 0xC0, 0xD8, 0x7F, 0xF0, 0x00, 0x60, 0x00, 0xC3, 0xFF,
    0x86, 0x00, 0x0F, 0xFF, 0x00, 0x00, 0x00, 0x0C, 0x01, 0xB7, 0xF6, 0xC0, 0xDB, 0x3F, 0x6D, 0xFF,
    0xB0, 0xE6, 0xC7, 0x1B, 0x38, 0x6D, 0xC1, 0xB4, 0x00, 0x87, 0xFF, 0x18, 0x0C, 0x60, 0x31, 0x80,
    0xC7, 0xFF, 0x00, 0x00, 0x00, 0x0C, 0x01, 0xB7, 0xF6, 0xC0, 0xDB, 0x3F, 0x6D, 0xFF, 0xB0, 0xE6,
    0xC7, 0x1B, 0x78, 0x6D, 0x81, 0xB1, 0x80, 0xC6, 0x03, 0x1F, 0xFC, 0x70, 0x31, 0x80, 0xC7, 0xFF,
    0x00, 0x00, 0x00, 0x4C, 0x00, 0xD9, 0xFD, 0xB0, 0x1B, 0x60, 0xE6, 0xCF, 0xFD, 0x93, 0xFB, 0x06,
    0x36, 0x38, 0x6C, 0xE0, 0xD9, 0x83, 0x30, 0x0E, 0x60, 0x1C, 0x00, 0x7C, 0x01, 0xDE, 0x0F, 0x1F,
    0x18, 0x0C, 0x00, 0x0C, 0x01, 0xB7, 0xF6, 0xC0, 0xDB, 0x3E, 0x6D, 0xFF, 0xB0, 0xFE, 0xC7, 0x1B,
    0x38, 0x6D, 0xC1, 0xB6, 0x00, 0xC1, 0xFE, 0x0E, 0x3C, 0x60, 0x31, 0x80, 0xC3, 0xDF, 0x07, 0xF8,
    0x00, 0x0C, 0x00, 0x77, 0xF9, 0xCF, 0xE7, 0x03, 0x9C, 0x0F, 0xF7, 0xFF, 0xDF, 0xC7, 0x06, 0x1C,
    0x3F, 0xF1, 0xCF, 0xCE, 0x07, 0x70, 0x1D, 0x80, 0x70, 0x01, 0xC0, 0x07, 0x00, 0x0C, 0x00, 0x10,
    0x01, 0xDF, 0xCE, 0x06, 0x70, 0x7F, 0xFF, 0x1F, 0xF8, 0xE1, 0xBF, 0x1D, 0xFF, 0x81, 0xF8, 0x0E,
    0x60, 0x73, 0x01, 0x98, 0x00, 0xC0, 0x07, 0xFF, 0x1F, 0xF0, 0x00, 0x1B, 0xF9, 0xC0, 0xCE, 0x0F,
    0xFF, 0xE3, 0xFF, 0x1C, 0x77, 0xE7, 0x07, 0xF0, 0x3E, 0x00, 0x8F, 0xFE, 0x00, 0x73, 0xFF, 0x98,
    0x00, 0xC0, 0x07, 0xFF, 0x00, 0x00, 0x00, 0x1B, 0xF9, 0xDF, 0xCE, 0x07, 0xFF, 0xFF, 0xFF, 0x1C,
    0x3F, 0xE3, 0xBF, 0x78, 0x3F, 0x01, 0xC0, 0x0C, 0x7F, 0xF3, 0x03, 0x98, 0x1C, 0xC0, 0xE7, 0xFF,
    0x1F, 0xF0, 0x00, 0x1B, 0xF9, 0xDF, 0xCE, 0x0F, 0xFF, 0xFF, 0xFF, 0x1C, 0x77, 0xE7, 0x3F, 0xF0,
    0x3E, 0x00, 0x8C, 0x06, 0x60, 0x73, 0xFF, 0x98, 0x1C, 0xC0, 0xE7, 0xFF, 0x1F, 0xF0, 0x00, 0x10,
    0x00, 0xE7, 0xF3, 0x80, 0xCE, 0x03, 0xFB, 0xF8, 0xEE, 0xE3, 0x87, 0x7E, 0x79, 0xFB, 0xC0, 0xEC,
    0x33, 0x80, 0xE6, 0x03, 0x80, 0x1F, 0x01, 0xEE, 0x1F, 0x1E, 0x30, 0x18, 0x00, 0x19, 0xFC, 0xE7,
    0xF3, 0x80, 0xFE, 0x3F, 0xFB, 0xF8, 0xEE, 0xE3, 0x87, 0x7E, 0x78, 0x3B, 0xC0, 0xE0, 0x01, 0x06,
    0x18, 0x1C, 0x60, 0x73, 0xC3, 0xEF, 0x1D, 0xE7, 0x43, 0x08, 0x00, 0x10, 0x01, 0xDF, 0xCE, 0x06,
    0x70, 0x3F, 0xFF, 0x1F, 0xF8, 0xE3, 0xBF, 0x38, 0x3F, 0x81, 0xF0, 0x06, 0x3F, 0xC3, 0xC7, 0x18,
    0x1C, 0xC0, 0xE7, 0xDE, 0x0F, 0xE0, 0x00, 0x6C, 0x01, 0xB7, 0xF6, 0xCF, 0xDB, 0x03, 0x6C, 0x1F,
    0xB7, 0xE6, 0xDF, 0x9B, 0x0E, 0x6C, 0x3F, 0xB1, 0x9E, 0xDC, 0x1B, 0x60, 0x6C, 0x01, 0xB0, 0x06,
    0xC0, 0x1B, 0x00, 0x0C, 0x3F, 0xF8, 0x3F, 0xF0, 0x00, 0x60, 0x01, 0xC3, 0xFF, 0x87, 0xE3, 0x00,
    0x06, 0x01, 0x8C, 0x03, 0x18, 0x06, 0x00, 0x0C, 0x07, 0xFF, 0xF7, 0xFF, 0xC0, 0x3F, 0xF8, 0x3F,
    0xF0, 0x00, 0x61, 0xFF, 0xC3, 0xE1, 0x80, 0x63, 0x00, 0xC6, 0x01, 0x80, 0xFF, 0xFE, 0x00, 0x00,
    0xFF, 0xE0, 0x00, 0xC0, 0x01, 0x80, 0x03, 0x00, 0x06, 0x00, 0x0C, 0x3F, 0xF8, 0x3F, 0xF0, 0x00,
    0x61, 0xFF, 0xC3, 0xE1, 0x80, 0x03, 0x00, 0xC6, 0x01, 0x80, 0xFF, 0xFE, 0x00, 0x00, 0xC0, 0x01,
    0x80, 0x03, 0x00, 0x06, 0x00, 0x0F, 0xFE, 0x0F, 0xFC, 0x3F, 0xF8, 0x00, 0x30, 0x01, 0xE1, 0xFF,
    0xC3, 0x81, 0x80, 0x63, 0x00, 0xC0, 0x7F, 0xFF, 0x00, 0x00, 0x7F, 0xF0, 0x00, 0x60, 0x00, 0xC3,
    0xFF, 0x86, 0x00, 0x0F, 0xFF, 0x00, 0x00, 0x3F, 0xF8, 0x00, 0x30, 0x00, 0x61, 0xFF, 0xC3, 0xC1,
    0x80, 0x63, 0x00, 0xC0, 0x7F, 0xFF, 0x00, 0x00, 0x00, 0x00, 0xFF, 0xE1, 0x80, 0xC3, 0x01, 0x86,
    0x03, 0x0F, 0xFE, 0x0F, 0xF8, 0x3F, 0xF8, 0x3F, 0xF0, 0x03, 0xE1, 0xFF, 0xC3, 0x81, 0x80, 0x63,
    0x00, 0xC4, 0x7F, 0xFF, 0x00, 0x00, 0x60, 0x30, 0xC0, 0x61, 0xFF, 0xC3, 0x01, 0x86, 0x03, 0x0F,
    0xFE, 0x0F, 0xF8, 0x3F, 0xF8, 0x00, 0x30, 0x00, 0x61, 0xFF, 0xC3, 0xE1, 0x80, 0x03, 0x00, 0xC6,
    0x01, 0x80, 0xFF, 0xFE, 0x00, 0x00, 0x06, 0x00, 0x1C, 0x00, 0x3C, 0x01, 0xDC, 0x0F, 0x1F, 0x18,
    0x0C, 0x3F, 0xF8, 0x00, 0x30, 0x00, 0x61, 0xFF, 0xC3, 0xC1, 0x80, 0x63, 0x00, 0xC0, 0x01, 0x80,
    0xFF, 0xFE, 0x00, 0x00, 0x3F, 0xC0, 0xFF, 0xC3, 0x01, 0x86, 0x03, 0x07, 0xBE, 0x07, 0xF8, 0x00,
    0x18, 0x00, 0x31, 0xFE, 0x60, 0x0C, 0xC0, 0x19, 0x8F, 0xF3, 0x1F, 0xE6, 0x00, 0xCF, 0x0D, 0x9E,
    0x1B, 0x30, 0x30, 0x60, 0xEE, 0xCF, 0xFD, 0x8C, 0x03, 0x00, 0x06, 0x00, 0x0C, 0x00, 0x18, 0x00,
    0x18, 0x00, 0x31, 0xFE, 0x60, 0x0C, 0xC7, 0xF9, 0x8F, 0xF3, 0xC3, 0x67, 0x06, 0xCC, 0x3F, 0xD9,
    0xFF, 0xB0, 0x00, 0x60, 0x00, 0x03, 0xFF, 0x80, 0x03, 0x00, 0x06, 0x00, 0x0C, 0x00, 0x18, 0x00,
    0x18, 0x00, 0x31, 0xFE, 0x60, 0x0C, 0xC3, 0xF9, 0x8F, 0xF3, 0x82, 0x67, 0x86, 0xCC, 0x0D, 0xD9,
    0xFF, 0xF1, 0x00, 0x60, 0xC0, 0xC1, 0x81, 0x83, 0x00, 0x06, 0x00, 0x0F, 0xFC, 0x1F, 0xF8, 0x00,
    0x18, 0xFF, 0x30, 0x06, 0x61, 0xFC, 0xC7, 0xF9, 0xE0, 0x33, 0x83, 0x66, 0x07, 0xEC, 0xFF, 0xD8,
    0x00, 0x30, 0xFF, 0xE0, 0x00, 0xC0, 0x01, 0x87, 0xFF, 0x0C, 0x00, 0x1F, 0xFC, 0x00, 0x00, 0x00,
    0x18, 0xFF, 0x30, 0x06, 0x60, 0x0C, 0xC7, 0xF9, 0xCF, 0xF3, 0xC3, 0x66, 0x06, 0xCC, 0x3F, 0xF9,
    0xFF, 0xB0, 0x00, 0x60, 0xFF, 0xC1, 0x81, 0x83, 0x03, 0x06, 0x06, 0x0F, 0xFC, 0x1F, 0xF0, 0x00,
    0x18, 0x00, 0x31, 0xFE, 0x60, 0x0C, 0xC7, 0xF9, 0x8F, 0xF3, 0xC3, 0x67, 0x06, 0xCC, 0x3F, 0xF9,
    0xFF, 0xB0, 0x00, 0x60, 0x7F, 0x81, 0xEF, 0x87, 0x03, 0x0E, 0x06, 0x0F, 0x7C, 0x0F, 0xF0, 0x00,
    0x4C, 0x01, 0xB7, 0xF6, 0xCF, 0xDB, 0x03, 0x6D, 0xFD, 0xB7, 0xF6, 0xC6, 0xDF, 0x1B, 0x7C, 0x6D,
    0xB1, 0x86, 0xDF, 0xFB, 0xFF, 0xEC, 0x01, 0xB0, 0x06, 0xC0, 0x1B, 0x00, 0x0C, 0x00, 0x0C, 0x01,
    0xB7, 0xF6, 0xC0, 0xDB, 0x7F, 0x6D, 0xFD, 0xF1, 0xB6, 0xC6, 0xDB, 0x3F, 0xEF, 0xFF, 0xB0, 0x06,
    0xC3, 0xFC, 0x1F, 0x78, 0x60, 0x31, 0x80, 0xC7, 0xDE, 0x0F, 0xF0, 0x00, 0x08, 0x00, 0x73, 0xFD,
    0xC0, 0x37, 0x00, 0xDC, 0xFF, 0x77, 0xFD, 0xC0, 0x37, 0x0C, 0xDC, 0x33, 0x70, 0xC1, 0xC3, 0x7F,
    0x7F, 0xFD, 0xC0, 0x70, 0x01, 0xC0, 0x07, 0x00, 0x1C, 0x00, 0x1C, 0xFF, 0x70, 0x0D, 0xC7, 0xF7,
    0x7F, 0xDC, 0x83, 0x70, 0xD9, 0xC3, 0xFF, 0x7F, 0xFC, 0x00, 0x21, 0xFF, 0xC0, 0x07, 0x00, 0x1C,
    0x7F, 0xF1, 0x80, 0x07, 0xFF, 0x00, 0x00, 0x3F, 0xF8, 0x3F, 0xF0, 0x00, 0x60, 0x03, 0xC3, 0xFF,
    0x87, 0xC3, 0x00, 0x06, 0x06, 0x6C, 0x0C, 0xD8, 0x19, 0x80, 0x33, 0x07, 0xFF, 0xF7, 0xFF, 0xC0,
    0x00, 0x00, 0x7F, 0xF0, 0x00, 0x60, 0x00, 0xC3, 0xFF, 0x87, 0xC3, 0x00, 0x06, 0x00, 0x0C, 0xFF,
    0xFE, 0xFF, 0xF8, 0x06, 0x00, 0x0C, 0x00, 0x18, 0x00, 0x30, 0x00, 0x60, 0x00, 0xC0, 0x3F, 0xF8,
    0x3F, 0xF0, 0x00, 0x61, 0xFF, 0xC3, 0xE1, 0x80, 0x03, 0x00, 0x0E, 0x7F, 0xFF, 0x01, 0x80, 0x03,
    0x00, 0x0E, 0x01, 0xFF, 0xC0, 0x01, 0x80, 0x03, 0x00, 0x06, 0x00, 0x0C, 0x3F, 0xF8, 0x3F, 0xF0,
    0x00, 0x60, 0x0F, 0xC3, 0xFF, 0x82, 0x03, 0x00, 0x06, 0x7F, 0xFF, 0x01, 0x80, 0x03, 0x00, 0xC6,
    0x01, 0x8C, 0x03, 0x00, 0x06, 0x00, 0x0F, 0xFE, 0x0F, 0xFC, 0x3F, 0xF8, 0x00, 0x30, 0x00, 0xE1,
    0xFF, 0xC3, 0xC1, 0x80, 0x03, 0x3F, 0xFF, 0x81, 0xC0, 0x01, 0x80, 0x7F, 0xF0, 0x00, 0x60, 0x00,
    0xC3, 0xFF, 0x86, 0x00, 0x0F, 0xFF, 0x00, 0x00, 0x3F, 0xF8, 0x3F, 0xF0, 0x00, 0x61, 0xFF, 0xC3,
    0xE1, 0x80, 0x03, 0x00, 0x0E, 0x7F, 0xFF, 0x01, 0x80, 0x03, 0x00, 0xFF, 0xE1, 0x80, 0xC3, 0x01,
    0x86, 0x03, 0x0F, 0xFE, 0x0F, 0xF8, 0x3F, 0xF8, 0x3F, 0xF0, 0x00, 0x61, 0xFF, 0xC3, 0xE1, 0x80,
    0x03, 0x00, 0x06, 0x7F, 0xFF, 0x01, 0x80, 0x63, 0x30, 0xC0, 0x61, 0xFF, 0xC3, 0x01, 0x86, 0x03,
    0x0F, 0xFE, 0x0F, 0xF8, 0x3F, 0xF8, 0x00, 0x30, 0x00, 0x61, 0xFF, 0xC3, 0xE1, 0x80, 0x03, 0x1F,
    0xFF, 0x7F, 0xFF, 0x01, 0x80, 0x03, 0x00, 0x04, 0x00, 0x1C, 0x00, 0x38, 0x01, 0xFC, 0x0F, 0x1F,
    0x1C, 0x0C, 0x3F, 0xF8, 0x3F, 0xF0, 0x00, 0x61, 0xFF, 0xC3, 0xE1, 0x80, 0x03, 0x00, 0x0E, 0x7F,
    0xFF, 0x01, 0x80, 0x03, 0x00, 0x7F, 0xC0, 0xE3, 0xC3, 0x01, 0x86, 0x03, 0x07, 0xBE, 0x07, 0xF8,
    0x00, 0x08, 0x00, 0x73, 0xFD, 0xC0, 0x37, 0x01, 0xDD, 0xFF, 0x77, 0xF9, 0xC0, 0x67, 0x7F, 0xFF,
    0xFF, 0xF0, 0xE1, 0xC3, 0xBF, 0x0E, 0x1C, 0x38, 0x70, 0xE1, 0xC3, 0x07, 0x00, 0x0C, 0x00, 0x18,
    0xFF, 0x73, 0xFD, 0xC0, 0x37, 0x7F, 0xDD, 0xFF, 0x70, 0x19, 0xC0, 0x7F, 0xFF, 0xFD, 0xF8, 0x70,
    0x6F, 0xC1, 0x87, 0x1E, 0x1C, 0x60, 0x01, 0x80, 0x07, 0xFF, 0x1F, 0xF8, 0x00, 0x18, 0xFF, 0x70,
    0x1D, 0xC0, 0x77, 0x7F, 0x9C, 0x86, 0x70, 0x3F, 0xFF, 0xFF, 0x06, 0x1C, 0x1B, 0xF0, 0x01, 0x87,
    0xFF, 0x00, 0x1C, 0x7F, 0xF1, 0x80, 0x06, 0x00, 0x1F, 0xFC, 0x00, 0x18, 0xFF, 0x70, 0x1D, 0xC7,
    0xF7, 0x7F, 0xDC, 0x86, 0x70, 0x3F, 0xFF, 0xFF, 0x0C, 0x1C, 0x33, 0xF0, 0xC1, 0xC3, 0xFC, 0x1E,
    0x78, 0x60, 0x71, 0x81, 0xC7, 0x9E, 0x0F, 0xF0, 0x00, 0x2C, 0x01, 0xB7, 0xF6, 0xCF, 0xDB, 0x03,
    0x6D, 0xFD, 0xB7, 0xF6, 0xC0, 0xDB, 0x7F, 0xEF, 0xFF, 0xB1, 0xC6, 0xC7, 0xFB, 0x1C, 0x6C, 0x71,
    0xB1, 0xC6, 0xC2, 0x1B, 0x00, 0x0C, 0x00, 0x0C, 0x01, 0xB7, 0xF6, 0xC0, 0xDB, 0x7F, 0x6D, 0xFD,
    0xB0, 0x7E, 0xFF, 0xFB, 0x0C, 0x6C, 0x3F, 0xB0, 0xC6, 0xC2, 0x03, 0x0F, 0xF8, 0x78, 0xF1, 0x80,
    0xC7, 0x8F, 0x0F, 0xF8, 0x00, 0x0C, 0x00, 0x33, 0xFC, 0xC0, 0x33, 0x00, 0xCD, 0xFF, 0x33, 0xFC,
    0xC0, 0x63, 0x7F, 0xEF, 0xFF, 0xB0, 0x60, 0xC1, 0x83, 0x06, 0x0C, 0x18, 0x30, 0x60, 0xC1, 0x83,
    0x00, 0x0C, 0x00, 0x18, 0xFF, 0x61, 0xFD, 0x80, 0x36, 0x3F, 0xD8, 0xFE, 0x60, 0x19, 0x9F, 0xFE,
    0xFF, 0xF8, 0x18, 0x60, 0x61, 0x81, 0x80, 0x1F, 0xF8, 0x00, 0x60, 0x01, 0x80, 0x06, 0x00, 0x18,
    0x00, 0x08, 0x00, 0x63, 0xFD, 0x80, 0x36, 0x1F, 0xD8, 0xFF, 0x60, 0x19, 0x80, 0x7E, 0x7F, 0xF9,
    0xF8, 0x60, 0x61, 0x87, 0x86, 0x18, 0x18, 0x60, 0x01, 0x80, 0x07, 0xFF, 0x1F, 0xF8, 0x00, 0x18,
    0xFF, 0x60, 0x0D, 0x83, 0xF6, 0x3F, 0xD8, 0x86, 0x61, 0xFF, 0x9F, 0xFE, 0x06, 0x18, 0x38, 0x61,
    0xFF, 0x80, 0x06, 0x1F, 0xF8, 0x60, 0x01, 0x80, 0x07, 0xFF, 0x00, 0x00, 0x00, 0x18, 0xFF, 0x61,
    0xFD, 0x80, 0x36, 0x3F, 0xD8, 0xFE, 0x60, 0x19, 0x9F, 0xFE, 0xFF, 0xF8, 0x18, 0x60, 0x60, 0x87,
    0xFE, 0x18, 0x18, 0x60, 0x61, 0x81, 0x87, 0xFE, 0x0F, 0xF8, 0x00, 0x18, 0xFF, 0x61, 0xFD, 0x80,
    0x36, 0x3F, 0xD8, 0xFE, 0x60, 0x19, 0x9F, 0xFE, 0x7F, 0xF8, 0x18, 0x61, 0xE0, 0x86, 0x06, 0x1F,
    0xF8, 0x60, 0x61, 0x81, 0x87, 0xFE, 0x0F, 0xF8, 0x00, 0x18, 0x7F, 0xB0, 0x7F, 0x60, 0x06, 0xC3,
    0xFD, 0x87, 0xF3, 0x00, 0x66, 0x3F, 0xFC, 0x7F, 0xF8, 0x1C, 0x30, 0x38, 0x60, 0x7E, 0xC0, 0x1C,
    0x80, 0x3C, 0x01, 0xDC, 0x0F, 0x1E, 0x18, 0x0C, 0x00, 0x18, 0xFF, 0x61, 0xFD, 0x80, 0x36, 0x3F,
    0xD8, 0xFE, 0x60, 0x19, 0x9F, 0xFE, 0x7F, 0xF8, 0x18, 0x60, 0x61, 0x83, 0xFC, 0x1F, 0x78, 0x60,
    0x61, 0x81, 0x87, 0x9E, 0x0F, 0xF0, 0x00, 0x00, 0x7F, 0xF0, 0x00, 0x60, 0x00, 0xC3, 0xFF, 0x87,
    0xC3, 0x00, 0x06, 0x00, 0x0C, 0xFF, 0xFE, 0xFF, 0xF8, 0x31, 0x80, 0x63, 0x00, 0xC6, 0x01, 0x8C,
    0x03, 0x18, 0x06, 0x30, 0x3F, 0xF8, 0x3F, 0xF0, 0x00, 0x60, 0x0F, 0xC3, 0xFF, 0x82, 0x03, 0x00,
    0x06, 0x7F, 0xFF, 0x06, 0x60, 0x0C, 0xC0, 0xD9, 0x81, 0xB3, 0x03, 0x00, 0x06, 0x00, 0x0F, 0xFF,
    0x0F, 0xFC, 0x3F, 0xF8, 0x00, 0x30, 0x00, 0xE1, 0xFF, 0xC3, 0xC1, 0x80, 0x03, 0x3F, 0xFF, 0x86,
    0x30, 0x0C, 0x60, 0x7F, 0xF0, 0x00, 0x60, 0x00, 0xC3, 0xFF, 0x86, 0x00, 0x0F, 0xFF, 0x00, 0x00,
    0x3F, 0xF8, 0x3F, 0xF0, 0x00, 0x61, 0xFF, 0xC3, 0xE1, 0x80, 0x03, 0x00, 0x0E, 0x7F, 0xFF, 0x0C,
    0x60, 0x18, 0xC0, 0xFF, 0xE1, 0x80, 0xC3, 0x01, 0x86, 0x03, 0x0F, 0xFE, 0x0F, 0xF8, 0x3F, 0xF8,
    0x3F, 0xF0, 0x00, 0x60, 0x00, 0xC3, 0xFF, 0x87, 0xFF, 0x00, 0x06, 0x00, 0x0C, 0x00, 0x18, 0x00,
    0x70, 0x00, 0x07, 0xFF, 0xF7, 0xFF, 0xC0, 0x3F, 0xF8, 0x3F, 0xF0, 0x00, 0x60, 0x0F, 0xC3, 0xFF,
    0x82, 0x03, 0x00, 0x06, 0x7F, 0xFF, 0x7F, 0xFC, 0x00, 0x00, 0xFF, 0xE0, 0xFF, 0xC0, 0x01, 0x80,
    0x03, 0x00, 0x06, 0x00, 0x0C, 0x3F, 0xF8, 0x3F, 0xF0, 0x00, 0x60, 0x0F, 0xC3, 0xFF, 0x87, 0x03,
    0x00, 0x06, 0x00, 0x1C, 0xFF, 0xFE, 0x00, 0x00, 0xC0, 0x01, 0x80, 0x03, 0x00, 0x06, 0x00, 0x0F,
    0xFE, 0x0F, 0xFC, 0x3F, 0xF8, 0x00, 0x30, 0x00, 0x61, 0xFF, 0xC3, 0xC1, 0x80, 0x03, 0x3F, 0xFF,
    0x80, 0x00, 0x00, 0x00, 0x7F, 0xF0, 0x00, 0x60, 0x00, 0xC3, 0xFF, 0x86, 0x00, 0x0F, 0xFF, 0x00,
    0x00, 0x3F, 0xF8, 0x3F, 0xF0, 0x00, 0x60, 0x0F, 0xC3, 0xFF, 0x82, 0x03, 0x00, 0x06, 0x7F, 0xFF,
    0x7F, 0xFC, 0x00, 0x00, 0xFF, 0xE1, 0x80, 0xC3, 0x01, 0x86, 0x03, 0x0F, 0xFE, 0x0F, 0xF8, 0x3F,
    0xF8, 0x00, 0x30, 0x00, 0x61, 0xFF, 0xC3, 0xE1, 0x80, 0x03, 0x00, 0x0E, 0x7F, 0xFF, 0x00, 0x00,
    0x60, 0x30, 0xC0, 0x61, 0xFF, 0xC3, 0x01, 0x86, 0x03, 0x0F, 0xFE, 0x0F, 0xF8, 0x3F, 0xF8, 0x3F,
    0xF0, 0x00, 0x60, 0x0F, 0xC3, 0xFF, 0x82, 0x03, 0x00, 0x06, 0x7F, 0xFF, 0x7F, 0xFC, 0x00, 0x00,
    0x3F, 0xC0, 0xE3, 0xC3, 0x01, 0x86, 0x03, 0x07, 0xBE, 0x07, 0xF8, 0x00, 0x10, 0x01, 0xDF, 0xCE,
    0xFE, 0x70, 0x33, 0x81, 0x9F, 0xFC, 0xFF, 0xC7, 0x0E, 0x38, 0x61, 0xC7, 0x0E, 0x70, 0x7F, 0x03,
    0xE0, 0x1C, 0x00, 0xE0, 0x07, 0x00, 0x38, 0x00, 0x10, 0x01, 0xDF, 0xCE, 0x06, 0x71, 0xF3, 0xFF,
    0x1C, 0x38, 0xE3, 0x87, 0x78, 0x3F, 0x01, 0xC0, 0x04, 0x7F, 0xF0, 0x03, 0x80, 0x1C, 0x00, 0xE0,
    0x07, 0x00, 0x38, 0x00, 0x10, 0x01, 0xDF, 0xCE, 0x06, 0x70, 0x33, 0xFF, 0x1F, 0xF8, 0xE3, 0x87,
    0x38, 0x3F, 0x81, 0xF0, 0x0E, 0x60, 0x73, 0x00, 0x18, 0x00, 0xC0, 0x07, 0xFF, 0x1F, 0xF0, 0x00,
    0x33, 0xF9, 0xC0, 0xCE, 0x0E, 0x7F, 0xE3, 0xFF, 0x1C, 0x70, 0xEF, 0x07, 0xF0, 0x3E, 0x00, 0x0F,
    0xFE, 0x00, 0x70, 0x03, 0x9F, 0xFC, 0xC0, 0x07, 0xFF, 0x00, 0x00, 0x00, 0x3B, 0xF9, 0xDF, 0xCE,
    0x06, 0x7F, 0xF3, 0xFF, 0x1C, 0x38, 0xE7, 0x87, 0xF8, 0x3F, 0x01, 0xC0, 0x00, 0x7F, 0xF3, 0x03,
    0x98, 0x1C, 0xC0, 0xE7, 0xFF, 0x1F, 0xF0, 0x00, 0x3B, 0xF9, 0xDF, 0xCE, 0x06, 0x7F, 0xE3, 0xFF,
    0x1C, 0x70, 0xE7, 0x07, 0xF0, 0x3E, 0x00, 0x8C, 0x0E, 0x60, 0x73, 0xFF, 0x98, 0x1C, 0xC0, 0xE7,
    0xFF, 0x1F, 0xF0, 0x00, 0x10, 0x01, 0xDF, 0xCE, 0x06, 0x70, 0x33, 0xFF, 0x1F, 0xF8, 0xE3, 0x87,
    0x38, 0x3F, 0x81, 0xF0, 0xCE, 0x07, 0x20, 0x38, 0x03, 0xE0, 0x7B, 0x8F, 0x8F, 0x30, 0x18, 0x00,
    0x10, 0x01, 0xDF, 0xCE, 0x06, 0x70, 0x73, 0xFF, 0x1F, 0xF8, 0xE3, 0x87, 0x38, 0x3F, 0x81, 0xF0,
    0x0E, 0x3F, 0xC3, 0xC7, 0x18, 0x1C, 0xC0, 0xC7, 0xDE, 0x1F, 0xE0, 0x00, 0x30, 0x00, 0xCF, 0xF3,
    0x3F, 0x8C, 0xC0, 0x33, 0x00, 0xCC, 0x03, 0x3F, 0xCF, 0xC0, 0x3F, 0x00, 0xCC, 0x03, 0x3F, 0xEC,
    0xFF, 0xB0, 0x00, 0xC0, 0x03, 0x00, 0x0C, 0x00, 0x30, 0x00, 0x30, 0x00, 0xCF, 0xF3, 0x30, 0x0C,
    0xC0, 0x3B, 0xF8, 0xFC, 0x03, 0x30, 0xEC, 0xFF, 0xB0, 0x00, 0xC0, 0x00, 0x1F, 0xFC, 0x3F, 0xF0,
    0x00, 0xC0, 0x03, 0x00, 0x0C, 0x00, 0x30, 0x00, 0x30, 0x00, 0xCF, 0xF3, 0x30, 0x0C, 0xC0, 0x33,
    0xF8, 0xEC, 0x03, 0xF0, 0x0C, 0xFF, 0xB3, 0xFE, 0xC0, 0x03, 0x0C, 0x0C, 0x30, 0x30, 0xC0, 0x03,
    0x00, 0x0F, 0xFE, 0x1F, 0xF0, 0x00, 0x33, 0xFC, 0xCC, 0x03, 0x30, 0x0C, 0xFE, 0x3F, 0x00, 0xEC,
    0x3B, 0x3F, 0xEC, 0x00, 0x30, 0x00, 0x03, 0xFF, 0x00, 0x0C, 0x00, 0x30, 0xFF, 0xC3, 0x00, 0x0F,
    0xFC, 0x00, 0x00, 0x00, 0x33, 0xFC, 0xCC, 0x03, 0x30, 0x0C, 0xFE, 0x3F, 0x00, 0xEC, 0x3B, 0x3F,
    0xEC, 0x00, 0x30, 0x00, 0x07, 0xFF, 0x03, 0x8C, 0x06, 0x31, 0xF8, 0xC6, 0x23, 0x1F, 0xCC, 0x00,
    0x20, 0x00, 0x30, 0x00, 0xCF, 0xF3, 0x30, 0x0C, 0xC0, 0x3B, 0xF8, 0xFC, 0x03, 0x30, 0xEC, 0xFF,
    0xB0, 0x00, 0xC0, 0x00, 0x0F, 0xFC, 0x30, 0x30, 0xC0, 0xC3, 0x03, 0x0F, 0xFC, 0x3F, 0xE0, 0x00,
    0x33, 0xFC, 0xCC, 0x03, 0x30, 0x0C, 0xC0, 0x3F, 0xF8, 0xFC, 0x03, 0x33, 0xEC, 0xFF, 0xB0, 0x00,
    0xC3, 0x03, 0x0C, 0x0C, 0x3F, 0xF0, 0xC0, 0xC3, 0x03, 0x0F, 0xFC, 0x3F, 0xE0, 0x00, 0x30, 0x00,
    0xCF, 0xF3, 0x30, 0x0C, 0xC0, 0x33, 0xF8, 0xFC, 0x03, 0xB0, 0xEC, 0xFF, 0xB1, 0xC0, 0xC0, 0x33,
    0x00, 0xCC, 0x07, 0x80, 0x1E, 0x01, 0xCE, 0x1E, 0x1E, 0x60, 0x38, 0x00, 0x30, 0x00, 0xCF, 0xF3,
    0x30, 0x0C, 0xC0, 0x3B, 0xF8, 0xFC, 0x03, 0x30, 0xEC, 0xFF, 0xB0, 0x00, 0xC1, 0x86, 0x06, 0x18,
    0x18, 0xE0, 0xF3, 0x87, 0xFB, 0x39, 0xE7, 0x43, 0x08, 0x00, 0x30, 0x00, 0xCF, 0xF3, 0x30, 0x0C,
    0xC0, 0x3B, 0xF8, 0xFC, 0x03, 0x30, 0xEC, 0xFF, 0xB1, 0xC0, 0xC0, 0x03, 0x07, 0xF8, 0x38, 0xF0,
    0xC0, 0xC3, 0x03, 0x0F, 0x3C, 0x1F, 0xE0, 0x00, 0x98, 0x06, 0xFF, 0xB7, 0x81, 0xBC, 0x0D, 0xE0,
    0x6F, 0x03, 0x7F, 0x9F, 0xC0, 0xFE, 0x06, 0xF0, 0x37, 0xFD, 0xBF, 0xED, 0x80, 0x6C, 0x03, 0x60,
    0x1B, 0x00, 0x18, 0x00, 0x18, 0x06, 0xFF, 0xB7, 0x81, 0xBC, 0x0D, 0xFE, 0x7F, 0x03, 0x78, 0xDB,
    0xFF, 0xDB, 0x86, 0xC0, 0x00, 0x7F, 0xF1, 0xFF, 0x80, 0x0C, 0x00, 0x60, 0x03, 0x00, 0x18, 0x00,
    0x98, 0x06, 0xFF, 0xB7, 0x81, 0xBC, 0x0D, 0xFE, 0x7F, 0x03, 0xF8, 0x1B, 0xFE, 0xDF, 0xFE, 0xC0,
    0x36, 0x61, 0xB3, 0x09, 0x98, 0x00, 0xC0, 0x07, 0xFF, 0x1F, 0xF8, 0x00, 0x9B, 0xFB, 0x6C, 0x0D,
    0xB0, 0x36, 0xFC, 0xFB, 0x03, 0xEC, 0x6D, 0xBF, 0xF6, 0x00, 0xD8, 0x00, 0x03, 0xFF, 0x80, 0x06,
    0x00, 0x18, 0xFF, 0xE3, 0x00, 0x0F, 0xFE, 0x00, 0x00, 0x00, 0x18, 0x06, 0xFF, 0xB7, 0x81, 0xBC,
    0x0F, 0xFE, 0x7F, 0x03, 0x78, 0xDB, 0xFF, 0xDB, 0x06, 0xC0, 0x04, 0x7F, 0xF3, 0x01, 0x98, 0x0C,
    0xC0, 0x67, 0xFF, 0x1F, 0xF0, 0x00, 0x18, 0x06, 0xFF, 0xB7, 0x81, 0xBC, 0x0F, 0xFE, 0x7F, 0x03,
    0x7F, 0xDB, 0xFF, 0xD8, 0x04, 0xCC, 0x06, 0x60, 0x33, 0xFF, 0x98, 0x0C, 0xC0, 0x67, 0xFF, 0x1F,
    0xF0, 0x00, 0x98, 0x03, 0x6F, 0xED, 0xB0, 0x36, 0xC0, 0xFB, 0xF3, 0xEC, 0x0D, 0xB1, 0xB6, 0xFF,
    0xD9, 0x83, 0x60, 0x11, 0x80, 0xE6, 0x03, 0x80, 0x1F, 0x00, 0xEF, 0x1F, 0x1F, 0x30, 0x18, 0x00,
    0x18, 0x03, 0x6F, 0xED, 0xB0, 0x36, 0xC0, 0xFB, 0xF3, 0xEC, 0x0D, 0xB1, 0xB6, 0xFE, 0xD9, 0x83,
    0x60, 0x86, 0x07, 0x18, 0x1C, 0x60, 0x73, 0xC3, 0x7F, 0x9D, 0xE7, 0x43, 0x08, 0x00, 0x18, 0x06,
    0xFF, 0xB7, 0x81, 0xBC, 0x0D, 0xFE, 0x7F, 0x03, 0x78, 0xDB, 0xFE, 0xDB, 0x86, 0xC0, 0x06, 0x1F,
    0xE1, 0xC7, 0x98, 0x0C, 0xC0, 0x63, 0xDF, 0x0F, 0xE0, 0x00, 0x30, 0x00, 0xCF, 0xF3, 0x3F, 0x8C,
    0xC0, 0x3B, 0x00, 0xFC, 0x03, 0x3F, 0xCC, 0xC0, 0x33, 0x00, 0xEC, 0x03, 0xFF, 0xEC, 0xFF, 0xB0,
    0x00, 0xC0, 0x03, 0x00, 0x0C, 0x00, 0x30, 0x00, 0x30, 0x00, 0xCF, 0xF3, 0x30, 0x0F, 0xC0, 0x3B,
    0xF8, 0xCC, 0x03, 0xF0, 0xEF, 0xFF, 0xB1, 0xC0, 0xC0, 0x03, 0x07, 0xF8, 0x38, 0xF0, 0xC0, 0xC3,
    0x03, 0x0F, 0x3C, 0x1F, 0xE0, 0x00, 0x10, 0x01, 0xFF, 0xCF, 0xFC, 0x7C, 0x03, 0xE0, 0x1F, 0x00,
    0xFF, 0xFF, 0xC0, 0x3E, 0x01, 0xF0, 0x0F, 0xFF, 0x7F, 0xFB, 0x80, 0x1C, 0x00, 0xE0, 0x07, 0x00,
    0x18, 0x00, 0x13, 0xF1, 0xFF, 0xCF, 0x80, 0x7C, 0x03, 0xFF, 0x7F, 0x00, 0xF8, 0x07, 0xDF, 0x3F,
    0xFD, 0xC0, 0x06, 0x7F, 0xF0, 0x03, 0x80, 0x1C, 0x00, 0xE0, 0x07, 0x00, 0x18, 0x00, 0x10, 0x01,
    0xFF, 0xCF, 0x80, 0x7C, 0x03, 0xFF, 0x7F, 0x00, 0xF8, 0x07, 0xFF, 0x3F, 0xFD, 0xC0, 0x0E, 0x60,
    0x73, 0x01, 0x18, 0x00, 0xC0, 0x07, 0xFF, 0x1F, 0xF0, 0x00, 0x10, 0x01, 0xFF, 0xCF, 0x80, 0x7F,
    0xEF, 0xE0, 0x1F, 0x00, 0xF9, 0xF7, 0xFF, 0xB8, 0x00, 0x8F, 0xFE, 0x00, 0x70, 0x03, 0x9F, 0xFC,
    0xC0, 0x07, 0xFF, 0x00, 0x00, 0x00, 0x10, 0x01, 0xFF, 0xCF, 0x80, 0x7C, 0x0F, 0xFF, 0x1F, 0x00,
    0xF9, 0xF7, 0xFF, 0xB8, 0x00, 0x9F, 0xFE, 0x0F, 0x30, 0x79, 0xBF, 0xCD, 0x86, 0x6F, 0xFF, 0x00,
    0x00, 0x00, 0x10, 0x01, 0xFF, 0xCF, 0x80, 0x7C, 0x0F, 0xFF, 0x7F, 0x00, 0xF8, 0x67, 0xFF, 0xBB,
    0x81, 0xC0, 0x00, 0x7F, 0xF3, 0x03, 0x98, 0x0C, 0xC0, 0x67, 0xFF, 0x1F, 0xF0, 0x00, 0x1F, 0xF9,
    0xFF, 0x8F, 0x80, 0x7C, 0x0F, 0xFF, 0x7F, 0x00, 0xFF, 0xE7, 0xFF, 0xB8, 0x00, 0x8C, 0x0E, 0x60,
    0x73, 0xFF, 0x98, 0x1C, 0xC0, 0xE7, 0xFF, 0x1F, 0xF0, 0x00, 0x10, 0x00, 0xEF, 0xF3, 0xB0, 0x0E,
    0xC0, 0xFB, 0xFB, 0xEC, 0x03, 0xB0, 0xCE, 0xFF, 0xB9, 0xC0, 0xE0, 0x33, 0x80, 0xE6, 0x03, 0x80,
    0x1F, 0x01, 0xEF, 0x1F, 0x1E, 0x30, 0x18, 0x00, 0x10, 0x00, 0xEF, 0xF3, 0xB0, 0x0E, 0xC0, 0xFB,
    0xFB, 0xEC, 0x03, 0xB0, 0xCE, 0xFF, 0xB9, 0xC0, 0xE0, 0x86, 0x06, 0x18, 0x1C, 0x60, 0x73, 0xC3,
    0xFF, 0x99, 0xE7, 0x43, 0x08, 0x00, 0x10, 0x01, 0xFF, 0xCF, 0x80, 0x7C, 0x0F, 0xFF, 0x7F, 0x00,
    0xF8, 0x67, 0xFF, 0xBB, 0x81, 0xC0, 0x04, 0x3F, 0xC3, 0xC7, 0x18, 0x1C, 0xC0, 0xE7, 0xDE, 0x1F,
    0xE0, 0x00, 0x18, 0x06, 0xC0, 0x37, 0xF9, 0xBC, 0x0D, 0xE0, 0x6F, 0x03, 0x7F, 0xFB, 0xC0, 0xDE,
    0x06, 0xF0, 0x37, 0xFD, 0xBF, 0xED, 0x80, 0x6C, 0x03, 0x60, 0x1B, 0x00, 0x18, 0x00, 0x18, 0x06,
    0xFF, 0xB7, 0x81, 0xBC, 0x0D, 0xFF, 0xEF, 0x03, 0x78, 0xDB, 0xFE, 0xD8, 0x06, 0xC0, 0x04, 0x7F,
    0xF1, 0xFF, 0x80, 0x0C, 0x00, 0x60, 0x03, 0x00, 0x18, 0x00, 0x18, 0x06, 0xFF, 0xB7, 0x81, 0xBC,
    0x0D, 0xFF, 0xEF, 0x03, 0x78, 0x1B, 0xFE, 0xDF, 0xF6, 0xC0, 0x36, 0x61, 0xB3, 0x89, 0x9C, 0x00,
    0xE0, 0x07, 0xFF, 0x1F, 0xF8, 0x00, 0x18, 0x03, 0x6F, 0xED, 0xB0, 0x36, 0xFF, 0xDB, 0x03, 0x6C,
    0x6D, 0xBF, 0xB6, 0x00, 0xD8, 0x00, 0x03, 0xFF, 0x80, 0x06, 0x00, 0x18, 0xFF, 0xE3, 0x00, 0x0F,
    0xFE, 0x00, 0x00, 0x00, 0x18, 0x06, 0xFF, 0xB7, 0x81, 0xBC, 0x0D, 0xFF, 0xEF, 0x03, 0x78, 0xDB,
    0xFE, 0xD8, 0x06, 0xC0, 0x04, 0x7F, 0xF3, 0x01, 0x98, 0x0C, 0xC0, 0x67, 0xFF, 0x1F, 0xF0, 0x00,
    0x18, 0x06, 0xFF, 0xB7, 0x81, 0xBC, 0x3D, 0xFE, 0xEF, 0x03, 0x7F, 0xDB, 0xFE, 0xD8, 0x06, 0xCC,
    0x06, 0x60, 0x33, 0xFF, 0x98, 0x0C, 0xC0, 0x67, 0xFF, 0x1F, 0xF0, 0x00, 0x18, 0x03, 0x6F, 0xED,
    0xB0, 0x36, 0xC0, 0xDB, 0xFF, 0x6C, 0x0D, 0xB0, 0x36, 0xFE, 0xDB, 0xFB, 0x60, 0x0D, 0x80, 0xE6,
    0x03, 0x80, 0x1F, 0x00, 0xEE, 0x0F, 0x1E, 0x30, 0x18, 0x00, 0x18, 0x06, 0xFF, 0xB7, 0x81, 0xBC,
    0x0D, 0xFF, 0xEF, 0x03, 0x78, 0xDB, 0xFE, 0xDB, 0x06, 0xC0, 0x06, 0x1F, 0xE1, 0xC7, 0x98, 0x0C,
    0xC0, 0x63, 0xDF, 0x0F, 0xE0, 0x00, 0x10, 0x01, 0xFF, 0xCF, 0x80, 0x7C, 0x03, 0xE0, 0xFF, 0x00,
    0xFF, 0xC7, 0xC0, 0x3E, 0x0F, 0xF0, 0x0F, 0xFF, 0x7F, 0xFB, 0x80, 0x1C, 0x00, 0xE0, 0x07, 0x00,
    0x18, 0x00, 0x13, 0xF1, 0xFF, 0xCF, 0x81, 0xFC, 0x1F, 0xFF, 0x1F, 0x00, 0xF8, 0x3F, 0xC7, 0x3F,
    0xF9, 0xDC, 0x0E, 0x60, 0x73, 0x01, 0x18, 0x00, 0xC0, 0x07, 0xFF, 0x1F, 0xF0, 0x00, 0x10, 0x00,
    0xEF, 0xF3, 0xB0, 0x7E, 0xC0, 0xFB, 0xF8, 0xEC, 0x1F, 0xB0, 0xFE, 0xFF, 0x39, 0xC0, 0xE1, 0x86,
    0x06, 0x18, 0x1C, 0x60, 0xF3, 0xC7, 0x7F, 0x99, 0xE7, 0x43, 0x08, 0x00, 0x18, 0x06, 0xC0, 0x37,
    0xF9, 0xBC, 0x0D, 0xE1, 0xEF, 0x03, 0x7F, 0x9B, 0xC0, 0xDE, 0x1E, 0xF0, 0x37, 0xFD, 0xBF, 0xED,
    0x80, 0x6C, 0x03, 0x60, 0x1B, 0x00, 0x18, 0x00, 0x18, 0x06, 0xFF, 0x37, 0x87, 0xBC, 0x3D, 0xFE,
    0x6F, 0x03, 0x78, 0x7B, 0xC6, 0xDF, 0xF6, 0xD8, 0x36, 0x61, 0xB3, 0x8D, 0x9C, 0x00, 0xE0, 0x07,
    0xFF, 0x1F, 0xF8, 0x00, 0x00, 0x7F, 0xF0, 0xC0, 0x01, 0x80, 0x03, 0xFF, 0x86, 0x00, 0x0C, 0x00,
    0x18, 0x00, 0x3F, 0xF8, 0x07, 0x00, 0x06, 0x00, 0x0C, 0x00, 0x38, 0x1F, 0xFF, 0xC0, 0x00, 0x00,
    0x7F, 0xF0, 0xC0, 0x01, 0x80, 0x03, 0xFF, 0x86, 0x00, 0x0F, 0xFE, 0x01, 0xC0, 0x01, 0x81, 0xFF,
    0xFC, 0x00, 0x00, 0x00, 0x03, 0xFF, 0x80, 0x03, 0x00, 0x06, 0x00, 0x0C, 0x00, 0x18, 0x3F, 0xF8,
    0x60, 0x00, 0xC0, 0x01, 0xFF, 0xC3, 0x00, 0x06, 0x00, 0x0F, 0xFE, 0x00, 0xC0, 0x03, 0x81, 0xFF,
    0xFC, 0x00, 0x01, 0x80, 0x03, 0x00, 0x06, 0x00, 0x0F, 0xFE, 0x0F, 0xFC, 0x3F, 0xF8, 0x60, 0x00,
    0xFF, 0xE1, 0x80, 0x03, 0x00, 0x07, 0xFF, 0x00, 0x60, 0x7F, 0xFF, 0x00, 0x00, 0x7F, 0xF0, 0x00,
    0x60, 0x00, 0xC3, 0xFF, 0x86, 0x00, 0x0C, 0x00, 0x1F, 0xFE, 0x00, 0x00, 0x7F, 0xF0, 0xC0, 0x01,
    0x80, 0x03, 0xFF, 0x86, 0x00, 0x0F, 0xFE, 0x01, 0xC0, 0x01, 0x81, 0xFF, 0xFC, 0x00, 0x00, 0x00,
    0x03, 0xFF, 0x86, 0x03, 0x0C, 0x06, 0x1F, 0xFC, 0x00, 0x00, 0x00, 0x00, 0x7F, 0xF0, 0xC0, 0x01,
    0xFF, 0xC3, 0x00, 0x06, 0x00, 0x0F, 0xFE, 0x01, 0xC0, 0x03, 0x81, 0xFF, 0xFC, 0x40, 0x61, 0x80,
    0xC3, 0xFF, 0x86, 0x03, 0x0C, 0x06, 0x1F, 0xFC, 0x00, 0x00, 0x00, 0x00, 0x7F, 0xF0, 0xC0, 0x01,
    0x80, 0x03, 0xFF, 0x86, 0x00, 0x0F, 0xFE, 0x01, 0xC0, 0x01, 0x81, 0xFF, 0xFC, 0x0E, 0x00, 0x1C,
    0x00, 0x38, 0x00, 0xF8, 0x03, 0xB8, 0x1E, 0x3E, 0x30, 0x18, 0x3F, 0xF8, 0x60, 0x00, 0xC0, 0x01,
    0xFF, 0xC3, 0x00, 0x07, 0xFF, 0x00, 0xE0, 0x00, 0xC0, 0xFF, 0xFE, 0x00, 0x00, 0x00, 0x00, 0xFF,
    0x83, 0xC7, 0x86, 0x03, 0x0F, 0x1E, 0x0F, 0xF8, 0x00, 0x00, 0x7F, 0xF0, 0xC0, 0x01, 0x80, 0x03,
    0xFF, 0x86, 0x00, 0x0F, 0xFE, 0x01, 0xC0, 0x01, 0x81, 0xFF, 0xFC, 0x00, 0x00, 0x00, 0x03, 0xFF,
    0x81, 0x8C, 0x03, 0x18, 0x1F, 0xFC, 0x00, 0x00, 0x00, 0x18, 0x00, 0x31, 0xFF, 0x63, 0xFC, 0xC6,
    0x01, 0x8F, 0xF3, 0x1C, 0x06, 0x30, 0x0F, 0x7F, 0xDE, 0x1C, 0x30, 0x38, 0x60, 0x7E, 0xCF, 0xFD,
    0x8E, 0x03, 0x00, 0x06, 0x00, 0x0C, 0x00, 0x18, 0x00, 0x18, 0x7F, 0x30, 0xC0, 0x61, 0x80, 0xC3,
    0xF9, 0x86, 0x03, 0x0C, 0x07, 0x9F, 0xCE, 0x0E, 0x18, 0xFF, 0xB1, 0xFF, 0x60, 0x00, 0xC1, 0x81,
    0x83, 0x00, 0x06, 0x00, 0x0F, 0xFC, 0x1F, 0xF8, 0x00, 0x4C, 0x01, 0xB7, 0xF6, 0xD8, 0x1B, 0x60,
    0x6D, 0xFD, 0xB6, 0x06, 0xD8, 0x1F, 0x7F, 0x7C, 0xFD, 0xB0, 0xC6, 0xDF, 0xFB, 0xFF, 0xEC, 0x01,
    0xB0, 0x06, 0xC0, 0x1B, 0x00, 0x0C, 0x00, 0x18, 0x00, 0x63, 0xFD, 0x8C, 0x06, 0x30, 0x18, 0xFF,
    0x63, 0x01, 0x8C, 0x06, 0x3F, 0xD8, 0x18, 0x60, 0x61, 0x81, 0xFE, 0x7F, 0xF9, 0xC0, 0x60, 0x01,
    0x80, 0x06, 0x00, 0x18, 0x00, 0x08, 0x00, 0x73, 0xFD, 0xCC, 0x07, 0x3F, 0x9C, 0xC0, 0x73, 0x01,
    0xCF, 0xF7, 0x06, 0x1D, 0xFF, 0xF7, 0xFF, 0xC0, 0x07, 0x18, 0x1C, 0x60, 0x01, 0x80, 0x07, 0xFF,
    0x0F, 0xF8, 0x00, 0x18, 0xFF, 0x73, 0x01, 0xCC, 0x07, 0x3F, 0xDC, 0xC0, 0x73, 0xFD, 0xC1, 0x87,
    0x07, 0xFD, 0xFF, 0xF0, 0x01, 0xC0, 0x67, 0x01, 0xC8, 0x0F, 0x00, 0xF7, 0x0F, 0x8F, 0x38, 0x0C,
    0x00, 0x18, 0xFF, 0x73, 0x01, 0xCC, 0x07, 0x3F, 0xDC, 0xC0, 0x73, 0xFD, 0xC1, 0x87, 0x07, 0xFD,
    0xFF, 0xF0, 0x01, 0xC3, 0xFC, 0x1F, 0x78, 0x60, 0x61, 0x81, 0x87, 0x9E, 0x0F, 0xF0, 0x00, 0x00,
    0x7F, 0xF0, 0xC0, 0x01, 0x80, 0x03, 0xFF, 0x86, 0x00, 0x0C, 0x00, 0x18, 0x00, 0x3F, 0xF8, 0x18,
    0xC0, 0x31, 0x80, 0x63, 0x00, 0xC6, 0x1F, 0xFF, 0xC0, 0x3F, 0xF8, 0x60, 0x00, 0xC0, 0x01, 0xFF,
    0xC3, 0x00, 0x06, 0x00, 0x0C, 0x00, 0x1F, 0xFC, 0x00, 0x01, 0xFF, 0xFD, 0xFF, 0xF0, 0x0C, 0x00,
    0x18, 0x00, 0x30, 0x00, 0x60, 0x00, 0xC0, 0x3F, 0xF8, 0x60, 0x00, 0xC0, 0x01, 0xFF, 0xC3, 0x00,
    0x06, 0x00, 0x0F, 0xFE, 0x00, 0x00, 0xFF, 0xFE, 0xFF, 0xF8, 0x06, 0x01, 0xFF, 0xC0, 0x01, 0x80,
    0x03, 0x00, 0x06, 0x00, 0x0C, 0x3F, 0xF8, 0x60, 0x00, 0xC0, 0x01, 0xFF, 0xC3, 0x00, 0x06, 0x00,
    0x0F, 0xFE, 0x00, 0x00, 0xFF, 0xFE, 0xFF, 0xF8, 0xC6, 0x01, 0x8C, 0x03, 0x00, 0x06, 0x00, 0x0F,
    0xFE, 0x0F, 0xFC, 0x3F, 0xF8, 0x60, 0x00, 0xFF, 0xE1, 0x80, 0x03, 0x00, 0x07, 0xFF, 0x00, 0x00,
    0x7F, 0xFF, 0x01, 0x80, 0x7F, 0xF0, 0x00, 0x60, 0x00, 0xC3, 0xFF, 0x86, 0x00, 0x0C, 0x00, 0x1F,
    0xFE, 0x00, 0x00, 0x7F, 0xF0, 0xC0, 0x01, 0x80, 0x03, 0xFF, 0x86, 0x00, 0x0F, 0xFE, 0x00, 0x00,
    0x00, 0x01, 0xFF, 0xFC, 0x06, 0x00, 0x1C, 0x03, 0xFF, 0x86, 0x03, 0x0C, 0x06, 0x1F, 0xFC, 0x00,
    0x00, 0x00, 0x00, 0x7F, 0xF0, 0xC0, 0x01, 0xFF, 0xC3, 0x00, 0x06, 0x00, 0x0F, 0xFE, 0x00, 0x00,
    0x00, 0x01, 0xFF, 0xFC, 0x06, 0x01, 0x8C, 0xC3, 0x01, 0x87, 0xFF, 0x0C, 0x06, 0x1F, 0xFC, 0x00,
    0x00, 0x00, 0x00, 0x7F, 0xF0, 0xC0, 0x01, 0x80, 0x03, 0xFF, 0x86, 0x00, 0x0F, 0xFE, 0x00, 0x00,
    0x00, 0x01, 0xFF, 0xFC, 0x06, 0x00, 0x0C, 0x00, 0x38, 0x00, 0x70, 0x01, 0xF8, 0x1F, 0x7E, 0x30,
    0x18, 0x3F, 0xF8, 0x60, 0x00, 0xC0, 0x01, 0xFF, 0xC3, 0x00, 0x07, 0xFF, 0x00, 0x00, 0x00, 0x00,
    0xFF, 0xFE, 0x03, 0x00, 0x06, 0x00, 0xFF, 0x83, 0xC7, 0x86, 0x03, 0x0F, 0x1E, 0x0F, 0xF8, 0x00,
    0x0C, 0xFF, 0x73, 0x01, 0xCC, 0x07, 0x3F, 0xDC, 0xC0, 0x73, 0x01, 0xCF, 0xF7, 0x00, 0x1C, 0x1F,
    0xFF, 0xFF, 0xC1, 0x87, 0x06, 0xFC, 0x18, 0x70, 0x61, 0xC1, 0x87, 0x04, 0x0C, 0x00, 0x08, 0x7F,
    0xB8, 0xC0, 0x71, 0xFC, 0xE3, 0x01, 0xC7, 0xFB, 0x80, 0x07, 0x01, 0xFE, 0xFF, 0xFC, 0x1C, 0x38,
    0x1B, 0xF0, 0x00, 0xE0, 0xC3, 0x01, 0x86, 0x07, 0x9E, 0x3D, 0xEF, 0x21, 0x84, 0x00, 0x0C, 0x01,
    0xB7, 0xF6, 0xD8, 0x1B, 0x7F, 0x6D, 0x81, 0xB6, 0x06, 0xDF, 0xDB, 0x03, 0xEF, 0xFF, 0xB7, 0xC6,
    0xC3, 0x1B, 0x0F, 0xEC, 0x31, 0xB0, 0xC6, 0xC3, 0x1B, 0x00, 0x0C, 0x00, 0x08, 0x00, 0x73, 0xFD,
    0xCC, 0x07, 0x3F, 0xDC, 0xC0, 0x73, 0x01, 0xCF, 0xF7, 0x00, 0x1C, 0x0F, 0xFF, 0xFF, 0xC1, 0x87,
    0x06, 0x1C, 0x18, 0x70, 0x61, 0xC1, 0x87, 0x04, 0x1C, 0x00, 0x18, 0xFF, 0x73, 0x01, 0xCC, 0x07,
    0x3F, 0xDC, 0xC0, 0x73, 0xFD, 0xC0, 0x07, 0x03, 0xFF, 0xFF, 0xF0, 0x61, 0xC1, 0x82, 0x1F, 0xFC,
    0x00, 0x70, 0x01, 0xC0, 0x07, 0x00, 0x18, 0x00, 0x18, 0xFF, 0x73, 0x01, 0xCC, 0x07, 0x3F, 0xDC,
    0xC0, 0x73, 0xFD, 0xC0, 0x07, 0x03, 0xFF, 0xFF, 0xF6, 0x61, 0xC1, 0x87, 0x1E, 0x18, 0x60, 0x01,
    0x80, 0x07, 0xFF, 0x1F, 0xF8, 0x00, 0x08, 0xFF, 0x73, 0x01, 0xCF, 0xF7, 0x30, 0x1C, 0xFF, 0x70,
    0x01, 0xC0, 0xFF, 0x7F, 0xFC, 0x18, 0x21, 0xFF, 0xC0, 0x07, 0x00, 0x1C, 0x7F, 0xF1, 0x80, 0x07,
    0xFF, 0x00, 0x00, 0x00, 0x18, 0xFF, 0x73, 0x01, 0xCC, 0x07, 0x3F, 0xDC, 0xC0, 0x73, 0xFD, 0xC0,
    0x7F, 0xFF, 0xFC, 0x18, 0x70, 0x60, 0x87, 0xFF, 0x18, 0x1C, 0x60, 0x71, 0x81, 0xC7, 0xFF, 0x0F,
    0xF8, 0x00, 0x08, 0xFF, 0x73, 0x01, 0xCF, 0xF7, 0x30, 0x1C, 0xC0, 0x73, 0xFD, 0xC0, 0x3F, 0xFF,
    0xFC, 0x18, 0x70, 0x60, 0x06, 0x07, 0x18, 0x1C, 0x7F, 0xF1, 0x81, 0xC7, 0xFF, 0x0F, 0xF8, 0x00,
    0x18, 0xFF, 0x73, 0x01, 0xCC, 0x07, 0x3F, 0xDC, 0xC0, 0x73, 0xFD, 0xC0, 0x07, 0x03, 0xFF, 0xFF,
    0xF0, 0x61, 0xC3, 0xFC, 0x1F, 0x78, 0x60, 0x61, 0x81, 0x87, 0x9E, 0x0F, 0xF0, 0x3F, 0xF8, 0x60,
    0x00, 0xC0, 0x01, 0xFF, 0xC3, 0x00, 0x06, 0x00, 0x0C, 0x00, 0x1F, 0xFC, 0x00, 0x01, 0xFF, 0xFD,
    0xFF, 0xF0, 0x63, 0x00, 0xC6, 0x01, 0x8C, 0x03, 0x18, 0x06, 0x30, 0x3F, 0xF8, 0x60, 0x00, 0xC0,
    0x01, 0xFF, 0xC3, 0x00, 0x06, 0x00, 0x0F, 0xFE, 0x00, 0x00, 0xFF, 0xFE, 0xFF, 0xF8, 0x19, 0x81,
    0xB3, 0x03, 0x00, 0x06, 0x00, 0x0F, 0xFE, 0x0F, 0xFC, 0x3F, 0xF8, 0x60, 0x00, 0xFF, 0xE1, 0x80,
    0x03, 0x00, 0x07, 0xFF, 0x00, 0x00, 0x7F, 0xFF, 0x0C, 0x60, 0x7F, 0xF0, 0x00, 0x60, 0x00, 0xC3,
    0xFF, 0x86, 0x00, 0x0C, 0x00, 0x1F, 0xFE, 0x00, 0x00, 0x7F, 0xF0, 0xC0, 0x01, 0x80, 0x03, 0xFF,
    0x86, 0x00, 0x0F, 0xFE, 0x00, 0x00, 0x00, 0x01, 0xFF, 0xFC, 0x31, 0x80, 0x63, 0x03, 0xFF, 0x86,
    0x03, 0x0C, 0x06, 0x1F, 0xFC, 0x00, 0x00, 0x3F, 0xF8, 0x60, 0x00, 0xC0, 0x01, 0xFF, 0xC3, 0x00,
    0x07, 0xFF, 0x00, 0x00, 0x00, 0x00, 0xFF, 0xFE, 0x18, 0xC0, 0x31, 0x80, 0xFF, 0x83, 0xC7, 0x86,
    0x03, 0x0F, 0x1E, 0x0F, 0xF8, 0x00, 0x00, 0x7F, 0xF0, 0xC0, 0x01, 0x80, 0x03, 0x00, 0x07, 0xFF,
    0x0C, 0x00, 0x18, 0x00, 0x3F, 0xF8, 0x00, 0x00, 0x00, 0x00, 0x00, 0x07, 0xFF, 0xDF, 0xFF, 0xC0,
    0x00, 0x00, 0x7F, 0xF0, 0xC0, 0x01, 0x80, 0x03, 0xFF, 0x86, 0x00, 0x0F, 0xFE, 0x00, 0x00, 0x00,
    0x01, 0xFF, 0xFC, 0x00, 0x00, 0x00, 0x03, 0xFF, 0x80, 0x03, 0x00, 0x06, 0x00, 0x0C, 0x00, 0x18,
    0x3F, 0xF8, 0x60, 0x00, 0xC0, 0x01, 0xFF, 0xC3, 0x00, 0x06, 0x00, 0x0F, 0xFE, 0x00, 0x00, 0x00,
    0x01, 0xFF, 0xFC, 0x00, 0x01, 0x80, 0x03, 0x00, 0x06, 0x00, 0x0F, 0xFE, 0x0F, 0xFC, 0x3F, 0xF8,
    0x60, 0x00, 0xC0, 0x01, 0xFF, 0xC3, 0x00, 0x06, 0x00, 0x0F, 0xFE, 0x00, 0x00, 0xFF, 0xFE, 0x00,
    0x00, 0x00, 0x01, 0xFF, 0xC3, 0x00, 0x06, 0x00, 0x0F, 0xFE, 0x00, 0x00, 0x3F, 0xF8, 0x60, 0x00,
    0xFF, 0xE1, 0x80, 0x03, 0x00, 0x07, 0xFF, 0x00, 0x00, 0x7F, 0xFF, 0x00, 0x00, 0x7F, 0xF0, 0x00,
    0x60, 0x00, 0xC3, 0xFF, 0x86, 0x00, 0x0C, 0x00, 0x1F, 0xFE, 0x3F, 0xF8, 0x60, 0x00, 0xFF, 0xE1,
    0x80, 0x03, 0x00, 0x07, 0xFF, 0x00, 0x00, 0x7F, 0xFF, 0x00, 0x00, 0x7D, 0xF0, 0x1B, 0x60, 0x36,
    0xC3, 0xED, 0x86, 0x1B, 0x0C, 0xF6, 0x1F, 0xFC, 0x00, 0x00, 0x7F, 0xF0, 0xC0, 0x01, 0x80, 0x03,
    0xFF, 0x86, 0x00, 0x0F, 0xFE, 0x00, 0x00, 0x00, 0x01, 0xFF, 0xFC, 0x00, 0x00, 0x00, 0x03, 0xFF,
    0x86, 0x03, 0x0C, 0x06, 0x1F, 0xFC, 0x1F, 0xF0, 0x00, 0x00, 0x7F, 0xF0, 0xC0, 0x01, 0x80, 0x03,
    0xFF, 0x86, 0x00, 0x0F, 0xFE, 0x00, 0x00, 0x00, 0x01, 0xFF, 0xFC, 0x40, 0x61, 0x80, 0xC3, 0xFF,
    0x86, 0x03, 0x0C, 0x06, 0x1F, 0xFC, 0x00, 0x00, 0x3F, 0xF8, 0x60, 0x00, 0xC0, 0x01, 0xFF, 0xC3,
    0x00, 0x07, 0xFF, 0x00, 0x00, 0x00, 0x00, 0xFF, 0xFE, 0x00, 0x00, 0x06, 0x00, 0x1C, 0x00, 0x3C,
    0x01, 0xDC, 0x0F, 0x1F, 0x18, 0x0C, 0x00, 0x18, 0x00, 0x63, 0xFD, 0x8F, 0xE6, 0x30, 0x18, 0xFF,
    0x63, 0x01, 0x8C, 0x06, 0x30, 0x18, 0xFF, 0x60, 0x01, 0x80, 0x7E, 0x7F, 0xF9, 0xC0, 0x60, 0x01,
    0x80, 0x06, 0x00, 0x18, 0x00, 0x08, 0x00, 0x73, 0xFD, 0xCC, 0x07, 0x3F, 0x9C, 0xC0, 0x73, 0x01,
    0xCF, 0xF7, 0x00, 0x1D, 0xFF, 0xF7, 0xFF, 0xC0, 0x07, 0x18, 0x1C, 0x60, 0x01, 0x80, 0x07, 0xFF,
    0x0F, 0xF8, 0x00, 0x08, 0xFF, 0x73, 0x01, 0xCF, 0xF7, 0x30, 0x1C, 0xC0, 0x73, 0xFD, 0xC0, 0x3F,
    0x7F, 0xFC, 0x00, 0x21, 0xFF, 0xC0, 0x07, 0x00, 0x1C, 0x7F, 0xF1, 0x80, 0x07, 0xFF, 0x00, 0x00,
    0x00, 0x18, 0xFF, 0x73, 0x01, 0xCC, 0x07, 0x3F, 0xDC, 0xC0, 0x73, 0xFD, 0xC0, 0x07, 0x1F, 0xFF,
    0xFF, 0xF0, 0x00, 0x87, 0xFF, 0x18, 0x1C, 0x60, 0x71, 0x81, 0xC7, 0xFF, 0x0F, 0xF8, 0x00, 0x08,
    0xFF, 0x73, 0x01, 0xCC, 0x07, 0x3F, 0xDC, 0xC0, 0x73, 0xFD, 0xC0, 0x07, 0x1F, 0xFF, 0xFF, 0xF0,
    0x00, 0x86, 0x02, 0x18, 0x1C, 0x7F, 0xF1, 0x81, 0xC7, 0xFF, 0x0F, 0xF8, 0x00, 0x10, 0x01, 0xFF,
    0xCF, 0xFE, 0x7E, 0x03, 0xF0, 0x1F, 0x80, 0xFF, 0xE7, 0xE0, 0x3F, 0x01, 0xF8, 0x0F, 0xFF, 0x7F,
    0xFB, 0x80, 0x1C, 0x00, 0xE0, 0x07, 0x00, 0x38, 0x00, 0x10, 0x01, 0xFF, 0xCF, 0x80, 0x7E, 0x03,
    0xFF, 0x9F, 0x00, 0xF8, 0x77, 0xFF, 0xF8, 0x01, 0xC0, 0x04, 0x7F, 0xF3, 0xFF, 0x80, 0x1C, 0x00,
    0xE0, 0x07, 0x00, 0x38, 0x00, 0x10, 0x01, 0xFF, 0xCF, 0x80, 0x7C, 0x03, 0xFF, 0x9F, 0x80, 0xF8,
    0x07, 0xFF, 0xBF, 0xFD, 0xC0, 0x0E, 0x60, 0x73, 0x01, 0x18, 0x00, 0xC0, 0x07, 0xFF, 0x1F, 0xF0,
    0x00, 0x3F, 0xF9, 0xF8, 0x0F, 0x80, 0x7F, 0xF3, 0xF0, 0x1F, 0x0E, 0xFF, 0xFF, 0x00, 0x38, 0x00,
    0x0F, 0xFE, 0x00, 0x70, 0x03, 0x9F, 0xFC, 0xC0, 0x07, 0xFF, 0x00, 0x00, 0x00, 0x10, 0x01, 0xFF,
    0xCF, 0x80, 0x7E, 0x03, 0xFF, 0x9F, 0x00, 0xF8, 0x77, 0xFF, 0xF8, 0x01, 0xC0, 0x04, 0x7F, 0xF3,
    0x03, 0x98, 0x1C, 0xC0, 0xE7, 0xFF, 0x1F, 0xF0, 0x00, 0x3F, 0xF9, 0xF8, 0x0F, 0x80, 0x7E, 0x03,
    0xFF, 0x9F, 0x00, 0xFD, 0xF7, 0xFF, 0xB8, 0x00, 0x8C, 0x0E, 0x60, 0x73, 0xFF, 0x98, 0x1C, 0xC0,
    0xE7, 0xFF, 0x1F, 0xF0, 0x00, 0x10, 0x00, 0xEF, 0xF3, 0xB0, 0x0E, 0xC0, 0x3B, 0xFC, 0xEE, 0x03,
    0xB0, 0x6E, 0xFF, 0xF9, 0xC0, 0xE0, 0x33, 0x80, 0xE4, 0x03, 0x80, 0x1F, 0x01, 0xEE, 0x1F, 0x1E,
    0x30, 0x18, 0x00, 0x10, 0x01, 0xFF, 0xCF, 0x80, 0x7E, 0x03, 0xFF, 0x9F, 0x00, 0xF8, 0x77, 0xFF,
    0xFB, 0x81, 0xC0, 0x04, 0x3F, 0xC3, 0xCF, 0x18, 0x1C, 0xC0, 0xC7, 0xDE, 0x1F, 0xE0, 0x00, 0x18,
    0x00, 0x31, 0xFF, 0x63, 0xFC, 0xC3, 0x31, 0x86, 0x63, 0x0C, 0xC6, 0x19, 0x8F, 0x33, 0x1E, 0x66,
    0x30, 0xCC, 0x63, 0xFE, 0xCF, 0xFD, 0x80, 0x03, 0x00, 0x06, 0x00, 0x0C, 0x00, 0x18, 0x00, 0x18,
    0x7F, 0x31, 0xFF, 0x61, 0x98, 0xC3, 0x31, 0xC6, 0x63, 0xCC, 0xC6, 0x19, 0xEC, 0x7F, 0xD8, 0xE0,
    0x30, 0x00, 0x41, 0xFF, 0xC1, 0xFF, 0x80, 0x03, 0x00, 0x06, 0x00, 0x0C, 0x00, 0x18, 0x00, 0x18,
    0x00, 0x31, 0xFF, 0x61, 0x98, 0xC3, 0x31, 0xC6, 0x63, 0xCC, 0xC6, 0x19, 0xEC, 0x7F, 0xD8, 0xF0,
    0x30, 0x00, 0x41, 0xFF, 0xC0, 0x71, 0x80, 0xE3, 0x01, 0xC6, 0x03, 0x8C, 0x06, 0x18, 0x00, 0x18,
    0x00, 0x31, 0xFF, 0x61, 0xFC, 0xC3, 0x31, 0x86, 0x63, 0x8C, 0xC7, 0x99, 0x8C, 0x7F, 0xD8, 0xFF,
    0xB0, 0x00, 0x60, 0xC0, 0xC1, 0x81, 0x83, 0x00, 0x06, 0x00, 0x0F, 0xFE, 0x0F, 0xF8, 0x00, 0x18,
    0x00, 0x31, 0xFF, 0x61, 0x98, 0xC3, 0x31, 0xE6, 0x63, 0x8C, 0xF6, 0x3F, 0xEC, 0x70, 0x18, 0x00,
    0x00, 0x7F, 0xE0, 0x00, 0xC0, 0x01, 0x83, 0xFF, 0x06, 0x00, 0x0F, 0xFC, 0x00, 0x00, 0x00, 0x18,
    0x00, 0x31, 0xFF, 0x61, 0x98, 0xC3, 0x31, 0xE6, 0x63, 0x8C, 0xF6, 0x3F, 0xEC, 0x70, 0x18, 0x00,
    0x00, 0xFF, 0xE0, 0x3C, 0xC0, 0x79, 0x87, 0xF3, 0x0C, 0x66, 0x1F, 0xFC, 0x00, 0x00, 0x00, 0x18,
    0x00, 0x31, 0xFF, 0x61, 0x98, 0xC3, 0x31, 0xE6, 0x63, 0x8C, 0xC6, 0x3F, 0xEC, 0x7F, 0xD8, 0x00,
    0x30, 0x00, 0x00, 0xFF, 0xC1, 0x81, 0x83, 0x03, 0x06, 0x06, 0x0F, 0xFC, 0x1F, 0xF0, 0x00, 0x18,
    0x00, 0x31, 0xFF, 0x61, 0x98, 0xC3, 0x31, 0xE6, 0x63, 0xCC, 0xC6, 0x3F, 0xEC, 0x7F, 0xD8, 0x00,
    0x30, 0x60, 0x60, 0xC0, 0xC1, 0xFF, 0x83, 0x03, 0x06, 0x06, 0x0F, 0xFC, 0x1F, 0xF0, 0x00, 0x18,
    0x00, 0x31, 0xFF, 0x61, 0x98, 0xC3, 0x31, 0x86, 0x63, 0xCC, 0xC7, 0x19, 0xEC, 0x7F, 0xD8, 0xE0,
    0x30, 0x06, 0x60, 0x0C, 0xC0, 0x3C, 0x00, 0x78, 0x03, 0x9C, 0x1E, 0x1E, 0x38, 0x1C, 0x00, 0x18,
    0x00, 0x31, 0xFF, 0x61, 0x98, 0xC3, 0x31, 0xC6, 0x63, 0xCC, 0xC6, 0x3F, 0xEC, 0x7F, 0xD8, 0x00,
    0x30, 0x30, 0xC0, 0x61, 0x80, 0xC7, 0x03, 0xCE, 0x0F, 0xF6, 0x39, 0xE7, 0x21, 0x84, 0x00, 0x18,
    0x00, 0x31, 0xFF, 0x61, 0x98, 0xC3, 0x31, 0xC6, 0x63, 0xCC, 0xC6, 0x19, 0xEC, 0x7F, 0xD8, 0xE0,
    0x30, 0x00, 0x60, 0x7F, 0x81, 0xC7, 0x87, 0x03, 0x06, 0x06, 0x0F, 0x7C, 0x0F, 0xF0, 0x00, 0x18,
    0x00, 0x31, 0xFF, 0x61, 0x98, 0xC3, 0x31, 0xE6, 0x63, 0x8C, 0xF6, 0x3F, 0xEC, 0x70, 0x18, 0x00,
    0x00, 0x7F, 0xE0, 0xC0, 0x01, 0x80, 0x03, 0xFF, 0x06, 0x00, 0x0F, 0xFC, 0x00, 0x00, 0x00, 0x0C,
    0x01, 0xB0, 0x06, 0xDF, 0xDB, 0x36, 0x6C, 0xD9, 0xB3, 0x66, 0xCD, 0x9F, 0x36, 0x7C, 0xD9, 0xB3,
    0x66, 0xDF, 0xFB, 0xFF, 0xEC, 0x01, 0xB0, 0x06, 0xC0, 0x1B, 0x00, 0x0C, 0x00, 0x4D, 0xFD, 0xB7,
    0xF6, 0xCD, 0x9B, 0x36, 0x7C, 0xD9, 0xF3, 0x66, 0xCD, 0xDB, 0xFF, 0xED, 0x81, 0xB0, 0x00, 0x07,
    0xFF, 0x0F, 0xFC, 0x00, 0x30, 0x00, 0xC0, 0x03, 0x00, 0x0C, 0x00, 0x4C, 0x01, 0xB7, 0xF6, 0xDF,
    0xDB, 0x36, 0x6C, 0xD9, 0xF3, 0x67, 0xCD, 0x9B, 0x7F, 0xEF, 0xFF, 0xB0, 0x06, 0xC6, 0x1B, 0x18,
    0x4C, 0x60, 0x01, 0x80, 0x07, 0xFF, 0x0F, 0xFC, 0x00, 0x0C, 0x00, 0xD9, 0xFD, 0xB1, 0xB3, 0x63,
    0x67, 0xC6, 0xCF, 0x8D, 0xFB, 0x7F, 0xF6, 0x60, 0x6C, 0x00, 0x00, 0x7F, 0xF0, 0x00, 0x60, 0x00,
    0xC3, 0xFF, 0x86, 0x00, 0x0F, 0xFE, 0x00, 0x00, 0x00, 0x4C, 0x01, 0xB7, 0xF6, 0xCD, 0x9B, 0x36,
    0x6C, 0xD9, 0xF3, 0x66, 0xCF, 0xDB, 0xFF, 0xED, 0xC1, 0xB0, 0x00, 0x07, 0xFF, 0x18, 0x0C, 0x60,
    0x31, 0x80, 0xC7, 0xFF, 0x0F, 0xF8, 0x00, 0x4C, 0x01, 0xB7, 0xF6, 0xCD, 0x9B, 0x36, 0x7C, 0xD9,
    0xF3, 0x66, 0xDF, 0xFB, 0xFF, 0xEC, 0x01, 0xB1, 0x80, 0xC6, 0x03, 0x1F, 0xFC, 0x70, 0x31, 0x80,
    0xC7, 0xFF, 0x0F, 0xF8, 0x00, 0x4C, 0x00, 0xD9, 0xFD, 0xB1, 0xB3, 0x63, 0x66, 0xC6, 0xCF, 0x8D,
    0x9B, 0x1B, 0xB6, 0xFF, 0xEC, 0xE0, 0xD8, 0x02, 0x30, 0x0E, 0x60, 0x1C, 0x00, 0x7C, 0x01, 0xDC,
    0x0F, 0x1F, 0x18, 0x0C, 0x00, 0x4C, 0x00, 0xD9, 0xFD, 0xB1, 0xB3, 0x63, 0x66, 0xC6, 0xCF, 0x8D,
    0x9B, 0x1B, 0xB6, 0xFF, 0xEC, 0xE0, 0xD8, 0x10, 0xC0, 0x71, 0x80, 0xE3, 0x01, 0xCF, 0x06, 0xDF,
    0x1D, 0xE7, 0x21, 0x84, 0x00, 0x4C, 0x01, 0xB7, 0xF6, 0xCD, 0x9B, 0x36, 0x6C, 0xD9, 0xF3, 0x66,
    0xCD, 0xDB, 0xFF, 0xED, 0xC1, 0xB0, 0x00, 0xC1, 0xFE, 0x0E, 0x3C, 0x60, 0x31, 0x80, 0xC3, 0xDF,
    0x07, 0xF0, 0x00, 0x18, 0x00, 0x31, 0xFF, 0x63, 0xFC, 0xC3, 0x31, 0xC6, 0x63, 0xCC, 0xC6, 0x19,
    0x8C, 0x33, 0x18, 0x66, 0x3C, 0xCC, 0x7B, 0xFE, 0xCF, 0xFD, 0x80, 0x03, 0x00, 0x06, 0x00, 0x0C,
    0x00, 0x18, 0x00, 0x18, 0x7F, 0x31, 0xFF, 0x61, 0x98, 0xF3, 0x31, 0xC6, 0x63, 0x0C, 0xC7, 0x99,
    0xEE, 0x7F, 0xD8, 0xE0, 0x30, 0x00, 0x41, 0xFF, 0xC1, 0xFF, 0x80, 0x03, 0x00, 0x06, 0x00, 0x0C,
    0x00, 0x18, 0x00, 0x0C, 0x00, 0x77, 0xFD, 0xCF, 0xE7, 0x33, 0x1C, 0xCC, 0x73, 0x31, 0xCC, 0xDF,
    0x33, 0x1C, 0xCC, 0x73, 0x31, 0xDF, 0xF7, 0xFF, 0xDC, 0x00, 0x70, 0x01, 0xC0, 0x07, 0x00, 0x0C,
    0x00, 0x08, 0x00, 0x77, 0xFD, 0xCC, 0xC7, 0x33, 0x1C, 0xCD, 0xF3, 0x31, 0xCC, 0xF7, 0x7F, 0xDD,
    0xC0, 0x70, 0x00, 0x87, 0xFF, 0x0F, 0xFC, 0x00, 0x70, 0x01, 0xC0, 0x07, 0x00, 0x0C, 0x00, 0x08,
    0x00, 0x77, 0xFD, 0xCF, 0xE7, 0x33, 0x1C, 0xCD, 0xF3, 0x31, 0xCC, 0xC7, 0x7F, 0xDD, 0xFF, 0x70,
    0x01, 0xC6, 0x07, 0x18, 0x08, 0x60, 0x01, 0x80, 0x07, 0xFF, 0x0F, 0xF8, 0x00, 0x08, 0x00, 0x77,
    0xFD, 0xCC, 0xC7, 0x33, 0x7C, 0xCC, 0x73, 0x3D, 0xDF, 0xF7, 0x60, 0x1C, 0x00, 0x01, 0xFF, 0xC0,
    0x07, 0x00, 0x1C, 0x7F, 0xF1, 0x80, 0x07, 0xFF, 0x00, 0x00, 0x00, 0x08, 0x00, 0x77, 0xFD, 0xCC,
    0xC7, 0x33, 0x1C, 0xCD, 0xF3, 0x31, 0xCF, 0xF7, 0x7F, 0xDD, 0xE0, 0x70, 0x00, 0x07, 0xFF, 0x18,
    0x0C, 0x60, 0x31, 0x80, 0xC7, 0xFF, 0x0F, 0xF8, 0x00, 0x08, 0x00, 0x77, 0xFD, 0xCC, 0xC7, 0x33,
    0x1C, 0xCD, 0xF3, 0x31, 0xDF, 0xF7, 0x7F, 0xDC, 0x00, 0x21, 0x81, 0xC6, 0x07, 0x1F, 0xFC, 0x60,
    0x71, 0x81, 0xC7, 0xFF, 0x0F, 0xF8, 0x00, 0x08, 0x00, 0x39, 0xFF, 0x71, 0x98, 0xE3, 0x31, 0xC6,
    0x6F, 0x8C, 0xC7, 0x19, 0xEE, 0x7F, 0xDC, 0xF0, 0x38, 0x06, 0x70, 0x0E, 0x60, 0x1C, 0x00, 0x7C,
    0x03, 0xDC, 0x1F, 0x1E, 0x18, 0x0C, 0x00, 0x08, 0x00, 0x39, 0xFF, 0x71, 0x98, 0xE3, 0x31, 0xC6,
    0x6F, 0x8C, 0xC7, 0x19, 0xEE, 0x7F, 0xDC, 0xF0, 0x38, 0x30, 0xC0, 0x61, 0x80, 0xE3, 0x01, 0xCF,
    0x07, 0xFF, 0x19, 0xE7, 0x21, 0x84, 0x00, 0x08, 0xFE, 0x77, 0xFD, 0xCC, 0xC7, 0x33, 0x1C, 0xCD,
    0xF3, 0x31, 0xCC, 0xF7, 0x7F, 0xDD, 0xC0, 0x70, 0x00, 0x83, 0xFC, 0x1E, 0x38, 0x60, 0x71, 0x81,
    0xC7, 0xDE, 0x0F, 0xF0, 0x00, 0x0C, 0x01, 0xB0, 0x06, 0xDF, 0xDB, 0x36, 0x6C, 0xD9, 0xB3, 0x7E,
    0xCD, 0xFB, 0x36, 0x6C, 0xD9, 0xB3, 0x66, 0xDF, 0xDB, 0xFF, 0xEC, 0x01, 0xB0, 0x06, 0xC0, 0x1B,
    0x00, 0x0C, 0x00, 0x2C, 0x01, 0xB7, 0xF6, 0xCD, 0x9B, 0x36, 0x6C, 0xDF, 0xB3, 0x66, 0xCD, 0xDB,
    0xFF, 0xED, 0xC1, 0xB0, 0x00, 0x07, 0xFF, 0x0F, 0xFC, 0x00, 0x30, 0x00, 0xC0, 0x03, 0x00, 0x0C,
    0x00, 0x2C, 0x00, 0xD9, 0xFD, 0xB1, 0xB3, 0x63, 0x66, 0xC6, 0xFD, 0x8D, 0x9B, 0x1B, 0x36, 0x7F,
    0xED, 0xFF, 0xD8, 0x01, 0xB0, 0xC3, 0x61, 0xC6, 0xC3, 0x80, 0x07, 0x00, 0x0F, 0xFE, 0x0F, 0xFC,
    0x00, 0x0C, 0x00, 0xD9, 0xFD, 0xB1, 0xB3, 0x63, 0x7E, 0xC6, 0xCD, 0x8D, 0xDB, 0x7F, 0xF6, 0x60,
    0x6C, 0x00, 0x00, 0x7F, 0xF0, 0x00, 0x60, 0x00, 0xC3, 0xFF, 0x86, 0x00, 0x0F, 0xFF, 0x00, 0x00,
    0x00, 0x0C, 0x01, 0xB7, 0xF6, 0xCD, 0x9B, 0x36, 0x6C, 0xDF, 0xB3, 0x66, 0xCD, 0xDB, 0xFF, 0xED,
    0xC1, 0xB0, 0x00, 0x87, 0xFF, 0x18, 0x0C, 0x60, 0x31, 0x80, 0xC7, 0xFF, 0x0F, 0xF8, 0x00, 0x0C,
    0x01, 0xB7, 0xF6, 0xCD, 0x9B, 0x36, 0xEC, 0xDF, 0xB3, 0x66, 0xDF, 0xFB, 0xFF, 0xEC, 0x01, 0xB1,
    0x80, 0xC6, 0x03, 0x1F, 0xFC, 0x70, 0x31, 0x80, 0xC7, 0xFF, 0x0F, 0xF8, 0x00, 0x2C, 0x00, 0xD9,
    0xFD, 0xB1, 0xB3, 0x63, 0x66, 0xC6, 0xFD, 0x8D, 0xBB, 0x1B, 0xB6, 0xFF, 0xEC, 0xC0, 0xD8, 0x02,
    0x30, 0x0E, 0x60, 0x1C, 0x00, 0x7C, 0x01, 0xDC, 0x0F, 0x1F, 0x18, 0x0C, 0x00, 0x2C, 0x01, 0xB7,
    0xF6, 0xCD, 0x9B, 0x36, 0x6C, 0xDF, 0xB3, 0x66, 0xCD, 0xDB, 0xFF, 0xED, 0xC1, 0xB0, 0x00, 0xC1,
    0xFE, 0x0E, 0x3C, 0x60, 0x31, 0xC0, 0xC3, 0xDF, 0x07, 0xF8, 0x00, 0x0C, 0x00, 0x77, 0xFD, 0xCF,
    0xE7, 0x33, 0x1C, 0xCD, 0xF3, 0x31, 0xCC, 0xC7, 0x33, 0x1C, 0xCD, 0xF3, 0x31, 0xDF, 0xF7, 0xFF,
    0xDC, 0x00, 0x70, 0x01, 0xC0, 0x07, 0x00, 0x0C, 0x00, 0x08, 0x00, 0x77, 0xFD, 0xCC, 0xC7, 0x33,
    0x7C, 0xCC, 0x73, 0x33, 0xCC, 0xDF, 0x7F, 0xDD, 0xFF, 0x70, 0x01, 0xC6, 0x07, 0x18, 0x08, 0x60,
    0x01, 0x80, 0x07, 0xFF, 0x0F, 0xF8, 0x00, 0x08, 0x00, 0x77, 0xFD, 0xCC, 0xDF, 0x33, 0x1C, 0xCC,
    0x73, 0x37, 0xDF, 0xF7, 0x7F, 0xDC, 0x00, 0x21, 0xFF, 0xC0, 0x07, 0x00, 0x1C, 0x7F, 0xF1, 0x80,
    0x07, 0xFF, 0x00, 0x00, 0x00, 0x08, 0x00, 0x77, 0xFD, 0xCC, 0xC7, 0x33, 0x7C, 0xCC, 0x73, 0x37,
    0xCC, 0xFF, 0x7F, 0xDD, 0xE0, 0x70, 0x00, 0x07, 0xFF, 0x18, 0x1C, 0x60, 0x31, 0x80, 0xC7, 0xFF,
    0x0F, 0xF8, 0x00, 0x08, 0x00, 0x77, 0xFD, 0xCC, 0xC7, 0x33, 0x7C, 0xCC, 0x73, 0x37, 0xCC, 0xF7,
    0x7F, 0xDD, 0xC0, 0x21, 0x81, 0xC6, 0x07, 0x1F, 0xFC, 0x60, 0x71, 0x81, 0xC7, 0xFF, 0x0F, 0xF8,
    0x00, 0x08, 0x00, 0x39, 0xFF, 0x71, 0x98, 0xE3, 0x37, 0xC6, 0x63, 0x8C, 0xDF, 0x19, 0xFE, 0x7F,
    0xDC, 0xF0, 0x38, 0x30, 0xC0, 0x61, 0x80, 0xE3, 0x01, 0xCF, 0x0E, 0xFF, 0x19, 0xE7, 0x21, 0x84,
    0x00, 0x08, 0x00, 0x77, 0xFD, 0xCC, 0xC7, 0x33, 0x7C, 0xCC, 0x73, 0x37, 0xCC, 0xFF, 0x7F, 0xDD,
    0xE0, 0x70, 0x00, 0x83, 0xFC, 0x1E, 0x38, 0x60, 0x71, 0x81, 0xC7, 0xDE, 0x0F, 0xF0, 0x00, 0x0C,
    0x01, 0xB0, 0x06, 0xDF, 0xDB, 0x36, 0x6C, 0xDF, 0xB3, 0x6E, 0xCD, 0x9B, 0x36, 0x6C, 0xDF, 0xB3,
    0x66, 0xDF, 0xDB, 0xFF, 0xEC, 0x01, 0xB0, 0x06, 0xC0, 0x1B, 0x00, 0x0C, 0x00, 0x0C, 0x00, 0xD9,
    0xFD, 0xB1, 0xB3, 0x63, 0x7E, 0xC6, 0xCD, 0x8D, 0xFB, 0x3F, 0xF6, 0xFF, 0xEC, 0x00, 0xD8, 0x7F,
    0xF0, 0x00, 0x60, 0x00, 0xC3, 0xFF, 0x86, 0x00, 0x0F, 0xFF, 0x00, 0x00, 0x00, 0x2C, 0x01, 0xB7,
    0xF6, 0xCD, 0xFB, 0x36, 0x6C, 0xD9, 0xB3, 0x7E, 0xDF, 0xFB, 0xFF, 0xEC, 0x01, 0xB1, 0x80, 0xC6,
    0x03, 0x1F, 0xFC, 0x70, 0x31, 0x80, 0xC7, 0xFF, 0x0F, 0xF8, 0x00, 0x0C, 0x00, 0xD9, 0xFD, 0xB3,
    0xFB, 0x63, 0x7E, 0xC6, 0xCD, 0x8D, 0x9B, 0x1B, 0xF6, 0x7F, 0xED, 0xFF, 0xD8, 0x01, 0xB0, 0x0E,
    0x60, 0x1C, 0x00, 0x7C, 0x01, 0xDC, 0x0F, 0x1F, 0x18, 0x0C, 0x3F, 0xFC, 0x7F, 0xF0, 0x31, 0x80,
    0x63, 0x00, 0xC6, 0x01, 0x8C, 0x03, 0x18, 0x1F, 0xFE, 0x01, 0x80, 0x03, 0x00, 0x06, 0x03, 0xFF,
    0xEF, 0xFF, 0xE0, 0x3F, 0xFC, 0x7F, 0xF0, 0x31, 0x80, 0x63, 0x00, 0xC6, 0x07, 0xFF, 0x00, 0x60,
    0x00, 0xC0, 0xFF, 0xFE, 0x00, 0x00, 0x00, 0x01, 0xFF, 0xC0, 0x01, 0x80, 0x03, 0x00, 0x06, 0x00,
    0x0C, 0x3F, 0xFC, 0x7F, 0xF0, 0x31, 0x80, 0x63, 0x00, 0xC6, 0x07, 0xFF, 0x00, 0xE0, 0x00, 0xC0,
    0xFF, 0xFE, 0x00, 0x00, 0xC0, 0x01, 0x80, 0x03, 0x00, 0x06, 0x00, 0x0F, 0xFE, 0x0F, 0xFC, 0x00,
    0x00, 0x7F, 0xF8, 0x31, 0x80, 0x63, 0x00, 0xC6, 0x07, 0xFF, 0x00, 0xE0, 0x01, 0xC0, 0xFF, 0xFE,
    0x00, 0x00, 0xFF, 0xE0, 0x00, 0xC0, 0x01, 0x87, 0xFF, 0x0C, 0x00, 0x1F, 0xFE, 0x00, 0x00, 0x3F,
    0xFC, 0x7F, 0xF0, 0x31, 0x80, 0x63, 0x00, 0xC6, 0x07, 0xFF, 0x00, 0x60, 0x01, 0xC0, 0xFF, 0xFE,
    0x00, 0x00, 0xFF, 0xE1, 0x80, 0xC3, 0x01, 0x86, 0x03, 0x0F, 0xFE, 0x0F, 0xF8, 0x3F, 0xFC, 0x7F,
    0xF0, 0x31, 0x80, 0x63, 0x00, 0xC6, 0x07, 0xFF, 0x00, 0x60, 0x01, 0xC0, 0xFF, 0xFE, 0x20, 0x00,
    0xC0, 0x61, 0xFF, 0xC3, 0x01, 0x86, 0x03, 0x0F, 0xFE, 0x00, 0x00, 0x3F, 0xFC, 0x7F, 0xF0, 0x31,
    0x80, 0x63, 0x00, 0xC6, 0x07, 0xFF, 0x00, 0x60, 0x01, 0xC0, 0xFF, 0xFE, 0x00, 0x00, 0x06, 0x00,
    0x1C, 0x00, 0x3C, 0x01, 0xDC, 0x0F, 0x1F, 0x18, 0x0C, 0x3F, 0xFC, 0x7F, 0xF0, 0x31, 0x80, 0x63,
    0x00, 0xC6, 0x07, 0xFF, 0x00, 0x60, 0x01, 0xC0, 0xFF, 0xFE, 0x00, 0x00, 0x3F, 0xC0, 0xF7, 0xC3,
    0x01, 0x86, 0x03, 0x07, 0x9E, 0x07, 0xF8, 0x00, 0x18, 0x00, 0x31, 0xFF, 0x61, 0xDC, 0xC3, 0xB9,
    0x87, 0x73, 0x0E, 0xE6, 0x1D, 0xCF, 0x7F, 0xDE, 0x18, 0x30, 0x30, 0x60, 0x7E, 0xCF, 0xFD, 0x8E,
    0x03, 0x00, 0x06, 0x00, 0x0C, 0x00, 0x18, 0x00, 0x18, 0x00, 0x31, 0xFF, 0x60, 0xD8, 0xC1, 0xB1,
    0x83, 0x73, 0xDF, 0xF7, 0x07, 0x0C, 0x0F, 0xF9, 0xFF, 0xF0, 0x00, 0x60, 0x7F, 0x81, 0xEF, 0x87,
    0x03, 0x0E, 0x06, 0x0F, 0x7C, 0x0F, 0xF0, 0x00, 0x18, 0x00, 0x67, 0xFF, 0x86, 0x66, 0x19, 0x98,
    0x66, 0x61, 0x99, 0x86, 0x66, 0x7F, 0xF8, 0x18, 0x60, 0x61, 0x81, 0xFE, 0x7F, 0xF9, 0xC0, 0x60,
    0x01, 0x80, 0x06, 0x00, 0x18, 0x00, 0x08, 0x00, 0x77, 0xFD, 0xC6, 0xE7, 0x1B, 0x9C, 0x6E, 0x77,
    0xFD, 0xC1, 0x87, 0x06, 0x1D, 0xFF, 0xF7, 0xFF, 0xC0, 0x07, 0x18, 0x1C, 0x60, 0x01, 0x80, 0x07,
    0xFF, 0x0F, 0xF8, 0x3F, 0xFC, 0x7F, 0xF0, 0x31, 0x80, 0x63, 0x00, 0xC6, 0x01, 0x8C, 0x03, 0x18,
    0x1F, 0xFE, 0x0C, 0x60, 0x18, 0xC0, 0x31, 0x80, 0x63, 0x0F, 0xFF, 0xE0, 0x3F, 0xFC, 0x7F, 0xF0,
    0x31, 0x80, 0x63, 0x00, 0xC6, 0x07, 0xFF, 0x03, 0x18, 0x06, 0x30, 0xFF, 0xFE, 0x00, 0x00, 0xC0,
    0x01, 0x80, 0x03, 0x00, 0x06, 0x00, 0x0F, 0xFE, 0x0F, 0xFC, 0x00, 0x00, 0x7F, 0xF8, 0x31, 0x80,
    0x63, 0x00, 0xC6, 0x07, 0xFF, 0x03, 0x18, 0x06, 0x30, 0xFF, 0xFE, 0x00, 0x00, 0xFF, 0xE0, 0x00,
    0xC0, 0x01, 0x87, 0xFF, 0x0C, 0x00, 0x1F, 0xFE, 0x00, 0x00, 0x00, 0x00, 0x7F, 0xF8, 0x31, 0x80,
    0x63, 0x00, 0xC6, 0x07, 0xFF, 0x03, 0x18, 0x06, 0x30, 0x0C, 0x61, 0xFF, 0xFC, 0x40, 0x61, 0x80,
    0xC3, 0xFF, 0x86, 0x03, 0x0C, 0x06, 0x1F, 0xFC, 0x00, 0x00, 0x3F, 0xFC, 0x7F, 0xF0, 0x31, 0x80,
    0x63, 0x00, 0xC6, 0x07, 0xFF, 0x03, 0x18, 0x06, 0x30, 0xFF, 0xFE, 0x00, 0x00, 0x06, 0x00, 0x1C,
    0x00, 0x7C, 0x01, 0xDC, 0x0F, 0x1F, 0x18, 0x0C, 0x3F, 0xFC, 0x7F, 0xF0, 0x31, 0x80, 0x63, 0x00,
    0xC6, 0x01, 0x8C, 0x0F, 0xFE, 0x00, 0x00, 0x00, 0x01, 0xFF, 0xFD, 0xFF, 0xF0, 0x0C, 0x00, 0x18,
    0x00, 0x30, 0x00, 0x60, 0x00, 0xC0, 0x3F, 0xFC, 0x7F, 0xF0, 0x31, 0x80, 0x63, 0x00, 0xC6, 0x07,
    0xFF, 0x00, 0x00, 0x00, 0x00, 0xFF, 0xFE, 0x03, 0x00, 0x0E, 0x01, 0xFF, 0xC0, 0x01, 0x80, 0x03,
    0x00, 0x06, 0x00, 0x0C, 0x3F, 0xFC, 0x18, 0xC0, 0x31, 0x80, 0x63, 0x00, 0xC6, 0x07, 0xFF, 0x00,
    0x00, 0x00, 0x00, 0xFF, 0xFE, 0xFF, 0xF8, 0xC6, 0x01, 0x8C, 0x03, 0x10, 0x06, 0x00, 0x0F, 0xFE,
    0x0F, 0xFC, 0x3F, 0xFC, 0x7F, 0xF0, 0x31, 0x80, 0x63, 0x00, 0xC6, 0x07, 0xFF, 0x00, 0x00, 0x00,
    0x00, 0xFF, 0xFE, 0x03, 0x00, 0x0E, 0x01, 0xFF, 0xC3, 0x00, 0x06, 0x00, 0x0F, 0xFE, 0x0F, 0xFC,
    0x00, 0x00, 0x7F, 0xF8, 0x31, 0x80, 0x63, 0x00, 0xC6, 0x07, 0xFF, 0x00, 0x00, 0x00, 0x00, 0xFF,
    0xFE, 0x03, 0x00, 0xFF, 0xE0, 0x00, 0xC0, 0x01, 0x87, 0xFF, 0x0C, 0x00, 0x1F, 0xFE, 0x00, 0x00,
    0x3F, 0xFC, 0x18, 0xC0, 0x31, 0x80, 0x63, 0x03, 0xFF, 0x80, 0x00, 0x00, 0x00, 0x7F, 0xFF, 0x01,
    0x80, 0x7F, 0xF0, 0x1B, 0x60, 0x36, 0xC3, 0xED, 0x86, 0x1B, 0x0C, 0xFE, 0x1F, 0x80, 0x3F, 0xFC,
    0x7F, 0xF0, 0x31, 0x80, 0x63, 0x00, 0xC6, 0x07, 0xFF, 0x00, 0x00, 0x7F, 0xFF, 0x03, 0x80, 0x03,
    0x00, 0x0E, 0x01, 0xFF, 0xC3, 0x01, 0x86, 0x03, 0x0F, 0xFE, 0x0F, 0xF8, 0x3F, 0xFC, 0x7F, 0xF0,
    0x31, 0x80, 0x63, 0x03, 0xFF, 0x80, 0x00, 0x00, 0x00, 0x7F, 0xFF, 0x7F, 0xFC, 0x63, 0x30, 0xC0,
    0x61, 0xFF, 0xC3, 0x01, 0x86, 0x03, 0x0F, 0xFE, 0x00, 0x00, 0x3F, 0xFC, 0x7F, 0xF0, 0x31, 0x80,
    0x63, 0x00, 0xC6, 0x07, 0xFF, 0x00, 0x00, 0x7F, 0xFF, 0x7F, 0xFC, 0x03, 0x00, 0x04, 0x00, 0x1C,
    0x00, 0x38, 0x01, 0xFC, 0x0F, 0x1F, 0x18, 0x0C, 0x3F, 0xFC, 0x7F, 0xF0, 0x31, 0x80, 0x63, 0x00,
    0xC6, 0x07, 0xFF, 0x00, 0x00, 0x7F, 0xFF, 0x03, 0x80, 0x03, 0x00, 0x3F, 0xC0, 0xF7, 0xC3, 0x01,
    0x86, 0x03, 0x07, 0x9E, 0x07, 0xF8, 0x00, 0x08, 0x00, 0x77, 0xFD, 0xC6, 0x67, 0x19, 0x9C, 0x66,
    0x71, 0x99, 0xDF, 0xF7, 0x00, 0x1C, 0x0F, 0xFF, 0xFF, 0xC1, 0x87, 0x06, 0xFC, 0x18, 0x70, 0x61,
    0xC1, 0x87, 0x04, 0x0C, 0x00, 0x09, 0xFF, 0x71, 0xB9, 0xC6, 0x67, 0x19, 0x9D, 0xFF, 0x70, 0x01,
    0xC0, 0xFF, 0x7F, 0xFC, 0x30, 0x70, 0xCF, 0xC0, 0x07, 0x0F, 0xF0, 0x78, 0xE1, 0x81, 0xC7, 0x8E,
    0x0F, 0xF0, 0x00, 0x08, 0x00, 0x77, 0xFD, 0xC6, 0x67, 0x19, 0x9C, 0x66, 0x71, 0x99, 0xDF, 0xF7,
    0x00, 0x1C, 0x0F, 0xF7, 0xFF, 0xC1, 0x87, 0x06, 0x1C, 0x18, 0x70, 0x61, 0xC1, 0x87, 0x06, 0x1C,
    0x00, 0x08, 0x00, 0x77, 0xFD, 0xC6, 0x67, 0x19, 0x9C, 0x66, 0x77, 0xFD, 0xC0, 0x07, 0x03, 0xFF,
    0xFF, 0xF6, 0x61, 0xC1, 0x87, 0x1E, 0x18, 0x60, 0x01, 0x80, 0x07, 0xFF, 0x1F, 0xF8, 0x00, 0x19,
    0xFF, 0x71, 0x99, 0xC6, 0x67, 0x19, 0x9C, 0xFF, 0x70, 0x01, 0xC0, 0xFF, 0x7F, 0xFC, 0x18, 0x61,
    0xFF, 0xC0, 0x07, 0x00, 0x1C, 0x7F, 0xF1, 0x80, 0x07, 0xFF, 0x00, 0x00, 0x00, 0x19, 0xFF, 0x71,
    0x99, 0xC6, 0x67, 0x19, 0x9C, 0x66, 0x77, 0xFD, 0xC0, 0x3F, 0xFF, 0xFD, 0x18, 0x70, 0x60, 0x87,
    0xFF, 0x18, 0x1C, 0x60, 0x71, 0x81, 0xC7, 0xFF, 0x0F, 0xF8, 0x00, 0x18, 0xFF, 0xB8, 0x66, 0x70,
    0xCC, 0xE1, 0x99, 0xC3, 0x33, 0x9F, 0xF7, 0x00, 0x0E, 0x1F, 0xFD, 0xFF, 0xF8, 0x18, 0x70, 0x36,
    0xE0, 0x1D, 0x80, 0x7C, 0x01, 0xDC, 0x0F, 0x1E, 0x18, 0x0C, 0x3F, 0xFC, 0x7F, 0xF0, 0x31, 0x80,
    0x63, 0x00, 0xC6, 0x01, 0x8C, 0x0F, 0xFE, 0x0F, 0xFC, 0x00, 0x01, 0xFF, 0xFD, 0xFF, 0xF0, 0x63,
    0x00, 0xC6, 0x01, 0x8C, 0x03, 0x18, 0x06, 0x30, 0x3F, 0xFC, 0x18, 0xC0, 0x31, 0x80, 0x63, 0x00,
    0xC6, 0x07, 0xFF, 0x00, 0x00, 0x00, 0x00, 0xFF, 0xFE, 0x0C, 0xC0, 0x19, 0x81, 0xB3, 0x03, 0x02,
    0x06, 0x00, 0x0F, 0xFE, 0x0F, 0xFC, 0x00, 0x00, 0x7F, 0xF8, 0x31, 0x80, 0x63, 0x00, 0xC6, 0x07,
    0xFF, 0x00, 0x00, 0x00, 0x00, 0xFF, 0xFE, 0x18, 0xC0, 0xFF, 0xE0, 0x00, 0xC0, 0x01, 0x87, 0xFF,
    0x0C, 0x00, 0x1F, 0xFE, 0x00, 0x00, 0x3F, 0xFC, 0x7F, 0xF0, 0x31, 0x80, 0x63, 0x00, 0xC6, 0x07,
    0xFF, 0x00, 0x00, 0x7F, 0xFF, 0x7F, 0xFC, 0x18, 0xC0, 0x31, 0x81, 0xFF, 0xC3, 0x01, 0x86, 0x03,
    0x0F, 0xFE, 0x00, 0x00, 0x3F, 0xFC, 0x18, 0xC0, 0x31, 0x80, 0x63, 0x00, 0xC6, 0x07, 0xFF, 0x00,
    0x00, 0x00, 0x00, 0xFF, 0xFE, 0x38, 0x60, 0x76, 0xC0, 0x1C, 0x00, 0x3C, 0x01, 0xDC, 0x0F, 0x1F,
    0x18, 0x0C, 0x3F, 0xFC, 0x7F, 0xF0, 0x31, 0x80, 0x63, 0x00, 0xC6, 0x07, 0xFF, 0x00, 0x00, 0x7F,
    0xFF, 0x0C, 0x70, 0x18, 0xC0, 0x3F, 0xC0, 0xF7, 0xC3, 0x01, 0x86, 0x03, 0x07, 0x9E, 0x07, 0xF8,
    0x3F, 0xFC, 0x7F, 0xF0, 0x31, 0x80, 0x63, 0x00, 0xC6, 0x01, 0x8C, 0x03, 0x18, 0x1F, 0xFE, 0x00,
    0x00, 0x00, 0x00, 0x00, 0x03, 0xFF, 0xEF, 0xFF, 0xE0, 0x3F, 0xFC, 0x18, 0xC0, 0x31, 0x80, 0x63,
    0x00, 0xC6, 0x07, 0xFF, 0x00, 0x00, 0x00, 0x00, 0xFF, 0xFE, 0x00, 0x00, 0xC0, 0x01, 0x80, 0x03,
    0x00, 0x06, 0x00, 0x0F, 0xFE, 0x0F, 0xFC, 0x3F, 0xFC, 0x18, 0xC0, 0x31, 0x80, 0x63, 0x03, 0xFF,
    0x80, 0x00, 0x00, 0x00, 0x7F, 0xFF, 0x00, 0x00, 0x7F, 0xF0, 0x00, 0x60, 0x00, 0xC3, 0xFF, 0x86,
    0x00, 0x0F, 0xFF, 0x00, 0x00, 0x3F, 0xFC, 0x7F, 0xF0, 0x31, 0x80, 0x63, 0x00, 0xC6, 0x07, 0xFF,
    0x00, 0x00, 0x00, 0x00, 0xFF, 0xFE, 0x00, 0x00, 0xFF, 0xE1, 0x80, 0xC3, 0x01, 0x86, 0x03, 0x0F,
    0xFE, 0x0F, 0xF8, 0x3F, 0xFC, 0x7F, 0xF0, 0x31, 0x80, 0x63, 0x00, 0xC6, 0x07, 0xFF, 0x00, 0x00,
    0x7F, 0xFF, 0x00, 0x00, 0x60, 0x30, 0xC0, 0x61, 0xFF, 0xC3, 0x01, 0x86, 0x03, 0x0F, 0xFE, 0x00,
    0x00, 0x3F, 0xFC, 0x18, 0xC0, 0x31, 0x80, 0x63, 0x00, 0xC6, 0x07, 0xFF, 0x00, 0x00, 0x00, 0x00,
    0xFF, 0xFE, 0x00, 0x00, 0x06, 0x00, 0x1C, 0x00, 0x3C, 0x01, 0xDC, 0x0F, 0x1F, 0x18, 0x0C, 0x00,
    0x08, 0x00, 0x77, 0xFD, 0xCF, 0xE7, 0x3B, 0x1C, 0xEC, 0x73, 0xB1, 0xCE, 0xC7, 0x3B, 0x1C, 0xEC,
    0x73, 0xB1, 0xDF, 0xFF, 0x7F, 0xFC, 0x00, 0x70, 0x01, 0xC0, 0x07, 0x00, 0x1C, 0x00, 0x13, 0xF9,
    0xFF, 0xEE, 0x6C, 0x73, 0x63, 0x9B, 0x1C, 0xD8, 0xE6, 0xFF, 0xFF, 0xFF, 0x81, 0xC0, 0x04, 0x7F,
    0xF3, 0xFF, 0x80, 0x1C, 0x00, 0xE0, 0x07, 0x00, 0x38, 0x00, 0x10, 0x01, 0xFF, 0xEE, 0xFE, 0x73,
    0x63, 0x9B, 0x1C, 0xD8, 0xE6, 0xC7, 0xFF, 0xFF, 0xFF, 0xC0, 0x0E, 0x60, 0x73, 0x01, 0x18, 0x00,
    0xC0, 0x07, 0xFF, 0x1F, 0xF0, 0x00, 0x10, 0x01, 0xFF, 0xEE, 0x6C, 0x73, 0x63, 0x9B, 0x1C, 0xDF,
    0xFF, 0xFF, 0x00, 0x38, 0x00, 0x0F, 0xFE, 0x00, 0x70, 0x03, 0x9F, 0xFC, 0xC0, 0x07, 0xFF, 0x00,
    0x00, 0x00, 0x10, 0x01, 0xFF, 0xEE, 0x6C, 0x73, 0x63, 0x9B, 0x1C, 0xD8, 0xFF, 0xFF, 0xFF, 0xF8,
    0x01, 0xC0, 0x00, 0x7F, 0xF3, 0x03, 0x98, 0x1C, 0xC0, 0xE7, 0xFF, 0x1F, 0xF0, 0x00, 0x10, 0x01,
    0xFF, 0xEE, 0x6C, 0x73, 0x63, 0x9B, 0x1C, 0xD8, 0xFF, 0xFF, 0xFF, 0xF8, 0x00, 0x8C, 0x0E, 0x60,
    0x73, 0xFF, 0x98, 0x1C, 0xC0, 0xE7, 0xFF, 0x1F, 0xF0, 0x00, 0x10, 0x00, 0xEF, 0xFB, 0x8D, 0x8E,
    0x36, 0x38, 0xD8, 0xE3, 0x63, 0x8D, 0xFE, 0xFF, 0xFB, 0x80, 0xE0, 0x33, 0x80, 0xE4, 0x03, 0x80,
    0x1F, 0x01, 0xEE, 0x1F, 0x1E, 0x30, 0x18, 0x00, 0x10, 0x01, 0xFF, 0xEE, 0x6C, 0x73, 0x63, 0x9B,
    0x1C, 0xD8, 0xE6, 0xFF, 0xFF, 0xFF, 0x01, 0xC0, 0x04, 0x3F, 0xC3, 0xC7, 0x18, 0x1C, 0xC0, 0xE7,
    0xDE, 0x1F, 0xE0, 0x0C, 0x18, 0x18, 0x30, 0x30, 0x67, 0xFE, 0xC7, 0xF9, 0x80, 0x03, 0x07, 0xC6,
    0x1D, 0xCF, 0x71, 0x9E, 0xC3, 0x31, 0x86, 0x61, 0xFC, 0xC1, 0xF1, 0x80, 0x03, 0x00, 0x06, 0x00,
    0x0C, 0x00, 0x18, 0x0C, 0x18, 0x18, 0x33, 0xFF, 0x60, 0x00, 0xC1, 0xF1, 0x87, 0x73, 0xDC, 0x67,
    0x38, 0xCC, 0x3B, 0x98, 0x7E, 0x30, 0x00, 0x60, 0x00, 0x03, 0xFF, 0x80, 0x03, 0x00, 0x06, 0x00,
    0x0C, 0x00, 0x18, 0x0C, 0x18, 0x18, 0x33, 0xFF, 0x60, 0x00, 0xC3, 0xF1, 0xC7, 0x73, 0xDC, 0x66,
    0x38, 0xCC, 0x3B, 0x98, 0x3E, 0x30, 0x00, 0x60, 0xC0, 0xC1, 0x80, 0x03, 0x00, 0x07, 0xFF, 0x07,
    0xFC, 0x0C, 0x18, 0x18, 0x33, 0xFF, 0x60, 0x00, 0xC3, 0xF1, 0xE7, 0x73, 0x98, 0x66, 0x1D, 0xCC,
    0x3F, 0x18, 0x00, 0x30, 0x7F, 0xE0, 0x00, 0xC0, 0x01, 0x83, 0xFF, 0x06, 0x00, 0x0F, 0xFC, 0x00,
    0x00, 0x0C, 0x18, 0x18, 0x33, 0xFF, 0x60, 0x00, 0xC3, 0xF1, 0xC7, 0x73, 0xD8, 0x66, 0x1D, 0xCC,
    0x3F, 0x18, 0x00, 0x30, 0xFF, 0xE0, 0x3E, 0x00, 0x7C, 0x07, 0xFF, 0x0C, 0x70, 0x19, 0xFC, 0x3F,
    0x00, 0x0C, 0x18, 0x18, 0x33, 0xFF, 0x60, 0x00, 0xC1, 0xF1, 0xC7, 0x73, 0xDC, 0x66, 0x38, 0xCC,
    0x3B, 0x98, 0x3E, 0x30, 0x00, 0x60, 0xFF, 0xC1, 0x81, 0x83, 0x03, 0x06, 0x06, 0x0F, 0xFC, 0x1F,
    0xF0, 0x0C, 0x18, 0x18, 0x33, 0xFF, 0x60, 0x00, 0xC1, 0xF1, 0xC7, 0x73, 0xDC, 0x66, 0x38, 0xCC,
    0x3B, 0x98, 0x3E, 0x30, 0x60, 0x60, 0xC0, 0xC1, 0xFF, 0x83, 0x03, 0x06, 0x06, 0x0F, 0xFC, 0x00,
    0x00, 0x0C, 0x18, 0x18, 0x33, 0xFF, 0x60, 0x00, 0xC1, 0xF1, 0x87, 0xF3, 0xDC, 0x67, 0xB8, 0xCC,
    0x3B, 0x98, 0x7E, 0x30, 0x00, 0x60, 0x0C, 0xC0, 0x18, 0x00, 0x78, 0x03, 0xFC, 0x1E, 0x1E, 0x38,
    0x1C, 0x0C, 0x18, 0x18, 0x33, 0xFF, 0x60, 0x00, 0xC1, 0xF1, 0x87, 0x73, 0xDC, 0x67, 0xB8, 0xCC,
    0x3B, 0x98, 0x7E, 0x30, 0x00, 0x60, 0x7F, 0x81, 0xEF, 0x83, 0x03, 0x06, 0x06, 0x0F, 0x3C, 0x0F,
    0xF0, 0x00, 0x0C, 0x71, 0xB1, 0xC6, 0xFF, 0xFB, 0x7F, 0x6C, 0x01, 0xB3, 0xE6, 0xCD, 0xDB, 0x63,
    0x7D, 0x8D, 0xB6, 0x36, 0xDF, 0xDB, 0x3E, 0x6C, 0x01, 0xB0, 0x06, 0xC0, 0x1B, 0x00, 0x0C, 0x00,
    0x0C, 0x31, 0xBF, 0xFE, 0xC0, 0x1B, 0x1E, 0x6C, 0xF9, 0xF6, 0x37, 0xD8, 0xDB, 0x77, 0x6C, 0xF9,
    0xB0, 0x06, 0xC0, 0x00, 0x1F, 0xFC, 0x00, 0x30, 0x00, 0xC0, 0x03, 0x00, 0x0C, 0x00, 0x0C, 0x31,
    0xB1, 0xC6, 0xFF, 0xFB, 0x00, 0x6C, 0xF9, 0xF7, 0x77, 0xD8, 0xDB, 0x77, 0x6C, 0xF9, 0xB0, 0x06,
    0xC6, 0x1B, 0x18, 0x0C, 0x60, 0x01, 0x80, 0x07, 0xFF, 0x0F, 0xFC, 0x0C, 0x4C, 0x18, 0xDB, 0xFF,
    0xB0, 0x03, 0x63, 0xE6, 0xCE, 0xEF, 0x98, 0xDB, 0x3B, 0xB6, 0x3E, 0x6C, 0x00, 0x10, 0x7F, 0xF0,
    0x00, 0x60, 0x00, 0xC3, 0xFF, 0x86, 0x00, 0x0F, 0xFE, 0x00, 0x00, 0x0C, 0x6C, 0x31, 0xBF, 0xFE,
    0xC0, 0x1B, 0x3E, 0x6D, 0xDD, 0xF6, 0x37, 0xD8, 0xDB, 0x77, 0x6C, 0xF9, 0xB0, 0x04, 0xC7, 0xFF,
    0x18, 0x0C, 0x60, 0x31, 0x80, 0xC7, 0xFF, 0x0F, 0xF8, 0x0C, 0x6C, 0x31, 0xBF, 0xFE, 0xC0, 0x1B,
    0x3E, 0x6D, 0xDD, 0xF6, 0x36, 0xD8, 0xDB, 0x77, 0x6C, 0xF9, 0xB0, 0x84, 0xC6, 0x03, 0x1F, 0xFC,
    0x60, 0x31, 0x80, 0xC7, 0xFF, 0x00, 0x00, 0x00, 0x0C, 0x18, 0xD8, 0x71, 0xB7, 0xFF, 0x60, 0x06,
    0xC7, 0xCF, 0x9D, 0xDF, 0x31, 0xB6, 0x77, 0x6C, 0x7C, 0xD8, 0x01, 0x30, 0x0E, 0x60, 0x1C, 0x00,
    0x7C, 0x01, 0xDC, 0x1F, 0x1F, 0x18, 0x0C, 0x0C, 0x6C, 0x18, 0xDB, 0xFF, 0xB0, 0x03, 0x63, 0xE6,
    0xCE, 0xEF, 0x98, 0xDF, 0x31, 0xB6, 0x77, 0x6C, 0x7C, 0xD8, 0x01, 0x30, 0x71, 0x80, 0xE3, 0x01,
    0xCF, 0x07, 0xDF, 0x1D, 0xE7, 0x21, 0x86, 0x00, 0x6C, 0x31, 0xBF, 0xFE, 0xC0, 0x1B, 0x3E, 0x6D,
    0xDD, 0xF6, 0x36, 0xD8, 0xDB, 0x77, 0x6C, 0xF9, 0xB0, 0x04, 0xC1, 0xFE, 0x0F, 0x7C, 0x60, 0x31,
    0x80, 0xC3, 0xDF, 0x07, 0xF8, 0x0C, 0x18, 0x18, 0x30, 0x30, 0x67, 0xFE, 0xC7, 0xF9, 0xE0, 0x03,
    0xC7, 0xC6, 0x1D, 0xCC, 0x71, 0x98, 0xC3, 0x39, 0x86, 0x79, 0xFC, 0xC1, 0xF1, 0x80, 0x03, 0x00,
    0x06, 0x00, 0x0C, 0x00, 0x18, 0x0C, 0x18, 0x18, 0x33, 0xFF, 0x60, 0x00, 0xF1, 0xF1, 0xC7, 0x73,
    0x1C, 0x67, 0x30, 0xCF, 0x3B, 0x98, 0x7E, 0x30, 0x00, 0x60, 0x7F, 0x81, 0xEF, 0x83, 0x03, 0x06,
    0x06, 0x0F, 0x3C, 0x0F, 0xF0, 0x0C, 0x0C, 0x30, 0x70, 0xC1, 0xFF, 0xF7, 0x7F, 0x9C, 0x00, 0x71,
    0xF1, 0xCE, 0xCF, 0x31, 0xFD, 0x86, 0x73, 0x19, 0xCF, 0xE7, 0x1F, 0x1C, 0x00, 0x70, 0x01, 0xC0,
    0x07, 0x00, 0x0C, 0x0C, 0x0C, 0x30, 0x7F, 0xFD, 0xC0, 0x07, 0x1F, 0x1C, 0xFE, 0xF3, 0x1F, 0xD8,
    0x67, 0x3B, 0x9C, 0xFC, 0x70, 0x00, 0xC0, 0x00, 0x1F, 0xFC, 0x00, 0x70, 0x01, 0xC0, 0x07, 0x00,
    0x0C, 0x0C, 0x1C, 0x30, 0x7F, 0xFD, 0xC0, 0x07, 0x3F, 0x1C, 0xEE, 0xF7, 0x1F, 0xDC, 0x67, 0x3F,
    0x9C, 0x7C, 0x70, 0x01, 0xC6, 0x07, 0x18, 0x00, 0x60, 0x01, 0xFF, 0xC3, 0xFE, 0x0C, 0x08, 0x30,
    0x7F, 0xFD, 0xC0, 0x07, 0x3F, 0x1C, 0xEF, 0xF6, 0x19, 0xCE, 0xE7, 0x3F, 0x1C, 0x00, 0x21, 0xFF,
    0xC0, 0x07, 0x00, 0x1C, 0x7F, 0xF1, 0x80, 0x07, 0xFF, 0x00, 0x00, 0x0C, 0x08, 0x30, 0x7F, 0xFD,
    0xC0, 0x07, 0x3F, 0x1C, 0xEF, 0xF6, 0x19, 0xCE, 0xE7, 0x3F, 0x1C, 0x00, 0x33, 0xFF, 0xC0, 0xF3,
    0x03, 0xCC, 0xFF, 0x33, 0x0C, 0xCF, 0xFF, 0x00, 0x00, 0x0C, 0x0C, 0x30, 0x7F, 0xFD, 0xDF, 0xE7,
    0x1F, 0x1C, 0xFE, 0xF7, 0x1F, 0xDC, 0x67, 0x3B, 0x9C, 0x7C, 0x70, 0x00, 0xC7, 0xFF, 0x18, 0x1C,
    0x60, 0x31, 0x80, 0xC7, 0xFF, 0x0F, 0xF8, 0x0C, 0x0C, 0x30, 0x7F, 0xFD, 0xC0, 0x07, 0x1F, 0x1C,
    0xEE, 0xF7, 0x1F, 0xDC, 0x67, 0x3B, 0x9C, 0x7C, 0x71, 0x80, 0xC6, 0x07, 0x1F, 0xFC, 0x60, 0x71,
    0x81, 0xC7, 0xFF, 0x00, 0x00, 0x0C, 0x0C, 0x18, 0x3B, 0xFF, 0x70, 0x00, 0xE1, 0xF1, 0xC7, 0xF7,
    0x8C, 0x7F, 0x30, 0xCE, 0x3B, 0x9C, 0x7E, 0x38, 0x02, 0x70, 0x0E, 0x60, 0x1C, 0x00, 0x7C, 0x03,
    0xDC, 0x1F, 0x1E, 0x18, 0x0C, 0x0C, 0x0C, 0x30, 0x7F, 0xFD, 0xC0, 0x07, 0x1F, 0x1C, 0xFE, 0x77,
    0x1F, 0xDC, 0x67, 0x3B, 0x9C, 0x7C, 0x70, 0x01, 0xC3, 0xFC, 0x1F, 0x78, 0x60, 0x71, 0x81, 0xC7,
    0xDE, 0x0F, 0xF0, 0x00, 0x0C, 0x71, 0xB1, 0xC6, 0xFF, 0xFB, 0x7F, 0x6C, 0x01, 0xB3, 0xEE, 0xDD,
    0xFB, 0x63, 0x6D, 0x8D, 0xB6, 0x36, 0xCF, 0x9B, 0x3E, 0x6C, 0x01, 0xB0, 0x06, 0xC0, 0x1B, 0x00,
    0x0C, 0x00, 0x4C, 0x71, 0xBF, 0xFE, 0xC0, 0x1B, 0x3E, 0x6D, 0xDF, 0xB6, 0x3E, 0xD8, 0xDB, 0x77,
    0x6C, 0xF9, 0xB0, 0x06, 0xC0, 0x00, 0x1F, 0xFC, 0x00, 0x30, 0x00, 0xC0, 0x03, 0x00, 0x0C, 0x00,
    0x0C, 0x71, 0xB1, 0xC6, 0xFF, 0xFB, 0x00, 0x6C, 0xF9, 0xB7, 0x7E, 0xD8, 0xDB, 0x77, 0x6C, 0xF9,
    0xB0, 0x06, 0xC2, 0x1B, 0x18, 0x6C, 0x60, 0x01, 0x80, 0x07, 0xFF, 0x0F, 0xFC, 0x08, 0x6C, 0x38,
    0xDB, 0xFF, 0xB0, 0x03, 0x63, 0xE6, 0xCE, 0xFD, 0x98, 0xDB, 0x3B, 0xB6, 0x3E, 0x6C, 0x00, 0x58,
    0x7F, 0xF0, 0x00, 0x60, 0x00, 0xC3, 0xFF, 0x86, 0x00, 0x0F, 0xFE, 0x00, 0x00, 0x08, 0x6C, 0x71,
    0xBF, 0xFE, 0xC0, 0x1B, 0x3E, 0x6D, 0xDF, 0xB6, 0x3E, 0xD8, 0xDB, 0x77, 0x6C, 0xF9, 0xB0, 0x00,
    0xC7, 0xFF, 0x1C, 0x0C, 0x60, 0x31, 0x80, 0xC7, 0xFF, 0x00, 0x00, 0x08, 0x6C, 0x71, 0xBF, 0xFE,
    0xC0, 0x1B, 0x3E, 0x6D, 0xDF, 0xB6, 0x3E, 0xD8, 0xDB, 0x77, 0x6C, 0xF9, 0xB0, 0x80, 0xC6, 0x03,
    0x1F, 0xFC, 0x60, 0x31, 0x80, 0xC7, 0xFF, 0x00, 0x00, 0x00, 0x0C, 0x38, 0xD8, 0x71, 0xB7, 0xFF,
    0x60, 0x06, 0xC7, 0xCD, 0x9D, 0xFB, 0x31, 0xB6, 0x77, 0x6C, 0x7C, 0xD8, 0x01, 0xB0, 0x0E, 0x60,
    0x1C, 0x00, 0x7C, 0x01, 0xDC, 0x1F, 0x1F, 0x18, 0x0C, 0x00, 0x4C, 0x71, 0xBF, 0xFE, 0xC0, 0x1B,
    0x3E, 0x6D, 0xDF, 0xB6, 0x3E, 0xD8, 0xDB, 0x77, 0x6C, 0xF9, 0xB0, 0x00, 0xC1, 0xFE, 0x0F, 0x7C,
    0x60, 0x31, 0x80, 0xC3, 0xCF, 0x07, 0xF8, 0x0C, 0x0C, 0x30, 0x70, 0xC1, 0xFF, 0xF7, 0x7F, 0x9C,
    0x00, 0xF1, 0xF7, 0xCE, 0xE7, 0x31, 0x9D, 0x86, 0x73, 0x1F, 0xCF, 0xEF, 0x1F, 0x1C, 0x00, 0x70,
    0x01, 0xC0, 0x07, 0x00, 0x0C, 0x0C, 0x0C, 0x30, 0x7F, 0xFD, 0xC0, 0x07, 0x1F, 0x1C, 0xFD, 0xF7,
    0x19, 0xD8, 0x7F, 0x33, 0xBC, 0xFC, 0x70, 0x00, 0xC0, 0x00, 0x1F, 0xFC, 0x00, 0x70, 0x01, 0xC0,
    0x07, 0x00, 0x0C, 0x00, 0x08, 0x30, 0x70, 0xC1, 0xFF, 0xF7, 0x00, 0x1C, 0xFD, 0xF3, 0x39, 0xD8,
    0x67, 0x71, 0xFC, 0xFC, 0x71, 0xF1, 0xC0, 0x07, 0x18, 0x1C, 0x60, 0x01, 0x80, 0x07, 0xFF, 0x0F,
    0xF8, 0x0C, 0x08, 0x30, 0x7F, 0xFD, 0xC0, 0x07, 0x3F, 0x7C, 0xEE, 0x76, 0x19, 0xCC, 0xFF, 0x3F,
    0x1C, 0x30, 0x21, 0xFF, 0xC0, 0x07, 0x00, 0x1C, 0x7F, 0xF1, 0x80, 0x07, 0xFF, 0x00, 0x00, 0x0C,
    0x0C, 0x30, 0x7F, 0xFD, 0xDF, 0xE7, 0x1F, 0x7C, 0xFE, 0x77, 0x19, 0xD8, 0x67, 0x33, 0xFC, 0xFC,
    0x70, 0x00, 0xC7, 0xFF, 0x18, 0x1C, 0x60, 0x31, 0x80, 0xC7, 0xFF, 0x0F, 0xF8, 0x0C, 0x0C, 0x30,
    0x7F, 0xFD, 0xC0, 0x07, 0x1F, 0x7C, 0xFE, 0xF6, 0x19, 0xD8, 0x67, 0x3B, 0xFC, 0xFC, 0x70, 0x00,
    0x86, 0x03, 0x18, 0x1C, 0x7F, 0xF1, 0x81, 0xC7, 0xFF, 0x00, 0x00, 0x0C, 0x0C, 0x18, 0x3B, 0xFF,
    0x70, 0x00, 0xE1, 0xF1, 0xC7, 0xEF, 0x9C, 0x67, 0x30, 0xFE, 0x33, 0xBC, 0x7E, 0x38, 0x02, 0x70,
    0x0E, 0xE0, 0x1C, 0x00, 0x7C, 0x03, 0xDC, 0x1F, 0x1E, 0x18, 0x0C, 0x0C, 0x0C, 0x18, 0x3B, 0xFF,
    0x70, 0x00, 0xE1, 0xF7, 0xC7, 0xE7, 0x9C, 0x67, 0x30, 0xCE, 0x71, 0xFC, 0x7E, 0x38, 0x7C, 0x70,
    0x61, 0x80, 0xE3, 0x01, 0xCF, 0x07, 0xDE, 0x1D, 0xE7, 0x21, 0x84, 0x0C, 0x0C, 0x30, 0x7F, 0xFD,
    0xC0, 0x07, 0x1F, 0x7C, 0xFC, 0xF7, 0x19, 0xD8, 0x67, 0x33, 0xFC, 0xFC, 0x70, 0x01, 0xC3, 0xFE,
    0x1F, 0x78, 0x60, 0x71, 0x81, 0xC7, 0xDE, 0x0F, 0xF0, 0x00, 0x2C, 0x71, 0xB1, 0xC6, 0xFF, 0xFB,
    0x7F, 0x6C, 0x01, 0xB3, 0xFE, 0xDD, 0xFB, 0x63, 0x6D, 0x8D, 0xB6, 0x3E, 0xDF, 0x9B, 0x3E, 0x6C,
    0x01, 0xB0, 0x06, 0xC0, 0x1B, 0x00, 0x0C, 0x00, 0x0C, 0x71, 0xB1, 0xC6, 0xFF, 0xFB, 0x00, 0x6C,
    0xFF, 0xB7, 0x7E, 0xD8, 0xDB, 0x63, 0xED, 0xFF, 0xB3, 0xC6, 0xC2, 0x1B, 0x18, 0x6C, 0x60, 0x01,
    0x80, 0x07, 0xFF, 0x0F, 0xFC, 0x08, 0x6C, 0x38, 0xDB, 0xFF, 0xB0, 0x03, 0x63, 0xFE, 0xCE, 0xED,
    0x98, 0xDB, 0x31, 0xF6, 0x3E, 0x6C, 0x30, 0xD8, 0x7F, 0xF0, 0x00, 0x60, 0x00, 0xC3, 0xFF, 0x86,
    0x00, 0x0F, 0xFE, 0x00, 0x00, 0x08, 0x6C, 0x71, 0xBF, 0xFE, 0xC0, 0x1B, 0x3E, 0x6D, 0xDF, 0xB6,
    0x36, 0xD8, 0xFB, 0x76, 0x6C, 0xF1, 0xB0, 0x00, 0x06, 0x03, 0x18, 0x0C, 0x7F, 0xF1, 0x80, 0xC7,
    0xFF, 0x00, 0x00, 0x00, 0x00, 0x03, 0x00, 0x0E, 0x03, 0xFF, 0xE0, 0x00, 0x01, 0xFC, 0x07, 0xFC,
    0x1C, 0x0C, 0x38, 0x18, 0x38, 0xF0, 0x3F, 0xC0, 0x0C, 0x00, 0x18, 0x00, 0x70, 0x3F, 0xFF, 0x80,
    0x01, 0x80, 0x03, 0x01, 0xFF, 0xF0, 0x00, 0x01, 0xFF, 0x03, 0x8F, 0x07, 0x0E, 0x0F, 0xF8, 0x01,
    0x80, 0x07, 0x03, 0xFF, 0xF8, 0x00, 0x03, 0xFF, 0x80, 0x03, 0x00, 0x06, 0x00, 0x0C, 0x00, 0x18,
    0x01, 0x80, 0x03, 0x01, 0xFF, 0xF0, 0x00, 0x00, 0xFF, 0x03, 0x8F, 0x0E, 0x06, 0x0E, 0x3C, 0x0F,
    0xF0, 0x03, 0x03, 0xFF, 0xF8, 0x00, 0x03, 0x00, 0x06, 0x00, 0x0C, 0x00, 0x1F, 0xFC, 0x00, 0x00,
    0x01, 0x80, 0x03, 0x01, 0xFF, 0xF0, 0x00, 0x01, 0xFF, 0x03, 0x87, 0x07, 0x1E, 0x0F, 0xF8, 0x01,
    0x81, 0xFF, 0xFC, 0x00, 0x01, 0xFF, 0xC0, 0x01, 0x87, 0xFF, 0x0C, 0x00, 0x18, 0x00, 0x3F, 0xFC,
    0x01, 0x80, 0x03, 0x01, 0xFF, 0xF0, 0x00, 0x01, 0xFF, 0x03, 0x87, 0x07, 0x1E, 0x0F, 0xF8, 0x01,
    0x81, 0xFF, 0xFC, 0x00, 0x01, 0xF7, 0xC0, 0x6C, 0x07, 0xDF, 0x0C, 0x30, 0x19, 0xE0, 0x3F, 0xF8,
    0x01, 0x80, 0x03, 0x01, 0xFF, 0xF0, 0x00, 0x01, 0xFF, 0x03, 0x87, 0x07, 0x0E, 0x0F, 0xF8, 0x01,
    0x80, 0x07, 0x03, 0xFF, 0xF8, 0x00, 0x03, 0xFF, 0x86, 0x03, 0x0C, 0x06, 0x1F, 0xFC, 0x00, 0x00,
    0x01, 0x80, 0x03, 0x01, 0xFF, 0xF0, 0x00, 0x01, 0xFF, 0x03, 0x87, 0x07, 0x1E, 0x0F, 0xF8, 0x01,
    0x81, 0xFF, 0xFC, 0x00, 0x01, 0x80, 0xC3, 0x01, 0x87, 0xFF, 0x0C, 0x06, 0x1F, 0xFC, 0x00, 0x00,
    0x01, 0x80, 0x03, 0x01, 0xFF, 0xF0, 0x00, 0x01, 0xFF, 0x03, 0x8F, 0x07, 0x0E, 0x0F, 0xF8, 0x01,
    0x80, 0x07, 0x03, 0xFF, 0xF8, 0x08, 0x00, 0x38, 0x00, 0x70, 0x01, 0xF8, 0x1F, 0x3E, 0x30, 0x18,
    0x01, 0x80, 0x03, 0x01, 0xFF, 0xF0, 0x00, 0x01, 0xFF, 0x03, 0x87, 0x07, 0x0E, 0x0F, 0xF8, 0x01,
    0x80, 0x07, 0x03, 0xFF, 0xF8, 0x00, 0x01, 0xFF, 0x07, 0x8F, 0x0C, 0x06, 0x1E, 0x3C, 0x1F, 0xF0,
    0x01, 0x80, 0x03, 0x01, 0xFF, 0xF0, 0x00, 0x01, 0xFF, 0x03, 0x87, 0x07, 0x1E, 0x0F, 0xF8, 0x01,
    0x81, 0xFF, 0xFC, 0x00, 0x01, 0xFF, 0xC3, 0x00, 0x07, 0xFF, 0x0C, 0x00, 0x18, 0x00, 0x3F, 0xF8,
    0x0C, 0x18, 0x1C, 0x31, 0xFF, 0x60, 0x00, 0xC3, 0xF1, 0x87, 0x73, 0x0C, 0x67, 0x98, 0xCF, 0x3F,
    0x98, 0x1C, 0x30, 0x30, 0x63, 0xFF, 0xCF, 0xFD, 0x80, 0x03, 0x00, 0x06, 0x00, 0x0C, 0x0C, 0x18,
    0x1C, 0x31, 0xFF, 0x60, 0x70, 0xC3, 0xF9, 0x86, 0x33, 0xCC, 0x67, 0x9F, 0xCC, 0x0E, 0x18, 0x7F,
    0xF3, 0xFF, 0xE0, 0x00, 0xC3, 0xFF, 0x80, 0x03, 0x00, 0x06, 0x00, 0x0C, 0x00, 0x18, 0x0C, 0x18,
    0x1C, 0x31, 0xFF, 0x60, 0x00, 0xC3, 0xF1, 0x87, 0x73, 0x0C, 0x67, 0x9D, 0xCE, 0x1F, 0x18, 0x1F,
    0xB3, 0xFF, 0xE0, 0x00, 0xC1, 0x81, 0x83, 0x00, 0x06, 0x00, 0x0F, 0xFC, 0x1F, 0xF8, 0x0E, 0x00,
    0xFF, 0xB0, 0x00, 0x60, 0xF8, 0xC3, 0xB9, 0xC6, 0x33, 0xCE, 0xE6, 0x0F, 0x8C, 0x0F, 0xF9, 0xFF,
    0xF0, 0x00, 0x61, 0xFF, 0xC0, 0x01, 0x87, 0xFF, 0x0E, 0x00, 0x1C, 0x00, 0x3F, 0xF8, 0x0C, 0x18,
    0x1C, 0x31, 0xFF, 0x60, 0x00, 0xC3, 0xF1, 0x87, 0x73, 0x8C, 0x67, 0x9D, 0xCC, 0x1F, 0x18, 0x1F,
    0xB3, 0xFF, 0x60, 0x0C, 0xC0, 0x19, 0x80, 0x78, 0x01, 0xF8, 0x1F, 0x3E, 0x30, 0x1C, 0x0C, 0x18,
    0x1C, 0x31, 0xFF, 0x60, 0x70, 0xC3, 0xF9, 0x86, 0x33, 0xCC, 0x67, 0x9F, 0xCC, 0x0E, 0x18, 0x7F,
    0xF3, 0xFF, 0xE0, 0x00, 0xC0, 0xFF, 0x03, 0x8F, 0x0E, 0x06, 0x0E, 0x3C, 0x0F, 0xF0, 0x00, 0x0C,
    0x31, 0xB1, 0xC6, 0xFF, 0xFB, 0x00, 0x6C, 0xF9, 0xB7, 0x76, 0xD8, 0xDF, 0x7F, 0x7C, 0xF9, 0xB0,
    0xC6, 0xC3, 0xFB, 0xFF, 0xED, 0xC1, 0xB0, 0x06, 0xC0, 0x1B, 0x00, 0x0C, 0x0C, 0x6C, 0x31, 0xB7,
    0xFE, 0xC0, 0x1B, 0x3E, 0x6D, 0xDD, 0xB6, 0x37, 0xCF, 0xDB, 0x1E, 0x6C, 0x3F, 0xBF, 0xFE, 0xC0,
    0x1B, 0x1F, 0xFC, 0x00, 0x30, 0x00, 0xC0, 0x03, 0x00, 0x0C, 0x0C, 0x0C, 0x31, 0xB7, 0xFE, 0xC0,
    0x1B, 0x3E, 0x6D, 0xDD, 0xB6, 0x37, 0xCF, 0xDF, 0x1C, 0x6C, 0x3F, 0xBF, 0xFE, 0xC0, 0x1B, 0x18,
    0x6C, 0x60, 0x01, 0x80, 0x07, 0xFF, 0x0F, 0xFC, 0x0C, 0x6C, 0x18, 0xD9, 0xFF, 0xB0, 0x03, 0x63,
    0xE6, 0xCE, 0xED, 0x98, 0xDF, 0x3F, 0xB6, 0x3E, 0x6C, 0x1F, 0xDB, 0xFF, 0xB0, 0x06, 0x60, 0x1C,
    0xC0, 0x38, 0x01, 0xFC, 0x1F, 0x3E, 0x18, 0x0C, 0x0C, 0x4C, 0x31, 0xB7, 0xFE, 0xC0, 0x1B, 0x3E,
    0x6D, 0xDD, 0xF7, 0x37, 0xCF, 0x9B, 0x0C, 0x6C, 0x3F, 0xBF, 0xFE, 0xC0, 0x02, 0x0F, 0xF8, 0x78,
    0xF1, 0x80, 0xC7, 0x8F, 0x0F, 0xF8, 0x00, 0x08, 0x18, 0x60, 0x61, 0x9F, 0xFE, 0x00, 0x18, 0x7E,
    0x63, 0x99, 0x8C, 0x36, 0x30, 0xD8, 0xFE, 0x61, 0xF1, 0x81, 0x86, 0x7F, 0xF9, 0xFF, 0xE0, 0x01,
    0x80, 0x06, 0x00, 0x18, 0x06, 0x08, 0x18, 0x77, 0xFF, 0xC0, 0x07, 0x1F, 0x9C, 0xE7, 0x73, 0x9D,
    0xC7, 0xE7, 0x06, 0x1C, 0x7F, 0xF7, 0xFF, 0xC0, 0x02, 0x1F, 0xFC, 0x00, 0x70, 0x01, 0xC0, 0x07,
    0x00, 0x18, 0x06, 0x08, 0x18, 0x77, 0xFF, 0xC0, 0x07, 0x1F, 0x9C, 0xEF, 0x73, 0x0D, 0xCE, 0xF7,
    0x1F, 0x9C, 0x1F, 0xF7, 0xFF, 0xC0, 0x07, 0x18, 0x1C, 0x60, 0x01, 0x80, 0x07, 0xFF, 0x0F, 0xF8,
    0x06, 0x08, 0x18, 0x77, 0xFF, 0xC0, 0x07, 0x1F, 0x9C, 0xE7, 0x73, 0x9D, 0xC7, 0xE7, 0x06, 0xFD,
    0xFF, 0xF0, 0x00, 0x87, 0xFF, 0x00, 0x1C, 0x7F, 0xF1, 0x80, 0x06, 0x00, 0x1F, 0xFC, 0x06, 0x08,
    0x18, 0x77, 0xFF, 0xC0, 0x07, 0x1F, 0x9C, 0xE7, 0x73, 0x9D, 0xC7, 0xE7, 0x07, 0xFD, 0xFF, 0xF0,
    0x00, 0x86, 0x03, 0x18, 0x1C, 0x7F, 0xF1, 0x81, 0xC7, 0xFF, 0x00, 0x00, 0x06, 0x08, 0x18, 0x77,
    0xFF, 0xC0, 0x07, 0x1F, 0x9C, 0xE7, 0x73, 0x9D, 0xC7, 0xE7, 0x06, 0x1C, 0x7F, 0xF7, 0xFF, 0xC0,
    0x67, 0x01, 0x88, 0x0F, 0x00, 0x7E, 0x0F, 0x9F, 0x38, 0x0C, 0x06, 0x08, 0x18, 0x77, 0xFF, 0xC0,
    0x07, 0x1F, 0x9C, 0xE7, 0x73, 0x9D, 0xC7, 0xE7, 0x06, 0x1C, 0x7F, 0xF7, 0xFF, 0xC0, 0x07, 0x0F,
    0xF0, 0x78, 0xE1, 0x81, 0xC7, 0x8E, 0x0F, 0xF0, 0x00, 0x00, 0x03, 0x00, 0x0E, 0x03, 0xFF, 0xE0,
    0x00, 0x01, 0xFC, 0x07, 0xBC, 0x1C, 0x0C, 0x38, 0x18, 0x38, 0xE0, 0x3F, 0x80, 0x63, 0x00, 0xC6,
    0x01, 0x8C, 0x3F, 0xFF, 0x80, 0x01, 0x80, 0x03, 0x01, 0xFF, 0xF0, 0x00, 0x00, 0xFF, 0x03, 0x8F,
    0x0E, 0x06, 0x0E, 0x3C, 0x0F, 0xF0, 0x18, 0xC3, 0xFF, 0xF8, 0x00, 0x03, 0x00, 0x06, 0x00, 0x0C,
    0x00, 0x1F, 0xFC, 0x00, 0x00, 0x01, 0x80, 0x03, 0x01, 0xFF, 0xF0, 0x00, 0x01, 0xFF, 0x03, 0x87,
    0x07, 0x1E, 0x0F, 0xF8, 0x0C, 0x61, 0xFF, 0xFC, 0x00, 0x01, 0xFF, 0xC0, 0x01, 0x87, 0xFF, 0x0C,
    0x00, 0x18, 0x00, 0x3F, 0xFC, 0x01, 0x80, 0x03, 0x01, 0xFF, 0xF0, 0x00, 0x01, 0xFF, 0x03, 0x87,
    0x07, 0x1E, 0x0F, 0xF8, 0x0C, 0x61, 0xFF, 0xFC, 0x00, 0x01, 0x80, 0xC3, 0x01, 0x87, 0xFF, 0x0C,
    0x06, 0x1F, 0xFC, 0x00, 0x00, 0x01, 0x80, 0x03, 0x01, 0xFF, 0xF0, 0x00, 0x01, 0xFF, 0x03, 0x8F,
    0x07, 0x0E, 0x0F, 0xF8, 0x0C, 0x60, 0x18, 0xC3, 0xFF, 0xF8, 0x08, 0x00, 0x38, 0x00, 0x70, 0x01,
    0xF8, 0x1F, 0x3E, 0x30, 0x18, 0x01, 0x80, 0x03, 0x01, 0xFF, 0xF1, 0xFF, 0xC0, 0x00, 0x01, 0xFE,
    0x07, 0x1E, 0x1C, 0x0C, 0x1C, 0x78, 0x1F, 0xE0, 0x00, 0x07, 0xFF, 0xF7, 0xFF, 0xC0, 0x30, 0x00,
    0x60, 0x00, 0xC0, 0x01, 0x80, 0x01, 0x80, 0x03, 0x01, 0xFF, 0xF0, 0x00, 0x01, 0xFF, 0x03, 0x8F,
    0x07, 0x1E, 0x0F, 0xF8, 0x00, 0x01, 0xFF, 0xFC, 0x0E, 0x00, 0x0C, 0x03, 0xFF, 0x80, 0x03, 0x00,
    0x06, 0x00, 0x0C, 0x00, 0x18, 0x01, 0x80, 0x03, 0x01, 0xFF, 0xF0, 0x00, 0x00, 0xFF, 0x03, 0x8F,
    0x0E, 0x06, 0x0E, 0x3C, 0x0F, 0xF0, 0x00, 0x03, 0xFF, 0xF8, 0x0C, 0x03, 0x18, 0x06, 0x30, 0x0C,
    0x00, 0x1F, 0xFC, 0x00, 0x00, 0x01, 0x80, 0x03, 0x01, 0xFF, 0xF0, 0x00, 0x01, 0xFF, 0x03, 0x87,
    0x07, 0x1E, 0x0F, 0xF8, 0x00, 0x01, 0xFF, 0xFC, 0x06, 0x01, 0xFF, 0xC0, 0x01, 0x87, 0xFF, 0x0C,
    0x00, 0x18, 0x00, 0x3F, 0xFC, 0x01, 0x80, 0x03, 0x01, 0xFF, 0xF0, 0x00, 0x01, 0xFF, 0x03, 0x87,
    0x07, 0x1E, 0x0F, 0xF8, 0x00, 0x01, 0xFF, 0xFC, 0x0E, 0x01, 0xF7, 0xC0, 0x6C, 0x07, 0xDF, 0x0C,
    0x30, 0x19, 0xE0, 0x3F, 0xF8, 0x01, 0x80, 0x03, 0x01, 0xFF, 0xF0, 0x00, 0x01, 0xFF, 0x03, 0x87,
    0x07, 0x0E, 0x0F, 0xF8, 0x00, 0x01, 0xFF, 0xFC, 0x0E, 0x00, 0x0C, 0x03, 0xFF, 0x86, 0x03, 0x0C,
    0x06, 0x1F, 0xFC, 0x00, 0x00, 0x01, 0x80, 0x03, 0x01, 0xFF, 0xF0, 0x00, 0x01, 0xFF, 0x03, 0x87,
    0x07, 0x0E, 0x0F, 0xF8, 0x00, 0x01, 0xFF, 0xFC, 0x0E, 0x00, 0x0C, 0x00, 0x18, 0x00, 0x70, 0x01,
    0xF0, 0x1F, 0x7C, 0x3C, 0x3C, 0x01, 0x80, 0x03, 0x01, 0xFF, 0xF0, 0x00, 0x01, 0xFF, 0x03, 0x87,
    0x07, 0x0E, 0x0F, 0xF8, 0x00, 0x01, 0xFF, 0xFC, 0x0E, 0x00, 0x0C, 0x01, 0xFF, 0x07, 0x8F, 0x0C,
    0x06, 0x1E, 0x3C, 0x1F, 0xF0, 0x06, 0x08, 0x18, 0x77, 0xFF, 0xC0, 0x07, 0x1F, 0x9C, 0xFE, 0x73,
    0x0D, 0xCE, 0xE7, 0x1F, 0x9C, 0x07, 0xFF, 0xFF, 0xDF, 0x87, 0x06, 0x1C, 0x1B, 0xF0, 0x61, 0xC1,
    0x87, 0x06, 0x1C, 0x06, 0x08, 0x18, 0x77, 0xFD, 0xC0, 0x07, 0x1F, 0x9C, 0xE6, 0x73, 0x99, 0xC7,
    0xE7, 0x03, 0xFF, 0xFF, 0xF0, 0x61, 0xC1, 0xBF, 0x1E, 0x1C, 0x60, 0x21, 0x80, 0x07, 0xFF, 0x1F,
    0xF8, 0x06, 0x08, 0x18, 0x77, 0xFD, 0xC7, 0xE7, 0x39, 0x9C, 0xE6, 0x71, 0xF9, 0xC0, 0xFF, 0xFF,
    0xFC, 0x1B, 0xF0, 0x60, 0x87, 0xFF, 0x00, 0x1C, 0x7F, 0xF1, 0x80, 0x06, 0x00, 0x1F, 0xFC, 0x06,
    0x08, 0x18, 0x77, 0xFD, 0xC7, 0xE7, 0x3B, 0x9C, 0xC3, 0x73, 0xB9, 0xC7, 0xFF, 0xFF, 0xFC, 0x18,
    0x70, 0x6F, 0xC1, 0x06, 0x1F, 0xFC, 0x60, 0x71, 0x81, 0xC6, 0x07, 0x1F, 0xFC, 0x06, 0x08, 0x18,
    0x77, 0xFD, 0xC7, 0xE7, 0x3B, 0x9C, 0xC3, 0x73, 0xB9, 0xC7, 0xFF, 0xFF, 0xFC, 0x38, 0x70, 0xEF,
    0xC1, 0x07, 0x0F, 0xF0, 0x78, 0xE1, 0x81, 0xC7, 0x8E, 0x0F, 0xF0, 0x0C, 0x0C, 0x31, 0xB7, 0xFE,
    0xC0, 0x1B, 0x3E, 0x6D, 0xDD, 0xB6, 0x36, 0xDD, 0xDB, 0x3E, 0x6C, 0x1F, 0xBF, 0xFE, 0xDF, 0x1B,
    0x0F, 0xEC, 0x31, 0xB0, 0xC6, 0xC3, 0x1B, 0x00, 0x0C, 0x0C, 0x0C, 0x31, 0xB7, 0xFE, 0xC0, 0x1B,
    0x3F, 0x6D, 0xCD, 0xB7, 0x76, 0xCF, 0x9B, 0x0F, 0xEF, 0xFF, 0xB0, 0xFE, 0xC3, 0x1B, 0x08, 0x08,
    0x7F, 0xF0, 0x00, 0xC0, 0x03, 0x00, 0x0C, 0x0C, 0x6C, 0x31, 0xB7, 0xFE, 0xC0, 0x1B, 0x3F, 0x6D,
    0xCD, 0xB7, 0x36, 0xCF, 0xDB, 0x07, 0xEF, 0xFF, 0xB0, 0xC6, 0xC3, 0x7B, 0x08, 0x6C, 0x61, 0xB1,
    0x80, 0x07, 0xFF, 0x0F, 0xFC, 0x0C, 0x0C, 0x18, 0xD9, 0xFF, 0xB1, 0xFB, 0x67, 0x76, 0xCE, 0x6D,
    0x8F, 0xDB, 0x03, 0xF6, 0xFF, 0xEC, 0x1F, 0xD8, 0x31, 0xB0, 0xFF, 0xE0, 0x00, 0xC3, 0xFF, 0x86,
    0x00, 0x0C, 0x00, 0x1F, 0xFC, 0x0C, 0x0C, 0x31, 0xB7, 0xFE, 0xCF, 0x9B, 0x77, 0x6D, 0xCD, 0xB3,
    0xF6, 0xC1, 0xFB, 0xFF, 0xEC, 0x31, 0xB0, 0xFE, 0xC3, 0x1B, 0x0F, 0xF8, 0x78, 0xF1, 0x80, 0xC7,
    0x8F, 0x0F, 0xF8, 0x06, 0x08, 0x18, 0x77, 0xFF, 0xC0, 0x07, 0x1F, 0x9C, 0xFE, 0x73, 0x0D, 0xCE,
    0xE7, 0x1F, 0x9C, 0x00, 0x70, 0x7F, 0xDF, 0xFF, 0x06, 0x1C, 0x18, 0x70, 0x61, 0xC1, 0x87, 0x06,
    0x1C, 0x06, 0x18, 0x18, 0x67, 0xFF, 0x80, 0x06, 0x1F, 0x98, 0xE7, 0x63, 0x9D, 0x87, 0xE6, 0x03,
    0xFB, 0xFF, 0xE0, 0x61, 0x81, 0x80, 0x1F, 0xF8, 0x00, 0x60, 0x01, 0x80, 0x06, 0x00, 0x18, 0x06,
    0x18, 0x18, 0x67, 0xFF, 0x80, 0x06, 0x1F, 0x98, 0xEE, 0x63, 0x0D, 0x8E, 0xE6, 0x1F, 0x98, 0x7F,
    0xEF, 0xFF, 0x81, 0x86, 0x1E, 0x18, 0x60, 0x21, 0x80, 0x07, 0xFF, 0x1F, 0xF8, 0x06, 0x08, 0x18,
    0x67, 0xFF, 0x80, 0x06, 0x1F, 0x98, 0xE7, 0x63, 0x9D, 0x87, 0xE6, 0x7F, 0xF9, 0xFF, 0xE0, 0x61,
    0x87, 0xFE, 0x00, 0x18, 0x7F, 0xE1, 0x80, 0x06, 0x00, 0x1F, 0xFC, 0x06, 0x18, 0x18, 0x67, 0xFF,
    0x80, 0x06, 0x1F, 0x98, 0xE7, 0x63, 0x9D, 0x87, 0xE6, 0x03, 0xFB, 0xFF, 0xE0, 0x61, 0x81, 0x80,
    0x1F, 0xF8, 0x60, 0x61, 0x81, 0x87, 0xFE, 0x00, 0x00, 0x06, 0x18, 0x18, 0x67, 0xFF, 0x80, 0x06,
    0x1F, 0x98, 0xE7, 0x63, 0x9D, 0x87, 0xE6, 0x0F, 0xFB, 0xFF, 0xE0, 0x61, 0x87, 0x86, 0x18, 0x18,
    0x7F, 0xE1, 0x81, 0x87, 0xFE, 0x00, 0x00, 0x06, 0x18, 0x0C, 0x31, 0xFF, 0xE0, 0x00, 0xC1, 0xF9,
    0x87, 0x3B, 0x0E, 0x76, 0x0F, 0xCC, 0x03, 0xF9, 0xFF, 0xF0, 0x38, 0x60, 0x70, 0xC0, 0x7D, 0x80,
    0x38, 0x00, 0xFC, 0x0F, 0xBE, 0x18, 0x0C, 0x06, 0x18, 0x18, 0x67, 0xFF, 0x80, 0x06, 0x1F, 0x98,
    0xE7, 0x63, 0x9D, 0x87, 0xE6, 0x03, 0xFB, 0xFF, 0xE0, 0x61, 0x81, 0x86, 0x0F, 0xF0, 0x78, 0xE1,
    0x81, 0x87, 0x8E, 0x0F, 0xF0, 0x01, 0x80, 0x03, 0x01, 0xFF, 0xF0, 0x00, 0x00, 0xFE, 0x03, 0xDE,
    0x0E, 0x06, 0x1C, 0x0C, 0x1E, 0xF0, 0x1F, 0xC0, 0x00, 0x07, 0xFF, 0xF0, 0xC6, 0x01, 0x8C, 0x03,
    0x18, 0x06, 0x30, 0x0C, 0x60, 0x01, 0x80, 0x03, 0x01, 0xFF, 0xF0, 0x00, 0x01, 0xFF, 0x03, 0x87,
    0x07, 0x0E, 0x0F, 0xF8, 0x00, 0x01, 0xFF, 0xFC, 0x31, 0x80, 0x63, 0x03, 0xFF, 0x80, 0x03, 0x00,
    0x06, 0x00, 0x0C, 0x00, 0x18, 0x01, 0x80, 0x03, 0x01, 0xFF, 0xF0, 0x00, 0x00, 0xFF, 0x03, 0x8F,
    0x0E, 0x06, 0x0E, 0x3C, 0x0F, 0xF0, 0x00, 0x03, 0xFF, 0xF8, 0x33, 0x03, 0x66, 0x06, 0xCC, 0x0C,
    0x00, 0x1F, 0xFC, 0x00, 0x00, 0x01, 0x80, 0x03, 0x01, 0xFF, 0xF0, 0x00, 0x01, 0xFF, 0x03, 0x07,
    0x07, 0xFC, 0x00, 0x00, 0xFF, 0xFE, 0x18, 0xC0, 0x31, 0x81, 0xFF, 0xC0, 0x01, 0x87, 0xFF, 0x0C,
    0x00, 0x18, 0x00, 0x3F, 0xFC, 0x01, 0x80, 0x03, 0x01, 0xFF, 0xF0, 0x00, 0x01, 0xFF, 0x03, 0x8F,
    0x07, 0x0E, 0x0F, 0xF8, 0x00, 0x01, 0xFF, 0xFC, 0x31, 0x80, 0x63, 0x03, 0xFF, 0x86, 0x03, 0x0C,
    0x06, 0x1F, 0xFC, 0x00, 0x00, 0x01, 0x80, 0x03, 0x01, 0xFF, 0xF0, 0x00, 0x01, 0xFF, 0x03, 0x8F,
    0x07, 0x0E, 0x0F, 0xF8, 0x00, 0x01, 0xFF, 0xFD, 0xFF, 0xF0, 0x69, 0x80, 0xFB, 0x00, 0x70, 0x03,
    0xF8, 0x1F, 0x3E, 0x30, 0x18, 0x01, 0x80, 0x03, 0x01, 0xFF, 0xF0, 0x00, 0x01, 0xFF, 0x03, 0x87,
    0x07, 0x0E, 0x0F, 0xF8, 0x00, 0x01, 0xFF, 0xFC, 0x31, 0xC0, 0x63, 0x01, 0xFF, 0x07, 0x8F, 0x0C,
    0x06, 0x1E, 0x3C, 0x1F, 0xF0, 0x01, 0x00, 0x03, 0x00, 0x06, 0x03, 0xFF, 0xE3, 0xFF, 0x81, 0xFC,
    0x07, 0xFC, 0x0C, 0x1C, 0x38, 0x18, 0x30, 0x70, 0x7F, 0xC0, 0x7F, 0x00, 0x00, 0x00, 0x00, 0x3F,
    0xFF, 0x80, 0x01, 0x80, 0x03, 0x01, 0xFF, 0xF0, 0x00, 0x01, 0xFF, 0x03, 0x8F, 0x07, 0x1E, 0x0F,
    0xF8, 0x00, 0x00, 0x00, 0x03, 0xFF, 0xF8, 0x00, 0x03, 0xFF, 0x80, 0x03, 0x00, 0x06, 0x00, 0x0C,
    0x00, 0x18, 0x01, 0x80, 0x03, 0x01, 0xFF, 0xF0, 0x00, 0x00, 0xFF, 0x03, 0x8F, 0x0E, 0x06, 0x0E,
    0x3C, 0x0F, 0xF0, 0x00, 0x03, 0xFF, 0xF8, 0x00, 0x03, 0x00, 0x06, 0x00, 0x0C, 0x00, 0x1F, 0xFC,
    0x00, 0x00, 0x01, 0x80, 0x03, 0x01, 0xFF, 0xF0, 0x7F, 0x81, 0xC7, 0x87, 0x03, 0x07, 0x1E, 0x07,
    0xF8, 0x00, 0x01, 0xFF, 0xFC, 0xC1, 0x81, 0x9F, 0xE3, 0x00, 0x06, 0x1E, 0x0D, 0xE6, 0x1F, 0xEC,
    0x00, 0xF0, 0x01, 0x80, 0x03, 0x01, 0xFF, 0xF0, 0x00, 0x01, 0xFF, 0x03, 0x8F, 0x07, 0x0E, 0x0F,
    0xF8, 0x00, 0x00, 0x00, 0x03, 0xFF, 0xF8, 0x00, 0x03, 0xFF, 0x86, 0x00, 0x0C, 0x00, 0x1F, 0xFC,
    0x00, 0x00, 0x01, 0x80, 0x03, 0x01, 0xFF, 0xF0, 0x00, 0x01, 0xFF, 0x03, 0x87, 0x07, 0x1E, 0x0F,
    0xF8, 0x00, 0x01, 0xFF, 0xFC, 0x00, 0x01, 0xFF, 0xC0, 0x01, 0x87, 0xFF, 0x0C, 0x00, 0x18, 0x00,
    0x3F, 0xFC, 0x01, 0x80, 0x03, 0x01, 0xFF, 0xF0, 0x00, 0x01, 0xFF, 0x03, 0x87, 0x07, 0x1E, 0x0F,
    0xF8, 0x00, 0x01, 0xFF, 0xFC, 0x00, 0x01, 0xFF, 0xC0, 0x31, 0x87, 0xE3, 0x0C, 0x06, 0x19, 0xCC,
    0x3F, 0x98, 0x00, 0x00, 0x01, 0x80, 0x03, 0x01, 0xFF, 0xF0, 0x00, 0x01, 0xFF, 0x03, 0x87, 0x07,
    0x0E, 0x0F, 0xF8, 0x00, 0x01, 0xFF, 0xFC, 0x00, 0x00, 0x00, 0x03, 0xFF, 0x86, 0x03, 0x0C, 0x06,
    0x1F, 0xFC, 0x00, 0x00, 0x01, 0x80, 0x03, 0x01, 0xFF, 0xF0, 0x00, 0x01, 0xFF, 0x03, 0x87, 0x07,
    0x0E, 0x0F, 0xF8, 0x00, 0x01, 0xFF, 0xFC, 0x00, 0x01, 0x80, 0xC3, 0x01, 0x87, 0xFF, 0x0C, 0x06,
    0x1F, 0xFC, 0x00, 0x00, 0x01, 0x80, 0x03, 0x01, 0xFF, 0xF0, 0x00, 0x00, 0xFF, 0x03, 0x8F, 0x0E,
    0x06, 0x0E, 0x3C, 0x0F, 0xF0, 0x00, 0x03, 0xFF, 0xF8, 0x00, 0x00, 0x18, 0x00, 0x70, 0x01, 0xF8,
    0x1F, 0x3E, 0x38, 0x18, 0x01, 0x80, 0x03, 0x01, 0xFF, 0xF0, 0x00, 0x01, 0xFF, 0x03, 0x87, 0x07,
    0x0E, 0x0F, 0xF8, 0x00, 0x00, 0x00, 0x03, 0xFF, 0xF8, 0x00, 0x01, 0xFF, 0x07, 0x8F, 0x0C, 0x06,
    0x1E, 0x3C, 0x1F, 0xF0, 0x01, 0x80, 0x03, 0x01, 0xFF, 0xF0, 0x00, 0x01, 0xFF, 0x03, 0x87, 0x07,
    0x1E, 0x0F, 0xF8, 0x00, 0x01, 0xFF, 0xFC, 0x00, 0x01, 0xFF, 0xC3, 0x00, 0x07, 0xFF, 0x0C, 0x00,
    0x18, 0x00, 0x3F, 0xF8, 0x00, 0x08, 0x18, 0x60, 0x61, 0x9F, 0xFE, 0x00, 0x18, 0x7E, 0x63, 0x99,
    0x8C, 0x36, 0x30, 0xD8, 0xFE, 0x61, 0xF9, 0x80, 0x7E, 0x7F, 0xF9, 0xE0, 0x60, 0x01, 0x80, 0x06,
    0x00, 0x18, 0x06, 0x08, 0x18, 0x77, 0xFF, 0xC0, 0x07, 0x1F, 0x9C, 0xEF, 0x73, 0x0D, 0xCE, 0xF7,
    0x1F, 0x9C, 0x0F, 0xF7, 0xFF, 0xC0, 0x07, 0x18, 0x1C, 0x60, 0x01, 0x80, 0x07, 0xFF, 0x0F, 0xF8,
    0x06, 0x08, 0x18, 0x77, 0xFF, 0xC7, 0xE7, 0x3B, 0xDC, 0xC3, 0x73, 0xBD, 0xC7, 0xE7, 0x03, 0xFD,
    0xFF, 0xF0, 0x00, 0x87, 0xFF, 0x00, 0x1C, 0x7F, 0xF1, 0x80, 0x06, 0x00, 0x1F, 0xFC, 0x06, 0x08,
    0x18, 0x77, 0xFF, 0xC0, 0x07, 0x1F, 0x9C, 0xE7, 0x73, 0x9D, 0xC7, 0xE7, 0x00, 0x1C, 0x3F, 0xF7,
    0xFF, 0xC0, 0x06, 0x1F, 0xFC, 0x60, 0x71, 0x81, 0xC7, 0xFF, 0x00, 0x00, 0x06, 0x08, 0x18, 0x77,
    0xFF, 0xC0, 0x07, 0x1F, 0x9C, 0xE7, 0x73, 0x9D, 0xC7, 0xE7, 0x03, 0xFD, 0xFF, 0xF0, 0x00, 0x86,
    0x02, 0x18, 0x1C, 0x7F, 0xF1, 0x81, 0xC7, 0xFF, 0x00, 0x00, 0x06, 0x08, 0x18, 0x77, 0xFF, 0xC0,
    0x07, 0x1F, 0x9C, 0xE7, 0x73, 0x9D, 0xC7, 0xE7, 0x00, 0x1C, 0x3F, 0xF7, 0xFF, 0xC0, 0x07, 0x0F,
    0xF0, 0x78, 0xE1, 0x81, 0xC7, 0x8E, 0x0F, 0xF0, 0x0C, 0x10, 0x61, 0xC3, 0x0F, 0xFF, 0xF7, 0xFB,
    0x80, 0x1C, 0xF8, 0xEE, 0xE7, 0x61, 0xBB, 0x0D, 0xD8, 0xEE, 0xFE, 0x73, 0xE3, 0x80, 0x1C, 0x00,
    0xE0, 0x07, 0x00, 0x38, 0x0C, 0x10, 0x61, 0xFF, 0xFE, 0x00, 0x73, 0xE3, 0xBB, 0x9D, 0x8E, 0xEC,
    0x37, 0x77, 0x39, 0xF9, 0xC0, 0x0E, 0x00, 0x03, 0xFF, 0x80, 0x1C, 0x00, 0xE0, 0x07, 0x00, 0x38,
    0x00, 0x10, 0x61, 0xC7, 0x0F, 0xFF, 0xF0, 0x03, 0x9F, 0x9D, 0xDC, 0xEC, 0x37, 0x63, 0xBB, 0xB9,
    0xCF, 0x8E, 0x00, 0x73, 0x03, 0x98, 0x00, 0xC0, 0x07, 0xFF, 0x1F, 0xF0, 0x0C, 0x10, 0xE1, 0xFF,
    0xFE, 0x00, 0x73, 0xF3, 0xBB, 0x9D, 0x86, 0xEE, 0xE7, 0x3F, 0x38, 0x00, 0x8F, 0xFE, 0x00, 0x70,
    0x03, 0x9F, 0xFC, 0xC0, 0x07, 0xFF, 0x00, 0x00, 0x0C, 0x10, 0x61, 0xFF, 0xFF, 0xFF, 0x73, 0xE3,
    0xBB, 0x9D, 0x8E, 0xEC, 0x77, 0x77, 0x39, 0xF1, 0xC0, 0x04, 0x7F, 0xF3, 0x03, 0x98, 0x1C, 0xC0,
    0xE7, 0xFF, 0x1F, 0xF0, 0x0C, 0x10, 0x61, 0xFF, 0xFE, 0x00, 0x73, 0xE3, 0xBB, 0x9D, 0x8E, 0xEC,
    0x77, 0x77, 0x39, 0xF1, 0xCC, 0x0C, 0x60, 0x73, 0xFF, 0x98, 0x1C, 0xC0, 0xE7, 0xFF, 0x00, 0x00,
    0x0C, 0x30, 0x61, 0xFF, 0xFE, 0x00, 0x73, 0xE3, 0xBF, 0x9D, 0x8E, 0xEC, 0x37, 0x77, 0x39, 0xF9,
    0xC0, 0x4E, 0x06, 0x70, 0x38, 0x03, 0xE0, 0x3B, 0x8F, 0x8F, 0x30, 0x18, 0x0C, 0x30, 0x61, 0xFF,
    0xFE, 0x00, 0x73, 0xE3, 0xBB, 0x9D, 0x8E, 0xEC, 0x37, 0x77, 0x39, 0xF9, 0xC0, 0x0E, 0x3F, 0xC3,
    0xEF, 0x18, 0x1C, 0xC0, 0xE7, 0x9E, 0x1F, 0xE0, 0x1E, 0xF1, 0xF7, 0x8C, 0x70, 0xE3, 0x0F, 0xFF,
    0x7D, 0xF1, 0xC6, 0x0E, 0x30, 0x71, 0x83, 0x8C, 0x1C, 0x60, 0xE3, 0x07, 0x18, 0x00, 0x1F, 0x1F,
    0xCC, 0x6E, 0x0F, 0xDF, 0xCD, 0xC6, 0xE3, 0x71, 0xB8, 0xDC, 0x6E, 0x37, 0x18, 0x1F, 0x9F, 0xCC,
    0x6E, 0x3F, 0xDF, 0xCD, 0xC6, 0xE3, 0x71, 0xB8, 0xDC, 0x6E, 0x37, 0x18, 0x1E, 0xF4, 0x7D, 0xFC,
    0xC7, 0x1B, 0x8C, 0x0F, 0xFF, 0x7F, 0x7C, 0xDC, 0x61, 0xB8, 0xC3, 0x71, 0x86, 0xE3, 0x0D, 0xC6,
    0x1B, 0x8C, 0x37, 0x18, 0x60, 0x1E, 0xFE, 0x7D, 0xEC, 0xC7, 0x1B, 0x8C, 0x3F, 0xFF, 0x7F, 0x7C,
    0xDC, 0x61, 0xB8, 0xC3, 0x71, 0x86, 0xE3, 0x0D, 0xC6, 0x1B, 0x8C, 0x37, 0x18, 0x60, 0x7C, 0x1F,
    0x8C, 0x73, 0x1C, 0xCF, 0xF1, 0xFC, 0x73, 0x1C, 0xC7, 0x31, 0xCC, 0x73, 0x1C, 0xC3, 0xC0, 0x20,
    0x03, 0xC0, 0x1F, 0x80, 0x66, 0x01, 0x98, 0x7E, 0xFD, 0xFB, 0xEE, 0x06, 0x1E, 0x18, 0x3E, 0x60,
    0x39, 0x80, 0x76, 0x19, 0x9C, 0x7E, 0x3C, 0x40, 0x20, 0x00, 0x06, 0x40, 0x07, 0xC0, 0x03, 0xC0,
    0x03, 0xC0, 0x03, 0xF8, 0x3F, 0x7F, 0xFE, 0x0F, 0xE0, 0x03, 0xC0, 0x03, 0xC0, 0x01, 0x80, 0x01,
    0x80, 0x40, 0x00, 0x0C, 0x00, 0x00, 0xC0, 0x03, 0x0C, 0x00, 0x78, 0xF8, 0x7F, 0xE7, 0xFF, 0x9E,
    0x0F, 0xC0, 0x00, 0x2C, 0x00, 0x07, 0xC0, 0x00, 0x18, 0x00, 0x01, 0x80, 0x00, 0x18, 0xC6, 0x31,
    0xBD, 0xC0, 0x7B, 0xCC, 0x60, 0x10, 0x30, 0x30, 0xFE, 0xFE, 0x00, 0x78, 0x78, 0x30, 0x30, 0x01,
    0x00, 0x01, 0xC0, 0x01, 0xE0, 0x03, 0xE0, 0x03, 0xC0, 0x00, 0x06, 0x40, 0x07, 0xC0, 0x03, 0xC0,
    0x03, 0xC0, 0x03, 0xF8, 0x3F, 0x7F, 0xFE, 0x0F, 0xE0, 0x01, 0x00, 0x00, 0x1C, 0x00, 0x01, 0xE0,
    0x00, 0x3E, 0x00, 0x03, 0xC0, 0x00, 0x00, 0x00, 0x40, 0x00, 0x0C, 0x00, 0x00, 0xC0, 0x03, 0x0C,
    0x00, 0x78, 0xF8, 0x7F, 0xE7, 0xFF, 0x9E, 0x0F, 0xC0, 0x00, 0x43, 0x9F, 0xFF, 0x00, 0x0C, 0x71,
    0x8C, 0x6F, 0x70, 0x00, 0x20, 0x38, 0x3C, 0x7C, 0x78, 0x00, 0x00, 0x10, 0x30, 0x30, 0xFE, 0xFE,
    0x00, 0xFC, 0x1F, 0xF8, 0x1F, 0x0F, 0x83, 0x80, 0xE0, 0x3B, 0xC6, 0x78, 0xC6, 0x18, 0xC3, 0x80,
    0x38, 0x23, 0xFE, 0x3F, 0x00, 0xFC, 0x07, 0xFE, 0x01, 0xF0, 0x3F, 0x03, 0x8C, 0x38, 0x7F, 0xBD,
    0xF9, 0xE0, 0xC6, 0x06, 0x30, 0x38, 0x00, 0xE0, 0x83, 0xFE, 0x0F, 0xC0, 0x7C, 0x1F, 0xC0, 0x78,
    0x3E, 0xFE, 0x3E, 0x00, 0x00, 0x58, 0x3E, 0x03, 0x00, 0xC0, 0x7C, 0x07, 0xF0, 0x07, 0x80, 0xF8,
    0xFF, 0xEF, 0x8F, 0x00, 0x03, 0x40, 0x3E, 0x01, 0x80, 0x18, 0x00, 0x30, 0x38, 0x3C, 0x7C, 0x7C,
    0x00, 0x08, 0x0C, 0x0E, 0x06, 0x06, 0x07, 0x7E, 0xFE, 0x00, 0x30, 0x0F, 0x03, 0xC1, 0xF0, 0x7C,
    0x00, 0x00, 0x80, 0x30, 0x0E, 0x01, 0x80, 0x60, 0x1C, 0x7F, 0xFF, 0xF0, 0x00, 0x18, 0x30, 0xF1,
    0xE0, 0x01, 0x03, 0x06, 0x0C, 0x18, 0x30, 0xE3, 0x9E, 0x18, 0x00, 0x18, 0x0C, 0x1F, 0x05, 0x80,
    0x00, 0x40, 0x30, 0x18, 0x0E, 0x07, 0x83, 0xE3, 0x83, 0x87, 0x81, 0x80, 0x30, 0x78, 0xF9, 0xF3,
    0xC0, 0x00, 0x04, 0x0C, 0x18, 0x30, 0x60, 0xC3, 0x8E, 0x78, 0x60, 0x30, 0x1E, 0x0F, 0x07, 0x87,
    0xC0, 0x00, 0x00, 0x10, 0x0C, 0x06, 0x03, 0x81, 0xE0, 0xF8, 0xE0, 0xE1, 0xE0, 0x60, 0x00, 0x00,
    0x06, 0x00, 0x3C, 0x01, 0xE0, 0x07, 0x00, 0x0C, 0x00, 0x1E, 0x10, 0x0E, 0x60, 0x0C, 0xC0, 0x0D,
    0x80, 0x1B, 0xE0, 0xF3, 0xFF, 0xC0, 0xFC, 0x00, 0x00, 0x06, 0x00, 0x07, 0x80, 0x07, 0xC0, 0x03,
    0xC0, 0x00, 0xC0, 0x00, 0x38, 0x04, 0x03, 0x03, 0x00, 0x60, 0xC0, 0x1C, 0x30, 0x03, 0x8F, 0x87,
    0xF9, 0xFF, 0xEE, 0x0F, 0xC0, 0x00, 0x06, 0x1E, 0x7C, 0xF0, 0xE0, 0x70, 0x38, 0x1C, 0x0C, 0x0C,
    0xFC, 0xF8, 0x00, 0x06, 0x07, 0x87, 0xC3, 0xC0, 0xE0, 0x1C, 0x03, 0x80, 0x60, 0x0C, 0x03, 0x8F,
    0xFB, 0xEF, 0x00, 0x00, 0x00, 0x0C, 0x00, 0x78, 0x01, 0xD8, 0x07, 0xF0, 0x0F, 0x80, 0x1C, 0x00,
    0x30, 0x00, 0x78, 0x40, 0x39, 0x80, 0x33, 0x00, 0x36, 0x00, 0x6F, 0x83, 0xCF, 0xFF, 0x03, 0xF0,
    0x00, 0x00, 0x0C, 0x00, 0x0F, 0x00, 0x07, 0x60, 0x03, 0xF8, 0x00, 0xFC, 0x00, 0x3C, 0x00, 0x0C,
    0x00, 0x03, 0x80, 0x40, 0x30, 0x30, 0x06, 0x0C, 0x01, 0xC3, 0x00, 0x38, 0xF8, 0x7F, 0x9F, 0xFE,
    0xE0, 0xFC, 0x00, 0x0C, 0x1C, 0x7E, 0xFE, 0xFC, 0xF0, 0xE0, 0x70, 0x38, 0x1C, 0x0C, 0x0C, 0xFC,
    0xF8, 0x00, 0x0C, 0x07, 0x07, 0xE3, 0xF8, 0xFC, 0x3C, 0x0E, 0x01, 0xC0, 0x38, 0x06, 0x00, 0xC0,
    0x38, 0xFF, 0xBE, 0xF0, 0x00, 0x00, 0x00, 0x18, 0x03, 0xB0, 0x3C, 0x07, 0x80, 0xF0, 0x1F, 0x06,
    0x7F, 0xC7, 0xE0, 0x00, 0xC0, 0x07, 0x18, 0x19, 0x80, 0xFC, 0x07, 0xE0, 0x33, 0x83, 0x0F, 0xF8,
    0x3F, 0x80, 0x30, 0x71, 0xF3, 0x6C, 0x78, 0xFF, 0x3E, 0x38, 0x3E, 0x3B, 0x19, 0xCC, 0x7E, 0x1C,
    0x00, 0x67, 0x33, 0x3F, 0xE2, 0x66, 0x00, 0x20, 0x71, 0xB9, 0xC5, 0xC3, 0xC1, 0xE0, 0x60, 0x10,
    0x00, 0x01, 0x80, 0x3C, 0x0F, 0xC1, 0xBC, 0x37, 0x87, 0xDF, 0xFF, 0xFF, 0xC4, 0x00, 0x07, 0x00,
    0xF8, 0x0D, 0x81, 0x98, 0x1B, 0x8F, 0xFE, 0xFF, 0xE1, 0x8C, 0x1C, 0xC0, 0xF8, 0x07, 0x80, 0x00,
    0x1C, 0x0F, 0x0F, 0xC6, 0x73, 0x7D, 0xF7, 0xFF, 0xFF, 0x81, 0x00, 0x1E, 0x0F, 0x83, 0x61, 0xD8,
    0x6E, 0x3F, 0xEF, 0xFD, 0x8C, 0x73, 0x0F, 0xC1, 0xE0, 0x0C, 0x00, 0x1E, 0x00, 0x3E, 0x00, 0x73,
    0x00, 0x60, 0x00, 0xC0, 0x00, 0xF8, 0x1E, 0x7F, 0xFE, 0x0F, 0xF0, 0x03, 0xCF, 0xFF, 0xF3, 0x00,
    0xE0, 0x1F, 0xF1, 0xFC, 0x30, 0x00, 0x70, 0x00, 0x68, 0x00, 0x78, 0x00, 0x2C, 0x00, 0x1E, 0x00,
    0x3E, 0x00, 0x73, 0x00, 0x60, 0x00, 0xC0, 0x00, 0xF8, 0x1E, 0x7F, 0xFE, 0x0F, 0xF0, 0x30, 0x1C,
    0x06, 0x81, 0xE0, 0x23, 0xCF, 0xFF, 0xF3, 0x00, 0xE0, 0x1F, 0xF1, 0xFC, 0x00, 0xF8, 0x0F, 0x80,
    0xE0, 0x06, 0x06, 0x38, 0x60, 0xF3, 0x01, 0xD8, 0x06, 0xE0, 0x73, 0xFF, 0x0F, 0xE0, 0x60, 0x83,
    0x03, 0xEC, 0x07, 0xB0, 0x0C, 0xE0, 0x71, 0xFF, 0x83, 0xF8, 0x00, 0x18, 0xC6, 0x31, 0xBD, 0xC0,
    0x7B, 0xC0, 0x10, 0x30, 0x30, 0xFE, 0xFE, 0x00, 0x78, 0x78, 0x00, 0x38, 0xF1, 0x83, 0x07, 0xDF,
    0xBC, 0x00, 0xFB, 0xF0, 0x0C, 0x30, 0xC3, 0x0C, 0x30, 0xC3, 0x0C, 0x30, 0xC0, 0xF9, 0xF8, 0x01,
    0x83, 0x06, 0x0C, 0x18, 0x30, 0x60, 0xC1, 0x83, 0x07, 0x87, 0x80, 0x6E, 0xEF, 0x86, 0x66, 0x66,
    0x66, 0x66, 0x66, 0x63, 0x8E, 0x3C, 0x81, 0x86, 0x18, 0x61, 0x86, 0x18, 0x61, 0x86, 0x1E, 0x3C,
    0x00, 0x18, 0x70, 0xE1, 0xE2, 0x07, 0x1F, 0x37, 0x66, 0xFD, 0xF8, 0xF1, 0xDF, 0x1C, 0x00, 0x18,
    0x1C, 0x0E, 0x07, 0x82, 0x01, 0xC1, 0xF0, 0xDC, 0x66, 0x3F, 0xDF, 0xE1, 0xC1, 0xC7, 0xC1, 0xC0,
    0x63, 0x18, 0xC6, 0x31, 0x8C, 0x63, 0x18, 0xC0, 0x39, 0x8E, 0x72, 0x00, 0x61, 0x86, 0x18, 0x61,
    0x86, 0x18, 0x61, 0x87, 0x8F, 0x01, 0xC7, 0x1C, 0x71, 0x00, 0x38, 0x01, 0x87, 0xCE, 0x7C, 0x77,
    0x02, 0x30, 0x31, 0xC3, 0x07, 0x98, 0x0E, 0xC0, 0x37, 0x03, 0x9F, 0xF8, 0x7F, 0x00, 0x38, 0x00,
    0xC0, 0x03, 0x80, 0x0E, 0x00, 0x20, 0x01, 0x82, 0x0C, 0x0F, 0xB0, 0x1E, 0xC0, 0x33, 0x81, 0xC7,
    0xFE, 0x0F, 0xE0, 0x6E, 0xDF, 0xC6, 0x73, 0x33, 0xFE, 0x00, 0x70, 0xC1, 0xC3, 0x84, 0x06, 0x0C,
    0x18, 0xFD, 0xFC, 0x00, 0xFF, 0xFF, 0xFF, 0xC6, 0x31, 0x8C, 0x63, 0x18, 0xC6, 0x3C, 0xF0, 0x00,
    0x00, 0x06, 0x40, 0x07, 0xC0, 0x03, 0xC0, 0x03, 0xC0, 0x03, 0xF8, 0x3F, 0x7F, 0xFE, 0x0F, 0xE0,
    0x01, 0x80, 0x01, 0x80, 0x00, 0x00, 0x40, 0x00, 0x0C, 0x00, 0x00, 0xC0, 0x03, 0x0C, 0x00, 0x78,
    0xF8, 0x7F, 0xE7, 0xFF, 0x9E, 0x0F, 0xC0, 0x00, 0x18, 0x00, 0x01, 0x80, 0x00, 0x00, 0x00, 0x67,
    0x33, 0x3F, 0xE0, 0x66, 0x00, 0x30, 0x60, 0xC7, 0xEF, 0xE0, 0x0C, 0x18, 0x00, 0x00, 0xF9, 0xA0,
    0x03, 0x07, 0x1F, 0x36, 0xC7, 0x8F, 0xF3, 0xE0, 0x00, 0x1E, 0x0F, 0x00, 0x00, 0xC0, 0x60, 0xF8,
    0xFC, 0xCE, 0x63, 0x3F, 0x87, 0xF0, 0x78, 0x00, 0x00, 0x00, 0x03, 0xC0, 0x03, 0xC6, 0x40, 0x07,
    0xC0, 0x03, 0xC0, 0x03, 0xC0, 0x03, 0xF8, 0x3F, 0x7F, 0xFE, 0x0F, 0xE0, 0x00, 0x00, 0x00, 0x3C,
    0x00, 0x03, 0xC0, 0x04, 0x00, 0x00, 0xC0, 0x00, 0x0C, 0x00, 0x30, 0xC0, 0x07, 0x8F, 0x87, 0xFE,
    0x7F, 0xF9, 0xE0, 0xFC, 0x00, 0x07, 0xBC, 0x06, 0x38, 0xC6, 0x37, 0xB8, 0x00, 0x00, 0x7C, 0x68,
    0x00, 0x10, 0x30, 0x30, 0xFE, 0xFE, 0x00, 0x01, 0x80, 0x01, 0x80, 0x03, 0xC0, 0x03, 0xC6, 0x40,
    0x07, 0xC0, 0x03, 0xC0, 0x03, 0xC0, 0x03, 0xF8, 0x3F, 0x7F, 0xFE, 0x0F, 0xE0, 0x01, 0x80, 0x00,
    0x18, 0x00, 0x03, 0xC0, 0x00, 0x3C, 0x00, 0x40, 0x00, 0x0C, 0x00, 0x00, 0xC0, 0x03, 0x0C, 0x00,
    0x78, 0xF8, 0x7F, 0xE7, 0xFF, 0x9E, 0x0F, 0xC0, 0x00, 0x63, 0x3D, 0xE0, 0x31, 0xC6, 0x31, 0xBD,
    0xC0, 0x00, 0x30, 0x30, 0x7C, 0x68, 0x00, 0x10, 0x30, 0x30, 0xFE, 0xFE, 0x00, 0xFC, 0x3F, 0xF0,
    0x7C, 0x78, 0x38, 0x1C, 0x0E, 0x03, 0x18, 0xC6, 0x30, 0x0C, 0x03, 0xC3, 0x7F, 0xC7, 0xE0, 0xFC,
    0x0F, 0xFC, 0x07, 0xC1, 0xF0, 0x3B, 0x87, 0x1E, 0xE1, 0xFC, 0x60, 0xC6, 0x0C, 0x00, 0xC0, 0x0F,
    0x0C, 0x7F, 0xC1, 0xF8, 0x7C, 0x1F, 0xC0, 0x78, 0x3E, 0xFE, 0x3E, 0x00, 0x00, 0x20, 0x0C, 0x00,
    0x00, 0x7C, 0x07, 0xF0, 0x07, 0x80, 0xF8, 0xFF, 0xEF, 0x8F, 0x00, 0x00, 0x80, 0x18, 0x00, 0x00,
    0xFC, 0x3F, 0xF0, 0x7C, 0x78, 0x38, 0x1C, 0x0E, 0x03, 0x00, 0xC0, 0x30, 0x0C, 0x03, 0xC3, 0x7F,
    0xC7, 0xE0, 0xFC, 0x0F, 0xFC, 0x07, 0xC1, 0xF0, 0x3B, 0x87, 0x1E, 0xE1, 0xFC, 0x00, 0xC0, 0x0C,
    0x00, 0xC0, 0x0F, 0x0C, 0x7F, 0xC1, 0xF8, 0x7C, 0x1F, 0xC0, 0x78, 0x3E, 0xFE, 0x3E, 0x00, 0x00,
    0x7C, 0x07, 0xF0, 0x07, 0x80, 0xF8, 0xFF, 0xEF, 0x8F, 0x00, 0x00, 0x00, 0x03, 0x00, 0xC0, 0x00,
    0xFC, 0x3F, 0xF0, 0x7C, 0x78, 0x38, 0x1C, 0x0E, 0x03, 0x00, 0xC0, 0x30, 0x0C, 0x03, 0xC3, 0x7F,
    0xC7, 0xE0, 0x00, 0x00, 0xC0, 0x0C, 0x00, 0x00, 0xFC, 0x0F, 0xFC, 0x07, 0xC1, 0xF0, 0x3B, 0x87,
    0x1E, 0xE1, 0xFC, 0x00, 0xC0, 0x0C, 0x00, 0xC0, 0x0F, 0x0C, 0x7F, 0xC1, 0xF8, 0x00, 0x0C, 0x03,
    0x00, 0x00, 0x7C, 0x1F, 0xC0, 0x78, 0x3E, 0xFE, 0x3E, 0x00, 0x00, 0x00, 0x07, 0x00, 0x20, 0x00,
    0x00, 0x7C, 0x07, 0xF0, 0x07, 0x80, 0xF8, 0xFF, 0xEF, 0x8F, 0x00, 0x00, 0x08, 0x0C, 0x0E, 0x06,
    0x06, 0x07, 0x7E, 0xFE, 0x00, 0x08, 0x03, 0x00, 0xE0, 0x18, 0x06, 0x01, 0xC7, 0xFF, 0xFF, 0x00,
    0x00, 0x00, 0x38, 0x10, 0x00, 0x08, 0x0C, 0x0E, 0x06, 0x06, 0x07, 0x7E, 0xFE, 0x00, 0x00, 0x06,
    0x01, 0x80, 0x00, 0x08, 0x03, 0x00, 0xE0, 0x18, 0x06, 0x01, 0xC7, 0xFF, 0xFF, 0x00, 0x00, 0x08,
    0x18, 0x30, 0x60, 0xC1, 0x87, 0x1C, 0xF0, 0xC0, 0x08, 0x06, 0x03, 0x01, 0xC0, 0xF0, 0x7C, 0x70,
    0x70, 0xF0, 0x30, 0x00, 0x00, 0x30, 0x60, 0x00, 0x81, 0x83, 0x06, 0x0C, 0x18, 0x71, 0xCF, 0x0C,
    0x00, 0x00, 0x0C, 0x06, 0x00, 0x00, 0x80, 0x60, 0x30, 0x1C, 0x0F, 0x07, 0xC7, 0x07, 0x0F, 0x03,
    0x00, 0x00, 0x00, 0x60, 0x00, 0x06, 0x00, 0xC2, 0x60, 0x0E, 0x63, 0x60, 0x66, 0x3C, 0x07, 0xFE,
    0xC0, 0x7F, 0xEC, 0x06, 0x00, 0xE0, 0xC0, 0x07, 0xFC, 0x00, 0x3F, 0x80, 0x00, 0x00, 0x00, 0x60,
    0x03, 0x09, 0x80, 0x0E, 0x63, 0x18, 0x19, 0x8C, 0xC0, 0x7F, 0xFF, 0x01, 0xFF, 0xFC, 0x06, 0x00,
    0x38, 0x30, 0x00, 0x7F, 0xC0, 0x00, 0xFE, 0x00, 0x00, 0x00, 0x30, 0x01, 0x8C, 0x4C, 0x66, 0x73,
    0x31, 0xFF, 0xFB, 0xFF, 0xC0, 0x00, 0x00, 0x30, 0x62, 0x20, 0xCC, 0x61, 0x98, 0xCF, 0xFF, 0xFF,
    0xFF, 0xC0, 0x00, 0x00, 0x00, 0x06, 0x00, 0x00, 0x60, 0x00, 0x1F, 0x00, 0x00, 0xB0, 0x00, 0x00,
    0x60, 0x00, 0x06, 0x00, 0xC2, 0x60, 0x0E, 0x63, 0x60, 0x66, 0x3C, 0x07, 0xFE, 0xC0, 0x7F, 0xEC,
    0x06, 0x00, 0xE0, 0xC0, 0x07, 0xFC, 0x00, 0x3F, 0x80, 0x00, 0x00, 0x06, 0x00, 0x00, 0x18, 0x00,
    0x01, 0xF0, 0x00, 0x02, 0xC0, 0x00, 0x00, 0x00, 0x00, 0x01, 0x80, 0x0C, 0x26, 0x00, 0x39, 0x8C,
    0x60, 0x66, 0x33, 0x01, 0xFF, 0xFC, 0x07, 0xFF, 0xF0, 0x18, 0x00, 0xE0, 0xC0, 0x01, 0xFF, 0x00,
    0x03, 0xF8, 0x00, 0x00, 0x03, 0x00, 0x18, 0x01, 0xE0, 0x0F, 0x00, 0x03, 0x00, 0x18, 0xC4, 0xC6,
    0x67, 0x33, 0x1F, 0xFF, 0xBF, 0xFC, 0x00, 0x00, 0x03, 0x00, 0x06, 0x00, 0x1E, 0x00, 0x3C, 0x00,
    0x00, 0x00, 0x06, 0x0C, 0x44, 0x19, 0x8C, 0x33, 0x19, 0xFF, 0xFF, 0xFF, 0xF8, 0x00, 0x00, 0x00,
    0x00, 0x60, 0x00, 0x07, 0xE0, 0x0C, 0x3F, 0x80, 0x39, 0xC6, 0x60, 0x6C, 0x1B, 0x01, 0xFF, 0xEC,
    0x07, 0xFF, 0x30, 0x19, 0xE0, 0xE0, 0xC0, 0x01, 0xFF, 0x00, 0x03, 0xF8, 0x00, 0x00, 0x00, 0x00,
    0x60, 0x00, 0x01, 0xF8, 0x00, 0xC3, 0xF8, 0x00, 0xE7, 0x18, 0x60, 0x6C, 0x18, 0xC0, 0x7F, 0xFE,
    0xC0, 0x7F, 0xFF, 0xC0, 0x67, 0x80, 0xE0, 0xC0, 0x00, 0x7F, 0xC0, 0x00, 0x3F, 0x80, 0x00, 0x00,
    0x10, 0x01, 0xF8, 0xC7, 0xF1, 0x9C, 0x33, 0x70, 0xFF, 0xC7, 0xBF, 0xFE, 0x03, 0xE0, 0x00, 0x10,
    0x00, 0x7E, 0x0C, 0x7F, 0x06, 0x70, 0xC3, 0x70, 0xE7, 0xF1, 0xFB, 0xFF, 0xFE, 0x0F, 0x80, 0x00,
    0x00, 0x00, 0x00, 0x03, 0x80, 0x00, 0x04, 0x00, 0x00, 0x00, 0x00, 0x00, 0x60, 0x00, 0x07, 0xE0,
    0x0C, 0x3F, 0x80, 0x39, 0xC6, 0x60, 0x6C, 0x1B, 0x01, 0xFF, 0xEC, 0x07, 0xFF, 0x30, 0x19, 0xE0,
    0xE0, 0xC0, 0x01, 0xFF, 0x00, 0x03, 0xF8, 0x00, 0x00, 0x00, 0x00, 0x00, 0x00, 0x00, 0xE0, 0x00,
    0x00, 0x40, 0x00, 0x00, 0x00, 0x00, 0x00, 0x60, 0x00, 0x01, 0xF8, 0x00, 0xC3, 0xF8, 0x00, 0xE7,
    0x18, 0x60, 0x6C, 0x18, 0xC0, 0x7F, 0xFE, 0xC0, 0x7F, 0xFF, 0xC0, 0x67, 0x80, 0xE0, 0xC0, 0x00,
    0x7F, 0xC0, 0x00, 0x3F, 0x80, 0x00, 0x00, 0x00, 0x00, 0x60, 0x00, 0xC0, 0x00, 0x80, 0x0F, 0xC6,
    0x3F, 0x8C, 0xE1, 0x9B, 0x87, 0xFE, 0x3D, 0xFF, 0xF0, 0x1F, 0x00, 0x00, 0x00, 0x00, 0x18, 0x00,
    0x0C, 0x00, 0x02, 0x00, 0x0F, 0xC1, 0x8F, 0xE0, 0xCE, 0x18, 0x6E, 0x1C, 0xFE, 0x3F, 0x7F, 0xFF,
    0xC1, 0xF0, 0x00, 0x18, 0x00, 0xC0, 0x06, 0x00, 0x30, 0x01, 0x80, 0x0C, 0x20, 0x6F, 0xC3, 0xFF,
    0x1E, 0x18, 0xE1, 0xFF, 0xFD, 0xFF, 0xC1, 0xF0, 0x00, 0x18, 0x00, 0x30, 0x00, 0x60, 0x00, 0xC0,
    0x01, 0x80, 0x03, 0x08, 0x06, 0xFC, 0x0F, 0xFC, 0x1E, 0x18, 0x38, 0x73, 0xFF, 0xF7, 0xFF, 0xF1,
    0xF0, 0x00, 0x60, 0x0C, 0x01, 0x80, 0x30, 0x06, 0x00, 0xC2, 0x19, 0xF3, 0xFF, 0x78, 0x6E, 0x1F,
    0xFF, 0x7F, 0xC0, 0x00, 0x60, 0x03, 0x00, 0x18, 0x00, 0xC0, 0x06, 0x00, 0x30, 0x81, 0x9F, 0x0F,
    0xFC, 0x78, 0x63, 0x87, 0x3F, 0xFD, 0xFF, 0xF0, 0x00, 0x00, 0x18, 0x00, 0xC0, 0x06, 0x38, 0x30,
    0x81, 0x80, 0x0C, 0x20, 0x6F, 0xC3, 0xFF, 0x1E, 0x18, 0xE1, 0xFF, 0xFD, 0xFF, 0xC1, 0xF0, 0x00,
    0x18, 0x00, 0x30, 0x00, 0x63, 0x00, 0xC4, 0x01, 0x80, 0x03, 0x08, 0x06, 0xFC, 0x0F, 0xFC, 0x1E,
    0x18, 0x38, 0x73, 0xFF, 0xF7, 0xFF, 0xF1, 0xF0, 0x00, 0x60, 0x0C, 0x01, 0x80, 0x31, 0x86, 0x30,
    0xC2, 0x19, 0xF3, 0xFF, 0x78, 0x6E, 0x1F, 0xFF, 0x7F, 0xC0, 0x00, 0x60, 0x03, 0x00, 0x18, 0x00,
    0xC6, 0x06, 0x30, 0x30, 0x81, 0x9F, 0x0F, 0xFC, 0x78, 0x63, 0x87, 0x3F, 0xFD, 0xFF, 0xF0, 0x00,
    0x00, 0x18, 0x1F, 0x0E, 0x03, 0x00, 0xE2, 0x1F, 0x83, 0xE1, 0xC0, 0xE0, 0x30, 0x0C, 0x03, 0x00,
    0xC0, 0x3C, 0x27, 0xFC, 0x7E, 0x3E, 0x1F, 0xC6, 0x31, 0xD8, 0x3E, 0x0F, 0xE7, 0x7F, 0x80, 0xC0,
    0x30, 0x0C, 0x03, 0x86, 0x7F, 0x8F, 0xC0, 0x0C, 0x3E, 0x70, 0x60, 0x60, 0x73, 0xFF, 0xFC, 0x00,
    0x3E, 0x1F, 0xC6, 0x31, 0xD8, 0x3E, 0x3F, 0xEF, 0xFC, 0x00, 0x00, 0x06, 0x01, 0x80, 0x00, 0x18,
    0x1F, 0x0E, 0x03, 0x00, 0xE2, 0x1F, 0x83, 0xE1, 0xC0, 0xE0, 0x30, 0x0C, 0x03, 0x00, 0xC0, 0x3C,
    0x27, 0xFC, 0x7E, 0x00, 0x03, 0x00, 0xC0, 0x00, 0x3E, 0x1F, 0xC6, 0x31, 0xD8, 0x3E, 0x0F, 0xE7,
    0x7F, 0x80, 0xC0, 0x30, 0x0C, 0x03, 0x86, 0x7F, 0x8F, 0xC0, 0x00, 0x1C, 0x08, 0x00, 0x0C, 0x3E,
    0x70, 0x60, 0x60, 0x73, 0xFF, 0xFC, 0x00, 0x00, 0x07, 0x00, 0x80, 0x00, 0x3E, 0x1F, 0xC6, 0x31,
    0xD8, 0x3E, 0x3F, 0xEF, 0xFC, 0x00, 0x00, 0x00, 0x00, 0x0C, 0x00, 0x0C, 0x00, 0x00, 0x00, 0x0C,
    0x00, 0x1E, 0x00, 0x3F, 0x40, 0x33, 0xC0, 0x33, 0xC0, 0x3F, 0xC0, 0x1F, 0xF8, 0x0F, 0x7F, 0xFE,
    0x0F, 0xF8, 0x00, 0x00, 0x00, 0x00, 0x60, 0x00, 0x06, 0x00, 0x00, 0x00, 0x00, 0x0F, 0x04, 0x00,
    0xF8, 0xC0, 0x19, 0x8C, 0x01, 0x98, 0xC0, 0x1D, 0x8F, 0x83, 0xFE, 0x7F, 0xFF, 0xE0, 0xFE, 0x00,
    0x00, 0x30, 0x60, 0x01, 0x87, 0x9F, 0xB3, 0x66, 0xFC, 0xFF, 0xEF, 0x80, 0x00, 0x00, 0x06, 0x01,
    0x80, 0x00, 0x3C, 0x1F, 0x86, 0x61, 0x98, 0x76, 0x3F, 0xEF, 0xF8, 0x00, 0x00, 0x00, 0x0F, 0x00,
    0x78, 0x00, 0x00, 0x0E, 0x00, 0xF8, 0x0E, 0xCC, 0x66, 0xE3, 0xFE, 0x0F, 0xB0, 0x0D, 0xC0, 0xE7,
    0xFE, 0x1F, 0xE0, 0x10, 0x00, 0x00, 0x00, 0x03, 0xE0, 0x02, 0xC0, 0x00, 0x00, 0x0E, 0x00, 0x3E,
    0x00, 0x6C, 0x31, 0x98, 0x63, 0xFD, 0x83, 0xFF, 0x00, 0xC7, 0x01, 0x87, 0x0E, 0x0F, 0xF8, 0x07,
    0xC0, 0x00, 0x00, 0xF8, 0xB0, 0x01, 0x87, 0x9F, 0xB3, 0x66, 0xFC, 0xFF, 0xEF, 0x80, 0x00, 0x00,
    0x0F, 0x03, 0xC0, 0x00, 0x3C, 0x1F, 0x86, 0x61, 0x98, 0x76, 0x3F, 0xEF, 0xF8, 0x00, 0x00, 0x0C,
    0x00, 0x30, 0x00, 0xC0, 0x63, 0x03, 0x8C, 0x0C, 0x34, 0x18, 0xF0, 0xE3, 0xC3, 0x0F, 0x00, 0x3F,
    0x87, 0xDF, 0xFE, 0x0F, 0xC0, 0x00, 0x0C, 0x00, 0x06, 0x00, 0x03, 0x00, 0x31, 0x80, 0x38, 0xC0,
    0x18, 0x61, 0x06, 0x31, 0x87, 0x18, 0xC3, 0x0C, 0x60, 0x06, 0x3E, 0x1F, 0xCF, 0xFF, 0xE0, 0xFC,
    0x00, 0x06, 0x1E, 0x7C, 0xF0, 0xE0, 0x70, 0x38, 0x1C, 0x0C, 0x0C, 0xFC, 0xF8, 0x00, 0x06, 0x07,
    0x87, 0xC3, 0xC0, 0xE0, 0x1C, 0x03, 0x80, 0x60, 0x0C, 0x03, 0x8F, 0xFB, 0xEF, 0x00, 0x00, 0x00,
    0xE0, 0x0C, 0x01, 0x80, 0x30, 0x06, 0x00, 0xC0, 0x18, 0x03, 0x00, 0x6C, 0x0F, 0x01, 0xE0, 0x3C,
    0x0D, 0xC1, 0x9F, 0xE1, 0xF8, 0x00, 0xE0, 0x03, 0x00, 0x18, 0x00, 0xC0, 0x06, 0x00, 0x30, 0x01,
    0x80, 0x0C, 0x00, 0x63, 0x03, 0x30, 0x1F, 0x80, 0xFC, 0x0E, 0x70, 0x61, 0xFF, 0x07, 0xE0, 0x66,
    0x66, 0x77, 0x73, 0x33, 0xFE, 0x00, 0x61, 0x87, 0x1C, 0x71, 0xC3, 0x0C, 0x30, 0xCF, 0xFF, 0x00,
    0x1C, 0x3E, 0x76, 0x63, 0x1F, 0x7F, 0xE6, 0xC0, 0xC0, 0xC0, 0xC0, 0xC0, 0x60, 0x60, 0x00, 0x03,
    0xC0, 0xFC, 0x39, 0x8F, 0x31, 0xFF, 0xB7, 0xF6, 0x30, 0xC0, 0x18, 0x03, 0x00, 0x70, 0x06, 0x00,
    0xC0, 0x00, 0x1E, 0x3F, 0x33, 0x73, 0xFF, 0xFE, 0x00, 0x00, 0x03, 0xC0, 0xFC, 0x19, 0x87, 0x39,
    0xF7, 0xB7, 0xF8, 0x30, 0x00, 0x01, 0xC0, 0x10, 0x00, 0x00, 0x0C, 0x01, 0xD8, 0x1E, 0x03, 0xC0,
    0x78, 0x0F, 0x83, 0x3F, 0xE3, 0xF0, 0x00, 0x00, 0x70, 0x01, 0x00, 0x00, 0x00, 0x0C, 0x00, 0x71,
    0x81, 0x98, 0x0F, 0xC0, 0x7E, 0x03, 0x38, 0x30, 0xFF, 0x83, 0xF8, 0x00, 0x06, 0x60, 0x67, 0x33,
    0x3F, 0xE0, 0x00, 0xE0, 0x80, 0x03, 0x06, 0x0C, 0x7E, 0xFE, 0x00, 0x30, 0x71, 0xF3, 0x6C, 0x78,
    0xFF, 0x3E, 0x0C, 0x06, 0x0F, 0x8F, 0xCC, 0xE6, 0x33, 0xF8, 0x7F, 0x07, 0x80, 0x00, 0x00, 0x1C,
    0x0F, 0x0F, 0xC6, 0x73, 0x7D, 0xF7, 0xFF, 0xFF, 0x81, 0x00, 0x1E, 0x0F, 0x83, 0x61, 0xD8, 0x6E,
    0x3F, 0xEF, 0xFD, 0x8C, 0x73, 0x0F, 0xC1, 0xE0, 0x38, 0xF9, 0xBB, 0x37, 0xEF, 0xC7, 0x8E, 0xF8,
    0xE0, 0x38, 0x3E, 0x1B, 0x8C, 0xC7, 0xFB, 0xFC, 0x38, 0x38, 0xF8, 0x38, 0x00, 0x00, 0xF8, 0x0F,
    0x80, 0xE0, 0x06, 0x06, 0x38, 0x60, 0xF3, 0x01, 0xD8, 0x06, 0xE0, 0x73, 0xFF, 0x0F, 0xE0, 0x60,
    0x83, 0x03, 0xEC, 0x07, 0xB0, 0x0C, 0xE0, 0x71, 0xFF, 0x83, 0xF8, 0x00, 0x00, 0xF8, 0x0F, 0x80,
    0xE0, 0x06, 0x06, 0x38, 0x60, 0xF3, 0x01, 0xD8, 0x06, 0xE0, 0x73, 0xFF, 0x0F, 0xE0, 0x00, 0x00,
    0xF0, 0x07, 0x80, 0x00, 0x00, 0x60, 0x83, 0x03, 0xEC, 0x07, 0xB0, 0x0C, 0xE0, 0x71, 0xFF, 0x83,
    0xF8, 0x00, 0x00, 0x0A, 0x00, 0x7C, 0x00, 0x00, 0x00, 0x18, 0xC6, 0x31, 0xBD, 0xC0, 0x7B, 0xC0,
    0x10, 0x30, 0x30, 0xFE, 0xFE, 0x00, 0x78, 0x78, 0x00, 0x7C, 0x0F, 0x98, 0x03, 0x08, 0x61, 0xCC,
    0x1D, 0x81, 0xF0, 0x1E, 0x01, 0xC0, 0x7C, 0x1D, 0x87, 0xF0, 0xFC, 0xFC, 0x0F, 0xD8, 0x01, 0x82,
    0x18, 0x31, 0x83, 0x98, 0x1D, 0x80, 0xF8, 0x07, 0x80, 0x38, 0x03, 0x83, 0xFF, 0x3E, 0xF0, 0x00,
    0x70, 0x18, 0x07, 0x01, 0xC6, 0x41, 0x88, 0x63, 0x98, 0x76, 0x0F, 0x81, 0xE0, 0x38, 0x1F, 0x0E,
    0xC7, 0xF1, 0xF8, 0x60, 0x1C, 0x03, 0x80, 0x79, 0x88, 0x30, 0x86, 0x18, 0xC3, 0x98, 0x3B, 0x03,
    0xE0, 0x3C, 0x03, 0x80, 0x70, 0xFF, 0xDF, 0x78, 0x00, 0x03, 0x01, 0x90, 0xCE, 0x63, 0xB0, 0xF8,
    0x3C, 0x0E, 0x0F, 0x8E, 0xCF, 0xE7, 0xE0, 0x01, 0x81, 0xC0, 0xF0, 0x78, 0x20, 0x00, 0x03, 0x00,
    0x61, 0x0C, 0x31, 0x87, 0x30, 0x76, 0x07, 0xC0, 0x78, 0x07, 0x00, 0xE1, 0xFF, 0xBE, 0xF0, 0x00,
    0x30, 0x0E, 0x01, 0xA0, 0x3C, 0x06, 0x00, 0x03, 0x01, 0x90, 0xCE, 0x63, 0xB0, 0xF8, 0x3C, 0x0E,
    0x0F, 0x8E, 0xCF, 0xE7, 0xE0, 0x03, 0x00, 0x61, 0x0C, 0x31, 0x87, 0x30, 0x76, 0x07, 0xC0, 0x78,
    0x07, 0x00, 0xE1, 0xFF, 0xBE, 0xF0, 0x00, 0x00, 0x80, 0x01, 0xC0, 0x03, 0xE0, 0x07, 0xF0, 0x0C,
    0x38, 0x1F, 0xDC, 0x3F, 0xDE, 0x7F, 0xBF, 0x7F, 0x7F, 0x3F, 0x7E, 0x1F, 0xFC, 0x0F, 0xF8, 0x06,
    0x70, 0x03, 0xE0, 0x01, 0xC0, 0x00, 0x80,
};

static const EpdGlyph notosans_8_regularGlyphs[] = {
    { 0, 0, 0, 0, 0, 0, 0 }, // U+0000
    { 0, 0, 69, 0, 0, 0, 0 }, // U+000D
    { 0, 0, 69, 0, 0, 0, 0 }, // U+0020
    { 3, 13, 72, 1, 12, 5, 0 }, // !
    { 5, 5, 109, 1, 12, 4, 5 }, // "
    { 11, 12, 172, 0, 12, 17, 9 }, // #
    { 8, 14, 153, 1, 13, 14, 26 }, // $
    { 14, 14, 222, 0, 13, 25, 40 }, // %
    { 13, 14, 195, 0, 13, 23, 65 }, // &
    { 2, 5, 60, 1, 12, 2, 88 }, // '
    { 5, 15, 80, 0, 12, 10, 90 }, // (
    { 5, 15, 80, 0, 12, 10, 100 }, // )
    { 9, 8, 147, 0, 13, 9, 110 }, // *
    { 9, 9, 153, 0, 10, 11, 119 }, // +
    { 4, 5, 71, 0, 2, 3, 130 }, // ,
    { 5, 3, 86, 0, 6, 2, 133 }, // -
    { 3, 4, 71, 1, 3, 2, 135 }, // .
    { 7, 12, 99, 0, 12, 11, 137 }, // /
    { 9, 14, 153, 0, 13, 16, 148 }, // 0
    { 5, 12, 153, 1, 12, 8, 164 }, // 1
    { 9, 13, 153, 0, 13, 15, 172 }, // 2
    { 9, 14, 153, 0, 13, 16, 187 }, // 3
    { 10, 12, 153, 0, 12, 15, 203 }, // 4
    { 8, 13, 153, 1, 12, 13, 218 }, // 5
    { 9, 14, 153, 0, 13, 16, 231 }, // 6
    { 9, 12, 153, 0, 12, 14, 247 }, // 7
    { 9, 14, 153, 0, 13, 16, 261 }, // 8
    { 9, 14, 153, 0, 13, 16, 277 }, // 9
    { 3, 11, 71, 1, 10, 5, 293 }, // :
    { 4, 13, 71, 0, 10, 7, 298 }, // ;
    { 9, 10, 153, 0, 11, 12, 305 }, // <
    { 9, 6, 153, 0, 9, 7, 317 }, // =
    { 9, 10, 153, 0, 11, 12, 324 }, // >
    { 7, 14, 116, 0, 13, 13, 336 }, // ?
    { 15, 14, 240, 0, 12, 27, 349 }, // @
    { 11, 12, 170, 0, 12, 17, 376 }, // A
    { 9, 12, 173, 1, 12, 14, 393 }, // B
    { 10, 14, 169, 1, 13, 18, 407 }, // C
    { 11, 12, 195, 1, 12, 17, 425 }, // D
    { 8, 12, 148, 1, 12, 12, 442 }, // E
    { 8, 12, 138, 1, 12, 12, 454 }, // F
    { 10, 14, 194, 1, 13, 18, 466 }, // G
    { 10, 12, 198, 1, 12, 15, 484 }, // H
    { 5, 12, 90, 0, 12, 8, 499 }, // I
    { 6, 16, 73, -2, 12, 12, 507 }, // J
    { 10, 12, 165, 1, 12, 15, 519 }, // K
    { 8, 12, 140, 1, 12, 12, 534 }, // L
    { 13, 12, 242, 1, 12, 20, 546 }, // M
    { 11, 12, 203, 1, 12, 17, 566 }, // N
    { 11, 14, 208, 1, 13, 20, 583 }, // O
    { 9, 12, 161, 1, 12, 14, 603 }, // P
    { 11, 16, 208, 1, 13, 22, 617 }, // Q
    { 10, 12, 166, 1, 12, 15, 639 }, // R
    { 9, 14, 146, 0, 13, 16, 654 }, // S
    { 10, 12, 148, 0, 12, 15, 670 }, // T
    { 10, 13, 195, 1, 12, 17, 685 }, // U
    { 10, 12, 160, 0, 12, 15, 702 }, // V
    { 16, 12, 248, 0, 12, 24, 717 }, // W
    { 10, 12, 156, 0, 12, 15, 741 }, // X
    { 10, 12, 151, 0, 12, 15, 756 }, // Y
    { 9, 12, 153, 0, 12, 14, 771 }, // Z
    { 5, 15, 88, 1, 12, 10, 785 }, // [
    { 7, 12, 99, 0, 12, 11, 795 }, // <backslash>
    { 5, 15, 88, 0, 12, 10, 806 }, // ]
    { 9, 8, 153, 0, 12, 9, 816 }, // ^
    { 9, 2, 118, -1, -1, 3, 825 }, // _
    { 5, 3, 75, 0, 13, 2, 828 }, // `
    { 8, 11, 150, 0, 10, 11, 830 }, // a
    { 9, 14, 164, 1, 13, 16, 841 }, // b
    { 8, 11, 128, 0, 10, 11, 857 }, // c
    { 9, 14, 164, 0, 13, 16, 868 }, // d
    { 9, 11, 150, 0, 10, 13, 884 }, // e
    { 7, 13, 92, 0, 13, 12, 897 }, // f
    { 9, 14, 164, 0, 10, 16, 909 }, // g
    { 8, 13, 165, 1, 13, 13, 925 }, // h
    { 3, 13, 69, 1, 13, 5, 938 }, // i
    { 5, 17, 69, -1, 13, 11, 943 }, // j
    { 8, 13, 142, 1, 13, 13, 954 }, // k
    { 2, 13, 69, 1, 13, 4, 967 }, // l
    { 14, 10, 249, 1, 10, 18, 971 }, // m
    { 8, 10, 165, 1, 10, 10, 989 }, // n
    { 10, 11, 161, 0, 10, 14, 999 }, // o
    { 9, 14, 164, 1, 10, 16, 1013 }, // p
    { 9, 14, 164, 0, 10, 16, 1029 }, // q
    { 6, 10, 110, 1, 10, 8, 1045 }, // r
    { 8, 11, 128, 0, 10, 11, 1053 }, // s
    { 6, 12, 96, 0, 11, 9, 1064 }, // t
    { 8, 10, 165, 1, 9, 10, 1073 }, // u
    { 9, 9, 136, 0, 9, 11, 1083 }, // v
    { 13, 9, 210, 0, 9, 15, 1094 }, // w
    { 9, 9, 141, 0, 9, 11, 1109 }, // x
    { 9, 13, 136, 0, 9, 15, 1120 }, // y
    { 8, 9, 125, 0, 9, 9, 1135 }, // z
    { 6, 15, 101, 0, 12, 12, 1144 }, // {
    { 3, 18, 147, 3, 13, 7, 1156 }, // |
    { 6, 15, 101, 0, 12, 12, 1163 }, // }
    { 9, 3, 153, 0, 7, 4, 1175 }, // ~
    { 0, 0, 69, 0, 0, 0, 1179 }, // U+00A0
    { 3, 14, 72, 1, 10, 6, 1179 }, // U+00A1
    { 8, 14, 153, 1, 13, 14, 1185 }, // U+00A2
    { 9, 13, 153, 0, 13, 15, 1199 }, // U+00A3
    { 9, 8, 153, 0, 10, 9, 1214 }, // U+00A4
    { 10, 12, 153, 0, 12, 15, 1223 }, // U+00A5
    { 3, 18, 147, 3, 13, 7, 1238 }, // U+00A6
    { 8, 14, 137, 0, 13, 14, 1245 }, // U+00A7
    { 6, 3, 155, 2, 13, 3, 1259 }, // U+00A8
    { 14, 14, 222, 0, 13, 25, 1262 }, // U+00A9
    { 6, 7, 95, 0, 13, 6, 1287 }, // U+00AA
    { 8, 8, 136, 0, 8, 8, 1293 }, // U+00AB
    { 9, 5, 153, 0, 7, 6, 1301 }, // U+00AC
    { 5, 3, 86, 0, 6, 2, 1307 }, // U+00AD
    { 14, 14, 222, 0, 13, 25, 1309 }, // U+00AE
    { 10, 2, 133, -1, 14, 3, 1334 }, // U+00AF
    { 7, 7, 114, 0, 13, 7, 1337 }, // U+00B0
    { 9, 10, 153, 0, 10, 12, 1344 }, // U+00B1
    { 6, 9, 93, 0, 15, 7, 1356 }, // U+00B2
    { 6, 9, 93, 0, 15, 7, 1363 }, // U+00B3
    { 5, 3, 75, 0, 13, 2, 1370 }, // U+00B4
    { 8, 13, 166, 1, 9, 13, 1372 }, // U+00B5
    { 10, 16, 175, 0, 13, 20, 1385 }, // U+00B6
    { 3, 4, 71, 1, 8, 2, 1405 }, // U+00B7
    { 4, 4, 60, 0, 0, 2, 1407 }, // U+00B8
    { 4, 9, 93, 0, 15, 5, 1409 }, // U+00B9
    { 6, 7, 100, 0, 13, 6, 1414 }, // U+00BA
    { 8, 8, 136, 0, 8, 8, 1420 }, // U+00BB
    { 13, 12, 199, 0, 12, 20, 1428 }, // U+00BC
    { 13, 12, 206, 0, 12, 20, 1448 }, // U+00BD
    { 13, 13, 208, 0, 13, 22, 1468 }, // U+00BE
    { 7, 14, 116, 0, 10, 13, 1490 }, // U+00BF
    { 11, 16, 170, 0, 16, 22, 1503 }, // U+00C0
    { 11, 16, 170, 0, 16, 22, 1525 }, // U+00C1
    { 11, 16, 170, 0, 16, 22, 1547 }, // U+00C2
    { 11, 16, 170, 0, 16, 22, 1569 }, // U+00C3
    { 11, 16, 170, 0, 16, 22, 1591 }, // U+00C4
    { 11, 15, 170, 0, 15, 21, 1613 }, // U+00C5
    { 15, 12, 235, -1, 12, 23, 1634 }, // U+00C6
    { 10, 17, 169, 1, 13, 22, 1657 }, // U+00C7
    { 8, 16, 148, 1, 16, 16, 1679 }, // U+00C8
    { 8, 16, 148, 1, 16, 16, 1695 }, // U+00C9
    { 8, 16, 148, 1, 16, 16, 1711 }, // U+00CA
    { 8, 16, 148, 1, 16, 16, 1727 }, // U+00CB
    { 5, 16, 90, 0, 16, 10, 1743 }, // U+00CC
    { 6, 16, 90, 0, 16, 12, 1753 }, // U+00CD
    { 6, 16, 90, 0, 16, 12, 1765 }, // U+00CE
    { 6, 16, 90, 0, 16, 12, 1777 }, // U+00CF
    { 12, 12, 195, 0, 12, 18, 1789 }, // U+00D0
    { 11, 16, 203, 1, 16, 22, 1807 }, // U+00D1
    { 11, 17, 208, 1, 16, 24, 1829 }, // U+00D2
    { 11, 17, 208, 1, 16, 24, 1853 }, // U+00D3
    { 11, 17, 208, 1, 16, 24, 1877 }, // U+00D4
    { 11, 17, 208, 1, 16, 24, 1901 }, // U+00D5
    { 11, 17, 208, 1, 16, 24, 1925 }, // U+00D6
    { 8, 8, 153, 1, 10, 8, 1949 }, // U+00D7
    { 11, 14, 208, 1, 13, 20, 1957 }, // U+00D8
    { 10, 17, 195, 1, 16, 22, 1977 }, // U+00D9
    { 10, 17, 195, 1, 16, 22, 1999 }, // U+00DA
    { 10, 17, 195, 1, 16, 22, 2021 }, // U+00DB
    { 10, 17, 195, 1, 16, 22, 2043 }, // U+00DC
    { 10, 16, 151, 0, 16, 20, 2065 }, // U+00DD
    { 9, 12, 161, 1, 12, 14, 2085 }, // U+00DE
    { 9, 14, 168, 1, 13, 16, 2099 }, // U+00DF
    { 8, 14, 150, 0, 13, 14, 2115 }, // U+00E0
    { 8, 14, 150, 0, 13, 14, 2129 }, // U+00E1
    { 8, 14, 150, 0, 13, 14, 2143 }, // U+00E2
    { 8, 14, 150, 0, 13, 14, 2157 }, // U+00E3
    { 8, 14, 150, 0, 13, 14, 2171 }, // U+00E4
    { 8, 15, 150, 0, 14, 15, 2185 }, // U+00E5
    { 14, 11, 230, 0, 10, 20, 2200 }, // U+00E6
    { 8, 14, 128, 0, 10, 14, 2220 }, // U+00E7
    { 9, 14, 150, 0, 13, 16, 2234 }, // U+00E8
    { 9, 14, 150, 0, 13, 16, 2250 }, // U+00E9
    { 9, 14, 150, 0, 13, 16, 2266 }, // U+00EA
    { 9, 14, 150, 0, 13, 16, 2282 }, // U+00EB
    { 5, 13, 69, -1, 13, 9, 2298 }, // U+00EC
    { 4, 13, 69, 1, 13, 7, 2307 }, // U+00ED
    { 6, 13, 69, -1, 13, 10, 2314 }, // U+00EE
    { 6, 13, 69, -1, 13, 10, 2324 }, // U+00EF
    { 10, 14, 161, 0, 13, 18, 2334 }, // U+00F0
    { 8, 13, 165, 1, 13, 13, 2352 }, // U+00F1
    { 10, 14, 161, 0, 13, 18, 2365 }, // U+00F2
    { 10, 14, 161, 0, 13, 18, 2383 }, // U+00F3
    { 10, 14, 161, 0, 13, 18, 2401 }, // U+00F4
    { 10, 14, 161, 0, 13, 18, 2419 }, // U+00F5
    { 10, 14, 161, 0, 13, 18, 2437 }, // U+00F6
    { 9, 8, 153, 0, 10, 9, 2455 }, // U+00F7
    { 10, 11, 161, 0, 10, 14, 2464 }, // U+00F8
    { 8, 14, 165, 1, 13, 14, 2478 }, // U+00F9
    { 8, 14, 165, 1, 13, 14, 2492 }, // U+00FA
    { 8, 14, 165, 1, 13, 14, 2506 }, // U+00FB
    { 8, 14, 165, 1, 13, 14, 2520 }, // U+00FC
    { 9, 17, 136, 0, 13, 20, 2534 }, // U+00FD
    { 9, 17, 164, 1, 13, 20, 2554 }, // U+00FE
    { 9, 17, 136, 0, 13, 20, 2574 }, // U+00FF
    { 11, 15, 170, 0, 15, 21, 2594 }, // U+0100
    { 8, 13, 150, 0, 12, 13, 2615 }, // U+0101
    { 11, 16, 170, 0, 16, 22, 2628 }, // U+0102
    { 8, 14, 150, 0, 13, 14, 2650 }, // U+0103
    { 11, 16, 170, 0, 12, 22, 2664 }, // U+0104
    { 9, 14, 150, 0, 10, 16, 2686 }, // U+0105
    { 10, 17, 169, 1, 16, 22, 2702 }, // U+0106
    { 8, 14, 128, 0, 13, 14, 2724 }, // U+0107
    { 10, 17, 169, 1, 16, 22, 2738 }, // U+0108
    { 8, 14, 128, 0, 13, 14, 2760 }, // U+0109
    { 10, 17, 169, 1, 16, 22, 2774 }, // U+010A
    { 8, 14, 128, 0, 13, 14, 2796 }, // U+010B
    { 10, 17, 169, 1, 16, 22, 2810 }, // U+010C
    { 8, 14, 128, 0, 13, 14, 2832 }, // U+010D
    { 11, 16, 195, 1, 16, 22, 2846 }, // U+010E
    { 12, 14, 164, 0, 13, 21, 2868 }, // U+010F
    { 12, 12, 195, 0, 12, 18, 2889 }, // U+0110
    { 11, 14, 165, 0, 13, 20, 2907 }, // U+0111
    { 8, 15, 148, 1, 15, 15, 2927 }, // U+0112
    { 9, 13, 150, 0, 12, 15, 2942 }, // U+0113
    { 8, 16, 148, 1, 16, 16, 2957 }, // U+0114
    { 9, 14, 150, 0, 13, 16, 2973 }, // U+0115
    { 8, 16, 148, 1, 16, 16, 2989 }, // U+0116
    { 9, 14, 150, 0, 13, 16, 3005 }, // U+0117
    { 8, 16, 148, 1, 12, 16, 3021 }, // U+0118
    { 9, 14, 150, 0, 10, 16, 3037 }, // U+0119
    { 8, 16, 148, 1, 16, 16, 3053 }, // U+011A
    { 9, 14, 150, 0, 13, 16, 3069 }, // U+011B
    { 10, 17, 194, 1, 16, 22, 3085 }, // U+011C
    { 9, 17, 164, 0, 13, 20, 3107 }, // U+011D
    { 10, 17, 194, 1, 16, 22, 3127 }, // U+011E
    { 9, 17, 164, 0, 13, 20, 3149 }, // U+011F
    { 10, 17, 194, 1, 16, 22, 3169 }, // U+0120
    { 9, 17, 164, 0, 13, 20, 3191 }, // U+0121
    { 10, 17, 194, 1, 13, 22, 3211 }, // U+0122
    { 9, 17, 164, 0, 13, 20, 3233 }, // U+0123
    { 10, 16, 198, 1, 16, 20, 3253 }, // U+0124
    { 10, 17, 165, -1, 17, 22, 3273 }, // U+0125
    { 13, 12, 198, 0, 12, 20, 3295 }, // U+0126
    { 9, 13, 165, 0, 13, 15, 3315 }, // U+0127
    { 7, 16, 90, -1, 16, 14, 3330 }, // U+0128
    { 7, 13, 69, -1, 13, 12, 3344 }, // U+0129
    { 6, 15, 90, 0, 15, 12, 3356 }, // U+012A
    { 6, 12, 69, -1, 12, 9, 3368 }, // U+012B
    { 6, 16, 90, 0, 16, 12, 3377 }, // U+012C
    { 6, 13, 69, -1, 13, 10, 3389 }, // U+012D
    { 5, 16, 90, 0, 12, 10, 3399 }, // U+012E
    { 4, 17, 69, 0, 13, 9, 3409 }, // U+012F
    { 5, 16, 90, 0, 16, 10, 3418 }, // U+0130
    { 2, 9, 69, 1, 9, 3, 3428 }, // U+0131
    { 9, 16, 163, 0, 12, 18, 3431 }, // U+0132
    { 7, 17, 138, 1, 13, 15, 3449 }, // U+0133
    { 8, 20, 73, -2, 16, 20, 3464 }, // U+0134
    { 6, 17, 69, -1, 13, 13, 3484 }, // U+0135
    { 10, 16, 165, 1, 12, 20, 3497 }, // U+0136
    { 8, 17, 142, 1, 13, 17, 3517 }, // U+0137
    { 8, 9, 142, 1, 9, 9, 3534 }, // U+0138
    { 8, 16, 140, 1, 16, 16, 3543 }, // U+0139
    { 4, 17, 69, 1, 17, 9, 3559 }, // U+013A
    { 8, 16, 140, 1, 12, 16, 3568 }, // U+013B
    { 3, 17, 69, 1, 13, 7, 3584 }, // U+013C
    { 8, 12, 140, 1, 12, 12, 3591 }, // U+013D
    { 5, 13, 69, 1, 13, 9, 3603 }, // U+013E
    { 8, 12, 140, 1, 12, 12, 3612 }, // U+013F
    { 5, 13, 71, 1, 13, 9, 3624 }, // U+0140
    { 9, 12, 140, 0, 12, 14, 3633 }, // U+0141
    { 6, 13, 69, -1, 13, 10, 3647 }, // U+0142
    { 11, 16, 203, 1, 16, 22, 3657 }, // U+0143
    { 8, 13, 165, 1, 13, 13, 3679 }, // U+0144
    { 11, 16, 203, 1, 12, 22, 3692 }, // U+0145
    { 8, 14, 165, 1, 10, 14, 3714 }, // U+0146
    { 11, 16, 203, 1, 16, 22, 3728 }, // U+0147
    { 8, 13, 165, 1, 13, 13, 3750 }, // U+0148
    { 11, 12, 184, 0, 12, 17, 3763 }, // U+0149
    { 11, 16, 203, 1, 12, 22, 3780 }, // U+014A
    { 8, 14, 165, 1, 10, 14, 3802 }, // U+014B
    { 11, 16, 208, 1, 15, 22, 3816 }, // U+014C
    { 10, 13, 161, 0, 12, 17, 3838 }, // U+014D
    { 11, 17, 208, 1, 16, 24, 3855 }, // U+014E
    { 10, 14, 161, 0, 13, 18, 3879 }, // U+014F
    { 11, 17, 208, 1, 16, 24, 3897 }, // U+0150
    { 10, 14, 161, 0, 13, 18, 3921 }, // U+0151
    { 14, 14, 248, 1, 13, 25, 3939 }, // U+0152
    { 15, 11, 252, 0, 10, 21, 3964 }, // U+0153
    { 10, 16, 166, 1, 16, 20, 3985 }, // U+0154
    { 6, 13, 110, 1, 13, 10, 4005 }, // U+0155
    { 10, 16, 166, 1, 12, 20, 4015 }, // U+0156
    { 6, 14, 110, 1, 10, 11, 4035 }, // U+0157
    { 10, 16, 166, 1, 16, 20, 4046 }, // U+0158
    { 6, 13, 110, 1, 13, 10, 4066 }, // U+0159
    { 9, 17, 146, 0, 16, 20, 4076 }, // U+015A
    { 8, 14, 128, 0, 13, 14, 4096 }, // U+015B
    { 9, 17, 146, 0, 16, 20, 4110 }, // U+015C
    { 8, 14, 128, 0, 13, 14, 4130 }, // U+015D
    { 9, 17, 146, 0, 13, 20, 4144 }, // U+015E
    { 8, 14, 128, 0, 10, 14, 4164 }, // U+015F
    { 9, 17, 146, 0, 16, 20, 4178 }, // U+0160
    { 8, 14, 128, 0, 13, 14, 4198 }, // U+0161
    { 10, 16, 148, 0, 12, 20, 4212 }, // U+0162
    { 6, 15, 96, 0, 11, 12, 4232 }, // U+0163
    { 10, 16, 148, 0, 16, 20, 4244 }, // U+0164
    { 8, 14, 96, 0, 13, 14, 4264 }, // U+0165
    { 10, 12, 148, 0, 12, 15, 4278 }, // U+0166
    { 6, 12, 96, 0, 11, 9, 4293 }, // U+0167
    { 10, 17, 195, 1, 16, 22, 4302 }, // U+0168
    { 8, 14, 165, 1, 13, 14, 4324 }, // U+0169
    { 10, 16, 195, 1, 15, 20, 4338 }, // U+016A
    { 8, 13, 165, 1, 12, 13, 4358 }, // U+016B
    { 10, 17, 195, 1, 16, 22, 4371 }, // U+016C
    { 8, 14, 165, 1, 13, 14, 4393 }, // U+016D
    { 10, 18, 195, 1, 17, 23, 4407 }, // U+016E
    { 8, 15, 165, 1, 14, 15, 4430 }, // U+016F
    { 10, 17, 195, 1, 16, 22, 4445 }, // U+0170
    { 8, 14, 165, 1, 13, 14, 4467 }, // U+0171
    { 10, 16, 195, 1, 12, 20, 4481 }, // U+0172
    { 9, 13, 165, 1, 9, 15, 4501 }, // U+0173
    { 16, 16, 248, 0, 16, 32, 4516 }, // U+0174
    { 13, 13, 210, 0, 13, 22, 4548 }, // U+0175
    { 10, 16, 151, 0, 16, 20, 4570 }, // U+0176
    { 9, 17, 136, 0, 13, 20, 4590 }, // U+0177
    { 10, 16, 151, 0, 16, 20, 4610 }, // U+0178
    { 9, 16, 153, 0, 16, 18, 4630 }, // U+0179
    { 8, 13, 125, 0, 13, 13, 4648 }, // U+017A
    { 9, 16, 153, 0, 16, 18, 4661 }, // U+017B
    { 8, 13, 125, 0, 13, 13, 4679 }, // U+017C
    { 9, 16, 153, 0, 16, 18, 4692 }, // U+017D
    { 8, 13, 125, 0, 13, 13, 4710 }, // U+017E
    { 6, 13, 87, 1, 13, 10, 4723 }, // U+017F
    { 13, 14, 209, 1, 13, 23, 4733 }, // U+01A0
    { 11, 12, 164, 0, 11, 17, 4756 }, // U+01A1
    { 13, 14, 208, 1, 13, 23, 4773 }, // U+01AF
    { 11, 12, 180, 1, 11, 17, 4796 }, // U+01B0
    { 20, 16, 345, 1, 16, 40, 4813 }, // U+01C4
    { 19, 13, 320, 1, 13, 31, 4853 }, // U+01C5
    { 18, 14, 289, 0, 13, 32, 4884 }, // U+01C6
    { 11, 16, 213, 1, 12, 22, 4916 }, // U+01C7
    { 11, 17, 209, 1, 13, 24, 4938 }, // U+01C8
    { 7, 17, 138, 1, 13, 15, 4962 }, // U+01C9
    { 15, 16, 276, 1, 12, 30, 4977 }, // U+01CA
    { 15, 17, 272, 1, 13, 32, 5007 }, // U+01CB
    { 13, 17, 234, 1, 13, 28, 5039 }, // U+01CC
    { 11, 16, 170, 0, 16, 22, 5067 }, // U+01CD
    { 8, 14, 150, 0, 13, 14, 5089 }, // U+01CE
    { 6, 16, 90, 0, 16, 12, 5103 }, // U+01CF
    { 6, 13, 69, -1, 13, 10, 5115 }, // U+01D0
    { 11, 17, 208, 1, 16, 24, 5125 }, // U+01D1
    { 10, 14, 161, 0, 13, 18, 5149 }, // U+01D2
    { 10, 17, 195, 1, 16, 22, 5167 }, // U+01D3
    { 8, 14, 165, 1, 13, 14, 5189 }, // U+01D4
    { 10, 18, 195, 1, 17, 23, 5203 }, // U+01D5
    { 8, 15, 165, 1, 14, 15, 5226 }, // U+01D6
    { 10, 19, 195, 1, 18, 24, 5241 }, // U+01D7
    { 8, 16, 165, 1, 15, 16, 5265 }, // U+01D8
    { 10, 19, 195, 1, 18, 24, 5281 }, // U+01D9
    { 8, 16, 165, 1, 15, 16, 5305 }, // U+01DA
    { 10, 19, 195, 1, 18, 24, 5321 }, // U+01DB
    { 8, 16, 165, 1, 15, 16, 5345 }, // U+01DC
    { 9, 11, 150, 0, 10, 13, 5361 }, // U+01DD
    { 11, 17, 170, 0, 17, 24, 5374 }, // U+01DE
    { 8, 15, 150, 0, 14, 15, 5398 }, // U+01DF
    { 11, 17, 170, 0, 17, 24, 5413 }, // U+01E0
    { 8, 15, 150, 0, 14, 15, 5437 }, // U+01E1
    { 15, 15, 235, -1, 15, 29, 5452 }, // U+01E2
    { 14, 13, 230, 0, 12, 23, 5481 }, // U+01E3
    { 11, 14, 194, 1, 13, 20, 5504 }, // U+01E4
    { 10, 14, 164, 0, 10, 18, 5524 }, // U+01E5
    { 10, 17, 194, 1, 16, 22, 5542 }, // U+01E6
    { 9, 17, 164, 0, 13, 20, 5564 }, // U+01E7
    { 10, 16, 165, 1, 16, 20, 5584 }, // U+01E8
    { 10, 17, 142, -1, 17, 22, 5604 }, // U+01E9
    { 11, 17, 208, 1, 13, 24, 5626 }, // U+01EA
    { 10, 14, 161, 0, 10, 18, 5650 }, // U+01EB
    { 11, 19, 208, 1, 15, 27, 5668 }, // U+01EC
    { 10, 16, 161, 0, 12, 20, 5695 }, // U+01ED
    { 9, 17, 156, 0, 16, 20, 5715 }, // U+01EE
    { 8, 17, 133, 0, 13, 17, 5735 }, // U+01EF
    { 6, 17, 69, -1, 13, 13, 5752 }, // U+01F0
    { 20, 12, 345, 1, 12, 30, 5765 }, // U+01F1
    { 19, 12, 320, 1, 12, 29, 5795 }, // U+01F2
    { 18, 14, 289, 0, 13, 32, 5824 }, // U+01F3
    { 10, 17, 194, 1, 16, 22, 5856 }, // U+01F4
    { 9, 17, 164, 0, 13, 20, 5878 }, // U+01F5
    { 14, 13, 250, 1, 12, 23, 5898 }, // U+01F6
    { 10, 17, 176, 1, 13, 22, 5921 }, // U+01F7
    { 11, 16, 203, 1, 16, 22, 5943 }, // U+01F8
    { 8, 13, 165, 1, 13, 13, 5965 }, // U+01F9
    { 11, 16, 171, 0, 16, 22, 5978 }, // U+01FA
    { 8, 17, 150, 0, 16, 17, 6000 }, // U+01FB
    { 15, 16, 235, -1, 16, 30, 6017 }, // U+01FC
    { 14, 14, 230, 0, 13, 25, 6047 }, // U+01FD
    { 11, 17, 208, 1, 16, 24, 6072 }, // U+01FE
    { 10, 14, 161, 0, 13, 18, 6096 }, // U+01FF
    { 11, 16, 170, 0, 16, 22, 6114 }, // U+0200
    { 8, 14, 150, 0, 13, 14, 6136 }, // U+0201
    { 11, 16, 170, 0, 16, 22, 6150 }, // U+0202
    { 8, 14, 150, 0, 13, 14, 6172 }, // U+0203
    { 8, 16, 148, 1, 16, 16, 6186 }, // U+0204
    { 9, 14, 150, 0, 13, 16, 6202 }, // U+0205
    { 8, 16, 148, 1, 16, 16, 6218 }, // U+0206
    { 9, 14, 150, 0, 13, 16, 6234 }, // U+0207
    { 7, 16, 90, -1, 16, 14, 6250 }, // U+0208
    { 7, 13, 69, -2, 13, 12, 6264 }, // U+0209
    { 6, 16, 90, 0, 16, 12, 6276 }, // U+020A
    { 6, 13, 69, -1, 13, 10, 6288 }, // U+020B
    { 11, 17, 208, 1, 16, 24, 6298 }, // U+020C
    { 10, 14, 161, 0, 13, 18, 6322 }, // U+020D
    { 11, 17, 208, 1, 16, 24, 6340 }, // U+020E
    { 10, 14, 161, 0, 13, 18, 6364 }, // U+020F
    { 10, 16, 166, 1, 16, 20, 6382 }, // U+0210
    { 7, 13, 110, 0, 13, 12, 6402 }, // U+0211
    { 10, 16, 166, 1, 16, 20, 6414 }, // U+0212
    { 6, 13, 110, 1, 13, 10, 6434 }, // U+0213
    { 10, 17, 195, 1, 16, 22, 6444 }, // U+0214
    { 8, 14, 165, 1, 13, 14, 6466 }, // U+0215
    { 10, 17, 195, 1, 16, 22, 6480 }, // U+0216
    { 8, 14, 165, 1, 13, 14, 6502 }, // U+0217
    { 9, 17, 146, 0, 13, 20, 6516 }, // U+0218
    { 8, 14, 128, 0, 10, 14, 6536 }, // U+0219
    { 10, 16, 148, 0, 12, 20, 6550 }, // U+021A
    { 6, 15, 96, 0, 11, 12, 6570 }, // U+021B
    { 9, 16, 153, 0, 13, 18, 6582 }, // U+021C
    { 8, 14, 132, 0, 10, 14, 6600 }, // U+021D
    { 10, 16, 198, 1, 16, 20, 6614 }, // U+021E
    { 10, 17, 165, -1, 17, 22, 6634 }, // U+021F
    { 5, 3, 0, -9, 13, 2, 6656 }, // U+0300
    { 4, 3, 0, -6, 13, 2, 6658 }, // U+0301
    { 6, 3, 0, -3, 13, 3, 6660 }, // U+0302
    { 7, 3, 0, -9, 13, 3, 6663 }, // U+0303
    { 6, 2, 0, -3, 12, 2, 6666 }, // U+0304
    { 8, 3, 0, -4, 15, 3, 6668 }, // U+0305
    { 6, 3, 0, -3, 13, 3, 6671 }, // U+0306
    { 2, 3, 0, -1, 13, 1, 6674 }, // U+0307
    { 6, 3, 0, -3, 13, 3, 6675 }, // U+0308
    { 4, 5, 0, -7, 14, 3, 6678 }, // U+0309
    { 4, 4, 0, -2, 14, 2, 6681 }, // U+030A
    { 7, 3, 0, -3, 13, 3, 6683 }, // U+030B
    { 6, 3, 0, -3, 13, 3, 6686 }, // U+030C
    { 2, 4, 0, -1, 13, 1, 6689 }, // U+030D
    { 4, 4, 0, -2, 13, 2, 6690 }, // U+030E
    { 7, 3, 0, -9, 13, 3, 6692 }, // U+030F
    { 6, 5, 0, -3, 15, 4, 6695 }, // U+0310
    { 6, 3, 0, -3, 13, 3, 6699 }, // U+0311
    { 4, 5, 0, -2, 12, 3, 6702 }, // U+0312
    { 4, 5, 0, -2, 12, 3, 6705 }, // U+0313
    { 4, 5, 0, -2, 12, 3, 6708 }, // U+0314
    { 4, 5, 0, -2, 12, 3, 6711 }, // U+0315
    { 4, 3, 0, -2, 0, 2, 6714 }, // U+0316
    { 4, 3, 0, -2, 0, 2, 6716 }, // U+0317
    { 4, 4, 0, -2, 0, 2, 6718 }, // U+0318
    { 4, 4, 0, -2, 0, 2, 6720 }, // U+0319
    { 5, 5, 83, 0, 13, 4, 6722 }, // U+031A
    { 4, 4, 0, -2, 13, 2, 6726 }, // U+031B
    { 2, 4, 0, -1, 0, 1, 6728 }, // U+031C
    { 4, 4, 0, -2, 0, 2, 6729 }, // U+031D
    { 4, 4, 0, -2, 0, 2, 6731 }, // U+031E
    { 4, 4, 0, -2, 0, 2, 6733 }, // U+031F
    { 4, 2, 0, -2, -1, 1, 6735 }, // U+0320
    { 3, 5, 0, -3, 1, 2, 6736 }, // U+0321
    { 3, 5, 0, 0, 1, 2, 6738 }, // U+0322
    { 2, 2, 0, -6, -1, 1, 6740 }, // U+0323
    { 6, 3, 0, -3, 0, 3, 6741 }, // U+0324
    { 4, 4, 0, -2, 0, 2, 6744 }, // U+0325
    { 4, 3, 0, -2, -1, 2, 6746 }, // U+0326
    { 4, 4, 0, -2, 0, 2, 6748 }, // U+0327
    { 4, 5, 0, -2, 1, 3, 6750 }, // U+0328
    { 2, 4, 0, -1, 0, 1, 6753 }, // U+0329
    { 6, 4, 0, -3, 0, 3, 6754 }, // U+032A
    { 8, 2, 0, -4, -1, 2, 6757 }, // U+032B
    { 6, 3, 0, -3, 0, 3, 6759 }, // U+032C
    { 6, 3, 0, -3, 0, 3, 6762 }, // U+032D
    { 6, 3, 0, -3, 0, 3, 6765 }, // U+032E
    { 6, 3, 0, -3, 0, 3, 6768 }, // U+032F
    { 8, 3, 0, -4, 0, 3, 6771 }, // U+0330
    { 6, 2, 0, -3, -1, 2, 6774 }, // U+0331
    { 8, 2, 0, -4, -1, 2, 6776 }, // U+0332
    { 8, 4, 0, -4, 0, 4, 6778 }, // U+0333
    { 7, 3, 0, -3, 6, 3, 6782 }, // U+0334
    { 8, 3, 0, -4, 6, 3, 6785 }, // U+0335
    { 12, 2, 0, -6, 6, 3, 6788 }, // U+0336
    { 6, 4, 0, -3, 7, 3, 6791 }, // U+0337
    { 8, 14, 0, -4, 13, 14, 6794 }, // U+0338
    { 2, 4, 0, -1, 0, 1, 6808 }, // U+0339
    { 6, 4, 0, -3, 0, 3, 6809 }, // U+033A
    { 8, 4, 0, -4, 0, 4, 6812 }, // U+033B
    { 8, 2, 0, -4, -1, 2, 6816 }, // U+033C
    { 4, 4, 0, -2, 13, 2, 6818 }, // U+033D
    { 4, 6, 0, -2, 15, 3, 6820 }, // U+033E
    { 8, 4, 0, -4, 16, 4, 6823 }, // U+033F
    { 4, 3, 0, -3, 13, 2, 6827 }, // U+0340
    { 4, 3, 0, -1, 13, 2, 6829 }, // U+0341
    { 8, 3, 0, -4, 13, 3, 6831 }, // U+0342
    { 4, 3, 0, -2, 13, 2, 6834 }, // U+0343
    { 7, 3, 0, -3, 13, 3, 6836 }, // U+0344
    { 3, 3, 0, -1, -1, 2, 6839 }, // U+0345
    { 8, 4, 0, -4, 13, 4, 6841 }, // U+0346
    { 8, 4, 0, -4, 0, 4, 6845 }, // U+0347
    { 4, 4, 0, -2, 0, 2, 6849 }, // U+0348
    { 4, 3, 0, -2, -1, 2, 6851 }, // U+0349
    { 8, 4, 0, -4, 13, 4, 6853 }, // U+034A
    { 8, 7, 0, -4, 16, 7, 6857 }, // U+034B
    { 6, 5, 0, -3, 15, 4, 6864 }, // U+034C
    { 6, 4, 0, -3, 0, 3, 6868 }, // U+034D
    { 4, 4, 0, -2, 0, 2, 6871 }, // U+034E
    { 12, 12, 0, -6, 12, 18, 6873 }, // U+034F
    { 4, 5, 0, -2, 14, 3, 6891 }, // U+0350
    { 3, 5, 0, -1, 14, 2, 6894 }, // U+0351
    { 6, 4, 0, -3, 14, 3, 6896 }, // U+0352
    { 4, 4, 0, -2, 0, 2, 6899 }, // U+0353
    { 4, 4, 0, -2, 0, 2, 6901 }, // U+0354
    { 4, 4, 0, -2, 0, 2, 6903 }, // U+0355
    { 8, 4, 0, -4, 0, 4, 6905 }, // U+0356
    { 3, 5, 0, -1, 14, 2, 6909 }, // U+0357
    { 2, 3, 0, 2, 13, 1, 6911 }, // U+0358
    { 4, 4, 0, -2, 0, 2, 6912 }, // U+0359
    { 8, 4, 0, -4, 0, 4, 6914 }, // U+035A
    { 4, 5, 0, -2, 14, 3, 6918 }, // U+035B
    { 14, 4, 0, -7, 0, 7, 6921 }, // U+035C
    { 14, 4, 0, -7, 14, 7, 6928 }, // U+035D
    { 10, 2, 0, -5, 12, 3, 6935 }, // U+035E
    { 10, 2, 0, -5, 0, 3, 6938 }, // U+035F
    { 14, 3, 0, -7, 13, 6, 6941 }, // U+0360
    { 14, 5, 0, -7, 15, 9, 6947 }, // U+0361
    { 14, 4, 0, -7, 0, 7, 6956 }, // U+0362
    { 4, 4, 0, -2, 14, 2, 6963 }, // U+0363
    { 4, 4, 0, -2, 14, 2, 6965 }, // U+0364
    { 2, 6, 0, -1, 16, 2, 6967 }, // U+0365
    { 5, 4, 0, -2, 14, 3, 6969 }, // U+0366
    { 4, 4, 0, -2, 14, 2, 6972 }, // U+0367
    { 4, 4, 0, -2, 14, 2, 6974 }, // U+0368
    { 4, 6, 0, -2, 16, 3, 6976 }, // U+0369
    { 4, 6, 0, -2, 16, 3, 6979 }, // U+036A
    { 7, 4, 0, -3, 14, 4, 6982 }, // U+036B
    { 3, 4, 0, -1, 14, 2, 6986 }, // U+036C
    { 4, 5, 0, -2, 15, 3, 6988 }, // U+036D
    { 5, 4, 0, -2, 14, 3, 6991 }, // U+036E
    { 5, 4, 0, -2, 14, 3, 6994 }, // U+036F
    { 8, 16, 148, 1, 16, 16, 6997 }, // U+0400
    { 8, 16, 148, 1, 16, 16, 7013 }, // U+0401
    { 12, 13, 191, 0, 12, 20, 7029 }, // U+0402
    { 8, 16, 136, 1, 16, 16, 7049 }, // U+0403
    { 9, 14, 170, 1, 13, 16, 7065 }, // U+0404
    { 9, 14, 146, 0, 13, 16, 7081 }, // U+0405
    { 3, 12, 76, 1, 12, 5, 7097 }, // U+0406
    { 5, 16, 76, 0, 16, 10, 7102 }, // U+0407
    { 6, 16, 73, -2, 12, 12, 7112 }, // U+0408
    { 16, 13, 269, 0, 12, 26, 7124 }, // U+0409
    { 16, 12, 274, 1, 12, 24, 7150 }, // U+040A
    { 11, 12, 191, 0, 12, 17, 7174 }, // U+040B
    { 10, 16, 167, 1, 16, 20, 7191 }, // U+040C
    { 10, 16, 202, 1, 16, 20, 7211 }, // U+040D
    { 11, 17, 164, 0, 16, 24, 7231 }, // U+040E
    { 10, 15, 195, 1, 12, 19, 7255 }, // U+040F
    { 11, 12, 170, 0, 12, 17, 7274 }, // U+0410
    { 9, 12, 164, 1, 12, 14, 7291 }, // U+0411
    { 9, 12, 173, 1, 12, 14, 7305 }, // U+0412
    { 8, 12, 136, 1, 12, 12, 7319 }, // U+0413
    { 12, 15, 194, 0, 12, 23, 7331 }, // U+0414
    { 8, 12, 148, 1, 12, 12, 7354 }, // U+0415
    { 16, 12, 241, 0, 12, 24, 7366 }, // U+0416
    { 9, 14, 154, 0, 13, 16, 7390 }, // U+0417
    { 10, 12, 202, 1, 12, 15, 7406 }, // U+0418
    { 10, 16, 202, 1, 16, 20, 7421 }, // U+0419
    { 10, 12, 167, 1, 12, 15, 7441 }, // U+041A
    { 11, 13, 186, 0, 12, 18, 7456 }, // U+041B
    { 13, 12, 242, 1, 12, 20, 7474 }, // U+041C
    { 10, 12, 198, 1, 12, 15, 7494 }, // U+041D
    { 11, 14, 203, 1, 13, 20, 7509 }, // U+041E
    { 10, 12, 196, 1, 12, 15, 7529 }, // U+041F
    { 9, 12, 161, 1, 12, 14, 7544 }, // U+0420
    { 9, 14, 171, 1, 13, 16, 7558 }, // U+0421
    { 10, 12, 148, 0, 12, 15, 7574 }, // U+0422
    { 11, 13, 164, 0, 12, 18, 7589 }, // U+0423
    { 13, 14, 218, 0, 13, 23, 7607 }, // U+0424
    { 10, 12, 157, 0, 12, 15, 7630 }, // U+0425
    { 12, 15, 197, 1, 12, 23, 7645 }, // U+0426
    { 9, 12, 180, 1, 12, 14, 7668 }, // U+0427
    { 15, 12, 276, 1, 12, 23, 7682 }, // U+0428
    { 16, 15, 274, 1, 12, 30, 7705 }, // U+0429
    { 11, 12, 183, 0, 12, 17, 7735 }, // U+042A
    { 12, 12, 226, 1, 12, 18, 7752 }, // U+042B
    { 9, 12, 162, 1, 12, 14, 7770 }, // U+042C
    { 10, 14, 173, 0, 13, 18, 7784 }, // U+042D
    { 15, 14, 266, 1, 13, 27, 7802 }, // U+042E
    { 10, 12, 170, 0, 12, 15, 7829 }, // U+042F
    { 8, 11, 148, 0, 10, 11, 7844 }, // U+0430
    { 10, 14, 159, 0, 13, 18, 7855 }, // U+0431
    { 8, 9, 150, 1, 9, 9, 7873 }, // U+0432
    { 6, 9, 117, 1, 9, 7, 7882 }, // U+0433
    { 10, 12, 162, 0, 9, 15, 7889 }, // U+0434
    { 9, 11, 147, 0, 10, 13, 7904 }, // U+0435
    { 13, 9, 202, 0, 9, 15, 7917 }, // U+0436
    { 8, 11, 130, 0, 10, 11, 7932 }, // U+0437
    { 8, 9, 166, 1, 9, 9, 7943 }, // U+0438
    { 8, 13, 166, 1, 13, 13, 7952 }, // U+0439
    { 8, 9, 142, 1, 9, 9, 7965 }, // U+043A
    { 9, 10, 157, 0, 9, 12, 7974 }, // U+043B
    { 11, 9, 205, 1, 9, 13, 7986 }, // U+043C
    { 8, 9, 164, 1, 9, 9, 7999 }, // U+043D
    { 10, 11, 158, 0, 10, 14, 8008 }, // U+043E
    { 8, 9, 162, 1, 9, 9, 8022 }, // U+043F
    { 9, 14, 162, 1, 10, 16, 8031 }, // U+0440
    { 8, 11, 132, 0, 10, 11, 8047 }, // U+0441
    { 8, 9, 124, 0, 9, 9, 8058 }, // U+0442
    { 9, 13, 136, 0, 9, 15, 8067 }, // U+0443
    { 12, 17, 197, 0, 13, 26, 8082 }, // U+0444
    { 9, 9, 136, 0, 9, 11, 8108 }, // U+0445
    { 10, 12, 163, 1, 9, 15, 8119 }, // U+0446
    { 8, 9, 157, 1, 9, 9, 8134 }, // U+0447
    { 13, 9, 238, 1, 9, 15, 8143 }, // U+0448
    { 14, 12, 239, 1, 9, 21, 8158 }, // U+0449
    { 10, 9, 166, 0, 9, 12, 8179 }, // U+044A
    { 11, 9, 202, 1, 9, 13, 8191 }, // U+044B
    { 8, 9, 145, 1, 9, 9, 8204 }, // U+044C
    { 8, 11, 132, 0, 10, 11, 8213 }, // U+044D
    { 12, 11, 213, 1, 10, 17, 8224 }, // U+044E
    { 9, 9, 154, 0, 9, 11, 8241 }, // U+044F
    { 9, 14, 147, 0, 13, 16, 8252 }, // U+0450
    { 9, 14, 147, 0, 13, 16, 8268 }, // U+0451
    { 9, 17, 165, 0, 13, 20, 8284 }, // U+0452
    { 6, 13, 117, 1, 13, 10, 8304 }, // U+0453
    { 8, 11, 132, 0, 10, 11, 8314 }, // U+0454
    { 8, 11, 125, 0, 10, 11, 8325 }, // U+0455
    { 3, 13, 69, 1, 13, 5, 8336 }, // U+0456
    { 4, 13, 69, 0, 13, 7, 8341 }, // U+0457
    { 5, 17, 69, -1, 13, 11, 8348 }, // U+0458
    { 14, 10, 229, 0, 9, 18, 8359 }, // U+0459
    { 14, 9, 237, 1, 9, 16, 8377 }, // U+045A
    { 9, 13, 166, 0, 13, 15, 8393 }, // U+045B
    { 8, 13, 142, 1, 13, 13, 8408 }, // U+045C
    { 8, 13, 166, 1, 13, 13, 8421 }, // U+045D
    { 9, 17, 136, 0, 13, 20, 8434 }, // U+045E
    { 8, 12, 162, 1, 9, 12, 8454 }, // U+045F
    { 15, 13, 245, 0, 12, 25, 8466 }, // U+0460
    { 13, 9, 210, 0, 9, 15, 8491 }, // U+0461
    { 11, 12, 180, 0, 12, 17, 8506 }, // U+0462
    { 10, 11, 169, 0, 11, 14, 8523 }, // U+0463
    { 14, 14, 246, 1, 13, 25, 8537 }, // U+0464
    { 11, 11, 198, 1, 10, 16, 8562 }, // U+0465
    { 12, 12, 182, 0, 12, 18, 8578 }, // U+0466
    { 10, 9, 153, 0, 9, 12, 8596 }, // U+0467
    { 15, 12, 248, 1, 12, 23, 8608 }, // U+0468
    { 12, 9, 208, 1, 9, 14, 8631 }, // U+0469
    { 12, 12, 194, 0, 12, 18, 8645 }, // U+046A
    { 11, 9, 171, 0, 9, 13, 8663 }, // U+046B
    { 16, 12, 262, 1, 12, 24, 8676 }, // U+046C
    { 14, 9, 226, 1, 9, 16, 8700 }, // U+046D
    { 9, 19, 157, 0, 15, 22, 8716 }, // U+046E
    { 8, 16, 131, 0, 12, 16, 8738 }, // U+046F
    { 12, 12, 214, 1, 12, 18, 8754 }, // U+0470
    { 11, 17, 203, 1, 13, 24, 8772 }, // U+0471
    { 11, 14, 209, 1, 13, 20, 8796 }, // U+0472
    { 10, 11, 161, 0, 10, 14, 8816 }, // U+0473
    { 12, 12, 169, 0, 12, 18, 8830 }, // U+0474
    { 9, 10, 138, 0, 10, 12, 8848 }, // U+0475
    { 12, 16, 169, 0, 16, 24, 8860 }, // U+0476
    { 9, 13, 138, 0, 13, 15, 8884 }, // U+0477
    { 20, 17, 325, 1, 13, 43, 8899 }, // U+0478
    { 19, 14, 292, 0, 10, 34, 8942 }, // U+0479
    { 12, 14, 219, 1, 13, 21, 8976 }, // U+047A
    { 11, 11, 176, 0, 10, 16, 8997 }, // U+047B
    { 16, 19, 274, 1, 18, 38, 9013 }, // U+047C
    { 15, 16, 241, 0, 15, 30, 9051 }, // U+047D
    { 15, 16, 245, 0, 15, 30, 9081 }, // U+047E
    { 13, 12, 210, 0, 12, 20, 9111 }, // U+047F
    { 10, 17, 172, 1, 13, 22, 9131 }, // U+0480
    { 8, 14, 131, 0, 10, 14, 9153 }, // U+0481
    { 10, 12, 162, 0, 11, 15, 9167 }, // U+0482
    { 7, 3, 0, -8, 12, 3, 9182 }, // U+0483
    { 7, 3, 0, -8, 13, 3, 9185 }, // U+0484
    { 3, 3, 0, -6, 13, 2, 9188 }, // U+0485
    { 3, 3, 0, -6, 13, 2, 9190 }, // U+0486
    { 7, 3, 0, -4, 15, 3, 9192 }, // U+0487
    { 20, 19, 0, -10, 14, 48, 9195 }, // U+0488
    { 20, 19, 0, -10, 14, 48, 9243 }, // U+0489
    { 12, 20, 209, 1, 16, 30, 9291 }, // U+048A
    { 10, 17, 176, 1, 13, 22, 9321 }, // U+048B
    { 10, 12, 164, 0, 12, 15, 9343 }, // U+048C
    { 10, 13, 158, 0, 13, 17, 9358 }, // U+048D
    { 9, 12, 164, 1, 12, 14, 9375 }, // U+048E
    { 9, 14, 164, 1, 10, 16, 9389 }, // U+048F
    { 8, 15, 142, 1, 15, 15, 9405 }, // U+0490
    { 6, 12, 116, 1, 12, 9, 9420 }, // U+0491
    { 9, 12, 141, 0, 12, 14, 9429 }, // U+0492
    { 7, 9, 116, 0, 9, 8, 9443 }, // U+0493
    { 10, 17, 174, 1, 12, 22, 9451 }, // U+0494
    { 8, 14, 142, 1, 9, 14, 9473 }, // U+0495
    { 15, 16, 241, 0, 12, 30, 9487 }, // U+0496
    { 13, 13, 212, 0, 9, 22, 9517 }, // U+0497
    { 9, 17, 154, 0, 13, 20, 9539 }, // U+0498
    { 8, 14, 130, 0, 10, 14, 9559 }, // U+0499
    { 10, 16, 179, 1, 12, 20, 9573 }, // U+049A
    { 9, 13, 149, 1, 9, 15, 9593 }, // U+049B
    { 10, 12, 167, 1, 12, 15, 9608 }, // U+049C
    { 8, 9, 141, 1, 9, 9, 9623 }, // U+049D
    { 11, 12, 167, 0, 12, 17, 9632 }, // U+049E
    { 9, 13, 142, 0, 13, 15, 9649 }, // U+049F
    { 12, 12, 185, 0, 12, 18, 9664 }, // U+04A0
    { 11, 9, 166, 0, 9, 13, 9682 }, // U+04A1
    { 12, 16, 201, 1, 12, 24, 9695 }, // U+04A2
    { 10, 13, 175, 1, 9, 17, 9719 }, // U+04A3
    { 13, 12, 217, 1, 12, 20, 9736 }, // U+04A4
    { 12, 9, 197, 1, 9, 14, 9756 }, // U+04A5
    { 16, 17, 282, 1, 12, 34, 9770 }, // U+04A6
    { 13, 14, 230, 1, 9, 23, 9804 }, // U+04A7
    { 12, 14, 208, 1, 13, 21, 9827 }, // U+04A8
    { 11, 11, 171, 0, 10, 16, 9848 }, // U+04A9
    { 10, 17, 169, 1, 13, 22, 9864 }, // U+04AA
    { 8, 14, 128, 0, 10, 14, 9886 }, // U+04AB
    { 10, 16, 148, 0, 12, 20, 9900 }, // U+04AC
    { 8, 13, 127, 0, 9, 13, 9920 }, // U+04AD
    { 10, 12, 151, 0, 12, 15, 9933 }, // U+04AE
    { 9, 13, 136, 0, 9, 15, 9948 }, // U+04AF
    { 10, 12, 151, 0, 12, 15, 9963 }, // U+04B0
    { 9, 13, 136, 0, 9, 15, 9978 }, // U+04B1
    { 11, 16, 168, 0, 12, 22, 9993 }, // U+04B2
    { 9, 13, 147, 0, 9, 15, 10015 }, // U+04B3
    { 14, 16, 230, 0, 12, 28, 10030 }, // U+04B4
    { 12, 13, 193, 0, 9, 20, 10058 }, // U+04B5
    { 11, 16, 188, 1, 12, 22, 10078 }, // U+04B6
    { 10, 13, 166, 1, 9, 17, 10100 }, // U+04B7
    { 10, 12, 186, 1, 12, 15, 10117 }, // U+04B8
    { 8, 9, 162, 1, 9, 9, 10132 }, // U+04B9
    { 10, 12, 186, 1, 12, 15, 10141 }, // U+04BA
    { 8, 13, 165, 1, 13, 13, 10156 }, // U+04BB
    { 14, 14, 226, 0, 13, 25, 10169 }, // U+04BC
    { 11, 11, 177, 0, 10, 16, 10194 }, // U+04BD
    { 14, 17, 226, 0, 13, 30, 10210 }, // U+04BE
    { 11, 14, 177, 0, 10, 20, 10240 }, // U+04BF
    { 5, 12, 90, 0, 12, 8, 10260 }, // U+04C0
    { 16, 16, 241, 0, 16, 32, 10268 }, // U+04C1
    { 13, 13, 202, 0, 13, 22, 10300 }, // U+04C2
    { 10, 17, 186, 1, 12, 22, 10322 }, // U+04C3
    { 8, 14, 149, 1, 9, 14, 10344 }, // U+04C4
    { 12, 16, 192, 0, 12, 24, 10358 }, // U+04C5
    { 10, 13, 157, 0, 9, 17, 10382 }, // U+04C6
    { 10, 17, 195, 1, 12, 22, 10399 }, // U+04C7
    { 9, 14, 166, 1, 9, 16, 10421 }, // U+04C8
    { 12, 16, 202, 1, 12, 24, 10437 }, // U+04C9
    { 10, 13, 177, 1, 9, 17, 10461 }, // U+04CA
    { 10, 16, 186, 1, 12, 20, 10478 }, // U+04CB
    { 8, 13, 164, 1, 9, 13, 10498 }, // U+04CC
    { 15, 16, 245, 1, 12, 30, 10511 }, // U+04CD
    { 12, 13, 201, 1, 9, 20, 10541 }, // U+04CE
    { 5, 12, 90, 0, 12, 8, 10561 }, // U+04CF
    { 11, 16, 170, 0, 16, 22, 10569 }, // U+04D0
    { 8, 14, 150, 0, 13, 14, 10591 }, // U+04D1
    { 11, 16, 170, 0, 16, 22, 10605 }, // U+04D2
    { 8, 14, 150, 0, 13, 14, 10627 }, // U+04D3
    { 15, 12, 235, -1, 12, 23, 10641 }, // U+04D4
    { 14, 11, 230, 0, 10, 20, 10664 }, // U+04D5
    { 8, 16, 148, 1, 16, 16, 10684 }, // U+04D6
    { 9, 14, 150, 0, 13, 16, 10700 }, // U+04D7
    { 12, 14, 197, 0, 13, 21, 10716 }, // U+04D8
    { 9, 11, 150, 0, 10, 13, 10737 }, // U+04D9
    { 12, 17, 197, 0, 16, 26, 10750 }, // U+04DA
    { 9, 14, 150, 0, 13, 16, 10776 }, // U+04DB
    { 16, 16, 241, 0, 16, 32, 10792 }, // U+04DC
    { 13, 13, 202, 0, 13, 22, 10824 }, // U+04DD
    { 9, 17, 154, 0, 16, 20, 10846 }, // U+04DE
    { 8, 14, 130, 0, 13, 14, 10866 }, // U+04DF
    { 9, 13, 156, 0, 12, 15, 10880 }, // U+04E0
    { 8, 13, 133, 0, 9, 13, 10895 }, // U+04E1
    { 10, 15, 202, 1, 15, 19, 10908 }, // U+04E2
    { 8, 12, 166, 1, 12, 12, 10927 }, // U+04E3
    { 10, 16, 202, 1, 16, 20, 10939 }, // U+04E4
    { 8, 13, 166, 1, 13, 13, 10959 }, // U+04E5
    { 11, 17, 208, 1, 16, 24, 10972 }, // U+04E6
    { 10, 14, 161, 0, 13, 18, 10996 }, // U+04E7
    { 11, 14, 209, 1, 13, 20, 11014 }, // U+04E8
    { 10, 11, 161, 0, 10, 14, 11034 }, // U+04E9
    { 11, 17, 209, 1, 16, 24, 11048 }, // U+04EA
    { 10, 14, 161, 0, 13, 18, 11072 }, // U+04EB
    { 10, 17, 173, 0, 16, 22, 11090 }, // U+04EC
    { 8, 14, 132, 0, 13, 14, 11112 }, // U+04ED
    { 11, 16, 164, 0, 15, 22, 11126 }, // U+04EE
    { 9, 16, 136, 0, 12, 18, 11148 }, // U+04EF
    { 11, 17, 164, 0, 16, 24, 11166 }, // U+04F0
    { 9, 17, 136, 0, 13, 20, 11190 }, // U+04F1
    { 11, 17, 164, 0, 16, 24, 11210 }, // U+04F2
    { 9, 17, 136, 0, 13, 20, 11234 }, // U+04F3
    { 9, 16, 180, 1, 16, 18, 11254 }, // U+04F4
    { 8, 13, 157, 1, 13, 13, 11272 }, // U+04F5
    { 8, 16, 141, 1, 12, 16, 11285 }, // U+04F6
    { 6, 13, 116, 1, 9, 10, 11301 }, // U+04F7
    { 12, 16, 226, 1, 16, 24, 11311 }, // U+04F8
    { 11, 13, 202, 1, 13, 18, 11335 }, // U+04F9
    { 9, 16, 141, 0, 12, 18, 11353 }, // U+04FA
    { 7, 13, 116, 0, 9, 12, 11371 }, // U+04FB
    { 11, 16, 169, 0, 12, 22, 11383 }, // U+04FC
    { 9, 13, 147, 0, 9, 15, 11405 }, // U+04FD
    { 10, 12, 156, 0, 12, 15, 11420 }, // U+04FE
    { 9, 9, 141, 0, 9, 11, 11435 }, // U+04FF
    { 10, 10, 169, 0, 10, 13, 11446 }, // U+05D0
    { 9, 10, 153, 0, 10, 12, 11459 }, // U+05D1
    { 6, 11, 100, 0, 10, 9, 11471 }, // U+05D2
    { 9, 10, 145, 0, 10, 12, 11480 }, // U+05D3
    { 10, 10, 167, 0, 10, 13, 11492 }, // U+05D4
    { 4, 10, 80, 0, 10, 5, 11505 }, // U+05D5
    { 5, 10, 88, 0, 10, 7, 11510 }, // U+05D6
    { 10, 10, 177, 0, 10, 13, 11517 }, // U+05D7
    { 10, 10, 169, 0, 10, 13, 11530 }, // U+05D8
    { 4, 6, 79, 0, 10, 3, 11543 }, // U+05D9
    { 8, 13, 145, 0, 10, 13, 11546 }, // U+05DA
    { 8, 10, 137, 0, 10, 10, 11559 }, // U+05DB
    { 9, 13, 139, 0, 13, 15, 11569 }, // U+05DC
    { 11, 10, 182, 0, 10, 14, 11584 }, // U+05DD
    { 11, 10, 176, 0, 10, 14, 11598 }, // U+05DE
    { 4, 13, 88, 0, 10, 7, 11612 }, // U+05DF
    { 6, 10, 101, 0, 10, 8, 11619 }, // U+05E0
    { 10, 10, 172, 0, 10, 13, 11627 }, // U+05E1
    { 10, 12, 158, 0, 11, 15, 11640 }, // U+05E2
    { 10, 13, 165, 0, 10, 17, 11655 }, // U+05E3
    { 10, 10, 160, 0, 10, 13, 11672 }, // U+05E4
    { 9, 13, 141, 0, 10, 15, 11685 }, // U+05E5
    { 9, 10, 148, 0, 10, 12, 11700 }, // U+05E6
    { 9, 13, 167, 1, 10, 15, 11712 }, // U+05E7
    { 8, 10, 140, 0, 10, 10, 11727 }, // U+05E8
    { 11, 10, 195, 1, 10, 14, 11737 }, // U+05E9
    { 11, 10, 183, 0, 10, 14, 11751 }, // U+05EA
    { 3, 5, 87, 1, 4, 2, 11765 }, // U+060C
    { 3, 10, 92, 1, 9, 4, 11767 }, // U+061B
    { 7, 14, 116, 0, 13, 13, 11771 }, // U+061F
    { 7, 7, 110, 0, 6, 7, 11784 }, // U+0621
    { 6, 3, 72, 0, 2, 3, 11791 }, // U+0640
    { 4, 4, 153, 3, 7, 2, 11794 }, // U+0660
    { 4, 13, 153, 3, 12, 7, 11796 }, // U+0661
    { 8, 13, 153, 1, 12, 13, 11803 }, // U+0662
    { 9, 13, 153, 0, 12, 15, 11816 }, // U+0663
    { 8, 13, 153, 1, 12, 13, 11831 }, // U+0664
    { 8, 10, 153, 1, 9, 10, 11844 }, // U+0665
    { 8, 13, 153, 1, 12, 13, 11854 }, // U+0666
    { 10, 13, 153, 0, 12, 17, 11867 }, // U+0667
    { 10, 13, 153, 0, 12, 17, 11884 }, // U+0668
    { 8, 13, 153, 1, 12, 13, 11901 }, // U+0669
    { 11, 10, 183, 0, 6, 14, 11914 }, // U+06BA
    { 5, 2, 80, 0, 2, 2, 11928 }, // U+06D4
    { 4, 4, 153, 3, 7, 2, 11930 }, // U+06F0
    { 4, 13, 153, 3, 12, 7, 11932 }, // U+06F1
    { 8, 13, 153, 1, 12, 13, 11939 }, // U+06F2
    { 9, 13, 153, 0, 12, 15, 11952 }, // U+06F3
    { 8, 12, 153, 1, 12, 12, 11967 }, // U+06F4
    { 8, 12, 153, 1, 12, 12, 11979 }, // U+06F5
    { 7, 13, 153, 1, 12, 12, 11991 }, // U+06F6
    { 10, 13, 153, 0, 12, 17, 12003 }, // U+06F7
    { 10, 13, 153, 0, 12, 17, 12020 }, // U+06F8
    { 8, 13, 153, 1, 12, 13, 12037 }, // U+06F9
    { 11, 15, 170, 0, 12, 21, 12050 }, // U+1EA0
    { 8, 13, 150, 0, 10, 13, 12071 }, // U+1EA1
    { 11, 17, 170, 0, 17, 24, 12084 }, // U+1EA2
    { 8, 15, 150, 0, 14, 15, 12108 }, // U+1EA3
    { 11, 17, 170, 0, 17, 24, 12123 }, // U+1EA4
    { 10, 15, 150, 0, 14, 19, 12147 }, // U+1EA5
    { 11, 17, 170, 0, 17, 24, 12166 }, // U+1EA6
    { 8, 15, 150, 0, 14, 15, 12190 }, // U+1EA7
    { 11, 18, 170, 0, 18, 25, 12205 }, // U+1EA8
    { 9, 16, 150, 0, 15, 18, 12230 }, // U+1EA9
    { 11, 18, 170, 0, 18, 25, 12248 }, // U+1EAA
    { 8, 16, 150, 0, 15, 16, 12273 }, // U+1EAB
    { 11, 19, 170, 0, 16, 27, 12289 }, // U+1EAC
    { 8, 16, 150, 0, 13, 16, 12316 }, // U+1EAD
    { 11, 17, 170, 0, 17, 24, 12332 }, // U+1EAE
    { 8, 16, 150, 0, 15, 16, 12356 }, // U+1EAF
    { 11, 17, 170, 0, 17, 24, 12372 }, // U+1EB0
    { 8, 16, 150, 0, 15, 16, 12396 }, // U+1EB1
    { 11, 18, 170, 0, 18, 25, 12412 }, // U+1EB2
    { 8, 16, 150, 0, 15, 16, 12437 }, // U+1EB3
    { 11, 18, 170, 0, 18, 25, 12453 }, // U+1EB4
    { 8, 16, 150, 0, 15, 16, 12478 }, // U+1EB5
    { 11, 19, 170, 0, 16, 27, 12494 }, // U+1EB6
    { 8, 16, 150, 0, 13, 16, 12521 }, // U+1EB7
    { 8, 15, 148, 1, 12, 15, 12537 }, // U+1EB8
    { 9, 13, 150, 0, 10, 15, 12552 }, // U+1EB9
    { 8, 17, 148, 1, 17, 17, 12567 }, // U+1EBA
    { 9, 15, 150, 0, 14, 17, 12584 }, // U+1EBB
    { 8, 16, 148, 1, 16, 16, 12601 }, // U+1EBC
    { 9, 14, 150, 0, 13, 16, 12617 }, // U+1EBD
    { 9, 17, 148, 1, 17, 20, 12633 }, // U+1EBE
    { 10, 15, 150, 0, 14, 19, 12653 }, // U+1EBF
    { 9, 17, 148, 0, 17, 20, 12672 }, // U+1EC0
    { 9, 15, 150, 0, 14, 17, 12692 }, // U+1EC1
    { 8, 18, 148, 1, 18, 18, 12709 }, // U+1EC2
    { 9, 16, 150, 0, 15, 18, 12727 }, // U+1EC3
    { 8, 18, 148, 1, 18, 18, 12745 }, // U+1EC4
    { 9, 16, 150, 0, 15, 18, 12763 }, // U+1EC5
    { 8, 19, 148, 1, 16, 19, 12781 }, // U+1EC6
    { 9, 16, 150, 0, 13, 18, 12800 }, // U+1EC7
    { 5, 17, 90, 0, 17, 11, 12818 }, // U+1EC8
    { 4, 14, 69, 1, 14, 7, 12829 }, // U+1EC9
    { 5, 15, 90, 0, 12, 10, 12836 }, // U+1ECA
    { 3, 16, 69, 1, 13, 6, 12846 }, // U+1ECB
    { 11, 16, 208, 1, 13, 22, 12852 }, // U+1ECC
    { 10, 13, 161, 0, 10, 17, 12874 }, // U+1ECD
    { 11, 18, 208, 1, 17, 25, 12891 }, // U+1ECE
    { 10, 15, 161, 0, 14, 19, 12916 }, // U+1ECF
    { 11, 18, 208, 1, 17, 25, 12935 }, // U+1ED0
    { 10, 15, 161, 0, 14, 19, 12960 }, // U+1ED1
    { 11, 18, 208, 1, 17, 25, 12979 }, // U+1ED2
    { 10, 15, 161, 0, 14, 19, 13004 }, // U+1ED3
    { 11, 19, 208, 1, 18, 27, 13023 }, // U+1ED4
    { 10, 16, 161, 0, 15, 20, 13050 }, // U+1ED5
    { 11, 19, 208, 1, 18, 27, 13070 }, // U+1ED6
    { 10, 16, 161, 0, 15, 20, 13097 }, // U+1ED7
    { 11, 19, 208, 1, 16, 27, 13117 }, // U+1ED8
    { 10, 16, 161, 0, 13, 20, 13144 }, // U+1ED9
    { 13, 17, 209, 1, 16, 28, 13164 }, // U+1EDA
    { 11, 14, 164, 0, 13, 20, 13192 }, // U+1EDB
    { 13, 17, 209, 1, 16, 28, 13212 }, // U+1EDC
    { 11, 14, 164, 0, 13, 20, 13240 }, // U+1EDD
    { 13, 18, 209, 1, 17, 30, 13260 }, // U+1EDE
    { 11, 15, 164, 0, 14, 21, 13290 }, // U+1EDF
    { 13, 17, 209, 1, 16, 28, 13311 }, // U+1EE0
    { 11, 14, 164, 0, 13, 20, 13339 }, // U+1EE1
    { 13, 16, 209, 1, 13, 26, 13359 }, // U+1EE2
    { 11, 14, 164, 0, 11, 20, 13385 }, // U+1EE3
    { 10, 15, 195, 1, 12, 19, 13405 }, // U+1EE4
    { 8, 12, 165, 1, 9, 12, 13424 }, // U+1EE5
    { 10, 18, 195, 1, 17, 23, 13436 }, // U+1EE6
    { 8, 15, 165, 1, 14, 15, 13459 }, // U+1EE7
    { 13, 17, 208, 1, 16, 28, 13474 }, // U+1EE8
    { 11, 14, 180, 1, 13, 20, 13502 }, // U+1EE9
    { 13, 17, 208, 1, 16, 28, 13522 }, // U+1EEA
    { 11, 14, 180, 1, 13, 20, 13550 }, // U+1EEB
    { 13, 18, 208, 1, 17, 30, 13570 }, // U+1EEC
    { 11, 15, 180, 1, 14, 21, 13600 }, // U+1EED
    { 13, 17, 208, 1, 16, 28, 13621 }, // U+1EEE
    { 11, 14, 180, 1, 13, 20, 13649 }, // U+1EEF
    { 13, 16, 208, 1, 13, 26, 13669 }, // U+1EF0
    { 11, 14, 180, 1, 11, 20, 13695 }, // U+1EF1
    { 10, 16, 151, 0, 16, 20, 13715 }, // U+1EF2
    { 9, 17, 136, 0, 13, 20, 13735 }, // U+1EF3
    { 10, 15, 151, 0, 12, 19, 13755 }, // U+1EF4
    { 9, 13, 136, 0, 9, 15, 13774 }, // U+1EF5
    { 10, 17, 151, 0, 17, 22, 13789 }, // U+1EF6
    { 9, 18, 136, 0, 14, 21, 13811 }, // U+1EF7
    { 10, 16, 151, 0, 16, 20, 13832 }, // U+1EF8
    { 9, 17, 136, 0, 13, 20, 13852 }, // U+1EF9
    { 0, 0, 133, 0, 0, 0, 13872 }, // U+2000
    { 0, 0, 267, 0, 0, 0, 13872 }, // U+2001
    { 0, 0, 133, 0, 0, 0, 13872 }, // U+2002
    { 0, 0, 267, 0, 0, 0, 13872 }, // U+2003
    { 0, 0, 89, 0, 0, 0, 13872 }, // U+2004
    { 0, 0, 67, 0, 0, 0, 13872 }, // U+2005
    { 0, 0, 45, 0, 0, 0, 13872 }, // U+2006
    { 0, 0, 153, 0, 0, 0, 13872 }, // U+2007
    { 0, 0, 71, 0, 0, 0, 13872 }, // U+2008
    { 0, 0, 44, 0, 0, 0, 13872 }, // U+2009
    { 0, 0, 27, 0, 0, 0, 13872 }, // U+200A
    { 0, 0, 0, 0, 0, 0, 13872 }, // U+200B
    { 0, 0, 0, 0, 0, 0, 13872 }, // U+200C
    { 0, 0, 0, 0, 0, 0, 13872 }, // U+200D
    { 5, 15, 0, -1, 12, 10, 13872 }, // U+200E
    { 5, 15, 0, -4, 12, 10, 13882 }, // U+200F
    { 5, 3, 86, 0, 6, 2, 13892 }, // U+2010
    { 5, 3, 86, 0, 6, 2, 13894 }, // U+2011
    { 9, 2, 153, 0, 7, 3, 13896 }, // U+2012
    { 8, 3, 133, 0, 6, 3, 13899 }, // U+2013
    { 16, 3, 267, 0, 6, 6, 13902 }, // U+2014
    { 16, 3, 267, 0, 6, 6, 13908 }, // U+2015
    { 6, 18, 147, 2, 13, 14, 13914 }, // U+2016
    { 8, 4, 110, -1, 0, 4, 13928 }, // U+2017
    { 3, 5, 47, 0, 12, 2, 13932 }, // U+2018
    { 3, 5, 47, 0, 12, 2, 13934 }, // U+2019
    { 4, 5, 67, 0, 2, 3, 13936 }, // U+201A
    { 3, 5, 47, 0, 12, 2, 13939 }, // U+201B
    { 6, 5, 96, 0, 12, 4, 13941 }, // U+201C
    { 6, 5, 96, 0, 12, 4, 13945 }, // U+201D
    { 7, 5, 111, 0, 2, 5, 13949 }, // U+201E
    { 6, 5, 96, 0, 12, 4, 13954 }, // U+201F
    { 7, 13, 137, 1, 13, 12, 13958 }, // U+2020
    { 7, 13, 137, 1, 13, 12, 13970 }, // U+2021
    { 4, 5, 100, 1, 9, 3, 13982 }, // U+2022
    { 5, 6, 98, 1, 9, 4, 13985 }, // U+2023
    { 3, 4, 133, 3, 3, 2, 13989 }, // U+2024
    { 7, 4, 143, 1, 3, 4, 13991 }, // U+2025
    { 11, 4, 211, 1, 3, 6, 13995 }, // U+2026
    { 3, 4, 71, 1, 6, 2, 14001 }, // U+2027
    { 0, 0, 160, 0, 0, 0, 14003 }, // U+2028
    { 0, 0, 160, 0, 0, 0, 14003 }, // U+2029
    { 5, 14, 0, -1, 11, 9, 14003 }, // U+202A
    { 5, 14, 0, -4, 11, 9, 14012 }, // U+202B
    { 4, 15, 0, -2, 12, 8, 14021 }, // U+202C
    { 4, 15, 0, -2, 12, 8, 14029 }, // U+202D
    { 4, 15, 0, -2, 12, 8, 14037 }, // U+202E
    { 0, 0, 44, 0, 0, 0, 14045 }, // U+202F
    { 19, 14, 314, 0, 13, 34, 14045 }, // U+2030
    { 25, 14, 412, 0, 13, 44, 14079 }, // U+2031
    { 5, 5, 62, 0, 12, 4, 14123 }, // U+2032
    { 8, 5, 109, 0, 12, 5, 14127 }, // U+2033
    { 11, 5, 156, 0, 12, 7, 14132 }, // U+2034
    { 5, 5, 62, -1, 12, 4, 14139 }, // U+2035
    { 7, 5, 117, -1, 12, 5, 14143 }, // U+2036
    { 10, 5, 161, -1, 12, 7, 14148 }, // U+2037
    { 7, 6, 106, 0, 2, 6, 14155 }, // U+2038
    { 5, 8, 83, 0, 8, 5, 14161 }, // U+2039
    { 5, 8, 83, 0, 8, 5, 14166 }, // U+203A
    { 14, 14, 223, 0, 13, 25, 14171 }, // U+203B
    { 7, 13, 133, 1, 12, 12, 14196 }, // U+203C
    { 7, 14, 118, 0, 13, 13, 14208 }, // U+203D
    { 10, 2, 133, -1, 14, 3, 14221 }, // U+203E
    { 10, 4, 162, 0, 0, 5, 14224 }, // U+203F
    { 10, 5, 162, 0, 14, 7, 14229 }, // U+2040
    { 6, 11, 100, 0, 7, 9, 14236 }, // U+2041
    { 19, 16, 298, 0, 13, 38, 14245 }, // U+2042
    { 5, 3, 86, 0, 6, 2, 14283 }, // U+2043
    { 10, 12, 35, -4, 12, 15, 14285 }, // U+2044
    { 4, 15, 86, 1, 12, 8, 14300 }, // U+2045
    { 5, 15, 86, 0, 12, 10, 14308 }, // U+2046
    { 14, 14, 228, 0, 13, 25, 14318 }, // U+2047
    { 11, 14, 181, 0, 13, 20, 14343 }, // U+2048
    { 10, 14, 182, 1, 13, 18, 14363 }, // U+2049
    { 9, 9, 153, 0, 9, 11, 14381 }, // U+204A
    { 9, 16, 175, 1, 13, 18, 14392 }, // U+204B
    { 10, 9, 170, 0, 9, 12, 14410 }, // U+204C
    { 9, 9, 170, 1, 9, 11, 14422 }, // U+204D
    { 9, 8, 147, 0, 5, 9, 14433 }, // U+204E
    { 4, 13, 63, 0, 10, 7, 14442 }, // U+204F
    { 10, 18, 161, 0, 14, 23, 14449 }, // U+2050
    { 9, 16, 147, 0, 13, 18, 14472 }, // U+2051
    { 7, 14, 99, 0, 13, 13, 14490 }, // U+2052
    { 15, 4, 267, 1, 7, 8, 14503 }, // U+2053
    { 10, 4, 161, 0, 0, 5, 14511 }, // U+2054
    { 9, 10, 153, 0, 9, 12, 14516 }, // U+2055
    { 8, 14, 138, 0, 13, 14, 14528 }, // U+2056
    { 13, 5, 198, 0, 12, 9, 14542 }, // U+2057
    { 13, 14, 219, 0, 13, 23, 14551 }, // U+2058
    { 13, 14, 221, 0, 13, 23, 14574 }, // U+2059
    { 3, 14, 59, 0, 13, 6, 14597 }, // U+205A
    { 11, 14, 174, 0, 13, 20, 14603 }, // U+205B
    { 13, 14, 212, 0, 13, 23, 14623 }, // U+205C
    { 3, 13, 71, 1, 12, 5, 14646 }, // U+205D
    { 3, 14, 71, 1, 13, 6, 14651 }, // U+205E
    { 0, 0, 59, 0, 0, 0, 14657 }, // U+205F
    { 0, 0, 160, 0, 0, 0, 14657 }, // U+2060
    { 0, 0, 160, 0, 0, 0, 14657 }, // U+2061
    { 0, 0, 160, 0, 0, 0, 14657 }, // U+2062
    { 0, 0, 160, 0, 0, 0, 14657 }, // U+2063
    { 0, 0, 160, 0, 0, 0, 14657 }, // U+2064
    { 0, 0, 0, 0, 0, 0, 14657 }, // U+2066
    { 0, 0, 0, 0, 0, 0, 14657 }, // U+2067
    { 0, 0, 0, 0, 0, 0, 14657 }, // U+2068
    { 0, 0, 0, 0, 0, 0, 14657 }, // U+2069
    { 4, 15, 0, -2, 12, 8, 14657 }, // U+206A
    { 4, 15, 0, -2, 12, 8, 14665 }, // U+206B
    { 4, 15, 0, -2, 12, 8, 14673 }, // U+206C
    { 4, 15, 0, -2, 12, 8, 14681 }, // U+206D
    { 4, 15, 0, -2, 12, 8, 14689 }, // U+206E
    { 4, 15, 0, -2, 12, 8, 14697 }, // U+206F
    { 6, 9, 93, 0, 15, 7, 14705 }, // U+2070
    { 2, 9, 45, 0, 13, 3, 14712 }, // U+2071
    { 6, 9, 93, 0, 15, 7, 14715 }, // U+2074
    { 6, 9, 93, 0, 15, 7, 14722 }, // U+2075
    { 6, 9, 93, 0, 15, 7, 14729 }, // U+2076
    { 6, 9, 93, 0, 15, 7, 14736 }, // U+2077
    { 6, 9, 93, 0, 15, 7, 14743 }, // U+2078
    { 6, 9, 93, 0, 15, 7, 14750 }, // U+2079
    { 6, 6, 90, 0, 13, 5, 14757 }, // U+207A
    { 6, 2, 90, 0, 11, 2, 14762 }, // U+207B
    { 6, 4, 90, 0, 12, 3, 14764 }, // U+207C
    { 3, 10, 60, 1, 16, 4, 14767 }, // U+207D
    { 3, 10, 60, 0, 16, 4, 14771 }, // U+207E
    { 6, 7, 107, 0, 11, 6, 14775 }, // U+207F
    { 6, 9, 93, 0, 6, 7, 14781 }, // U+2080
    { 4, 9, 93, 0, 6, 5, 14788 }, // U+2081
    { 6, 9, 93, 0, 6, 7, 14793 }, // U+2082
    { 6, 9, 93, 0, 6, 7, 14800 }, // U+2083
    { 6, 9, 93, 0, 6, 7, 14807 }, // U+2084
    { 6, 9, 93, 0, 6, 7, 14814 }, // U+2085
    { 6, 9, 93, 0, 6, 7, 14821 }, // U+2086
    { 6, 9, 93, 0, 6, 7, 14828 }, // U+2087
    { 6, 9, 93, 0, 6, 7, 14835 }, // U+2088
    { 6, 9, 93, 0, 6, 7, 14842 }, // U+2089
    { 6, 6, 90, 0, 4, 5, 14849 }, // U+208A
    { 6, 2, 90, 0, 2, 2, 14854 }, // U+208B
    { 6, 4, 90, 0, 3, 3, 14856 }, // U+208C
    { 3, 10, 60, 1, 7, 4, 14859 }, // U+208D
    { 3, 10, 60, 0, 7, 4, 14863 }, // U+208E
    { 6, 6, 97, 0, 4, 5, 14867 }, // U+2090
    { 6, 6, 98, 0, 4, 5, 14872 }, // U+2091
    { 6, 6, 105, 0, 4, 5, 14877 }, // U+2092
    { 6, 6, 92, 0, 4, 5, 14882 }, // U+2093
    { 6, 6, 98, 0, 4, 5, 14887 }, // U+2094
    { 6, 8, 107, 0, 6, 6, 14892 }, // U+2095
    { 6, 8, 93, 0, 6, 6, 14898 }, // U+2096
    { 2, 8, 45, 0, 6, 2, 14904 }, // U+2097
    { 10, 6, 162, 0, 4, 8, 14906 }, // U+2098
    { 6, 6, 107, 0, 4, 5, 14914 }, // U+2099
    { 7, 8, 107, 0, 4, 7, 14919 }, // U+209A
    { 5, 6, 83, 0, 4, 4, 14926 }, // U+209B
    { 4, 7, 63, 0, 5, 4, 14930 }, // U+209C
    { 9, 13, 153, 0, 13, 15, 14934 }, // U+20A0
    { 10, 14, 153, 0, 13, 18, 14949 }, // U+20A1
    { 9, 14, 153, 0, 13, 16, 14967 }, // U+20A2
    { 9, 12, 153, 0, 12, 14, 14983 }, // U+20A3
    { 9, 13, 153, 0, 13, 15, 14997 }, // U+20A4
    { 14, 14, 249, 1, 12, 25, 15012 }, // U+20A5
    { 10, 12, 153, 0, 12, 15, 15037 }, // U+20A6
    { 12, 13, 207, 1, 12, 20, 15052 }, // U+20A7
    { 13, 13, 222, 1, 12, 22, 15072 }, // U+20A8
    { 11, 12, 179, 0, 12, 17, 15094 }, // U+20A9
    { 11, 12, 213, 1, 12, 17, 15111 }, // U+20AA
    { 11, 16, 165, 0, 13, 22, 15128 }, // U+20AB
    { 10, 14, 153, 0, 13, 18, 15150 }, // U+20AC
    { 10, 12, 153, 0, 12, 15, 15168 }, // U+20AD
    { 10, 12, 153, 0, 12, 15, 15183 }, // U+20AE
    { 16, 17, 259, 0, 13, 34, 15198 }, // U+20AF
    { 9, 17, 153, 0, 13, 20, 15232 }, // U+20B0
    { 10, 12, 153, 0, 12, 15, 15252 }, // U+20B1
    { 10, 15, 194, 1, 13, 19, 15267 }, // U+20B2
    { 11, 12, 162, 0, 12, 17, 15286 }, // U+20B3
    { 9, 14, 146, 0, 13, 16, 15303 }, // U+20B4
    { 10, 15, 169, 1, 13, 19, 15319 }, // U+20B5
    { 10, 12, 166, 0, 11, 15, 15338 }, // U+20B6
    { 12, 15, 194, 0, 13, 23, 15353 }, // U+20B7
    { 9, 12, 146, 0, 12, 14, 15376 }, // U+20B8
    { 8, 12, 153, 1, 12, 12, 15390 }, // U+20B9
    { 10, 13, 153, 0, 12, 17, 15402 }, // U+20BA
    { 13, 14, 208, 0, 13, 23, 15419 }, // U+20BB
    { 13, 12, 216, 0, 12, 20, 15442 }, // U+20BC
    { 10, 12, 155, 0, 12, 15, 15462 }, // U+20BD
    { 11, 13, 206, 1, 13, 18, 15477 }, // U+20BE
    { 8, 16, 153, 1, 14, 16, 15495 }, // U+20BF
    { 8, 13, 132, 0, 10, 13, 15511 }, // U+20C0
    { 9, 2, 153, 0, 7, 3, 15524 }, // U+2212
    { 11, 12, 166, 0, 12, 17, 15527 }, // U+221A
    { 11, 10, 245, 2, 11, 14, 15544 }, // U+3131
    { 12, 10, 245, 2, 11, 15, 15558 }, // U+3132
    { 12, 10, 245, 2, 11, 15, 15573 }, // U+3133
    { 10, 9, 245, 3, 11, 12, 15588 }, // U+3134
    { 12, 10, 245, 2, 11, 15, 15600 }, // U+3135
    { 11, 10, 245, 2, 11, 14, 15615 }, // U+3136
    { 10, 9, 245, 3, 11, 12, 15629 }, // U+3137
    { 11, 9, 245, 2, 11, 13, 15641 }, // U+3138
    { 11, 9, 245, 2, 11, 13, 15654 }, // U+3139
    { 11, 9, 245, 2, 11, 13, 15667 }, // U+313A
    { 12, 9, 245, 2, 11, 14, 15680 }, // U+313B
    { 12, 10, 245, 2, 12, 15, 15694 }, // U+313C
    { 13, 11, 245, 2, 12, 18, 15709 }, // U+313D
    { 12, 9, 245, 2, 11, 14, 15727 }, // U+313E
    { 12, 9, 245, 2, 11, 14, 15741 }, // U+313F
    { 12, 9, 245, 2, 11, 14, 15755 }, // U+3140
    { 10, 9, 245, 3, 11, 12, 15769 }, // U+3141
    { 10, 9, 245, 3, 11, 12, 15781 }, // U+3142
    { 11, 9, 245, 2, 11, 13, 15793 }, // U+3143
    { 13, 10, 245, 2, 11, 17, 15806 }, // U+3144
    { 12, 9, 245, 2, 11, 14, 15823 }, // U+3145
    { 13, 8, 245, 1, 10, 13, 15837 }, // U+3146
    { 11, 9, 245, 2, 11, 13, 15850 }, // U+3147
    { 11, 9, 245, 2, 11, 13, 15863 }, // U+3148
    { 13, 9, 245, 1, 11, 15, 15876 }, // U+3149
    { 11, 11, 245, 2, 12, 16, 15891 }, // U+314A
    { 11, 9, 245, 2, 11, 13, 15907 }, // U+314B
    { 10, 9, 245, 3, 11, 12, 15920 }, // U+314C
    { 11, 9, 245, 2, 11, 13, 15932 }, // U+314D
    { 11, 11, 245, 2, 12, 16, 15945 }, // U+314E
    { 6, 17, 245, 6, 15, 13, 15961 }, // U+314F
    { 6, 17, 245, 5, 15, 13, 15974 }, // U+3150
    { 5, 17, 245, 6, 15, 11, 15987 }, // U+3151
    { 6, 17, 245, 5, 15, 13, 15998 }, // U+3152
    { 6, 17, 245, 4, 15, 13, 16011 }, // U+3153
    { 8, 17, 245, 3, 15, 17, 16024 }, // U+3154
    { 6, 17, 245, 4, 15, 13, 16041 }, // U+3155
    { 8, 17, 245, 3, 15, 17, 16054 }, // U+3156
    { 15, 9, 245, 0, 12, 17, 16071 }, // U+3157
    { 15, 17, 245, 0, 15, 32, 16088 }, // U+3158
    { 13, 17, 245, 1, 15, 28, 16120 }, // U+3159
    { 13, 17, 245, 1, 15, 28, 16148 }, // U+315A
    { 15, 10, 245, 0, 12, 19, 16176 }, // U+315B
    { 15, 9, 245, 0, 9, 17, 16195 }, // U+315C
    { 13, 17, 245, 1, 15, 28, 16212 }, // U+315D
    { 13, 17, 245, 1, 15, 28, 16240 }, // U+315E
    { 13, 17, 245, 1, 15, 28, 16268 }, // U+315F
    { 15, 9, 245, 0, 9, 17, 16296 }, // U+3160
    { 15, 2, 245, 0, 8, 4, 16313 }, // U+3161
    { 13, 17, 245, 1, 15, 28, 16317 }, // U+3162
    { 2, 15, 245, 7, 14, 4, 16345 }, // U+3163
    { 15, 17, 245, 0, 15, 32, 16349 }, // U+AC00
    { 15, 17, 245, 0, 15, 32, 16381 }, // U+AC01
    { 15, 17, 245, 0, 15, 32, 16413 }, // U+AC04
    { 15, 17, 245, 0, 15, 32, 16445 }, // U+AC07
    { 15, 17, 245, 0, 15, 32, 16477 }, // U+AC08
    { 15, 17, 245, 0, 15, 32, 16509 }, // U+AC09
    { 15, 17, 245, 0, 15, 32, 16541 }, // U+AC0A
    { 15, 17, 245, 0, 15, 32, 16573 }, // U+AC10
    { 15, 17, 245, 0, 15, 32, 16605 }, // U+AC11
    { 15, 17, 245, 0, 15, 32, 16637 }, // U+AC12
    { 15, 17, 245, 0, 15, 32, 16669 }, // U+AC13
    { 15, 17, 245, 0, 15, 32, 16701 }, // U+AC14
    { 15, 17, 245, 0, 15, 32, 16733 }, // U+AC15
    { 15, 17, 245, 0, 15, 32, 16765 }, // U+AC16
    { 15, 17, 245, 0, 15, 32, 16797 }, // U+AC17
    { 15, 17, 245, 0, 15, 32, 16829 }, // U+AC19
    { 15, 17, 245, 0, 15, 32, 16861 }, // U+AC1A
    { 15, 17, 245, 0, 15, 32, 16893 }, // U+AC1B
    { 14, 17, 245, 0, 15, 30, 16925 }, // U+AC1C
    { 14, 17, 245, 0, 15, 30, 16955 }, // U+AC1D
    { 14, 17, 245, 0, 15, 30, 16985 }, // U+AC20
    { 15, 17, 245, 0, 15, 32, 17015 }, // U+AC24
    { 14, 17, 245, 0, 15, 30, 17047 }, // U+AC2C
    { 14, 17, 245, 0, 15, 30, 17077 }, // U+AC2D
    { 15, 17, 245, 0, 15, 32, 17107 }, // U+AC2F
    { 15, 17, 245, 0, 15, 32, 17139 }, // U+AC30
    { 14, 17, 245, 0, 15, 30, 17171 }, // U+AC31
    { 15, 17, 245, 0, 15, 32, 17201 }, // U+AC38
    { 15, 17, 245, 0, 15, 32, 17233 }, // U+AC39
    { 15, 17, 245, 0, 15, 32, 17265 }, // U+AC3C
    { 15, 17, 245, 0, 15, 32, 17297 }, // U+AC40
    { 15, 17, 245, 0, 15, 32, 17329 }, // U+AC4B
    { 15, 17, 245, 0, 15, 32, 17361 }, // U+AC4D
    { 14, 17, 245, 0, 15, 30, 17393 }, // U+AC54
    { 14, 17, 245, 0, 15, 30, 17423 }, // U+AC58
    { 15, 17, 245, 0, 15, 32, 17453 }, // U+AC5C
    { 14, 17, 245, 0, 15, 30, 17485 }, // U+AC70
    { 13, 17, 245, 1, 15, 28, 17515 }, // U+AC71
    { 13, 17, 245, 1, 15, 28, 17543 }, // U+AC74
    { 13, 17, 245, 1, 15, 28, 17571 }, // U+AC77
    { 13, 17, 245, 1, 15, 28, 17599 }, // U+AC78
    { 13, 17, 245, 1, 15, 28, 17627 }, // U+AC7A
    { 13, 17, 245, 1, 15, 28, 17655 }, // U+AC80
    { 13, 17, 245, 1, 15, 28, 17683 }, // U+AC81
    { 14, 17, 245, 1, 15, 30, 17711 }, // U+AC83
    { 14, 17, 245, 1, 15, 30, 17741 }, // U+AC84
    { 13, 17, 245, 1, 15, 28, 17771 }, // U+AC85
    { 13, 17, 245, 1, 15, 28, 17799 }, // U+AC86
    { 13, 17, 245, 1, 15, 28, 17827 }, // U+AC89
    { 13, 17, 245, 1, 15, 28, 17855 }, // U+AC8A
    { 13, 17, 245, 1, 15, 28, 17883 }, // U+AC8B
    { 14, 17, 245, 0, 15, 30, 17911 }, // U+AC8C
    { 15, 17, 245, 0, 15, 32, 17941 }, // U+AC90
    { 14, 17, 245, 1, 15, 30, 17973 }, // U+AC94
    { 13, 17, 245, 1, 15, 28, 18003 }, // U+AC9C
    { 14, 17, 245, 0, 15, 30, 18031 }, // U+AC9D
    { 15, 17, 245, 0, 15, 32, 18061 }, // U+AC9F
    { 15, 17, 245, 0, 15, 32, 18093 }, // U+ACA0
    { 14, 17, 245, 0, 15, 30, 18125 }, // U+ACA1
    { 14, 17, 245, 0, 15, 30, 18155 }, // U+ACA8
    { 13, 17, 245, 1, 15, 28, 18185 }, // U+ACA9
    { 13, 17, 245, 1, 15, 28, 18213 }, // U+ACAA
    { 13, 17, 245, 1, 15, 28, 18241 }, // U+ACAC
    { 13, 17, 245, 1, 15, 28, 18269 }, // U+ACAF
    { 13, 17, 245, 1, 15, 28, 18297 }, // U+ACB0
    { 13, 17, 245, 1, 15, 28, 18325 }, // U+ACB8
    { 13, 17, 245, 1, 15, 28, 18353 }, // U+ACB9
    { 14, 17, 245, 1, 15, 30, 18381 }, // U+ACBB
    { 14, 17, 245, 1, 15, 30, 18411 }, // U+ACBC
    { 13, 17, 245, 1, 15, 28, 18441 }, // U+ACBD
    { 13, 17, 245, 1, 15, 28, 18469 }, // U+ACC1
    { 14, 17, 245, 0, 15, 30, 18497 }, // U+ACC4
    { 15, 17, 245, 0, 15, 32, 18527 }, // U+ACC8
    { 14, 17, 245, 1, 15, 30, 18559 }, // U+ACCC
    { 14, 17, 245, 0, 15, 30, 18589 }, // U+ACD5
    { 15, 17, 245, 0, 15, 32, 18619 }, // U+ACD7
    { 15, 13, 245, 0, 13, 25, 18651 }, // U+ACE0
    { 15, 16, 245, 0, 14, 30, 18676 }, // U+ACE1
    { 15, 16, 245, 0, 14, 30, 18706 }, // U+ACE4
    { 15, 16, 245, 0, 14, 30, 18736 }, // U+ACE7
    { 15, 16, 245, 0, 14, 30, 18766 }, // U+ACE8
    { 15, 16, 245, 0, 14, 30, 18796 }, // U+ACEA
    { 15, 16, 245, 0, 14, 30, 18826 }, // U+ACEC
    { 15, 16, 245, 0, 14, 30, 18856 }, // U+ACEF
    { 15, 16, 245, 0, 14, 30, 18886 }, // U+ACF0
    { 15, 16, 245, 0, 14, 30, 18916 }, // U+ACF1
    { 15, 16, 245, 0, 14, 30, 18946 }, // U+ACF3
    { 15, 16, 245, 0, 14, 30, 18976 }, // U+ACF5
    { 15, 16, 245, 0, 14, 30, 19006 }, // U+ACF6
    { 15, 17, 245, 0, 15, 32, 19036 }, // U+ACFC
    { 15, 17, 245, 0, 15, 32, 19068 }, // U+ACFD
    { 15, 17, 245, 0, 15, 32, 19100 }, // U+AD00
    { 15, 17, 245, 0, 15, 32, 19132 }, // U+AD04
    { 15, 17, 245, 0, 15, 32, 19164 }, // U+AD06
    { 15, 17, 245, 0, 15, 32, 19196 }, // U+AD0C
    { 15, 17, 245, 0, 15, 32, 19228 }, // U+AD0D
    { 15, 17, 245, 0, 15, 32, 19260 }, // U+AD0F
    { 15, 17, 245, 0, 15, 32, 19292 }, // U+AD11
    { 14, 17, 245, 0, 15, 30, 19324 }, // U+AD18
    { 14, 17, 245, 0, 15, 30, 19354 }, // U+AD1C
    { 15, 17, 245, 0, 15, 32, 19384 }, // U+AD20
    { 14, 17, 245, 0, 15, 30, 19416 }, // U+AD29
    { 15, 17, 245, 0, 15, 32, 19446 }, // U+AD2C
    { 14, 17, 245, 0, 15, 30, 19478 }, // U+AD2D
    { 14, 17, 245, 0, 15, 30, 19508 }, // U+AD34
    { 14, 17, 245, 0, 15, 30, 19538 }, // U+AD35
    { 14, 17, 245, 0, 15, 30, 19568 }, // U+AD38
    { 14, 17, 245, 0, 15, 30, 19598 }, // U+AD3C
    { 14, 17, 245, 0, 15, 30, 19628 }, // U+AD44
    { 14, 17, 245, 0, 15, 30, 19658 }, // U+AD45
    { 14, 17, 245, 0, 15, 30, 19688 }, // U+AD47
    { 14, 17, 245, 0, 15, 30, 19718 }, // U+AD49
    { 15, 13, 245, 0, 13, 25, 19748 }, // U+AD50
    { 15, 16, 245, 0, 14, 30, 19773 }, // U+AD54
    { 15, 16, 245, 0, 14, 30, 19803 }, // U+AD58
    { 15, 16, 245, 0, 14, 30, 19833 }, // U+AD61
    { 15, 16, 245, 0, 14, 30, 19863 }, // U+AD63
    { 15, 16, 245, 0, 14, 30, 19893 }, // U+AD6C
    { 15, 16, 245, 0, 14, 30, 19923 }, // U+AD6D
    { 15, 16, 245, 0, 14, 30, 19953 }, // U+AD70
    { 15, 16, 245, 0, 14, 30, 19983 }, // U+AD73
    { 15, 16, 245, 0, 14, 30, 20013 }, // U+AD74
    { 15, 16, 245, 0, 14, 30, 20043 }, // U+AD75
    { 15, 16, 245, 0, 14, 30, 20073 }, // U+AD76
    { 15, 16, 245, 0, 14, 30, 20103 }, // U+AD7B
    { 15, 16, 245, 0, 14, 30, 20133 }, // U+AD7C
    { 15, 16, 245, 0, 14, 30, 20163 }, // U+AD7D
    { 15, 16, 245, 0, 14, 30, 20193 }, // U+AD7F
    { 15, 16, 245, 0, 14, 30, 20223 }, // U+AD81
    { 15, 16, 245, 0, 14, 30, 20253 }, // U+AD82
    { 14, 17, 245, 0, 15, 30, 20283 }, // U+AD88
    { 14, 17, 245, 0, 15, 30, 20313 }, // U+AD89
    { 14, 17, 245, 0, 15, 30, 20343 }, // U+AD8C
    { 14, 17, 245, 0, 15, 30, 20373 }, // U+AD90
    { 15, 17, 245, 0, 15, 32, 20403 }, // U+AD9C
    { 14, 17, 245, 0, 15, 30, 20435 }, // U+AD9D
    { 14, 17, 245, 0, 15, 30, 20465 }, // U+ADA4
    { 14, 17, 245, 0, 15, 30, 20495 }, // U+ADB7
    { 14, 17, 245, 0, 15, 30, 20525 }, // U+ADC0
    { 14, 17, 245, 0, 15, 30, 20555 }, // U+ADC1
    { 14, 17, 245, 0, 15, 30, 20585 }, // U+ADC4
    { 14, 17, 245, 0, 15, 30, 20615 }, // U+ADC8
    { 14, 17, 245, 0, 15, 30, 20645 }, // U+ADD0
    { 14, 17, 245, 0, 15, 30, 20675 }, // U+ADD1
    { 15, 17, 245, 0, 15, 32, 20705 }, // U+ADD3
    { 15, 16, 245, 0, 14, 30, 20737 }, // U+ADDC
    { 15, 16, 245, 0, 14, 30, 20767 }, // U+ADE0
    { 15, 16, 245, 0, 14, 30, 20797 }, // U+ADE4
    { 15, 13, 245, 0, 13, 25, 20827 }, // U+ADF8
    { 15, 16, 245, 0, 14, 30, 20852 }, // U+ADF9
    { 15, 16, 245, 0, 14, 30, 20882 }, // U+ADFC
    { 15, 16, 245, 0, 14, 30, 20912 }, // U+ADFF
    { 15, 16, 245, 0, 14, 30, 20942 }, // U+AE00
    { 15, 16, 245, 0, 14, 30, 20972 }, // U+AE01
    { 15, 16, 245, 0, 14, 30, 21002 }, // U+AE08
    { 15, 16, 245, 0, 14, 30, 21032 }, // U+AE09
    { 15, 16, 245, 0, 14, 30, 21062 }, // U+AE0B
    { 15, 16, 245, 0, 14, 30, 21092 }, // U+AE0D
    { 14, 17, 245, 0, 15, 30, 21122 }, // U+AE14
    { 13, 17, 245, 1, 15, 28, 21152 }, // U+AE30
    { 13, 17, 245, 1, 15, 28, 21180 }, // U+AE31
    { 13, 17, 245, 1, 15, 28, 21208 }, // U+AE34
    { 13, 17, 245, 1, 15, 28, 21236 }, // U+AE37
    { 13, 17, 245, 1, 15, 28, 21264 }, // U+AE38
    { 13, 17, 245, 1, 15, 28, 21292 }, // U+AE3A
    { 13, 17, 245, 1, 15, 28, 21320 }, // U+AE40
    { 13, 17, 245, 1, 15, 28, 21348 }, // U+AE41
    { 14, 17, 245, 1, 15, 30, 21376 }, // U+AE43
    { 14, 17, 245, 0, 15, 30, 21406 }, // U+AE45
    { 13, 17, 245, 1, 15, 28, 21436 }, // U+AE46
    { 13, 17, 245, 1, 15, 28, 21464 }, // U+AE4A
    { 15, 17, 245, 0, 15, 32, 21492 }, // U+AE4C
    { 15, 17, 245, 0, 15, 32, 21524 }, // U+AE4D
    { 15, 17, 245, 0, 15, 32, 21556 }, // U+AE4E
    { 15, 17, 245, 0, 15, 32, 21588 }, // U+AE50
    { 15, 17, 245, 0, 15, 32, 21620 }, // U+AE54
    { 15, 17, 245, 0, 15, 32, 21652 }, // U+AE56
    { 15, 17, 245, 0, 15, 32, 21684 }, // U+AE5C
    { 15, 17, 245, 0, 15, 32, 21716 }, // U+AE5D
    { 15, 17, 245, 0, 15, 32, 21748 }, // U+AE5F
    { 15, 17, 245, 0, 15, 32, 21780 }, // U+AE60
    { 15, 17, 245, 0, 15, 32, 21812 }, // U+AE61
    { 15, 17, 245, 0, 15, 32, 21844 }, // U+AE65
    { 14, 17, 245, 0, 15, 30, 21876 }, // U+AE68
    { 14, 17, 245, 0, 15, 30, 21906 }, // U+AE69
    { 15, 17, 245, 0, 15, 32, 21936 }, // U+AE6C
    { 15, 17, 245, 0, 15, 32, 21968 }, // U+AE70
    { 14, 17, 245, 0, 15, 30, 22000 }, // U+AE78
    { 14, 17, 245, 0, 15, 30, 22030 }, // U+AE79
    { 15, 17, 245, 0, 15, 32, 22060 }, // U+AE7B
    { 15, 17, 245, 0, 15, 32, 22092 }, // U+AE7C
    { 14, 17, 245, 0, 15, 30, 22124 }, // U+AE7D
    { 15, 17, 245, 0, 15, 32, 22154 }, // U+AE84
    { 15, 17, 245, 0, 15, 32, 22186 }, // U+AE85
    { 15, 17, 245, 0, 15, 32, 22218 }, // U+AE8C
    { 14, 17, 245, 0, 15, 30, 22250 }, // U+AEBC
    { 14, 17, 245, 0, 15, 30, 22280 }, // U+AEBD
    { 14, 17, 245, 0, 15, 30, 22310 }, // U+AEBE
    { 14, 17, 245, 0, 15, 30, 22340 }, // U+AEC0
    { 14, 17, 245, 0, 15, 30, 22370 }, // U+AEC4
    { 14, 17, 245, 0, 15, 30, 22400 }, // U+AECC
    { 14, 17, 245, 0, 15, 30, 22430 }, // U+AECD
    { 14, 17, 245, 0, 15, 30, 22460 }, // U+AECF
    { 15, 17, 245, 0, 15, 32, 22490 }, // U+AED0
    { 14, 17, 245, 0, 15, 30, 22522 }, // U+AED1
    { 14, 17, 245, 0, 15, 30, 22552 }, // U+AED8
    { 14, 17, 245, 0, 15, 30, 22582 }, // U+AED9
    { 15, 17, 245, 0, 15, 32, 22612 }, // U+AEDC
    { 14, 17, 245, 0, 15, 30, 22644 }, // U+AEE8
    { 15, 17, 245, 0, 15, 32, 22674 }, // U+AEEB
    { 14, 17, 245, 0, 15, 30, 22706 }, // U+AEED
    { 14, 17, 245, 0, 15, 30, 22736 }, // U+AEF4
    { 14, 17, 245, 0, 15, 30, 22766 }, // U+AEF8
    { 14, 17, 245, 0, 15, 30, 22796 }, // U+AEFC
    { 14, 17, 245, 0, 15, 30, 22826 }, // U+AF07
    { 15, 17, 245, 0, 15, 32, 22856 }, // U+AF08
    { 14, 17, 245, 0, 15, 30, 22888 }, // U+AF0D
    { 14, 17, 245, 0, 15, 30, 22918 }, // U+AF10
    { 15, 13, 245, 0, 13, 25, 22948 }, // U+AF2C
    { 15, 16, 245, 0, 14, 30, 22973 }, // U+AF2D
    { 15, 16, 245, 0, 14, 30, 23003 }, // U+AF30
    { 15, 16, 245, 0, 14, 30, 23033 }, // U+AF32
    { 15, 16, 245, 0, 14, 30, 23063 }, // U+AF34
    { 15, 16, 245, 0, 14, 30, 23093 }, // U+AF3C
    { 15, 16, 245, 0, 14, 30, 23123 }, // U+AF3D
    { 15, 16, 245, 0, 14, 30, 23153 }, // U+AF3F
    { 15, 16, 245, 0, 14, 30, 23183 }, // U+AF41
    { 15, 16, 245, 0, 14, 30, 23213 }, // U+AF42
    { 15, 16, 245, 0, 14, 30, 23243 }, // U+AF43
    { 15, 17, 245, 0, 15, 32, 23273 }, // U+AF48
    { 15, 17, 245, 0, 15, 32, 23305 }, // U+AF49
    { 15, 17, 245, 0, 15, 32, 23337 }, // U+AF50
    { 15, 17, 245, 0, 15, 32, 23369 }, // U+AF5C
    { 15, 17, 245, 0, 15, 32, 23401 }, // U+AF5D
    { 14, 17, 245, 0, 15, 30, 23433 }, // U+AF64
    { 14, 17, 245, 0, 15, 30, 23463 }, // U+AF65
    { 14, 17, 245, 0, 15, 30, 23493 }, // U+AF79
    { 14, 17, 245, 0, 15, 30, 23523 }, // U+AF80
    { 14, 17, 245, 0, 15, 30, 23553 }, // U+AF84
    { 14, 17, 245, 0, 15, 30, 23583 }, // U+AF88
    { 14, 17, 245, 0, 15, 30, 23613 }, // U+AF90
    { 14, 17, 245, 0, 15, 30, 23643 }, // U+AF91
    { 14, 17, 245, 0, 15, 30, 23673 }, // U+AF95
    { 15, 13, 245, 0, 13, 25, 23703 }, // U+AF9C
    { 15, 16, 245, 0, 14, 30, 23728 }, // U+AFB8
    { 15, 16, 245, 0, 14, 30, 23758 }, // U+AFB9
    { 15, 16, 245, 0, 14, 30, 23788 }, // U+AFBC
    { 15, 16, 245, 0, 14, 30, 23818 }, // U+AFC0
    { 15, 16, 245, 0, 14, 30, 23848 }, // U+AFC7
    { 15, 16, 245, 0, 14, 30, 23878 }, // U+AFC8
    { 15, 16, 245, 0, 14, 30, 23908 }, // U+AFC9
    { 15, 16, 245, 0, 14, 30, 23938 }, // U+AFCB
    { 15, 16, 245, 0, 14, 30, 23968 }, // U+AFCD
    { 15, 16, 245, 0, 14, 30, 23998 }, // U+AFCE
    { 14, 17, 245, 0, 15, 30, 24028 }, // U+AFD4
    { 14, 17, 245, 0, 15, 30, 24058 }, // U+AFDC
    { 15, 17, 245, 0, 15, 32, 24088 }, // U+AFE8
    { 14, 17, 245, 0, 15, 30, 24120 }, // U+AFE9
    { 14, 17, 245, 0, 15, 30, 24150 }, // U+AFF0
    { 14, 17, 245, 0, 15, 30, 24180 }, // U+AFF1
    { 14, 17, 245, 0, 15, 30, 24210 }, // U+AFF4
    { 14, 17, 245, 0, 15, 30, 24240 }, // U+AFF8
    { 14, 17, 245, 0, 15, 30, 24270 }, // U+B000
    { 14, 17, 245, 0, 15, 30, 24300 }, // U+B001
    { 15, 17, 245, 0, 15, 32, 24330 }, // U+B004
    { 14, 17, 245, 0, 15, 30, 24362 }, // U+B00C
    { 14, 17, 245, 0, 15, 30, 24392 }, // U+B010
    { 14, 17, 245, 0, 15, 30, 24422 }, // U+B014
    { 14, 17, 245, 0, 15, 30, 24452 }, // U+B01C
    { 14, 17, 245, 0, 15, 30, 24482 }, // U+B01D
    { 15, 16, 245, 0, 14, 30, 24512 }, // U+B028
    { 15, 13, 245, 0, 13, 25, 24542 }, // U+B044
    { 15, 16, 245, 0, 14, 30, 24567 }, // U+B045
    { 15, 16, 245, 0, 14, 30, 24597 }, // U+B048
    { 15, 16, 245, 0, 14, 30, 24627 }, // U+B04A
    { 15, 16, 245, 0, 14, 30, 24657 }, // U+B04C
    { 15, 16, 245, 0, 14, 30, 24687 }, // U+B04E
    { 15, 16, 245, 0, 14, 30, 24717 }, // U+B053
    { 15, 16, 245, 0, 14, 30, 24747 }, // U+B054
    { 15, 16, 245, 0, 14, 30, 24777 }, // U+B055
    { 15, 16, 245, 0, 14, 30, 24807 }, // U+B057
    { 15, 16, 245, 0, 14, 30, 24837 }, // U+B059
    { 15, 16, 245, 0, 14, 30, 24867 }, // U+B05D
    { 14, 17, 245, 0, 15, 30, 24897 }, // U+B07C
    { 13, 17, 245, 1, 15, 28, 24927 }, // U+B07D
    { 13, 17, 245, 1, 15, 28, 24955 }, // U+B080
    { 13, 17, 245, 1, 15, 28, 24983 }, // U+B084
    { 13, 17, 245, 1, 15, 28, 25011 }, // U+B08C
    { 13, 17, 245, 1, 15, 28, 25039 }, // U+B08D
    { 14, 17, 245, 1, 15, 30, 25067 }, // U+B08F
    { 13, 17, 245, 1, 15, 28, 25097 }, // U+B091
    { 14, 17, 245, 1, 15, 30, 25125 }, // U+B098
    { 14, 17, 245, 1, 15, 30, 25155 }, // U+B099
    { 14, 17, 245, 1, 15, 30, 25185 }, // U+B09A
    { 14, 17, 245, 1, 15, 30, 25215 }, // U+B09C
    { 14, 17, 245, 1, 15, 30, 25245 }, // U+B09F
    { 14, 17, 245, 1, 15, 30, 25275 }, // U+B0A0
    { 14, 17, 245, 1, 15, 30, 25305 }, // U+B0A1
    { 14, 17, 245, 1, 15, 30, 25335 }, // U+B0A2
    { 14, 17, 245, 1, 15, 30, 25365 }, // U+B0A8
    { 14, 17, 245, 1, 15, 30, 25395 }, // U+B0A9
    { 14, 17, 245, 1, 15, 30, 25425 }, // U+B0AB
    { 14, 17, 245, 1, 15, 30, 25455 }, // U+B0AC
    { 14, 17, 245, 1, 15, 30, 25485 }, // U+B0AD
    { 14, 17, 245, 1, 15, 30, 25515 }, // U+B0AE
    { 14, 17, 245, 1, 15, 30, 25545 }, // U+B0AF
    { 14, 17, 245, 1, 15, 30, 25575 }, // U+B0B1
    { 14, 17, 245, 1, 15, 30, 25605 }, // U+B0B3
    { 13, 17, 245, 1, 15, 28, 25635 }, // U+B0B4
    { 13, 17, 245, 1, 15, 28, 25663 }, // U+B0B5
    { 13, 17, 245, 1, 15, 28, 25691 }, // U+B0B8
    { 14, 17, 245, 1, 15, 30, 25719 }, // U+B0BC
    { 13, 17, 245, 1, 15, 28, 25749 }, // U+B0C4
    { 13, 17, 245, 1, 15, 28, 25777 }, // U+B0C5
    { 14, 17, 245, 1, 15, 30, 25805 }, // U+B0C7
    { 14, 17, 245, 1, 15, 30, 25835 }, // U+B0C8
    { 13, 17, 245, 1, 15, 28, 25865 }, // U+B0C9
    { 14, 17, 245, 1, 15, 30, 25893 }, // U+B0D0
    { 14, 17, 245, 1, 15, 30, 25923 }, // U+B0D1
    { 14, 17, 245, 1, 15, 30, 25953 }, // U+B0D4
    { 14, 17, 245, 1, 15, 30, 25983 }, // U+B0D8
    { 14, 17, 245, 1, 15, 30, 26013 }, // U+B0E0
    { 14, 17, 245, 1, 15, 30, 26043 }, // U+B0E5
    { 13, 17, 245, 1, 15, 28, 26073 }, // U+B108
    { 13, 17, 245, 1, 15, 28, 26101 }, // U+B109
    { 14, 17, 245, 1, 15, 30, 26129 }, // U+B10B
    { 13, 17, 245, 1, 15, 28, 26159 }, // U+B10C
    { 13, 17, 245, 1, 15, 28, 26187 }, // U+B110
    { 13, 17, 245, 1, 15, 28, 26215 }, // U+B112
    { 13, 17, 245, 1, 15, 28, 26243 }, // U+B113
    { 13, 17, 245, 1, 15, 28, 26271 }, // U+B118
    { 13, 17, 245, 1, 15, 28, 26299 }, // U+B119
    { 14, 17, 245, 1, 15, 30, 26327 }, // U+B11B
    { 14, 17, 245, 1, 15, 30, 26357 }, // U+B11C
    { 13, 17, 245, 1, 15, 28, 26387 }, // U+B11D
    { 13, 17, 245, 1, 15, 28, 26415 }, // U+B123
    { 13, 17, 245, 1, 15, 28, 26443 }, // U+B124
    { 13, 17, 245, 1, 15, 28, 26471 }, // U+B125
    { 14, 17, 245, 1, 15, 30, 26499 }, // U+B128
    { 14, 17, 245, 1, 15, 30, 26529 }, // U+B12C
    { 13, 17, 245, 1, 15, 28, 26559 }, // U+B134
    { 13, 17, 245, 1, 15, 28, 26587 }, // U+B135
    { 14, 17, 245, 1, 15, 30, 26615 }, // U+B137
    { 14, 17, 245, 1, 15, 30, 26645 }, // U+B138
    { 13, 17, 245, 1, 15, 28, 26675 }, // U+B139
    { 13, 17, 245, 1, 15, 28, 26703 }, // U+B140
    { 13, 16, 245, 1, 14, 26, 26731 }, // U+B141
    { 13, 17, 245, 1, 15, 28, 26757 }, // U+B144
    { 13, 17, 245, 1, 15, 28, 26785 }, // U+B148
    { 13, 17, 245, 1, 15, 28, 26813 }, // U+B150
    { 13, 17, 245, 1, 15, 28, 26841 }, // U+B151
    { 14, 17, 245, 1, 15, 30, 26869 }, // U+B154
    { 13, 17, 245, 1, 15, 28, 26899 }, // U+B155
    { 13, 17, 245, 1, 15, 28, 26927 }, // U+B158
    { 13, 17, 245, 1, 15, 28, 26955 }, // U+B15C
    { 14, 17, 245, 1, 15, 30, 26983 }, // U+B160
    { 15, 14, 245, 0, 14, 27, 27013 }, // U+B178
    { 15, 17, 245, 0, 15, 32, 27040 }, // U+B179
    { 15, 16, 245, 0, 14, 30, 27072 }, // U+B17C
    { 15, 17, 245, 0, 15, 32, 27102 }, // U+B180
    { 15, 17, 245, 0, 15, 32, 27134 }, // U+B182
    { 15, 17, 245, 0, 15, 32, 27166 }, // U+B188
    { 15, 17, 245, 0, 15, 32, 27198 }, // U+B189
    { 15, 17, 245, 0, 15, 32, 27230 }, // U+B18B
    { 15, 17, 245, 0, 15, 32, 27262 }, // U+B18D
    { 15, 17, 245, 0, 15, 32, 27294 }, // U+B192
    { 15, 17, 245, 0, 15, 32, 27326 }, // U+B193
    { 15, 17, 245, 0, 15, 32, 27358 }, // U+B194
    { 15, 17, 245, 0, 15, 32, 27390 }, // U+B198
    { 15, 17, 245, 0, 15, 32, 27422 }, // U+B19C
    { 15, 17, 245, 0, 15, 32, 27454 }, // U+B1A8
    { 14, 17, 245, 0, 15, 30, 27486 }, // U+B1CC
    { 14, 17, 245, 0, 15, 30, 27516 }, // U+B1D0
    { 14, 17, 245, 0, 15, 30, 27546 }, // U+B1D4
    { 14, 17, 245, 0, 15, 30, 27576 }, // U+B1DC
    { 14, 17, 245, 0, 15, 30, 27606 }, // U+B1DD
    { 14, 17, 245, 0, 15, 30, 27636 }, // U+B1DF
    { 15, 14, 245, 0, 14, 27, 27666 }, // U+B1E8
    { 15, 17, 245, 0, 15, 32, 27693 }, // U+B1E9
    { 15, 17, 245, 0, 15, 32, 27725 }, // U+B1EC
    { 15, 17, 245, 0, 15, 32, 27757 }, // U+B1F0
    { 15, 17, 245, 0, 15, 32, 27789 }, // U+B1F9
    { 15, 17, 245, 0, 15, 32, 27821 }, // U+B1FB
    { 15, 17, 245, 0, 15, 32, 27853 }, // U+B1FD
    { 15, 16, 245, 0, 14, 30, 27885 }, // U+B204
    { 15, 17, 245, 0, 15, 32, 27915 }, // U+B205
    { 15, 17, 245, 0, 15, 32, 27947 }, // U+B208
    { 15, 17, 245, 0, 15, 32, 27979 }, // U+B20B
    { 15, 17, 245, 0, 15, 32, 28011 }, // U+B20C
    { 15, 17, 245, 0, 15, 32, 28043 }, // U+B214
    { 15, 17, 245, 0, 15, 32, 28075 }, // U+B215
    { 15, 17, 245, 0, 15, 32, 28107 }, // U+B217
    { 15, 17, 245, 0, 15, 32, 28139 }, // U+B219
    { 14, 17, 245, 0, 15, 30, 28171 }, // U+B220
    { 15, 17, 245, 0, 15, 32, 28201 }, // U+B234
    { 14, 17, 245, 0, 15, 30, 28233 }, // U+B23C
    { 14, 17, 245, 0, 15, 30, 28263 }, // U+B258
    { 14, 17, 245, 0, 15, 30, 28293 }, // U+B25C
    { 14, 17, 245, 0, 15, 30, 28323 }, // U+B260
    { 14, 17, 245, 0, 15, 30, 28353 }, // U+B268
    { 14, 17, 245, 0, 15, 30, 28383 }, // U+B269
    { 15, 16, 245, 0, 14, 30, 28413 }, // U+B274
    { 15, 17, 245, 0, 15, 32, 28443 }, // U+B275
    { 15, 17, 245, 0, 15, 32, 28475 }, // U+B27C
    { 15, 17, 245, 0, 15, 32, 28507 }, // U+B284
    { 15, 17, 245, 0, 15, 32, 28539 }, // U+B285
    { 15, 17, 245, 0, 15, 32, 28571 }, // U+B289
    { 15, 14, 245, 0, 14, 27, 28603 }, // U+B290
    { 15, 17, 245, 0, 15, 32, 28630 }, // U+B291
    { 15, 17, 245, 0, 15, 32, 28662 }, // U+B294
    { 15, 17, 245, 0, 15, 32, 28694 }, // U+B298
    { 15, 17, 245, 0, 15, 32, 28726 }, // U+B299
    { 15, 17, 245, 0, 15, 32, 28758 }, // U+B29A
    { 15, 17, 245, 0, 15, 32, 28790 }, // U+B2A0
    { 15, 17, 245, 0, 15, 32, 28822 }, // U+B2A1
    { 15, 17, 245, 0, 15, 32, 28854 }, // U+B2A3
    { 15, 17, 245, 0, 15, 32, 28886 }, // U+B2A5
    { 15, 17, 245, 0, 15, 32, 28918 }, // U+B2A6
    { 15, 17, 245, 0, 15, 32, 28950 }, // U+B2AA
    { 14, 17, 245, 0, 15, 30, 28982 }, // U+B2AC
    { 14, 17, 245, 0, 15, 30, 29012 }, // U+B2B0
    { 14, 17, 245, 0, 15, 30, 29042 }, // U+B2B4
    { 13, 17, 245, 1, 15, 28, 29072 }, // U+B2C8
    { 13, 17, 245, 1, 15, 28, 29100 }, // U+B2C9
    { 13, 17, 245, 1, 15, 28, 29128 }, // U+B2CC
    { 13, 17, 245, 1, 15, 28, 29156 }, // U+B2D0
    { 13, 17, 245, 1, 15, 28, 29184 }, // U+B2D2
    { 13, 17, 245, 1, 15, 28, 29212 }, // U+B2D8
    { 13, 17, 245, 1, 15, 28, 29240 }, // U+B2D9
    { 14, 17, 245, 1, 15, 30, 29268 }, // U+B2DB
    { 13, 17, 245, 1, 15, 28, 29298 }, // U+B2DD
    { 13, 17, 245, 1, 15, 28, 29326 }, // U+B2E2
    { 14, 17, 245, 1, 15, 30, 29354 }, // U+B2E4
    { 14, 17, 245, 1, 15, 30, 29384 }, // U+B2E5
    { 14, 17, 245, 1, 15, 30, 29414 }, // U+B2E6
    { 14, 17, 245, 1, 15, 30, 29444 }, // U+B2E8
    { 14, 17, 245, 1, 15, 30, 29474 }, // U+B2EB
    { 14, 17, 245, 1, 15, 30, 29504 }, // U+B2EC
    { 14, 17, 245, 1, 15, 30, 29534 }, // U+B2ED
    { 14, 17, 245, 1, 15, 30, 29564 }, // U+B2EE
    { 14, 17, 245, 1, 15, 30, 29594 }, // U+B2EF
    { 14, 17, 245, 1, 15, 30, 29624 }, // U+B2F3
    { 14, 17, 245, 1, 15, 30, 29654 }, // U+B2F4
    { 14, 17, 245, 1, 15, 30, 29684 }, // U+B2F5
    { 14, 17, 245, 1, 15, 30, 29714 }, // U+B2F7
    { 14, 17, 245, 1, 15, 30, 29744 }, // U+B2F8
    { 14, 17, 245, 1, 15, 30, 29774 }, // U+B2F9
    { 14, 17, 245, 1, 15, 30, 29804 }, // U+B2FA
    { 14, 17, 245, 1, 15, 30, 29834 }, // U+B2FB
    { 14, 17, 245, 1, 15, 30, 29864 }, // U+B2FF
    { 13, 17, 245, 1, 15, 28, 29894 }, // U+B300
    { 13, 17, 245, 1, 15, 28, 29922 }, // U+B301
    { 13, 17, 245, 1, 15, 28, 29950 }, // U+B304
    { 14, 17, 245, 1, 15, 30, 29978 }, // U+B308
    { 13, 17, 245, 1, 15, 28, 30008 }, // U+B310
    { 13, 17, 245, 1, 15, 28, 30036 }, // U+B311
    { 14, 17, 245, 1, 15, 30, 30064 }, // U+B313
    { 14, 17, 245, 1, 15, 30, 30094 }, // U+B314
    { 13, 17, 245, 1, 15, 28, 30124 }, // U+B315
    { 14, 17, 245, 1, 15, 30, 30152 }, // U+B31C
    { 13, 17, 245, 1, 15, 28, 30182 }, // U+B354
    { 13, 17, 245, 1, 15, 28, 30210 }, // U+B355
    { 13, 17, 245, 1, 15, 28, 30238 }, // U+B356
    { 13, 17, 245, 1, 15, 28, 30266 }, // U+B358
    { 13, 17, 245, 1, 15, 28, 30294 }, // U+B35B
    { 13, 17, 245, 1, 15, 28, 30322 }, // U+B35C
    { 13, 17, 245, 1, 15, 28, 30350 }, // U+B35E
    { 13, 17, 245, 1, 15, 28, 30378 }, // U+B35F
    { 13, 17, 245, 1, 15, 28, 30406 }, // U+B364
    { 13, 17, 245, 1, 15, 28, 30434 }, // U+B365
    { 14, 17, 245, 1, 15, 30, 30462 }, // U+B367
    { 13, 17, 245, 1, 15, 28, 30492 }, // U+B369
    { 14, 17, 245, 1, 15, 30, 30520 }, // U+B36B
    { 13, 17, 245, 1, 15, 28, 30550 }, // U+B36E
    { 13, 17, 245, 1, 15, 28, 30578 }, // U+B370
    { 13, 17, 245, 1, 15, 28, 30606 }, // U+B371
    { 14, 17, 245, 1, 15, 30, 30634 }, // U+B374
    { 14, 17, 245, 1, 15, 30, 30664 }, // U+B378
    { 13, 17, 245, 1, 15, 28, 30694 }, // U+B380
    { 13, 17, 245, 1, 15, 28, 30722 }, // U+B381
    { 14, 17, 245, 1, 15, 30, 30750 }, // U+B383
    { 14, 17, 245, 1, 15, 30, 30780 }, // U+B384
    { 13, 17, 245, 1, 15, 28, 30810 }, // U+B385
    { 13, 17, 245, 1, 15, 28, 30838 }, // U+B38C
    { 13, 17, 245, 1, 15, 28, 30866 }, // U+B390
    { 13, 17, 245, 1, 15, 28, 30894 }, // U+B394
    { 14, 17, 245, 1, 15, 30, 30922 }, // U+B3A0
    { 13, 17, 245, 1, 15, 28, 30952 }, // U+B3A1
    { 13, 17, 245, 1, 15, 28, 30980 }, // U+B3A8
    { 14, 17, 245, 1, 15, 30, 31008 }, // U+B3AC
    { 15, 14, 245, 0, 14, 27, 31038 }, // U+B3C4
    { 15, 16, 245, 0, 14, 30, 31065 }, // U+B3C5
    { 15, 16, 245, 0, 14, 30, 31095 }, // U+B3C8
    { 15, 16, 245, 0, 14, 30, 31125 }, // U+B3CB
    { 15, 16, 245, 0, 14, 30, 31155 }, // U+B3CC
    { 15, 16, 245, 0, 14, 30, 31185 }, // U+B3CE
    { 15, 16, 245, 0, 14, 30, 31215 }, // U+B3D0
    { 15, 16, 245, 0, 14, 30, 31245 }, // U+B3D4
    { 15, 16, 245, 0, 14, 30, 31275 }, // U+B3D5
    { 15, 16, 245, 0, 14, 30, 31305 }, // U+B3D7
    { 15, 16, 245, 0, 14, 30, 31335 }, // U+B3D9
    { 15, 16, 245, 0, 14, 30, 31365 }, // U+B3DB
    { 15, 16, 245, 0, 14, 30, 31395 }, // U+B3DD
    { 15, 17, 245, 0, 15, 32, 31425 }, // U+B3E0
    { 15, 17, 245, 0, 15, 32, 31457 }, // U+B3E4
    { 15, 17, 245, 0, 15, 32, 31489 }, // U+B3E8
    { 14, 17, 245, 0, 15, 30, 31521 }, // U+B3FC
    { 15, 17, 245, 0, 15, 32, 31551 }, // U+B410
    { 14, 17, 245, 0, 15, 30, 31583 }, // U+B418
    { 14, 17, 245, 0, 15, 30, 31613 }, // U+B41C
    { 14, 17, 245, 0, 15, 30, 31643 }, // U+B420
    { 14, 17, 245, 0, 15, 30, 31673 }, // U+B428
    { 14, 17, 245, 0, 15, 30, 31703 }, // U+B429
    { 14, 17, 245, 0, 15, 30, 31733 }, // U+B42B
    { 15, 14, 245, 0, 14, 27, 31763 }, // U+B434
    { 15, 16, 245, 0, 14, 30, 31790 }, // U+B450
    { 15, 16, 245, 0, 14, 30, 31820 }, // U+B451
    { 15, 16, 245, 0, 14, 30, 31850 }, // U+B454
    { 15, 16, 245, 0, 14, 30, 31880 }, // U+B458
    { 15, 16, 245, 0, 14, 30, 31910 }, // U+B460
    { 15, 16, 245, 0, 14, 30, 31940 }, // U+B461
    { 15, 16, 245, 0, 14, 30, 31970 }, // U+B463
    { 15, 16, 245, 0, 14, 30, 32000 }, // U+B465
    { 14, 17, 245, 0, 15, 30, 32030 }, // U+B46C
    { 15, 17, 245, 0, 15, 32, 32060 }, // U+B480
    { 14, 17, 245, 0, 15, 30, 32092 }, // U+B488
    { 14, 17, 245, 0, 15, 30, 32122 }, // U+B49D
    { 14, 17, 245, 0, 15, 30, 32152 }, // U+B4A4
    { 14, 17, 245, 0, 15, 30, 32182 }, // U+B4A8
    { 14, 17, 245, 0, 15, 30, 32212 }, // U+B4AC
    { 14, 17, 245, 0, 15, 30, 32242 }, // U+B4B5
    { 15, 17, 245, 0, 15, 32, 32272 }, // U+B4B7
    { 14, 17, 245, 0, 15, 30, 32304 }, // U+B4B9
    { 15, 16, 245, 0, 14, 30, 32334 }, // U+B4C0
    { 15, 16, 245, 0, 14, 30, 32364 }, // U+B4C4
    { 15, 16, 245, 0, 14, 30, 32394 }, // U+B4C8
    { 15, 16, 245, 0, 14, 30, 32424 }, // U+B4D0
    { 15, 16, 245, 0, 14, 30, 32454 }, // U+B4D5
    { 15, 13, 245, 0, 13, 25, 32484 }, // U+B4DC
    { 15, 16, 245, 0, 14, 30, 32509 }, // U+B4DD
    { 15, 16, 245, 0, 14, 30, 32539 }, // U+B4E0
    { 15, 16, 245, 0, 14, 30, 32569 }, // U+B4E3
    { 15, 16, 245, 0, 14, 30, 32599 }, // U+B4E4
    { 15, 16, 245, 0, 14, 30, 32629 }, // U+B4E6
    { 15, 16, 245, 0, 14, 30, 32659 }, // U+B4EC
    { 15, 16, 245, 0, 14, 30, 32689 }, // U+B4ED
    { 15, 16, 245, 0, 14, 30, 32719 }, // U+B4EF
    { 15, 16, 245, 0, 14, 30, 32749 }, // U+B4F1
    { 14, 17, 245, 0, 15, 30, 32779 }, // U+B4F8
    { 13, 17, 245, 1, 15, 28, 32809 }, // U+B514
    { 13, 17, 245, 1, 15, 28, 32837 }, // U+B515
    { 13, 17, 245, 1, 15, 28, 32865 }, // U+B518
    { 13, 17, 245, 1, 15, 28, 32893 }, // U+B51B
    { 13, 17, 245, 1, 15, 28, 32921 }, // U+B51C
    { 13, 17, 245, 1, 15, 28, 32949 }, // U+B524
    { 13, 17, 245, 1, 15, 28, 32977 }, // U+B525
    { 14, 17, 245, 1, 15, 30, 33005 }, // U+B527
    { 14, 17, 245, 1, 15, 30, 33035 }, // U+B528
    { 13, 17, 245, 1, 15, 28, 33065 }, // U+B529
    { 13, 17, 245, 1, 15, 28, 33093 }, // U+B52A
    { 14, 17, 245, 1, 15, 30, 33121 }, // U+B530
    { 14, 17, 245, 1, 15, 30, 33151 }, // U+B531
    { 14, 17, 245, 1, 15, 30, 33181 }, // U+B534
    { 14, 17, 245, 1, 15, 30, 33211 }, // U+B538
    { 14, 17, 245, 1, 15, 30, 33241 }, // U+B540
    { 14, 17, 245, 1, 15, 30, 33271 }, // U+B541
    { 14, 17, 245, 1, 15, 30, 33301 }, // U+B543
    { 14, 17, 245, 1, 15, 30, 33331 }, // U+B544
    { 14, 17, 245, 1, 15, 30, 33361 }, // U+B545
    { 14, 17, 245, 1, 15, 30, 33391 }, // U+B54B
    { 13, 17, 245, 1, 15, 28, 33421 }, // U+B54C
    { 13, 17, 245, 1, 15, 28, 33449 }, // U+B54D
    { 14, 17, 245, 1, 15, 30, 33477 }, // U+B550
    { 14, 17, 245, 1, 15, 30, 33507 }, // U+B554
    { 13, 17, 245, 1, 15, 28, 33537 }, // U+B55C
    { 13, 17, 245, 1, 15, 28, 33565 }, // U+B55D
    { 14, 17, 245, 1, 15, 30, 33593 }, // U+B55F
    { 14, 17, 245, 1, 15, 30, 33623 }, // U+B560
    { 13, 17, 245, 1, 15, 28, 33653 }, // U+B561
    { 13, 17, 245, 1, 15, 28, 33681 }, // U+B5A0
    { 13, 17, 245, 1, 15, 28, 33709 }, // U+B5A1
    { 13, 17, 245, 1, 15, 28, 33737 }, // U+B5A4
    { 13, 17, 245, 1, 15, 28, 33765 }, // U+B5A8
    { 13, 17, 245, 1, 15, 28, 33793 }, // U+B5AA
    { 13, 17, 245, 1, 15, 28, 33821 }, // U+B5AB
    { 13, 17, 245, 1, 15, 28, 33849 }, // U+B5B0
    { 13, 17, 245, 1, 15, 28, 33877 }, // U+B5B1
    { 14, 17, 245, 1, 15, 30, 33905 }, // U+B5B3
    { 14, 17, 245, 1, 15, 30, 33935 }, // U+B5B4
    { 13, 17, 245, 1, 15, 28, 33965 }, // U+B5B5
    { 13, 17, 245, 1, 15, 28, 33993 }, // U+B5BB
    { 13, 17, 245, 1, 15, 28, 34021 }, // U+B5BC
    { 13, 17, 245, 1, 15, 28, 34049 }, // U+B5BD
    { 14, 17, 245, 1, 15, 30, 34077 }, // U+B5C0
    { 14, 17, 245, 1, 15, 30, 34107 }, // U+B5C4
    { 13, 17, 245, 1, 15, 28, 34137 }, // U+B5CC
    { 13, 17, 245, 1, 15, 28, 34165 }, // U+B5CD
    { 14, 17, 245, 1, 15, 30, 34193 }, // U+B5CF
    { 14, 17, 245, 1, 15, 30, 34223 }, // U+B5D0
    { 13, 17, 245, 1, 15, 28, 34253 }, // U+B5D1
    { 13, 17, 245, 1, 15, 28, 34281 }, // U+B5D8
    { 14, 17, 245, 1, 15, 30, 34309 }, // U+B5EC
    { 15, 13, 245, 0, 13, 25, 34339 }, // U+B610
    { 15, 16, 245, 0, 14, 30, 34364 }, // U+B611
    { 15, 16, 245, 0, 14, 30, 34394 }, // U+B614
    { 15, 16, 245, 0, 14, 30, 34424 }, // U+B618
    { 15, 16, 245, 0, 14, 30, 34454 }, // U+B625
    { 15, 17, 245, 0, 15, 32, 34484 }, // U+B62C
    { 15, 17, 245, 0, 15, 32, 34516 }, // U+B634
    { 14, 17, 245, 0, 15, 30, 34548 }, // U+B648
    { 14, 17, 245, 0, 15, 30, 34578 }, // U+B664
    { 14, 17, 245, 0, 15, 30, 34608 }, // U+B668
    { 15, 16, 245, 0, 14, 30, 34638 }, // U+B69C
    { 15, 16, 245, 0, 14, 30, 34668 }, // U+B69D
    { 15, 16, 245, 0, 14, 30, 34698 }, // U+B6A0
    { 15, 16, 245, 0, 14, 30, 34728 }, // U+B6A4
    { 15, 16, 245, 0, 14, 30, 34758 }, // U+B6AB
    { 15, 16, 245, 0, 14, 30, 34788 }, // U+B6AC
    { 15, 16, 245, 0, 14, 30, 34818 }, // U+B6B1
    { 14, 17, 245, 0, 15, 30, 34848 }, // U+B6D4
    { 14, 17, 245, 0, 15, 30, 34878 }, // U+B6F0
    { 14, 17, 245, 0, 15, 30, 34908 }, // U+B6F4
    { 14, 17, 245, 0, 15, 30, 34938 }, // U+B6F8
    { 14, 17, 245, 0, 15, 30, 34968 }, // U+B700
    { 14, 17, 245, 0, 15, 30, 34998 }, // U+B701
    { 14, 17, 245, 0, 15, 30, 35028 }, // U+B705
    { 15, 13, 245, 0, 13, 25, 35058 }, // U+B728
    { 15, 16, 245, 0, 14, 30, 35083 }, // U+B729
    { 15, 16, 245, 0, 14, 30, 35113 }, // U+B72C
    { 15, 16, 245, 0, 14, 30, 35143 }, // U+B72F
    { 15, 16, 245, 0, 14, 30, 35173 }, // U+B730
    { 15, 16, 245, 0, 14, 30, 35203 }, // U+B738
    { 15, 16, 245, 0, 14, 30, 35233 }, // U+B739
    { 15, 16, 245, 0, 14, 30, 35263 }, // U+B73B
    { 14, 17, 245, 0, 15, 30, 35293 }, // U+B744
    { 14, 17, 245, 0, 15, 30, 35323 }, // U+B748
    { 14, 17, 245, 0, 15, 30, 35353 }, // U+B74C
    { 14, 17, 245, 0, 15, 30, 35383 }, // U+B754
    { 14, 17, 245, 0, 15, 30, 35413 }, // U+B755
    { 13, 17, 245, 1, 15, 28, 35443 }, // U+B760
    { 13, 17, 245, 1, 15, 28, 35471 }, // U+B764
    { 13, 17, 245, 1, 15, 28, 35499 }, // U+B768
    { 13, 17, 245, 1, 15, 28, 35527 }, // U+B770
    { 13, 17, 245, 1, 15, 28, 35555 }, // U+B771
    { 14, 17, 245, 1, 15, 30, 35583 }, // U+B773
    { 13, 17, 245, 1, 15, 28, 35613 }, // U+B775
    { 14, 17, 245, 1, 15, 30, 35641 }, // U+B77C
    { 14, 17, 245, 1, 15, 30, 35671 }, // U+B77D
    { 14, 17, 245, 1, 15, 30, 35701 }, // U+B780
    { 14, 17, 245, 1, 15, 30, 35731 }, // U+B784
    { 14, 17, 245, 1, 15, 30, 35761 }, // U+B78C
    { 14, 17, 245, 1, 15, 30, 35791 }, // U+B78D
    { 14, 17, 245, 1, 15, 30, 35821 }, // U+B78F
    { 14, 17, 245, 1, 15, 30, 35851 }, // U+B790
    { 14, 17, 245, 1, 15, 30, 35881 }, // U+B791
    { 14, 17, 245, 1, 15, 30, 35911 }, // U+B792
    { 14, 17, 245, 1, 15, 30, 35941 }, // U+B796
    { 14, 17, 245, 1, 15, 30, 35971 }, // U+B797
    { 13, 17, 245, 1, 15, 28, 36001 }, // U+B798
    { 13, 17, 245, 1, 15, 28, 36029 }, // U+B799
    { 13, 17, 245, 1, 15, 28, 36057 }, // U+B79C
    { 14, 17, 245, 1, 15, 30, 36085 }, // U+B7A0
    { 13, 17, 245, 1, 15, 28, 36115 }, // U+B7A8
    { 13, 17, 245, 1, 15, 28, 36143 }, // U+B7A9
    { 14, 17, 245, 1, 15, 30, 36171 }, // U+B7AB
    { 14, 17, 245, 1, 15, 30, 36201 }, // U+B7AC
    { 13, 17, 245, 1, 15, 28, 36231 }, // U+B7AD
    { 14, 17, 245, 1, 15, 30, 36259 }, // U+B7B4
    { 14, 17, 245, 1, 15, 30, 36289 }, // U+B7B5
    { 14, 17, 245, 1, 15, 30, 36319 }, // U+B7B8
    { 14, 17, 245, 1, 15, 30, 36349 }, // U+B7C7
    { 14, 17, 245, 1, 15, 30, 36379 }, // U+B7C9
    { 13, 17, 245, 1, 15, 28, 36409 }, // U+B7EC
    { 13, 17, 245, 1, 15, 28, 36437 }, // U+B7ED
    { 13, 17, 245, 1, 15, 28, 36465 }, // U+B7F0
    { 13, 17, 245, 1, 15, 28, 36493 }, // U+B7F4
    { 13, 17, 245, 1, 15, 28, 36521 }, // U+B7FC
    { 13, 17, 245, 1, 15, 28, 36549 }, // U+B7FD
    { 14, 17, 245, 1, 15, 30, 36577 }, // U+B7FF
    { 14, 17, 245, 1, 15, 30, 36607 }, // U+B800
    { 13, 17, 245, 1, 15, 28, 36637 }, // U+B801
    { 13, 17, 245, 1, 15, 28, 36665 }, // U+B807
    { 13, 17, 245, 1, 15, 28, 36693 }, // U+B808
    { 13, 17, 245, 1, 15, 28, 36721 }, // U+B809
    { 13, 17, 245, 1, 15, 28, 36749 }, // U+B80C
    { 14, 17, 245, 1, 15, 30, 36777 }, // U+B810
    { 13, 17, 245, 1, 15, 28, 36807 }, // U+B818
    { 13, 17, 245, 1, 15, 28, 36835 }, // U+B819
    { 14, 17, 245, 1, 15, 30, 36863 }, // U+B81B
    { 13, 17, 245, 1, 15, 28, 36893 }, // U+B81D
    { 13, 17, 245, 1, 15, 28, 36921 }, // U+B824
    { 13, 17, 245, 1, 15, 28, 36949 }, // U+B825
    { 13, 17, 245, 1, 15, 28, 36977 }, // U+B828
    { 13, 17, 245, 1, 15, 28, 37005 }, // U+B82C
    { 13, 17, 245, 1, 15, 28, 37033 }, // U+B834
    { 13, 17, 245, 1, 15, 28, 37061 }, // U+B835
    { 14, 17, 245, 1, 15, 30, 37089 }, // U+B837
    { 14, 17, 245, 1, 15, 30, 37119 }, // U+B838
    { 13, 17, 245, 1, 15, 28, 37149 }, // U+B839
    { 13, 17, 245, 1, 15, 28, 37177 }, // U+B840
    { 13, 17, 245, 1, 15, 28, 37205 }, // U+B844
    { 13, 17, 245, 1, 15, 28, 37233 }, // U+B851
    { 14, 17, 245, 1, 15, 30, 37261 }, // U+B853
    { 15, 14, 245, 0, 14, 27, 37291 }, // U+B85C
    { 15, 17, 245, 0, 15, 32, 37318 }, // U+B85D
    { 15, 16, 245, 0, 14, 30, 37350 }, // U+B860
    { 15, 16, 245, 0, 14, 30, 37380 }, // U+B864
    { 15, 17, 245, 0, 15, 32, 37410 }, // U+B86C
    { 15, 17, 245, 0, 15, 32, 37442 }, // U+B86D
    { 15, 16, 245, 0, 14, 30, 37474 }, // U+B86F
    { 15, 16, 245, 0, 14, 30, 37504 }, // U+B871
    { 15, 17, 245, 0, 15, 32, 37534 }, // U+B878
    { 15, 17, 245, 0, 15, 32, 37566 }, // U+B87C
    { 15, 17, 245, 0, 15, 32, 37598 }, // U+B88D
    { 15, 17, 245, 0, 15, 32, 37630 }, // U+B8A8
    { 14, 17, 245, 0, 15, 30, 37662 }, // U+B8B0
    { 14, 17, 245, 0, 15, 30, 37692 }, // U+B8B4
    { 14, 17, 245, 0, 15, 30, 37722 }, // U+B8B8
    { 14, 17, 245, 0, 15, 30, 37752 }, // U+B8C0
    { 14, 17, 245, 0, 15, 30, 37782 }, // U+B8C1
    { 14, 17, 245, 0, 15, 30, 37812 }, // U+B8C3
    { 14, 17, 245, 0, 15, 30, 37842 }, // U+B8C5
    { 15, 14, 245, 0, 14, 27, 37872 }, // U+B8CC
    { 15, 16, 245, 0, 14, 30, 37899 }, // U+B8D0
    { 15, 16, 245, 0, 14, 30, 37929 }, // U+B8D4
    { 15, 17, 245, 0, 15, 32, 37959 }, // U+B8DD
    { 15, 16, 245, 0, 14, 30, 37991 }, // U+B8DF
    { 15, 16, 245, 0, 14, 30, 38021 }, // U+B8E1
    { 15, 16, 245, 0, 14, 30, 38051 }, // U+B8E8
    { 15, 17, 245, 0, 15, 32, 38081 }, // U+B8E9
    { 15, 16, 245, 0, 14, 30, 38113 }, // U+B8EC
    { 15, 16, 245, 0, 14, 30, 38143 }, // U+B8F0
    { 15, 17, 245, 0, 15, 32, 38173 }, // U+B8F8
    { 15, 17, 245, 0, 15, 32, 38205 }, // U+B8F9
    { 15, 16, 245, 0, 14, 30, 38237 }, // U+B8FB
    { 15, 16, 245, 0, 14, 30, 38267 }, // U+B8FD
    { 14, 17, 245, 0, 15, 30, 38297 }, // U+B904
    { 15, 17, 245, 0, 15, 32, 38327 }, // U+B918
    { 14, 17, 245, 0, 15, 30, 38359 }, // U+B920
    { 14, 17, 245, 0, 15, 30, 38389 }, // U+B93C
    { 14, 17, 245, 0, 15, 30, 38419 }, // U+B93D
    { 14, 17, 245, 0, 15, 30, 38449 }, // U+B940
    { 14, 17, 245, 0, 15, 30, 38479 }, // U+B944
    { 14, 17, 245, 0, 15, 30, 38509 }, // U+B94C
    { 15, 17, 245, 0, 15, 32, 38539 }, // U+B94F
    { 14, 17, 245, 0, 15, 30, 38571 }, // U+B951
    { 15, 16, 245, 0, 14, 30, 38601 }, // U+B958
    { 15, 17, 245, 0, 15, 32, 38631 }, // U+B959
    { 15, 16, 245, 0, 14, 30, 38663 }, // U+B95C
    { 15, 16, 245, 0, 14, 30, 38693 }, // U+B960
    { 15, 17, 245, 0, 15, 32, 38723 }, // U+B968
    { 15, 17, 245, 0, 15, 32, 38755 }, // U+B969
    { 15, 16, 245, 0, 14, 30, 38787 }, // U+B96B
    { 15, 16, 245, 0, 14, 30, 38817 }, // U+B96D
    { 15, 14, 245, 0, 14, 27, 38847 }, // U+B974
    { 15, 17, 245, 0, 15, 32, 38874 }, // U+B975
    { 15, 16, 245, 0, 14, 30, 38906 }, // U+B978
    { 15, 16, 245, 0, 14, 30, 38936 }, // U+B97C
    { 15, 17, 245, 0, 15, 32, 38966 }, // U+B984
    { 15, 17, 245, 0, 15, 32, 38998 }, // U+B985
    { 15, 16, 245, 0, 14, 30, 39030 }, // U+B987
    { 15, 16, 245, 0, 14, 30, 39060 }, // U+B989
    { 15, 17, 245, 0, 15, 32, 39090 }, // U+B98A
    { 15, 16, 245, 0, 14, 30, 39122 }, // U+B98D
    { 15, 17, 245, 0, 15, 32, 39152 }, // U+B98E
    { 13, 17, 245, 1, 15, 28, 39184 }, // U+B9AC
    { 13, 17, 245, 1, 15, 28, 39212 }, // U+B9AD
    { 13, 17, 245, 1, 15, 28, 39240 }, // U+B9B0
    { 13, 17, 245, 1, 15, 28, 39268 }, // U+B9B4
    { 13, 17, 245, 1, 15, 28, 39296 }, // U+B9BC
    { 13, 17, 245, 1, 15, 28, 39324 }, // U+B9BD
    { 14, 17, 245, 1, 15, 30, 39352 }, // U+B9BF
    { 13, 17, 245, 1, 15, 28, 39382 }, // U+B9C1
    { 14, 17, 245, 1, 15, 30, 39410 }, // U+B9C8
    { 14, 17, 245, 1, 15, 30, 39440 }, // U+B9C9
    { 14, 17, 245, 1, 15, 30, 39470 }, // U+B9CC
    { 14, 17, 245, 1, 15, 30, 39500 }, // U+B9CE
    { 14, 17, 245, 1, 15, 30, 39530 }, // U+B9CF
    { 14, 17, 245, 1, 15, 30, 39560 }, // U+B9D0
    { 14, 17, 245, 1, 15, 30, 39590 }, // U+B9D1
    { 14, 17, 245, 1, 15, 30, 39620 }, // U+B9D2
    { 14, 17, 245, 1, 15, 30, 39650 }, // U+B9D8
    { 14, 17, 245, 1, 15, 30, 39680 }, // U+B9D9
    { 14, 17, 245, 1, 15, 30, 39710 }, // U+B9DB
    { 14, 17, 245, 1, 15, 30, 39740 }, // U+B9DD
    { 14, 17, 245, 1, 15, 30, 39770 }, // U+B9DE
    { 14, 17, 245, 1, 15, 30, 39800 }, // U+B9E1
    { 14, 17, 245, 1, 15, 30, 39830 }, // U+B9E3
    { 13, 17, 245, 1, 15, 28, 39860 }, // U+B9E4
    { 13, 17, 245, 1, 15, 28, 39888 }, // U+B9E5
    { 13, 17, 245, 1, 15, 28, 39916 }, // U+B9E8
    { 14, 17, 245, 1, 15, 30, 39944 }, // U+B9EC
    { 13, 17, 245, 1, 15, 28, 39974 }, // U+B9F4
    { 13, 17, 245, 1, 15, 28, 40002 }, // U+B9F5
    { 14, 17, 245, 1, 15, 30, 40030 }, // U+B9F7
    { 14, 17, 245, 1, 15, 30, 40060 }, // U+B9F8
    { 13, 17, 245, 1, 15, 28, 40090 }, // U+B9F9
    { 14, 17, 245, 1, 15, 30, 40118 }, // U+B9FA
    { 14, 17, 245, 1, 15, 30, 40148 }, // U+BA00
    { 14, 17, 245, 1, 15, 30, 40178 }, // U+BA01
    { 14, 17, 245, 1, 15, 30, 40208 }, // U+BA08
    { 14, 17, 245, 1, 15, 30, 40238 }, // U+BA15
    { 13, 17, 245, 1, 15, 28, 40268 }, // U+BA38
    { 13, 17, 245, 1, 15, 28, 40296 }, // U+BA39
    { 13, 17, 245, 1, 15, 28, 40324 }, // U+BA3C
    { 13, 17, 245, 1, 15, 28, 40352 }, // U+BA40
    { 13, 17, 245, 1, 15, 28, 40380 }, // U+BA42
    { 13, 17, 245, 1, 15, 28, 40408 }, // U+BA48
    { 13, 17, 245, 1, 15, 28, 40436 }, // U+BA49
    { 14, 17, 245, 1, 15, 30, 40464 }, // U+BA4B
    { 13, 17, 245, 1, 15, 28, 40494 }, // U+BA4D
    { 13, 17, 245, 1, 15, 28, 40522 }, // U+BA4E
    { 13, 17, 245, 1, 15, 28, 40550 }, // U+BA53
    { 13, 17, 245, 1, 15, 28, 40578 }, // U+BA54
    { 13, 17, 245, 1, 15, 28, 40606 }, // U+BA55
    { 13, 17, 245, 1, 15, 28, 40634 }, // U+BA58
    { 14, 17, 245, 1, 15, 30, 40662 }, // U+BA5C
    { 13, 17, 245, 1, 15, 28, 40692 }, // U+BA64
    { 13, 17, 245, 1, 15, 28, 40720 }, // U+BA65
    { 14, 17, 245, 1, 15, 30, 40748 }, // U+BA67
    { 14, 17, 245, 1, 15, 30, 40778 }, // U+BA68
    { 13, 17, 245, 1, 15, 28, 40808 }, // U+BA69
    { 13, 17, 245, 1, 15, 28, 40836 }, // U+BA70
    { 13, 17, 245, 1, 15, 28, 40864 }, // U+BA71
    { 13, 17, 245, 1, 15, 28, 40892 }, // U+BA74
    { 13, 17, 245, 1, 15, 28, 40920 }, // U+BA78
    { 14, 17, 245, 1, 15, 30, 40948 }, // U+BA83
    { 14, 17, 245, 1, 15, 30, 40978 }, // U+BA84
    { 13, 17, 245, 1, 15, 28, 41008 }, // U+BA85
    { 14, 17, 245, 1, 15, 30, 41036 }, // U+BA87
    { 13, 17, 245, 1, 15, 28, 41066 }, // U+BA8C
    { 15, 14, 245, 0, 14, 27, 41094 }, // U+BAA8
    { 15, 16, 245, 0, 14, 30, 41121 }, // U+BAA9
    { 15, 16, 245, 0, 14, 30, 41151 }, // U+BAAB
    { 15, 16, 245, 0, 14, 30, 41181 }, // U+BAAC
    { 15, 16, 245, 0, 14, 30, 41211 }, // U+BAB0
    { 15, 16, 245, 0, 14, 30, 41241 }, // U+BAB2
    { 15, 16, 245, 0, 14, 30, 41271 }, // U+BAB8
    { 15, 16, 245, 0, 14, 30, 41301 }, // U+BAB9
    { 15, 16, 245, 0, 14, 30, 41331 }, // U+BABB
    { 15, 16, 245, 0, 14, 30, 41361 }, // U+BABD
    { 15, 17, 245, 0, 15, 32, 41391 }, // U+BAC4
    { 15, 17, 245, 0, 15, 32, 41423 }, // U+BAC8
    { 15, 17, 245, 0, 15, 32, 41455 }, // U+BAD8
    { 15, 17, 245, 0, 15, 32, 41487 }, // U+BAD9
    { 14, 17, 245, 0, 15, 30, 41519 }, // U+BAFC
    { 14, 17, 245, 0, 15, 30, 41549 }, // U+BB00
    { 14, 17, 245, 0, 15, 30, 41579 }, // U+BB04
    { 14, 17, 245, 0, 15, 30, 41609 }, // U+BB0D
    { 14, 17, 245, 0, 15, 30, 41639 }, // U+BB0F
    { 14, 17, 245, 0, 15, 30, 41669 }, // U+BB11
    { 15, 14, 245, 0, 14, 27, 41699 }, // U+BB18
    { 15, 16, 245, 0, 14, 30, 41726 }, // U+BB1C
    { 15, 16, 245, 0, 14, 30, 41756 }, // U+BB20
    { 15, 16, 245, 0, 14, 30, 41786 }, // U+BB29
    { 15, 16, 245, 0, 14, 30, 41816 }, // U+BB2B
    { 15, 16, 245, 0, 14, 30, 41846 }, // U+BB34
    { 15, 16, 245, 0, 14, 30, 41876 }, // U+BB35
    { 15, 16, 245, 0, 14, 30, 41906 }, // U+BB36
    { 15, 16, 245, 0, 14, 30, 41936 }, // U+BB38
    { 15, 16, 245, 0, 14, 30, 41966 }, // U+BB3B
    { 15, 16, 245, 0, 14, 30, 41996 }, // U+BB3C
    { 15, 16, 245, 0, 14, 30, 42026 }, // U+BB3D
    { 15, 16, 245, 0, 14, 30, 42056 }, // U+BB3E
    { 15, 16, 245, 0, 14, 30, 42086 }, // U+BB44
    { 15, 16, 245, 0, 14, 30, 42116 }, // U+BB45
    { 15, 16, 245, 0, 14, 30, 42146 }, // U+BB47
    { 15, 16, 245, 0, 14, 30, 42176 }, // U+BB49
    { 15, 16, 245, 0, 14, 30, 42206 }, // U+BB4D
    { 15, 16, 245, 0, 14, 30, 42236 }, // U+BB4F
    { 14, 17, 245, 0, 15, 30, 42266 }, // U+BB50
    { 14, 17, 245, 0, 15, 30, 42296 }, // U+BB54
    { 14, 17, 245, 0, 15, 30, 42326 }, // U+BB58
    { 14, 17, 245, 0, 15, 30, 42356 }, // U+BB61
    { 15, 17, 245, 0, 15, 32, 42386 }, // U+BB63
    { 14, 17, 245, 0, 15, 30, 42418 }, // U+BB6C
    { 14, 17, 245, 0, 15, 30, 42448 }, // U+BB88
    { 14, 17, 245, 0, 15, 30, 42478 }, // U+BB8C
    { 14, 17, 245, 0, 15, 30, 42508 }, // U+BB90
    { 15, 16, 245, 0, 14, 30, 42538 }, // U+BBA4
    { 15, 16, 245, 0, 14, 30, 42568 }, // U+BBA8
    { 15, 16, 245, 0, 14, 30, 42598 }, // U+BBAC
    { 15, 16, 245, 0, 14, 30, 42628 }, // U+BBB4
    { 15, 16, 245, 0, 14, 30, 42658 }, // U+BBB7
    { 15, 14, 245, 0, 14, 27, 42688 }, // U+BBC0
    { 15, 16, 245, 0, 14, 30, 42715 }, // U+BBC4
    { 15, 16, 245, 0, 14, 30, 42745 }, // U+BBC8
    { 15, 16, 245, 0, 14, 30, 42775 }, // U+BBD0
    { 15, 16, 245, 0, 14, 30, 42805 }, // U+BBD3
    { 13, 17, 245, 1, 15, 28, 42835 }, // U+BBF8
    { 13, 17, 245, 1, 15, 28, 42863 }, // U+BBF9
    { 13, 17, 245, 1, 15, 28, 42891 }, // U+BBFC
    { 13, 17, 245, 1, 15, 28, 42919 }, // U+BBFF
    { 13, 17, 245, 1, 15, 28, 42947 }, // U+BC00
    { 13, 17, 245, 1, 15, 28, 42975 }, // U+BC02
    { 13, 17, 245, 1, 15, 28, 43003 }, // U+BC08
    { 13, 17, 245, 1, 15, 28, 43031 }, // U+BC09
    { 14, 17, 245, 1, 15, 30, 43059 }, // U+BC0B
    { 14, 17, 245, 1, 15, 30, 43089 }, // U+BC0C
    { 13, 17, 245, 1, 15, 28, 43119 }, // U+BC0D
    { 14, 17, 245, 1, 15, 30, 43147 }, // U+BC0F
    { 13, 17, 245, 1, 15, 28, 43177 }, // U+BC11
    { 14, 17, 245, 1, 15, 30, 43205 }, // U+BC14
    { 14, 17, 245, 1, 15, 30, 43235 }, // U+BC15
    { 14, 17, 245, 1, 15, 30, 43265 }, // U+BC16
    { 14, 17, 245, 1, 15, 30, 43295 }, // U+BC17
    { 14, 17, 245, 1, 15, 30, 43325 }, // U+BC18
    { 14, 17, 245, 1, 15, 30, 43355 }, // U+BC1B
    { 14, 17, 245, 1, 15, 30, 43385 }, // U+BC1C
    { 14, 17, 245, 1, 15, 30, 43415 }, // U+BC1D
    { 14, 17, 245, 1, 15, 30, 43445 }, // U+BC1E
    { 14, 17, 245, 1, 15, 30, 43475 }, // U+BC1F
    { 14, 17, 245, 1, 15, 30, 43505 }, // U+BC24
    { 14, 17, 245, 1, 15, 30, 43535 }, // U+BC25
    { 14, 17, 245, 1, 15, 30, 43565 }, // U+BC27
    { 14, 17, 245, 1, 15, 30, 43595 }, // U+BC29
    { 14, 17, 245, 1, 15, 30, 43625 }, // U+BC2D
    { 13, 17, 245, 1, 15, 28, 43655 }, // U+BC30
    { 13, 17, 245, 1, 15, 28, 43683 }, // U+BC31
    { 13, 17, 245, 1, 15, 28, 43711 }, // U+BC34
    { 14, 17, 245, 1, 15, 30, 43739 }, // U+BC38
    { 13, 17, 245, 1, 15, 28, 43769 }, // U+BC40
    { 13, 17, 245, 1, 15, 28, 43797 }, // U+BC41
    { 14, 17, 245, 1, 15, 30, 43825 }, // U+BC43
    { 14, 17, 245, 1, 15, 30, 43855 }, // U+BC44
    { 13, 17, 245, 1, 15, 28, 43885 }, // U+BC45
    { 13, 17, 245, 1, 15, 28, 43913 }, // U+BC49
    { 14, 17, 245, 1, 15, 30, 43941 }, // U+BC4C
    { 14, 17, 245, 1, 15, 30, 43971 }, // U+BC4D
    { 14, 17, 245, 1, 15, 30, 44001 }, // U+BC50
    { 14, 17, 245, 1, 15, 30, 44031 }, // U+BC5D
    { 13, 17, 245, 1, 15, 28, 44061 }, // U+BC84
    { 13, 17, 245, 1, 15, 28, 44089 }, // U+BC85
    { 13, 17, 245, 1, 15, 28, 44117 }, // U+BC88
    { 13, 17, 245, 1, 15, 28, 44145 }, // U+BC8B
    { 13, 17, 245, 1, 15, 28, 44173 }, // U+BC8C
    { 13, 17, 245, 1, 15, 28, 44201 }, // U+BC8E
    { 13, 17, 245, 1, 15, 28, 44229 }, // U+BC94
    { 13, 17, 245, 1, 15, 28, 44257 }, // U+BC95
    { 14, 17, 245, 1, 15, 30, 44285 }, // U+BC97
    { 13, 17, 245, 1, 15, 28, 44315 }, // U+BC99
    { 13, 17, 245, 1, 15, 28, 44343 }, // U+BC9A
    { 13, 17, 245, 1, 15, 28, 44371 }, // U+BCA0
    { 13, 17, 245, 1, 15, 28, 44399 }, // U+BCA1
    { 13, 17, 245, 1, 15, 28, 44427 }, // U+BCA4
    { 13, 17, 245, 1, 15, 28, 44455 }, // U+BCA7
    { 14, 17, 245, 1, 15, 30, 44483 }, // U+BCA8
    { 13, 17, 245, 1, 15, 28, 44513 }, // U+BCB0
    { 13, 17, 245, 1, 15, 28, 44541 }, // U+BCB1
    { 14, 17, 245, 1, 15, 30, 44569 }, // U+BCB3
    { 14, 17, 245, 1, 15, 30, 44599 }, // U+BCB4
    { 13, 17, 245, 1, 15, 28, 44629 }, // U+BCB5
    { 13, 17, 245, 1, 15, 28, 44657 }, // U+BCBC
    { 13, 17, 245, 1, 15, 28, 44685 }, // U+BCBD
    { 13, 17, 245, 1, 15, 28, 44713 }, // U+BCC0
    { 13, 17, 245, 1, 15, 28, 44741 }, // U+BCC4
    { 13, 17, 245, 1, 15, 28, 44769 }, // U+BCCD
    { 14, 17, 245, 1, 15, 30, 44797 }, // U+BCCF
    { 14, 17, 245, 1, 15, 30, 44827 }, // U+BCD0
    { 13, 17, 245, 1, 15, 28, 44857 }, // U+BCD1
    { 13, 17, 245, 1, 15, 28, 44885 }, // U+BCD5
    { 13, 17, 245, 1, 15, 28, 44913 }, // U+BCD8
    { 13, 17, 245, 1, 15, 28, 44941 }, // U+BCDC
    { 15, 14, 245, 0, 14, 27, 44969 }, // U+BCF4
    { 15, 16, 245, 0, 14, 30, 44996 }, // U+BCF5
    { 15, 16, 245, 0, 14, 30, 45026 }, // U+BCF6
    { 15, 16, 245, 0, 14, 30, 45056 }, // U+BCF8
    { 15, 17, 245, 0, 15, 32, 45086 }, // U+BCFC
    { 15, 16, 245, 0, 14, 30, 45118 }, // U+BD04
    { 15, 17, 245, 0, 15, 32, 45148 }, // U+BD05
    { 15, 16, 245, 0, 14, 30, 45180 }, // U+BD07
    { 15, 16, 245, 0, 14, 30, 45210 }, // U+BD09
    { 15, 17, 245, 0, 15, 32, 45240 }, // U+BD10
    { 15, 17, 245, 0, 15, 32, 45272 }, // U+BD14
    { 15, 17, 245, 0, 15, 32, 45304 }, // U+BD24
    { 14, 17, 245, 0, 15, 30, 45336 }, // U+BD2C
    { 15, 17, 245, 0, 15, 32, 45366 }, // U+BD40
    { 14, 17, 245, 0, 15, 30, 45398 }, // U+BD48
    { 14, 17, 245, 0, 15, 30, 45428 }, // U+BD49
    { 14, 17, 245, 0, 15, 30, 45458 }, // U+BD4C
    { 14, 17, 245, 0, 15, 30, 45488 }, // U+BD50
    { 14, 17, 245, 0, 15, 30, 45518 }, // U+BD58
    { 14, 17, 245, 0, 15, 30, 45548 }, // U+BD59
    { 15, 14, 245, 0, 14, 27, 45578 }, // U+BD64
    { 15, 16, 245, 0, 14, 30, 45605 }, // U+BD68
    { 15, 16, 245, 0, 14, 30, 45635 }, // U+BD80
    { 15, 16, 245, 0, 14, 30, 45665 }, // U+BD81
    { 15, 16, 245, 0, 14, 30, 45695 }, // U+BD84
    { 15, 16, 245, 0, 14, 30, 45725 }, // U+BD87
    { 15, 17, 245, 0, 15, 32, 45755 }, // U+BD88
    { 15, 18, 245, 0, 15, 34, 45787 }, // U+BD89
    { 15, 17, 245, 0, 15, 32, 45821 }, // U+BD8A
    { 15, 17, 245, 0, 15, 32, 45853 }, // U+BD90
    { 15, 17, 245, 0, 15, 32, 45885 }, // U+BD91
    { 15, 17, 245, 0, 15, 32, 45917 }, // U+BD93
    { 15, 17, 245, 0, 15, 32, 45949 }, // U+BD95
    { 15, 17, 245, 0, 15, 32, 45981 }, // U+BD99
    { 15, 17, 245, 0, 15, 32, 46013 }, // U+BD9A
    { 14, 17, 245, 0, 15, 30, 46045 }, // U+BD9C
    { 14, 17, 245, 0, 15, 30, 46075 }, // U+BDA4
    { 15, 17, 245, 0, 15, 32, 46105 }, // U+BDB0
    { 14, 17, 245, 0, 15, 30, 46137 }, // U+BDB8
    { 14, 17, 245, 0, 15, 30, 46167 }, // U+BDD4
    { 14, 17, 245, 0, 15, 30, 46197 }, // U+BDD5
    { 14, 17, 245, 0, 15, 30, 46227 }, // U+BDD8
    { 14, 17, 245, 0, 15, 30, 46257 }, // U+BDDC
    { 14, 17, 245, 0, 15, 30, 46287 }, // U+BDE9
    { 15, 16, 245, 0, 14, 30, 46317 }, // U+BDF0
    { 15, 16, 245, 0, 14, 30, 46347 }, // U+BDF4
    { 15, 17, 245, 0, 15, 32, 46377 }, // U+BDF8
    { 15, 17, 245, 0, 15, 32, 46409 }, // U+BE00
    { 15, 17, 245, 0, 15, 32, 46441 }, // U+BE03
    { 15, 17, 245, 0, 15, 32, 46473 }, // U+BE05
    { 15, 14, 245, 0, 14, 27, 46505 }, // U+BE0C
    { 15, 16, 245, 0, 14, 30, 46532 }, // U+BE0D
    { 15, 16, 245, 0, 14, 30, 46562 }, // U+BE10
    { 15, 17, 245, 0, 15, 32, 46592 }, // U+BE14
    { 15, 17, 245, 0, 15, 32, 46624 }, // U+BE1C
    { 15, 17, 245, 0, 15, 32, 46656 }, // U+BE1D
    { 15, 16, 245, 0, 14, 30, 46688 }, // U+BE1F
    { 13, 17, 245, 1, 15, 28, 46718 }, // U+BE44
    { 13, 17, 245, 1, 15, 28, 46746 }, // U+BE45
    { 13, 17, 245, 1, 15, 28, 46774 }, // U+BE48
    { 13, 17, 245, 1, 15, 28, 46802 }, // U+BE4C
    { 13, 17, 245, 1, 15, 28, 46830 }, // U+BE4E
    { 13, 17, 245, 1, 15, 28, 46858 }, // U+BE54
    { 13, 17, 245, 1, 15, 28, 46886 }, // U+BE55
    { 14, 17, 245, 1, 15, 30, 46914 }, // U+BE57
    { 13, 17, 245, 1, 15, 28, 46944 }, // U+BE59
    { 13, 17, 245, 1, 15, 28, 46972 }, // U+BE5A
    { 14, 17, 245, 1, 15, 30, 47000 }, // U+BE5B
    { 14, 17, 245, 1, 15, 30, 47030 }, // U+BE60
    { 14, 17, 245, 1, 15, 30, 47060 }, // U+BE61
    { 14, 17, 245, 1, 15, 30, 47090 }, // U+BE64
    { 14, 17, 245, 1, 15, 30, 47120 }, // U+BE68
    { 14, 17, 245, 1, 15, 30, 47150 }, // U+BE6A
    { 14, 17, 245, 1, 15, 30, 47180 }, // U+BE70
    { 14, 17, 245, 1, 15, 30, 47210 }, // U+BE71
    { 14, 17, 245, 1, 15, 30, 47240 }, // U+BE73
    { 14, 17, 245, 1, 15, 30, 47270 }, // U+BE74
    { 14, 17, 245, 1, 15, 30, 47300 }, // U+BE75
    { 14, 17, 245, 1, 15, 30, 47330 }, // U+BE7B
    { 13, 17, 245, 1, 15, 28, 47360 }, // U+BE7C
    { 13, 17, 245, 1, 15, 28, 47388 }, // U+BE7D
    { 14, 17, 245, 1, 15, 30, 47416 }, // U+BE80
    { 14, 17, 245, 1, 15, 30, 47446 }, // U+BE84
    { 13, 17, 245, 1, 15, 28, 47476 }, // U+BE8C
    { 13, 17, 245, 1, 15, 28, 47504 }, // U+BE8D
    { 14, 17, 245, 1, 15, 30, 47532 }, // U+BE8F
    { 14, 17, 245, 1, 15, 30, 47562 }, // U+BE90
    { 14, 17, 245, 1, 15, 30, 47592 }, // U+BE91
    { 14, 17, 245, 1, 15, 30, 47622 }, // U+BE98
    { 14, 17, 245, 1, 15, 30, 47652 }, // U+BE99
    { 14, 17, 245, 1, 15, 30, 47682 }, // U+BEA8
    { 13, 17, 245, 1, 15, 28, 47712 }, // U+BED0
    { 13, 17, 245, 1, 15, 28, 47740 }, // U+BED1
    { 13, 17, 245, 1, 15, 28, 47768 }, // U+BED4
    { 13, 17, 245, 1, 15, 28, 47796 }, // U+BED7
    { 13, 17, 245, 1, 15, 28, 47824 }, // U+BED8
    { 13, 17, 245, 1, 15, 28, 47852 }, // U+BEE0
    { 14, 17, 245, 1, 15, 30, 47880 }, // U+BEE3
    { 14, 17, 245, 1, 15, 30, 47910 }, // U+BEE4
    { 13, 17, 245, 1, 15, 28, 47940 }, // U+BEE5
    { 13, 17, 245, 1, 15, 28, 47968 }, // U+BEEC
    { 14, 17, 245, 1, 15, 30, 47996 }, // U+BF01
    { 13, 17, 245, 1, 15, 28, 48026 }, // U+BF08
    { 13, 17, 245, 1, 15, 28, 48054 }, // U+BF09
    { 13, 17, 245, 1, 15, 28, 48082 }, // U+BF18
    { 13, 17, 245, 1, 15, 28, 48110 }, // U+BF19
    { 14, 17, 245, 1, 15, 30, 48138 }, // U+BF1B
    { 14, 17, 245, 1, 15, 30, 48168 }, // U+BF1C
    { 13, 17, 245, 1, 15, 28, 48198 }, // U+BF1D
    { 15, 14, 245, 0, 14, 27, 48226 }, // U+BF40
    { 15, 17, 245, 0, 15, 32, 48253 }, // U+BF41
    { 15, 16, 245, 0, 14, 30, 48285 }, // U+BF44
    { 15, 17, 245, 0, 15, 32, 48315 }, // U+BF48
    { 15, 16, 245, 0, 14, 30, 48347 }, // U+BF50
    { 15, 17, 245, 0, 15, 32, 48377 }, // U+BF51
    { 15, 16, 245, 0, 14, 30, 48409 }, // U+BF55
    { 14, 17, 245, 0, 15, 30, 48439 }, // U+BF94
    { 15, 14, 245, 0, 14, 27, 48469 }, // U+BFB0
    { 15, 16, 245, 0, 14, 30, 48496 }, // U+BFC5
    { 15, 16, 245, 0, 14, 30, 48526 }, // U+BFCC
    { 15, 16, 245, 0, 14, 30, 48556 }, // U+BFCD
    { 15, 16, 245, 0, 14, 30, 48586 }, // U+BFD0
    { 15, 17, 245, 0, 15, 32, 48616 }, // U+BFD4
    { 15, 16, 245, 0, 14, 30, 48648 }, // U+BFDC
    { 15, 16, 245, 0, 14, 30, 48678 }, // U+BFDF
    { 15, 16, 245, 0, 14, 30, 48708 }, // U+BFE1
    { 15, 16, 245, 0, 14, 30, 48738 }, // U+C03C
    { 15, 16, 245, 0, 14, 30, 48768 }, // U+C051
    { 15, 14, 245, 0, 14, 27, 48798 }, // U+C058
    { 15, 16, 245, 0, 14, 30, 48825 }, // U+C05C
    { 15, 17, 245, 0, 15, 32, 48855 }, // U+C060
    { 15, 16, 245, 0, 14, 30, 48887 }, // U+C068
    { 15, 16, 245, 0, 14, 30, 48917 }, // U+C069
    { 13, 17, 245, 1, 15, 28, 48947 }, // U+C090
    { 13, 17, 245, 1, 15, 28, 48975 }, // U+C091
    { 13, 17, 245, 1, 15, 28, 49003 }, // U+C094
    { 13, 17, 245, 1, 15, 28, 49031 }, // U+C098
    { 13, 17, 245, 1, 15, 28, 49059 }, // U+C0A0
    { 13, 17, 245, 1, 15, 28, 49087 }, // U+C0A1
    { 14, 17, 245, 1, 15, 30, 49115 }, // U+C0A3
    { 13, 17, 245, 1, 15, 28, 49145 }, // U+C0A5
    { 15, 17, 245, 0, 15, 32, 49173 }, // U+C0AC
    { 15, 17, 245, 0, 15, 32, 49205 }, // U+C0AD
    { 15, 17, 245, 0, 15, 32, 49237 }, // U+C0AF
    { 15, 17, 245, 0, 15, 32, 49269 }, // U+C0B0
    { 15, 17, 245, 0, 15, 32, 49301 }, // U+C0B3
    { 15, 17, 245, 0, 15, 32, 49333 }, // U+C0B4
    { 15, 18, 245, 0, 15, 34, 49365 }, // U+C0B5
    { 15, 17, 245, 0, 15, 32, 49399 }, // U+C0B6
    { 15, 17, 245, 0, 15, 32, 49431 }, // U+C0BC
    { 15, 17, 245, 0, 15, 32, 49463 }, // U+C0BD
    { 15, 17, 245, 0, 15, 32, 49495 }, // U+C0BF
    { 15, 17, 245, 0, 15, 32, 49527 }, // U+C0C0
    { 15, 17, 245, 0, 15, 32, 49559 }, // U+C0C1
    { 15, 17, 245, 0, 15, 32, 49591 }, // U+C0C5
    { 14, 17, 245, 0, 15, 30, 49623 }, // U+C0C8
    { 14, 17, 245, 0, 15, 30, 49653 }, // U+C0C9
    { 14, 17, 245, 0, 15, 30, 49683 }, // U+C0CC
    { 15, 17, 245, 0, 15, 32, 49713 }, // U+C0D0
    { 14, 17, 245, 0, 15, 30, 49745 }, // U+C0D8
    { 14, 17, 245, 0, 15, 30, 49775 }, // U+C0D9
    { 15, 17, 245, 0, 15, 32, 49805 }, // U+C0DB
    { 15, 17, 245, 0, 15, 32, 49837 }, // U+C0DC
    { 14, 17, 245, 0, 15, 30, 49869 }, // U+C0DD
    { 15, 17, 245, 0, 15, 32, 49899 }, // U+C0E4
    { 15, 17, 245, 0, 15, 32, 49931 }, // U+C0E5
    { 15, 17, 245, 0, 15, 32, 49963 }, // U+C0E8
    { 15, 17, 245, 0, 15, 32, 49995 }, // U+C0EC
    { 15, 17, 245, 0, 15, 32, 50027 }, // U+C0F4
    { 15, 17, 245, 0, 15, 32, 50059 }, // U+C0F5
    { 15, 17, 245, 0, 15, 32, 50091 }, // U+C0F7
    { 15, 17, 245, 0, 15, 32, 50123 }, // U+C0F9
    { 14, 17, 245, 0, 15, 30, 50155 }, // U+C100
    { 14, 17, 245, 0, 15, 30, 50185 }, // U+C104
    { 15, 17, 245, 0, 15, 32, 50215 }, // U+C108
    { 14, 17, 245, 0, 15, 30, 50247 }, // U+C110
    { 14, 17, 245, 0, 15, 30, 50277 }, // U+C115
    { 14, 17, 245, 0, 15, 30, 50307 }, // U+C11C
    { 14, 17, 245, 0, 15, 30, 50337 }, // U+C11D
    { 14, 17, 245, 0, 15, 30, 50367 }, // U+C11E
    { 15, 17, 245, 0, 15, 32, 50397 }, // U+C11F
    { 14, 17, 245, 0, 15, 30, 50429 }, // U+C120
    { 14, 17, 245, 0, 15, 30, 50459 }, // U+C123
    { 14, 17, 245, 0, 15, 30, 50489 }, // U+C124
    { 14, 17, 245, 0, 15, 30, 50519 }, // U+C126
    { 14, 17, 245, 0, 15, 30, 50549 }, // U+C127
    { 14, 17, 245, 0, 15, 30, 50579 }, // U+C12C
    { 14, 17, 245, 0, 15, 30, 50609 }, // U+C12D
    { 15, 17, 245, 0, 15, 32, 50639 }, // U+C12F
    { 15, 17, 245, 0, 15, 32, 50671 }, // U+C130
    { 14, 17, 245, 0, 15, 30, 50703 }, // U+C131
    { 14, 17, 245, 0, 15, 30, 50733 }, // U+C136
    { 14, 17, 245, 0, 15, 30, 50763 }, // U+C138
    { 14, 17, 245, 0, 15, 30, 50793 }, // U+C139
    { 14, 17, 245, 0, 15, 30, 50823 }, // U+C13C
    { 15, 17, 245, 0, 15, 32, 50853 }, // U+C140
    { 14, 17, 245, 0, 15, 30, 50885 }, // U+C148
    { 14, 17, 245, 0, 15, 30, 50915 }, // U+C149
    { 15, 17, 245, 0, 15, 32, 50945 }, // U+C14B
    { 15, 17, 245, 0, 15, 32, 50977 }, // U+C14C
    { 14, 17, 245, 0, 15, 30, 51009 }, // U+C14D
    { 14, 17, 245, 0, 15, 30, 51039 }, // U+C154
    { 14, 17, 245, 0, 15, 30, 51069 }, // U+C155
    { 14, 17, 245, 0, 15, 30, 51099 }, // U+C158
    { 14, 17, 245, 0, 15, 30, 51129 }, // U+C15C
    { 14, 17, 245, 0, 15, 30, 51159 }, // U+C164
    { 14, 17, 245, 0, 15, 30, 51189 }, // U+C165
    { 15, 17, 245, 0, 15, 32, 51219 }, // U+C167
    { 15, 17, 245, 0, 15, 32, 51251 }, // U+C168
    { 14, 17, 245, 0, 15, 30, 51283 }, // U+C169
    { 14, 17, 245, 0, 15, 30, 51313 }, // U+C170
    { 14, 17, 245, 0, 15, 30, 51343 }, // U+C174
    { 15, 17, 245, 0, 15, 32, 51373 }, // U+C178
    { 14, 17, 245, 0, 15, 30, 51405 }, // U+C185
    { 15, 14, 245, 0, 14, 27, 51435 }, // U+C18C
    { 15, 17, 245, 0, 15, 32, 51462 }, // U+C18D
    { 15, 17, 245, 0, 15, 32, 51494 }, // U+C18E
    { 15, 17, 245, 0, 15, 32, 51526 }, // U+C190
    { 15, 17, 245, 0, 15, 32, 51558 }, // U+C194
    { 15, 17, 245, 0, 15, 32, 51590 }, // U+C196
    { 15, 17, 245, 0, 15, 32, 51622 }, // U+C19C
    { 15, 17, 245, 0, 15, 32, 51654 }, // U+C19D
    { 15, 17, 245, 0, 15, 32, 51686 }, // U+C19F
    { 15, 17, 245, 0, 15, 32, 51718 }, // U+C1A1
    { 15, 17, 245, 0, 15, 32, 51750 }, // U+C1A5
    { 15, 17, 245, 0, 15, 32, 51782 }, // U+C1A8
    { 15, 17, 245, 0, 15, 32, 51814 }, // U+C1A9
    { 15, 17, 245, 0, 15, 32, 51846 }, // U+C1AC
    { 15, 17, 245, 0, 15, 32, 51878 }, // U+C1B0
    { 15, 17, 245, 0, 15, 32, 51910 }, // U+C1BD
    { 14, 17, 245, 0, 15, 30, 51942 }, // U+C1C4
    { 14, 17, 245, 0, 15, 30, 51972 }, // U+C1C8
    { 15, 17, 245, 0, 15, 32, 52002 }, // U+C1CC
    { 14, 17, 245, 0, 15, 30, 52034 }, // U+C1D4
    { 15, 17, 245, 0, 15, 32, 52064 }, // U+C1D7
    { 15, 17, 245, 0, 15, 32, 52096 }, // U+C1D8
    { 14, 17, 245, 0, 15, 30, 52128 }, // U+C1E0
    { 14, 17, 245, 0, 15, 30, 52158 }, // U+C1E4
    { 14, 17, 245, 0, 15, 30, 52188 }, // U+C1E8
    { 14, 17, 245, 0, 15, 30, 52218 }, // U+C1F0
    { 14, 17, 245, 0, 15, 30, 52248 }, // U+C1F1
    { 14, 17, 245, 0, 15, 30, 52278 }, // U+C1F3
    { 15, 14, 245, 0, 14, 27, 52308 }, // U+C1FC
    { 15, 17, 245, 0, 15, 32, 52335 }, // U+C1FD
    { 15, 17, 245, 0, 15, 32, 52367 }, // U+C200
    { 15, 17, 245, 0, 15, 32, 52399 }, // U+C204
    { 15, 17, 245, 0, 15, 32, 52431 }, // U+C20C
    { 15, 17, 245, 0, 15, 32, 52463 }, // U+C20D
    { 15, 17, 245, 0, 15, 32, 52495 }, // U+C20F
    { 15, 17, 245, 0, 15, 32, 52527 }, // U+C211
    { 15, 16, 245, 0, 14, 30, 52559 }, // U+C218
    { 15, 17, 245, 0, 15, 32, 52589 }, // U+C219
    { 15, 17, 245, 0, 15, 32, 52621 }, // U+C21C
    { 15, 17, 245, 0, 15, 32, 52653 }, // U+C21F
    { 15, 17, 245, 0, 15, 32, 52685 }, // U+C220
    { 15, 17, 245, 0, 15, 32, 52717 }, // U+C228
    { 15, 17, 245, 0, 15, 32, 52749 }, // U+C229
    { 15, 17, 245, 0, 15, 32, 52781 }, // U+C22B
    { 15, 17, 245, 0, 15, 32, 52813 }, // U+C22D
    { 15, 17, 245, 0, 15, 32, 52845 }, // U+C22F
    { 15, 17, 245, 0, 15, 32, 52877 }, // U+C231
    { 15, 17, 245, 0, 15, 32, 52909 }, // U+C232
    { 14, 17, 245, 0, 15, 30, 52941 }, // U+C234
    { 15, 17, 245, 0, 15, 32, 52971 }, // U+C248
    { 14, 17, 245, 0, 15, 30, 53003 }, // U+C250
    { 14, 17, 245, 0, 15, 30, 53033 }, // U+C251
    { 14, 17, 245, 0, 15, 30, 53063 }, // U+C254
    { 15, 17, 245, 0, 15, 32, 53093 }, // U+C258
    { 14, 17, 245, 0, 15, 30, 53125 }, // U+C260
    { 14, 17, 245, 0, 15, 30, 53155 }, // U+C265
    { 14, 17, 245, 0, 15, 30, 53185 }, // U+C26C
    { 14, 17, 245, 0, 15, 30, 53215 }, // U+C26D
    { 14, 17, 245, 0, 15, 30, 53245 }, // U+C270
    { 14, 17, 245, 0, 15, 30, 53275 }, // U+C274
    { 14, 17, 245, 0, 15, 30, 53305 }, // U+C27C
    { 14, 17, 245, 0, 15, 30, 53335 }, // U+C27D
    { 15, 17, 245, 0, 15, 32, 53365 }, // U+C27F
    { 14, 17, 245, 0, 15, 30, 53397 }, // U+C281
    { 15, 16, 245, 0, 14, 30, 53427 }, // U+C288
    { 15, 17, 245, 0, 15, 32, 53457 }, // U+C289
    { 15, 17, 245, 0, 15, 32, 53489 }, // U+C290
    { 15, 17, 245, 0, 15, 32, 53521 }, // U+C298
    { 15, 17, 245, 0, 15, 32, 53553 }, // U+C29B
    { 15, 17, 245, 0, 15, 32, 53585 }, // U+C29D
    { 15, 14, 245, 0, 14, 27, 53617 }, // U+C2A4
    { 15, 17, 245, 0, 15, 32, 53644 }, // U+C2A5
    { 15, 17, 245, 0, 15, 32, 53676 }, // U+C2A8
    { 15, 17, 245, 0, 15, 32, 53708 }, // U+C2AC
    { 15, 17, 245, 0, 15, 32, 53740 }, // U+C2AD
    { 15, 17, 245, 0, 15, 32, 53772 }, // U+C2B4
    { 15, 17, 245, 0, 15, 32, 53804 }, // U+C2B5
    { 15, 17, 245, 0, 15, 32, 53836 }, // U+C2B7
    { 15, 17, 245, 0, 15, 32, 53868 }, // U+C2B9
    { 14, 16, 245, 0, 14, 28, 53900 }, // U+C2DC
    { 14, 17, 245, 0, 15, 30, 53928 }, // U+C2DD
    { 14, 17, 245, 0, 15, 30, 53958 }, // U+C2E0
    { 14, 17, 245, 0, 15, 30, 53988 }, // U+C2E3
    { 14, 17, 245, 0, 15, 30, 54018 }, // U+C2E4
    { 15, 17, 245, 0, 15, 32, 54048 }, // U+C2EB
    { 14, 17, 245, 0, 15, 30, 54080 }, // U+C2EC
    { 14, 17, 245, 0, 15, 30, 54110 }, // U+C2ED
    { 15, 16, 245, 0, 14, 30, 54140 }, // U+C2EF
    { 14, 17, 245, 0, 15, 30, 54170 }, // U+C2F1
    { 14, 17, 245, 0, 15, 30, 54200 }, // U+C2F6
    { 15, 17, 245, 0, 15, 32, 54230 }, // U+C2F8
    { 15, 17, 245, 0, 15, 32, 54262 }, // U+C2F9
    { 15, 17, 245, 0, 15, 32, 54294 }, // U+C2FB
    { 15, 17, 245, 0, 15, 32, 54326 }, // U+C2FC
    { 15, 17, 245, 0, 15, 32, 54358 }, // U+C300
    { 15, 17, 245, 0, 15, 32, 54390 }, // U+C308
    { 15, 17, 245, 0, 15, 32, 54422 }, // U+C309
    { 15, 17, 245, 0, 15, 32, 54454 }, // U+C30C
    { 15, 17, 245, 0, 15, 32, 54486 }, // U+C30D
    { 15, 17, 245, 0, 15, 32, 54518 }, // U+C313
    { 14, 17, 245, 0, 15, 30, 54550 }, // U+C314
    { 14, 17, 245, 0, 15, 30, 54580 }, // U+C315
    { 15, 17, 245, 0, 15, 32, 54610 }, // U+C318
    { 15, 17, 245, 0, 15, 32, 54642 }, // U+C31C
    { 14, 17, 245, 0, 15, 30, 54674 }, // U+C324
    { 14, 17, 245, 0, 15, 30, 54704 }, // U+C325
    { 15, 17, 245, 0, 15, 32, 54734 }, // U+C328
    { 14, 17, 245, 0, 15, 30, 54766 }, // U+C329
    { 15, 17, 245, 0, 15, 32, 54796 }, // U+C345
    { 14, 17, 245, 0, 15, 30, 54828 }, // U+C368
    { 14, 17, 245, 0, 15, 30, 54858 }, // U+C369
    { 14, 17, 245, 0, 15, 30, 54888 }, // U+C36C
    { 14, 17, 245, 0, 15, 30, 54918 }, // U+C370
    { 14, 17, 245, 0, 15, 30, 54948 }, // U+C372
    { 14, 17, 245, 0, 15, 30, 54978 }, // U+C378
    { 14, 17, 245, 0, 15, 30, 55008 }, // U+C379
    { 15, 17, 245, 0, 15, 32, 55038 }, // U+C37C
    { 14, 17, 245, 0, 15, 30, 55070 }, // U+C37D
    { 14, 17, 245, 0, 15, 30, 55100 }, // U+C384
    { 15, 17, 245, 0, 15, 32, 55130 }, // U+C388
    { 15, 17, 245, 0, 15, 32, 55162 }, // U+C38C
    { 15, 17, 245, 0, 15, 32, 55194 }, // U+C3C0
    { 15, 14, 245, 0, 14, 27, 55226 }, // U+C3D8
    { 15, 17, 245, 0, 15, 32, 55253 }, // U+C3D9
    { 15, 17, 245, 0, 15, 32, 55285 }, // U+C3DC
    { 15, 17, 245, 0, 15, 32, 55317 }, // U+C3DF
    { 15, 17, 245, 0, 15, 32, 55349 }, // U+C3E0
    { 15, 17, 245, 0, 15, 32, 55381 }, // U+C3E2
    { 15, 17, 245, 0, 15, 32, 55413 }, // U+C3E8
    { 15, 17, 245, 0, 15, 32, 55445 }, // U+C3E9
    { 15, 17, 245, 0, 15, 32, 55477 }, // U+C3ED
    { 15, 17, 245, 0, 15, 32, 55509 }, // U+C3F4
    { 15, 17, 245, 0, 15, 32, 55541 }, // U+C3F5
    { 15, 17, 245, 0, 15, 32, 55573 }, // U+C3F8
    { 15, 17, 245, 0, 15, 32, 55605 }, // U+C408
    { 14, 17, 245, 0, 15, 30, 55637 }, // U+C410
    { 15, 17, 245, 0, 15, 32, 55667 }, // U+C424
    { 14, 17, 245, 0, 15, 30, 55699 }, // U+C42C
    { 14, 17, 245, 0, 15, 30, 55729 }, // U+C430
    { 14, 17, 245, 0, 15, 30, 55759 }, // U+C434
    { 14, 17, 245, 0, 15, 30, 55789 }, // U+C43C
    { 14, 17, 245, 0, 15, 30, 55819 }, // U+C43D
    { 15, 14, 245, 0, 14, 27, 55849 }, // U+C448
    { 15, 16, 245, 0, 14, 30, 55876 }, // U+C464
    { 15, 17, 245, 0, 15, 32, 55906 }, // U+C465
    { 15, 17, 245, 0, 15, 32, 55938 }, // U+C468
    { 15, 17, 245, 0, 15, 32, 55970 }, // U+C46C
    { 15, 17, 245, 0, 15, 32, 56002 }, // U+C474
    { 15, 17, 245, 0, 15, 32, 56034 }, // U+C475
    { 15, 17, 245, 0, 15, 32, 56066 }, // U+C479
    { 14, 17, 245, 0, 15, 30, 56098 }, // U+C480
    { 15, 17, 245, 0, 15, 32, 56128 }, // U+C494
    { 14, 17, 245, 0, 15, 30, 56160 }, // U+C49C
    { 14, 17, 245, 0, 15, 30, 56190 }, // U+C4B8
    { 14, 17, 245, 0, 15, 30, 56220 }, // U+C4BC
    { 15, 17, 245, 0, 15, 32, 56250 }, // U+C4E9
    { 15, 14, 245, 0, 14, 27, 56282 }, // U+C4F0
    { 15, 17, 245, 0, 15, 32, 56309 }, // U+C4F1
    { 15, 16, 245, 0, 14, 30, 56341 }, // U+C4F4
    { 15, 17, 245, 0, 15, 32, 56371 }, // U+C4F8
    { 15, 17, 245, 0, 15, 32, 56403 }, // U+C4FA
    { 15, 17, 245, 0, 15, 32, 56435 }, // U+C4FF
    { 15, 17, 245, 0, 15, 32, 56467 }, // U+C500
    { 15, 17, 245, 0, 15, 32, 56499 }, // U+C501
    { 14, 17, 245, 0, 15, 30, 56531 }, // U+C50C
    { 14, 17, 245, 0, 15, 30, 56561 }, // U+C510
    { 14, 17, 245, 0, 15, 30, 56591 }, // U+C514
    { 14, 17, 245, 0, 15, 30, 56621 }, // U+C51C
    { 14, 16, 245, 0, 14, 28, 56651 }, // U+C528
    { 14, 17, 245, 0, 15, 30, 56679 }, // U+C529
    { 14, 17, 245, 0, 15, 30, 56709 }, // U+C52C
    { 14, 17, 245, 0, 15, 30, 56739 }, // U+C530
    { 14, 17, 245, 0, 15, 30, 56769 }, // U+C538
    { 14, 17, 245, 0, 15, 30, 56799 }, // U+C539
    { 15, 16, 245, 0, 14, 30, 56829 }, // U+C53B
    { 14, 17, 245, 0, 15, 30, 56859 }, // U+C53D
    { 14, 17, 245, 1, 15, 30, 56889 }, // U+C544
    { 14, 17, 245, 1, 15, 30, 56919 }, // U+C545
    { 14, 17, 245, 1, 15, 30, 56949 }, // U+C548
    { 14, 17, 245, 1, 15, 30, 56979 }, // U+C549
    { 14, 17, 245, 1, 15, 30, 57009 }, // U+C54A
    { 14, 17, 245, 1, 15, 30, 57039 }, // U+C54C
    { 14, 17, 245, 1, 15, 30, 57069 }, // U+C54D
    { 14, 17, 245, 1, 15, 30, 57099 }, // U+C54E
    { 14, 17, 245, 1, 15, 30, 57129 }, // U+C553
    { 14, 17, 245, 1, 15, 30, 57159 }, // U+C554
    { 14, 17, 245, 1, 15, 30, 57189 }, // U+C555
    { 14, 17, 245, 1, 15, 30, 57219 }, // U+C557
    { 14, 17, 245, 1, 15, 30, 57249 }, // U+C558
    { 14, 17, 245, 1, 15, 30, 57279 }, // U+C559
    { 14, 17, 245, 1, 15, 30, 57309 }, // U+C55D
    { 14, 17, 245, 1, 15, 30, 57339 }, // U+C55E
    { 13, 17, 245, 1, 15, 28, 57369 }, // U+C560
    { 14, 17, 245, 0, 15, 30, 57397 }, // U+C561
    { 14, 17, 245, 0, 15, 30, 57427 }, // U+C564
    { 15, 17, 245, 0, 15, 32, 57457 }, // U+C568
    { 14, 17, 245, 0, 15, 30, 57489 }, // U+C570
    { 14, 17, 245, 0, 15, 30, 57519 }, // U+C571
    { 15, 17, 245, 0, 15, 32, 57549 }, // U+C573
    { 15, 17, 245, 0, 15, 32, 57581 }, // U+C574
    { 14, 17, 245, 0, 15, 30, 57613 }, // U+C575
    { 14, 17, 245, 1, 15, 30, 57643 }, // U+C57C
    { 14, 17, 245, 1, 15, 30, 57673 }, // U+C57D
    { 14, 17, 245, 1, 15, 30, 57703 }, // U+C580
    { 14, 17, 245, 1, 15, 30, 57733 }, // U+C584
    { 14, 17, 245, 1, 15, 30, 57763 }, // U+C587
    { 14, 17, 245, 1, 15, 30, 57793 }, // U+C58C
    { 14, 17, 245, 1, 15, 30, 57823 }, // U+C58D
    { 14, 17, 245, 1, 15, 30, 57853 }, // U+C58F
    { 14, 17, 245, 1, 15, 30, 57883 }, // U+C591
    { 14, 17, 245, 1, 15, 30, 57913 }, // U+C595
    { 14, 17, 245, 1, 15, 30, 57943 }, // U+C597
    { 13, 17, 245, 1, 15, 28, 57973 }, // U+C598
    { 14, 17, 245, 0, 15, 30, 58001 }, // U+C59C
    { 15, 17, 245, 0, 15, 32, 58031 }, // U+C5A0
    { 14, 17, 245, 0, 15, 30, 58063 }, // U+C5A9
    { 13, 17, 245, 1, 15, 28, 58093 }, // U+C5B4
    { 13, 17, 245, 1, 15, 28, 58121 }, // U+C5B5
    { 13, 17, 245, 1, 15, 28, 58149 }, // U+C5B8
    { 13, 17, 245, 1, 15, 28, 58177 }, // U+C5B9
    { 13, 17, 245, 1, 15, 28, 58205 }, // U+C5BB
    { 13, 17, 245, 1, 15, 28, 58233 }, // U+C5BC
    { 13, 18, 245, 1, 15, 30, 58261 }, // U+C5BD
    { 13, 17, 245, 1, 15, 28, 58291 }, // U+C5BE
    { 13, 17, 245, 1, 15, 28, 58319 }, // U+C5C4
    { 13, 17, 245, 1, 15, 28, 58347 }, // U+C5C5
    { 14, 17, 245, 1, 15, 30, 58375 }, // U+C5C6
    { 14, 17, 245, 1, 15, 30, 58405 }, // U+C5C7
    { 14, 17, 245, 1, 15, 30, 58435 }, // U+C5C8
    { 13, 17, 245, 1, 15, 28, 58465 }, // U+C5C9
    { 13, 17, 245, 1, 15, 28, 58493 }, // U+C5CA
    { 13, 17, 245, 1, 15, 28, 58521 }, // U+C5CC
    { 13, 17, 245, 1, 15, 28, 58549 }, // U+C5CE
    { 13, 17, 245, 1, 15, 28, 58577 }, // U+C5D0
    { 14, 17, 245, 0, 15, 30, 58605 }, // U+C5D1
    { 14, 17, 245, 0, 15, 30, 58635 }, // U+C5D4
    { 15, 17, 245, 0, 15, 32, 58665 }, // U+C5D8
    { 14, 17, 245, 0, 15, 30, 58697 }, // U+C5E0
    { 14, 17, 245, 0, 15, 30, 58727 }, // U+C5E1
    { 15, 17, 245, 0, 15, 32, 58757 }, // U+C5E3
    { 14, 17, 245, 0, 15, 30, 58789 }, // U+C5E5
    { 13, 17, 245, 1, 15, 28, 58819 }, // U+C5EC
    { 13, 17, 245, 1, 15, 28, 58847 }, // U+C5ED
    { 13, 17, 245, 1, 15, 28, 58875 }, // U+C5EE
    { 13, 17, 245, 1, 15, 28, 58903 }, // U+C5F0
    { 13, 17, 245, 1, 15, 28, 58931 }, // U+C5F4
    { 13, 17, 245, 1, 15, 28, 58959 }, // U+C5F6
    { 13, 17, 245, 1, 15, 28, 58987 }, // U+C5F7
    { 13, 17, 245, 1, 15, 28, 59015 }, // U+C5FC
    { 13, 17, 245, 1, 15, 28, 59043 }, // U+C5FD
    { 14, 17, 245, 1, 15, 30, 59071 }, // U+C5FE
    { 14, 17, 245, 1, 15, 30, 59101 }, // U+C5FF
    { 14, 17, 245, 1, 15, 30, 59131 }, // U+C600
    { 13, 17, 245, 1, 15, 28, 59161 }, // U+C601
    { 14, 17, 245, 0, 15, 30, 59189 }, // U+C605
    { 13, 17, 245, 1, 15, 28, 59219 }, // U+C606
    { 13, 17, 245, 1, 15, 28, 59247 }, // U+C607
    { 13, 17, 245, 1, 15, 28, 59275 }, // U+C608
    { 14, 17, 245, 0, 15, 30, 59303 }, // U+C60C
    { 15, 17, 245, 0, 15, 32, 59333 }, // U+C610
    { 14, 17, 245, 0, 15, 30, 59365 }, // U+C618
    { 14, 17, 245, 0, 15, 30, 59395 }, // U+C619
    { 15, 17, 245, 0, 15, 32, 59425 }, // U+C61B
    { 15, 17, 245, 0, 15, 32, 59457 }, // U+C61C
    { 15, 14, 245, 0, 14, 27, 59489 }, // U+C624
    { 15, 17, 245, 0, 15, 32, 59516 }, // U+C625
    { 15, 16, 245, 0, 14, 30, 59548 }, // U+C628
    { 15, 17, 245, 0, 15, 32, 59578 }, // U+C62C
    { 15, 17, 245, 0, 15, 32, 59610 }, // U+C62D
    { 15, 17, 245, 0, 15, 32, 59642 }, // U+C62E
    { 15, 17, 245, 0, 15, 32, 59674 }, // U+C630
    { 15, 17, 245, 0, 15, 32, 59706 }, // U+C633
    { 15, 17, 245, 0, 15, 32, 59738 }, // U+C634
    { 15, 17, 245, 0, 15, 32, 59770 }, // U+C635
    { 15, 17, 245, 0, 15, 32, 59802 }, // U+C637
    { 15, 17, 245, 0, 15, 32, 59834 }, // U+C639
    { 15, 17, 245, 0, 15, 32, 59866 }, // U+C63B
    { 15, 17, 245, 0, 15, 32, 59898 }, // U+C640
    { 15, 17, 245, 0, 15, 32, 59930 }, // U+C641
    { 15, 17, 245, 0, 15, 32, 59962 }, // U+C644
    { 15, 17, 245, 0, 15, 32, 59994 }, // U+C648
    { 15, 17, 245, 0, 15, 32, 60026 }, // U+C650
    { 15, 17, 245, 0, 15, 32, 60058 }, // U+C651
    { 15, 17, 245, 0, 15, 32, 60090 }, // U+C653
    { 15, 17, 245, 0, 15, 32, 60122 }, // U+C654
    { 15, 17, 245, 0, 15, 32, 60154 }, // U+C655
    { 14, 17, 245, 0, 15, 30, 60186 }, // U+C65C
    { 14, 17, 245, 0, 15, 30, 60216 }, // U+C65D
    { 14, 17, 245, 0, 15, 30, 60246 }, // U+C660
    { 14, 17, 245, 0, 15, 30, 60276 }, // U+C66C
    { 15, 17, 245, 0, 15, 32, 60306 }, // U+C66F
    { 14, 17, 245, 0, 15, 30, 60338 }, // U+C671
    { 14, 17, 245, 0, 15, 30, 60368 }, // U+C678
    { 14, 17, 245, 0, 15, 30, 60398 }, // U+C679
    { 14, 17, 245, 0, 15, 30, 60428 }, // U+C67C
    { 14, 17, 245, 0, 15, 30, 60458 }, // U+C680
    { 14, 17, 245, 0, 15, 30, 60488 }, // U+C688
    { 14, 17, 245, 0, 15, 30, 60518 }, // U+C689
    { 14, 17, 245, 0, 15, 30, 60548 }, // U+C68B
    { 14, 17, 245, 0, 15, 30, 60578 }, // U+C68D
    { 15, 14, 245, 0, 14, 27, 60608 }, // U+C694
    { 15, 17, 245, 0, 15, 32, 60635 }, // U+C695
    { 15, 16, 245, 0, 14, 30, 60667 }, // U+C698
    { 15, 17, 245, 0, 15, 32, 60697 }, // U+C69C
    { 15, 17, 245, 0, 15, 32, 60729 }, // U+C6A4
    { 15, 17, 245, 0, 15, 32, 60761 }, // U+C6A5
    { 15, 17, 245, 0, 15, 32, 60793 }, // U+C6A7
    { 15, 17, 245, 0, 15, 32, 60825 }, // U+C6A9
    { 15, 16, 245, 0, 14, 30, 60857 }, // U+C6B0
    { 15, 17, 245, 0, 15, 32, 60887 }, // U+C6B1
    { 15, 17, 245, 0, 15, 32, 60919 }, // U+C6B4
    { 15, 17, 245, 0, 15, 32, 60951 }, // U+C6B8
    { 15, 17, 245, 0, 15, 32, 60983 }, // U+C6B9
    { 15, 17, 245, 0, 15, 32, 61015 }, // U+C6BA
    { 15, 17, 245, 0, 15, 32, 61047 }, // U+C6C0
    { 15, 17, 245, 0, 15, 32, 61079 }, // U+C6C1
    { 15, 17, 245, 0, 15, 32, 61111 }, // U+C6C3
    { 15, 17, 245, 0, 15, 32, 61143 }, // U+C6C5
    { 14, 17, 245, 0, 15, 30, 61175 }, // U+C6CC
    { 14, 17, 245, 0, 15, 30, 61205 }, // U+C6CD
    { 14, 17, 245, 0, 15, 30, 61235 }, // U+C6D0
    { 14, 17, 245, 0, 15, 30, 61265 }, // U+C6D4
    { 14, 17, 245, 0, 15, 30, 61295 }, // U+C6DC
    { 14, 17, 245, 0, 15, 30, 61325 }, // U+C6DD
    { 15, 17, 245, 0, 15, 32, 61355 }, // U+C6E0
    { 14, 17, 245, 0, 15, 30, 61387 }, // U+C6E1
    { 14, 17, 245, 0, 15, 30, 61417 }, // U+C6E8
    { 14, 17, 245, 0, 15, 30, 61447 }, // U+C6E9
    { 14, 17, 245, 0, 15, 30, 61477 }, // U+C6EC
    { 15, 17, 245, 0, 15, 32, 61507 }, // U+C6F0
    { 14, 17, 245, 0, 15, 30, 61539 }, // U+C6F8
    { 14, 17, 245, 0, 15, 30, 61569 }, // U+C6F9
    { 14, 17, 245, 0, 15, 30, 61599 }, // U+C6FD
    { 14, 17, 245, 0, 15, 30, 61629 }, // U+C704
    { 14, 17, 245, 0, 15, 30, 61659 }, // U+C705
    { 14, 17, 245, 0, 15, 30, 61689 }, // U+C708
    { 14, 17, 245, 0, 15, 30, 61719 }, // U+C70C
    { 14, 17, 245, 0, 15, 30, 61749 }, // U+C714
    { 14, 17, 245, 0, 15, 30, 61779 }, // U+C715
    { 15, 17, 245, 0, 15, 32, 61809 }, // U+C717
    { 14, 17, 245, 0, 15, 30, 61841 }, // U+C719
    { 15, 16, 245, 0, 14, 30, 61871 }, // U+C720
    { 15, 17, 245, 0, 15, 32, 61901 }, // U+C721
    { 15, 17, 245, 0, 15, 32, 61933 }, // U+C724
    { 15, 17, 245, 0, 15, 32, 61965 }, // U+C728
    { 15, 17, 245, 0, 15, 32, 61997 }, // U+C730
    { 15, 17, 245, 0, 15, 32, 62029 }, // U+C731
    { 15, 17, 245, 0, 15, 32, 62061 }, // U+C733
    { 15, 17, 245, 0, 15, 32, 62093 }, // U+C735
    { 15, 17, 245, 0, 15, 32, 62125 }, // U+C737
    { 15, 14, 245, 0, 14, 27, 62157 }, // U+C73C
    { 15, 16, 245, 0, 14, 30, 62184 }, // U+C73D
    { 15, 16, 245, 0, 14, 30, 62214 }, // U+C740
    { 15, 17, 245, 0, 15, 32, 62244 }, // U+C744
    { 15, 17, 245, 0, 15, 32, 62276 }, // U+C74A
    { 15, 17, 245, 0, 15, 32, 62308 }, // U+C74C
    { 15, 17, 245, 0, 15, 32, 62340 }, // U+C74D
    { 15, 17, 245, 0, 15, 32, 62372 }, // U+C74F
    { 15, 17, 245, 0, 15, 32, 62404 }, // U+C751
    { 15, 17, 245, 0, 15, 32, 62436 }, // U+C752
    { 15, 17, 245, 0, 15, 32, 62468 }, // U+C753
    { 15, 17, 245, 0, 15, 32, 62500 }, // U+C754
    { 15, 17, 245, 0, 15, 32, 62532 }, // U+C755
    { 15, 17, 245, 0, 15, 32, 62564 }, // U+C756
    { 15, 17, 245, 0, 15, 32, 62596 }, // U+C757
    { 14, 17, 245, 0, 15, 30, 62628 }, // U+C758
    { 14, 17, 245, 0, 15, 30, 62658 }, // U+C75C
    { 14, 17, 245, 0, 15, 30, 62688 }, // U+C760
    { 14, 17, 245, 0, 15, 30, 62718 }, // U+C768
    { 14, 17, 245, 0, 15, 30, 62748 }, // U+C76B
    { 13, 17, 245, 1, 15, 28, 62778 }, // U+C774
    { 13, 17, 245, 1, 15, 28, 62806 }, // U+C775
    { 13, 17, 245, 1, 15, 28, 62834 }, // U+C778
    { 13, 17, 245, 1, 15, 28, 62862 }, // U+C77C
    { 13, 17, 245, 1, 15, 28, 62890 }, // U+C77D
    { 13, 17, 245, 1, 15, 28, 62918 }, // U+C77E
    { 14, 17, 245, 1, 15, 30, 62946 }, // U+C783
    { 13, 17, 245, 1, 15, 28, 62976 }, // U+C784
    { 13, 17, 245, 1, 15, 28, 63004 }, // U+C785
    { 14, 17, 245, 1, 15, 30, 63032 }, // U+C787
    { 14, 17, 245, 1, 15, 30, 63062 }, // U+C788
    { 13, 17, 245, 1, 15, 28, 63092 }, // U+C789
    { 13, 17, 245, 1, 15, 28, 63120 }, // U+C78A
    { 13, 17, 245, 1, 15, 28, 63148 }, // U+C78E
    { 15, 17, 245, 0, 15, 32, 63176 }, // U+C790
    { 15, 17, 245, 0, 15, 32, 63208 }, // U+C791
    { 15, 17, 245, 0, 15, 32, 63240 }, // U+C794
    { 15, 17, 245, 0, 15, 32, 63272 }, // U+C796
    { 15, 17, 245, 0, 15, 32, 63304 }, // U+C797
    { 15, 17, 245, 0, 15, 32, 63336 }, // U+C798
    { 15, 17, 245, 0, 15, 32, 63368 }, // U+C79A
    { 15, 17, 245, 0, 15, 32, 63400 }, // U+C7A0
    { 15, 17, 245, 0, 15, 32, 63432 }, // U+C7A1
    { 15, 17, 245, 0, 15, 32, 63464 }, // U+C7A3
    { 15, 17, 245, 0, 15, 32, 63496 }, // U+C7A4
    { 15, 17, 245, 0, 15, 32, 63528 }, // U+C7A5
    { 15, 17, 245, 0, 15, 32, 63560 }, // U+C7A6
    { 14, 17, 245, 0, 15, 30, 63592 }, // U+C7AC
    { 14, 17, 245, 0, 15, 30, 63622 }, // U+C7AD
    { 14, 17, 245, 0, 15, 30, 63652 }, // U+C7B0
    { 15, 17, 245, 0, 15, 32, 63682 }, // U+C7B4
    { 14, 17, 245, 0, 15, 30, 63714 }, // U+C7BC
    { 14, 17, 245, 0, 15, 30, 63744 }, // U+C7BD
    { 15, 17, 245, 0, 15, 32, 63774 }, // U+C7BF
    { 15, 17, 245, 0, 15, 32, 63806 }, // U+C7C0
    { 14, 17, 245, 0, 15, 30, 63838 }, // U+C7C1
    { 15, 17, 245, 0, 15, 32, 63868 }, // U+C7C8
    { 15, 17, 245, 0, 15, 32, 63900 }, // U+C7C9
    { 15, 17, 245, 0, 15, 32, 63932 }, // U+C7CC
    { 15, 17, 245, 0, 15, 32, 63964 }, // U+C7CE
    { 15, 17, 245, 0, 15, 32, 63996 }, // U+C7D0
    { 15, 17, 245, 0, 15, 32, 64028 }, // U+C7D8
    { 15, 17, 245, 0, 15, 32, 64060 }, // U+C7DD
    { 14, 17, 245, 0, 15, 30, 64092 }, // U+C7E4
    { 14, 17, 245, 0, 15, 30, 64122 }, // U+C7E8
    { 15, 17, 245, 0, 15, 32, 64152 }, // U+C7EC
    { 14, 17, 245, 0, 15, 30, 64184 }, // U+C800
    { 14, 17, 245, 0, 15, 30, 64214 }, // U+C801
    { 14, 17, 245, 0, 15, 30, 64244 }, // U+C804
    { 14, 17, 245, 0, 15, 30, 64274 }, // U+C808
    { 14, 17, 245, 0, 15, 30, 64304 }, // U+C80A
    { 14, 17, 245, 0, 15, 30, 64334 }, // U+C810
    { 14, 17, 245, 0, 15, 30, 64364 }, // U+C811
    { 15, 17, 245, 0, 15, 32, 64394 }, // U+C813
    { 14, 17, 245, 0, 15, 30, 64426 }, // U+C815
    { 14, 17, 245, 0, 15, 30, 64456 }, // U+C816
    { 14, 17, 245, 0, 15, 30, 64486 }, // U+C81C
    { 14, 17, 245, 0, 15, 30, 64516 }, // U+C81D
    { 14, 17, 245, 0, 15, 30, 64546 }, // U+C820
    { 15, 17, 245, 0, 15, 32, 64576 }, // U+C824
    { 14, 17, 245, 0, 15, 30, 64608 }, // U+C82C
    { 14, 17, 245, 0, 15, 30, 64638 }, // U+C82D
    { 15, 17, 245, 0, 15, 32, 64668 }, // U+C82F
    { 14, 17, 245, 0, 15, 30, 64700 }, // U+C831
    { 14, 17, 245, 0, 15, 30, 64730 }, // U+C838
    { 14, 17, 245, 0, 15, 30, 64760 }, // U+C83C
    { 14, 17, 245, 0, 15, 30, 64790 }, // U+C840
    { 14, 17, 245, 0, 15, 30, 64820 }, // U+C848
    { 14, 17, 245, 0, 15, 30, 64850 }, // U+C849
    { 15, 17, 245, 0, 15, 32, 64880 }, // U+C84C
    { 14, 17, 245, 0, 15, 30, 64912 }, // U+C84D
    { 14, 17, 245, 0, 15, 30, 64942 }, // U+C854
    { 15, 13, 245, 0, 13, 25, 64972 }, // U+C870
    { 15, 16, 245, 0, 14, 30, 64997 }, // U+C871
    { 15, 16, 245, 0, 14, 30, 65027 }, // U+C874
    { 15, 16, 245, 0, 14, 30, 65057 }, // U+C878
    { 15, 16, 245, 0, 14, 30, 65087 }, // U+C87A
    { 15, 16, 245, 0, 14, 30, 65117 }, // U+C880
    { 15, 16, 245, 0, 14, 30, 65147 }, // U+C881
    { 15, 16, 245, 0, 14, 30, 65177 }, // U+C883
    { 15, 16, 245, 0, 14, 30, 65207 }, // U+C885
    { 15, 16, 245, 0, 14, 30, 65237 }, // U+C886
    { 15, 16, 245, 0, 14, 30, 65267 }, // U+C887
    { 15, 16, 245, 0, 14, 30, 65297 }, // U+C88B
    { 15, 17, 245, 0, 15, 32, 65327 }, // U+C88C
    { 15, 17, 245, 0, 15, 32, 65359 }, // U+C88D
    { 15, 17, 245, 0, 15, 32, 65391 }, // U+C894
    { 15, 17, 245, 0, 15, 32, 65423 }, // U+C89D
    { 15, 17, 245, 0, 15, 32, 65455 }, // U+C89F
    { 15, 17, 245, 0, 15, 32, 65487 }, // U+C8A1
    { 14, 17, 245, 0, 15, 30, 65519 }, // U+C8A8
    { 15, 17, 245, 0, 15, 32, 65549 }, // U+C8BC
    { 14, 17, 245, 0, 15, 30, 65581 }, // U+C8BD
    { 14, 17, 245, 0, 15, 30, 65611 }, // U+C8C4
    { 14, 17, 245, 0, 15, 30, 65641 }, // U+C8C8
    { 14, 17, 245, 0, 15, 30, 65671 }, // U+C8CC
    { 14, 17, 245, 0, 15, 30, 65701 }, // U+C8D4
    { 14, 17, 245, 0, 15, 30, 65731 }, // U+C8D5
    { 14, 17, 245, 0, 15, 30, 65761 }, // U+C8D7
    { 14, 17, 245, 0, 15, 30, 65791 }, // U+C8D9
    { 15, 13, 245, 0, 13, 25, 65821 }, // U+C8E0
    { 15, 16, 245, 0, 14, 30, 65846 }, // U+C8E1
    { 15, 16, 245, 0, 14, 30, 65876 }, // U+C8E4
    { 15, 16, 245, 0, 14, 30, 65906 }, // U+C8F5
    { 15, 16, 245, 0, 14, 30, 65936 }, // U+C8FC
    { 15, 16, 245, 0, 14, 30, 65966 }, // U+C8FD
    { 15, 16, 245, 0, 14, 30, 65996 }, // U+C900
    { 15, 16, 245, 0, 14, 30, 66026 }, // U+C904
    { 15, 17, 245, 0, 14, 32, 66056 }, // U+C905
    { 15, 16, 245, 0, 14, 30, 66088 }, // U+C906
    { 15, 16, 245, 0, 14, 30, 66118 }, // U+C90C
    { 15, 16, 245, 0, 14, 30, 66148 }, // U+C90D
    { 15, 16, 245, 0, 14, 30, 66178 }, // U+C90F
    { 15, 16, 245, 0, 14, 30, 66208 }, // U+C911
    { 14, 17, 245, 0, 15, 30, 66238 }, // U+C918
    { 15, 17, 245, 0, 15, 32, 66268 }, // U+C92C
    { 14, 17, 245, 0, 15, 30, 66300 }, // U+C934
    { 14, 17, 245, 0, 15, 30, 66330 }, // U+C950
    { 14, 17, 245, 0, 15, 30, 66360 }, // U+C951
    { 14, 17, 245, 0, 15, 30, 66390 }, // U+C954
    { 14, 17, 245, 0, 15, 30, 66420 }, // U+C958
    { 14, 17, 245, 0, 15, 30, 66450 }, // U+C960
    { 14, 17, 245, 0, 15, 30, 66480 }, // U+C961
    { 15, 17, 245, 0, 15, 32, 66510 }, // U+C963
    { 15, 16, 245, 0, 14, 30, 66542 }, // U+C96C
    { 15, 16, 245, 0, 14, 30, 66572 }, // U+C970
    { 15, 16, 245, 0, 14, 30, 66602 }, // U+C974
    { 15, 16, 245, 0, 14, 30, 66632 }, // U+C97C
    { 15, 13, 245, 0, 13, 25, 66662 }, // U+C988
    { 15, 16, 245, 0, 14, 30, 66687 }, // U+C989
    { 15, 16, 245, 0, 14, 30, 66717 }, // U+C98C
    { 15, 16, 245, 0, 14, 30, 66747 }, // U+C990
    { 15, 16, 245, 0, 14, 30, 66777 }, // U+C998
    { 15, 16, 245, 0, 14, 30, 66807 }, // U+C999
    { 15, 16, 245, 0, 14, 30, 66837 }, // U+C99B
    { 15, 16, 245, 0, 14, 30, 66867 }, // U+C99D
    { 14, 17, 245, 0, 15, 30, 66897 }, // U+C9C0
    { 13, 17, 245, 1, 15, 28, 66927 }, // U+C9C1
    { 13, 17, 245, 1, 15, 28, 66955 }, // U+C9C4
    { 13, 17, 245, 1, 15, 28, 66983 }, // U+C9C7
    { 13, 17, 245, 1, 15, 28, 67011 }, // U+C9C8
    { 13, 17, 245, 1, 15, 28, 67039 }, // U+C9CA
    { 13, 17, 245, 1, 15, 28, 67067 }, // U+C9D0
    { 13, 17, 245, 1, 15, 28, 67095 }, // U+C9D1
    { 14, 17, 245, 1, 15, 30, 67123 }, // U+C9D3
    { 13, 17, 245, 1, 15, 28, 67153 }, // U+C9D5
    { 13, 17, 245, 1, 15, 28, 67181 }, // U+C9D6
    { 13, 17, 245, 1, 15, 28, 67209 }, // U+C9D9
    { 13, 17, 245, 1, 15, 28, 67237 }, // U+C9DA
    { 15, 17, 245, 0, 15, 32, 67265 }, // U+C9DC
    { 15, 17, 245, 0, 15, 32, 67297 }, // U+C9DD
    { 15, 17, 245, 0, 15, 32, 67329 }, // U+C9E0
    { 15, 17, 245, 0, 15, 32, 67361 }, // U+C9E2
    { 15, 17, 245, 0, 15, 32, 67393 }, // U+C9E4
    { 15, 17, 245, 0, 15, 32, 67425 }, // U+C9E7
    { 15, 17, 245, 0, 15, 32, 67457 }, // U+C9EC
    { 15, 17, 245, 0, 15, 32, 67489 }, // U+C9ED
    { 15, 17, 245, 0, 15, 32, 67521 }, // U+C9EF
    { 15, 17, 245, 0, 15, 32, 67553 }, // U+C9F0
    { 15, 17, 245, 0, 15, 32, 67585 }, // U+C9F1
    { 14, 17, 245, 0, 15, 30, 67617 }, // U+C9F8
    { 14, 17, 245, 0, 15, 30, 67647 }, // U+C9F9
    { 15, 17, 245, 0, 15, 32, 67677 }, // U+C9FC
    { 15, 17, 245, 0, 15, 32, 67709 }, // U+CA00
    { 14, 17, 245, 0, 15, 30, 67741 }, // U+CA08
    { 14, 17, 245, 0, 15, 30, 67771 }, // U+CA09
    { 15, 17, 245, 0, 15, 32, 67801 }, // U+CA0B
    { 15, 17, 245, 0, 15, 32, 67833 }, // U+CA0C
    { 14, 17, 245, 0, 15, 30, 67865 }, // U+CA0D
    { 15, 17, 245, 0, 15, 32, 67895 }, // U+CA14
    { 15, 17, 245, 0, 15, 32, 67927 }, // U+CA18
    { 15, 17, 245, 0, 15, 32, 67959 }, // U+CA29
    { 14, 17, 245, 0, 15, 30, 67991 }, // U+CA4C
    { 14, 17, 245, 0, 15, 30, 68021 }, // U+CA4D
    { 14, 17, 245, 0, 15, 30, 68051 }, // U+CA50
    { 14, 17, 245, 0, 15, 30, 68081 }, // U+CA54
    { 14, 17, 245, 0, 15, 30, 68111 }, // U+CA5C
    { 14, 17, 245, 0, 15, 30, 68141 }, // U+CA5D
    { 15, 17, 245, 0, 15, 32, 68171 }, // U+CA5F
    { 15, 17, 245, 0, 15, 32, 68203 }, // U+CA60
    { 14, 17, 245, 0, 15, 30, 68235 }, // U+CA61
    { 14, 17, 245, 0, 15, 30, 68265 }, // U+CA68
    { 14, 17, 245, 0, 15, 30, 68295 }, // U+CA7D
    { 14, 17, 245, 0, 15, 30, 68325 }, // U+CA84
    { 15, 17, 245, 0, 15, 32, 68355 }, // U+CA98
    { 15, 14, 245, 0, 14, 27, 68387 }, // U+CABC
    { 15, 16, 245, 0, 14, 30, 68414 }, // U+CABD
    { 15, 16, 245, 0, 14, 30, 68444 }, // U+CAC0
    { 15, 17, 245, 0, 15, 32, 68474 }, // U+CAC4
    { 15, 16, 245, 0, 14, 30, 68506 }, // U+CACC
    { 15, 16, 245, 0, 14, 30, 68536 }, // U+CACD
    { 15, 16, 245, 0, 14, 30, 68566 }, // U+CACF
    { 15, 16, 245, 0, 14, 30, 68596 }, // U+CAD1
    { 15, 17, 245, 0, 15, 32, 68626 }, // U+CAD3
    { 15, 17, 245, 0, 15, 32, 68658 }, // U+CAD8
    { 15, 17, 245, 0, 15, 32, 68690 }, // U+CAD9
    { 15, 17, 245, 0, 15, 32, 68722 }, // U+CAE0
    { 15, 17, 245, 0, 15, 32, 68754 }, // U+CAEC
    { 14, 17, 245, 0, 15, 30, 68786 }, // U+CAF4
    { 15, 17, 245, 0, 15, 32, 68816 }, // U+CB08
    { 14, 17, 245, 0, 15, 30, 68848 }, // U+CB10
    { 14, 17, 245, 0, 15, 30, 68878 }, // U+CB14
    { 14, 17, 245, 0, 15, 30, 68908 }, // U+CB18
    { 14, 17, 245, 0, 15, 30, 68938 }, // U+CB20
    { 14, 17, 245, 0, 15, 30, 68968 }, // U+CB21
    { 15, 16, 245, 0, 14, 30, 68998 }, // U+CB41
    { 15, 16, 245, 0, 14, 30, 69028 }, // U+CB48
    { 15, 16, 245, 0, 14, 30, 69058 }, // U+CB49
    { 15, 16, 245, 0, 14, 30, 69088 }, // U+CB4C
    { 15, 17, 245, 0, 15, 32, 69118 }, // U+CB50
    { 15, 16, 245, 0, 14, 30, 69150 }, // U+CB58
    { 15, 16, 245, 0, 14, 30, 69180 }, // U+CB59
    { 15, 16, 245, 0, 14, 30, 69210 }, // U+CB5D
    { 14, 17, 245, 0, 15, 30, 69240 }, // U+CB64
    { 15, 17, 245, 0, 15, 32, 69270 }, // U+CB78
    { 14, 17, 245, 0, 15, 30, 69302 }, // U+CB79
    { 14, 17, 245, 0, 15, 30, 69332 }, // U+CB9C
    { 15, 16, 245, 0, 14, 30, 69362 }, // U+CBB8
    { 15, 13, 245, 0, 13, 25, 69392 }, // U+CBD4
    { 15, 16, 245, 0, 14, 30, 69417 }, // U+CBE4
    { 15, 16, 245, 0, 14, 30, 69447 }, // U+CBE7
    { 15, 16, 245, 0, 14, 30, 69477 }, // U+CBE9
    { 14, 17, 245, 0, 15, 30, 69507 }, // U+CC0C
    { 14, 17, 245, 0, 15, 30, 69537 }, // U+CC0D
    { 14, 17, 245, 0, 15, 30, 69567 }, // U+CC10
    { 14, 17, 245, 0, 15, 30, 69597 }, // U+CC14
    { 14, 17, 245, 0, 15, 30, 69627 }, // U+CC1C
    { 14, 17, 245, 0, 15, 30, 69657 }, // U+CC1D
    { 14, 17, 245, 0, 15, 30, 69687 }, // U+CC21
    { 15, 17, 245, 0, 15, 32, 69717 }, // U+CC22
    { 14, 17, 245, 0, 15, 30, 69749 }, // U+CC27
    { 15, 17, 245, 0, 15, 32, 69779 }, // U+CC28
    { 15, 17, 245, 0, 15, 32, 69811 }, // U+CC29
    { 15, 17, 245, 0, 15, 32, 69843 }, // U+CC2C
    { 15, 17, 245, 0, 15, 32, 69875 }, // U+CC2E
    { 15, 17, 245, 0, 15, 32, 69907 }, // U+CC30
    { 15, 17, 245, 0, 15, 32, 69939 }, // U+CC38
    { 15, 17, 245, 0, 15, 32, 69971 }, // U+CC39
    { 15, 17, 245, 0, 15, 32, 70003 }, // U+CC3B
    { 15, 17, 245, 0, 15, 32, 70035 }, // U+CC3C
    { 15, 17, 245, 0, 15, 32, 70067 }, // U+CC3D
    { 15, 17, 245, 0, 15, 32, 70099 }, // U+CC3E
    { 14, 17, 245, 0, 15, 30, 70131 }, // U+CC44
    { 14, 17, 245, 0, 15, 30, 70161 }, // U+CC45
    { 14, 17, 245, 0, 15, 30, 70191 }, // U+CC48
    { 15, 17, 245, 0, 15, 32, 70221 }, // U+CC4C
    { 14, 17, 245, 0, 15, 30, 70253 }, // U+CC54
    { 14, 17, 245, 0, 15, 30, 70283 }, // U+CC55
    { 15, 17, 245, 0, 15, 32, 70313 }, // U+CC57
    { 15, 17, 245, 0, 15, 32, 70345 }, // U+CC58
    { 14, 17, 245, 0, 15, 30, 70377 }, // U+CC59
    { 15, 17, 245, 0, 15, 32, 70407 }, // U+CC60
    { 15, 17, 245, 0, 15, 32, 70439 }, // U+CC64
    { 15, 17, 245, 0, 15, 32, 70471 }, // U+CC66
    { 15, 17, 245, 0, 15, 32, 70503 }, // U+CC68
    { 15, 17, 245, 0, 15, 32, 70535 }, // U+CC70
    { 15, 17, 245, 0, 15, 32, 70567 }, // U+CC75
    { 14, 17, 245, 0, 15, 30, 70599 }, // U+CC98
    { 14, 17, 245, 0, 15, 30, 70629 }, // U+CC99
    { 14, 17, 245, 0, 15, 30, 70659 }, // U+CC9C
    { 14, 17, 245, 0, 15, 30, 70689 }, // U+CCA0
    { 14, 17, 245, 0, 15, 30, 70719 }, // U+CCA8
    { 14, 17, 245, 0, 15, 30, 70749 }, // U+CCA9
    { 15, 17, 245, 0, 15, 32, 70779 }, // U+CCAB
    { 15, 17, 245, 0, 15, 32, 70811 }, // U+CCAC
    { 14, 17, 245, 0, 15, 30, 70843 }, // U+CCAD
    { 14, 17, 245, 0, 15, 30, 70873 }, // U+CCB4
    { 14, 17, 245, 0, 15, 30, 70903 }, // U+CCB5
    { 14, 17, 245, 0, 15, 30, 70933 }, // U+CCB8
    { 15, 17, 245, 0, 15, 32, 70963 }, // U+CCBC
    { 14, 17, 245, 0, 15, 30, 70995 }, // U+CCC4
    { 14, 17, 245, 0, 15, 30, 71025 }, // U+CCC5
    { 15, 17, 245, 0, 15, 32, 71055 }, // U+CCC7
    { 14, 17, 245, 0, 15, 30, 71087 }, // U+CCC9
    { 14, 17, 245, 0, 15, 30, 71117 }, // U+CCD0
    { 14, 17, 245, 0, 15, 30, 71147 }, // U+CCD4
    { 15, 17, 245, 0, 15, 32, 71177 }, // U+CCE4
    { 14, 17, 245, 0, 15, 30, 71209 }, // U+CCEC
    { 14, 17, 245, 0, 15, 30, 71239 }, // U+CCF0
    { 14, 17, 245, 0, 15, 30, 71269 }, // U+CD01
    { 15, 14, 245, 0, 14, 27, 71299 }, // U+CD08
    { 15, 17, 245, 0, 15, 32, 71326 }, // U+CD09
    { 15, 17, 245, 0, 15, 32, 71358 }, // U+CD0C
    { 15, 17, 245, 0, 15, 32, 71390 }, // U+CD10
    { 15, 17, 245, 0, 15, 32, 71422 }, // U+CD18
    { 15, 17, 245, 0, 15, 32, 71454 }, // U+CD19
    { 15, 17, 245, 0, 15, 32, 71486 }, // U+CD1B
    { 15, 17, 245, 0, 15, 32, 71518 }, // U+CD1D
    { 15, 17, 245, 0, 15, 32, 71550 }, // U+CD24
    { 15, 17, 245, 0, 15, 32, 71582 }, // U+CD28
    { 15, 17, 245, 0, 15, 32, 71614 }, // U+CD2C
    { 15, 17, 245, 0, 15, 32, 71646 }, // U+CD39
    { 14, 17, 245, 0, 15, 30, 71678 }, // U+CD5C
    { 14, 17, 245, 0, 15, 30, 71708 }, // U+CD60
    { 14, 17, 245, 0, 15, 30, 71738 }, // U+CD64
    { 14, 17, 245, 0, 15, 30, 71768 }, // U+CD6C
    { 14, 17, 245, 0, 15, 30, 71798 }, // U+CD6D
    { 14, 17, 245, 0, 15, 30, 71828 }, // U+CD6F
    { 14, 17, 245, 0, 15, 30, 71858 }, // U+CD71
    { 15, 15, 245, 0, 15, 29, 71888 }, // U+CD78
    { 15, 17, 245, 0, 15, 32, 71917 }, // U+CD88
    { 15, 16, 245, 0, 14, 30, 71949 }, // U+CD94
    { 15, 17, 245, 0, 15, 32, 71979 }, // U+CD95
    { 15, 17, 245, 0, 15, 32, 72011 }, // U+CD98
    { 15, 17, 245, 0, 15, 32, 72043 }, // U+CD9C
    { 15, 17, 245, 0, 15, 32, 72075 }, // U+CDA4
    { 15, 17, 245, 0, 15, 32, 72107 }, // U+CDA5
    { 15, 17, 245, 0, 15, 32, 72139 }, // U+CDA7
    { 15, 17, 245, 0, 15, 32, 72171 }, // U+CDA9
    { 14, 17, 245, 0, 15, 30, 72203 }, // U+CDB0
    { 15, 17, 245, 0, 15, 32, 72233 }, // U+CDC4
    { 14, 17, 245, 0, 15, 30, 72265 }, // U+CDCC
    { 14, 17, 245, 0, 15, 30, 72295 }, // U+CDD0
    { 14, 17, 245, 0, 15, 30, 72325 }, // U+CDE8
    { 14, 17, 245, 0, 15, 30, 72355 }, // U+CDEC
    { 14, 17, 245, 0, 15, 30, 72385 }, // U+CDF0
    { 14, 17, 245, 0, 15, 30, 72415 }, // U+CDF8
    { 14, 17, 245, 0, 15, 30, 72445 }, // U+CDF9
    { 15, 17, 245, 0, 15, 32, 72475 }, // U+CDFB
    { 14, 17, 245, 0, 15, 30, 72507 }, // U+CDFD
    { 15, 16, 245, 0, 14, 30, 72537 }, // U+CE04
    { 15, 17, 245, 0, 15, 32, 72567 }, // U+CE08
    { 15, 17, 245, 0, 15, 32, 72599 }, // U+CE0C
    { 15, 17, 245, 0, 15, 32, 72631 }, // U+CE14
    { 15, 17, 245, 0, 15, 32, 72663 }, // U+CE19
    { 15, 14, 245, 0, 14, 27, 72695 }, // U+CE20
    { 15, 17, 245, 0, 15, 32, 72722 }, // U+CE21
    { 15, 17, 245, 0, 15, 32, 72754 }, // U+CE24
    { 15, 17, 245, 0, 15, 32, 72786 }, // U+CE28
    { 15, 17, 245, 0, 15, 32, 72818 }, // U+CE30
    { 15, 17, 245, 0, 15, 32, 72850 }, // U+CE31
    { 15, 17, 245, 0, 15, 32, 72882 }, // U+CE33
    { 15, 17, 245, 0, 15, 32, 72914 }, // U+CE35
    { 13, 17, 245, 1, 15, 28, 72946 }, // U+CE58
    { 13, 17, 245, 1, 15, 28, 72974 }, // U+CE59
    { 13, 17, 245, 1, 15, 28, 73002 }, // U+CE5C
    { 13, 17, 245, 1, 15, 28, 73030 }, // U+CE5F
    { 13, 17, 245, 1, 15, 28, 73058 }, // U+CE60
    { 13, 17, 245, 1, 15, 28, 73086 }, // U+CE61
    { 13, 17, 245, 1, 15, 28, 73114 }, // U+CE68
    { 13, 17, 245, 1, 15, 28, 73142 }, // U+CE69
    { 14, 16, 245, 1, 14, 28, 73170 }, // U+CE6B
    { 13, 17, 245, 1, 15, 28, 73198 }, // U+CE6D
    { 15, 17, 245, 0, 15, 32, 73226 }, // U+CE74
    { 14, 17, 245, 1, 15, 30, 73258 }, // U+CE75
    { 14, 17, 245, 1, 15, 30, 73288 }, // U+CE78
    { 14, 17, 245, 1, 15, 30, 73318 }, // U+CE7C
    { 14, 17, 245, 1, 15, 30, 73348 }, // U+CE84
    { 14, 17, 245, 1, 15, 30, 73378 }, // U+CE85
    { 14, 17, 245, 1, 15, 30, 73408 }, // U+CE87
    { 14, 17, 245, 1, 15, 30, 73438 }, // U+CE89
    { 14, 17, 245, 0, 15, 30, 73468 }, // U+CE90
    { 14, 17, 245, 0, 15, 30, 73498 }, // U+CE91
    { 14, 17, 245, 0, 15, 30, 73528 }, // U+CE94
    { 15, 17, 245, 0, 15, 32, 73558 }, // U+CE98
    { 14, 17, 245, 0, 15, 30, 73590 }, // U+CEA0
    { 14, 17, 245, 0, 15, 30, 73620 }, // U+CEA1
    { 15, 17, 245, 0, 15, 32, 73650 }, // U+CEA3
    { 15, 17, 245, 0, 15, 32, 73682 }, // U+CEA4
    { 14, 17, 245, 0, 15, 30, 73714 }, // U+CEA5
    { 15, 17, 245, 0, 15, 32, 73744 }, // U+CEAC
    { 14, 17, 245, 1, 15, 30, 73776 }, // U+CEAD
    { 14, 17, 245, 1, 15, 30, 73806 }, // U+CEC1
    { 14, 17, 245, 0, 15, 30, 73836 }, // U+CEE4
    { 13, 17, 245, 1, 15, 28, 73866 }, // U+CEE5
    { 13, 17, 245, 1, 15, 28, 73894 }, // U+CEE8
    { 13, 17, 245, 1, 15, 28, 73922 }, // U+CEEB
    { 13, 17, 245, 1, 15, 28, 73950 }, // U+CEEC
    { 13, 17, 245, 1, 15, 28, 73978 }, // U+CEF4
    { 13, 17, 245, 1, 15, 28, 74006 }, // U+CEF5
    { 14, 17, 245, 1, 15, 30, 74034 }, // U+CEF7
    { 14, 17, 245, 1, 15, 30, 74064 }, // U+CEF8
    { 13, 17, 245, 1, 15, 28, 74094 }, // U+CEF9
    { 14, 17, 245, 0, 15, 30, 74122 }, // U+CF00
    { 14, 17, 245, 0, 15, 30, 74152 }, // U+CF01
    { 15, 17, 245, 0, 15, 32, 74182 }, // U+CF04
    { 15, 17, 245, 0, 15, 32, 74214 }, // U+CF08
    { 14, 17, 245, 0, 15, 30, 74246 }, // U+CF10
    { 14, 17, 245, 0, 15, 30, 74276 }, // U+CF11
    { 15, 17, 245, 0, 15, 32, 74306 }, // U+CF13
    { 14, 17, 245, 0, 15, 30, 74338 }, // U+CF15
    { 14, 17, 245, 0, 15, 30, 74368 }, // U+CF1C
    { 13, 17, 245, 1, 15, 28, 74398 }, // U+CF20
    { 13, 17, 245, 1, 15, 28, 74426 }, // U+CF24
    { 13, 17, 245, 1, 15, 28, 74454 }, // U+CF2C
    { 13, 17, 245, 1, 15, 28, 74482 }, // U+CF2D
    { 14, 17, 245, 1, 15, 30, 74510 }, // U+CF2F
    { 14, 17, 245, 1, 15, 30, 74540 }, // U+CF30
    { 13, 17, 245, 1, 15, 28, 74570 }, // U+CF31
    { 14, 17, 245, 0, 15, 30, 74598 }, // U+CF38
    { 15, 13, 245, 0, 13, 25, 74628 }, // U+CF54
    { 15, 16, 245, 0, 14, 30, 74653 }, // U+CF55
    { 15, 16, 245, 0, 14, 30, 74683 }, // U+CF58
    { 15, 16, 245, 0, 14, 30, 74713 }, // U+CF5C
    { 15, 16, 245, 0, 14, 30, 74743 }, // U+CF64
    { 15, 16, 245, 0, 14, 30, 74773 }, // U+CF65
    { 15, 16, 245, 0, 14, 30, 74803 }, // U+CF67
    { 15, 16, 245, 0, 14, 30, 74833 }, // U+CF69
    { 15, 17, 245, 0, 15, 32, 74863 }, // U+CF70
    { 15, 17, 245, 0, 15, 32, 74895 }, // U+CF71
    { 15, 17, 245, 0, 15, 32, 74927 }, // U+CF74
    { 15, 17, 245, 0, 15, 32, 74959 }, // U+CF78
    { 15, 17, 245, 0, 15, 32, 74991 }, // U+CF80
    { 15, 17, 245, 0, 15, 32, 75023 }, // U+CF85
    { 14, 17, 245, 0, 15, 30, 75055 }, // U+CF8C
    { 14, 17, 245, 0, 15, 30, 75085 }, // U+CFA1
    { 14, 17, 245, 0, 15, 30, 75115 }, // U+CFA8
    { 14, 17, 245, 0, 15, 30, 75145 }, // U+CFB0
    { 15, 13, 245, 0, 13, 25, 75175 }, // U+CFC4
    { 15, 16, 245, 0, 14, 30, 75200 }, // U+CFE0
    { 15, 16, 245, 0, 14, 30, 75230 }, // U+CFE1
    { 15, 16, 245, 0, 14, 30, 75260 }, // U+CFE4
    { 15, 16, 245, 0, 14, 30, 75290 }, // U+CFE8
    { 15, 16, 245, 0, 14, 30, 75320 }, // U+CFF0
    { 15, 16, 245, 0, 14, 30, 75350 }, // U+CFF1
    { 15, 16, 245, 0, 14, 30, 75380 }, // U+CFF3
    { 15, 16, 245, 0, 14, 30, 75410 }, // U+CFF5
    { 14, 17, 245, 0, 15, 30, 75440 }, // U+CFFC
    { 14, 17, 245, 0, 15, 30, 75470 }, // U+D000
    { 14, 17, 245, 0, 15, 30, 75500 }, // U+D004
    { 14, 17, 245, 0, 15, 30, 75530 }, // U+D011
    { 14, 17, 245, 0, 15, 30, 75560 }, // U+D018
    { 14, 17, 245, 0, 15, 30, 75590 }, // U+D02D
    { 14, 17, 245, 0, 15, 30, 75620 }, // U+D034
    { 14, 17, 245, 0, 15, 30, 75650 }, // U+D035
    { 14, 17, 245, 0, 15, 30, 75680 }, // U+D038
    { 14, 17, 245, 0, 15, 30, 75710 }, // U+D03C
    { 14, 17, 245, 0, 15, 30, 75740 }, // U+D044
    { 14, 17, 245, 0, 15, 30, 75770 }, // U+D045
    { 15, 17, 245, 0, 15, 32, 75800 }, // U+D047
    { 14, 17, 245, 0, 15, 30, 75832 }, // U+D049
    { 15, 16, 245, 0, 14, 30, 75862 }, // U+D050
    { 15, 16, 245, 0, 14, 30, 75892 }, // U+D054
    { 15, 16, 245, 0, 14, 30, 75922 }, // U+D058
    { 15, 16, 245, 0, 14, 30, 75952 }, // U+D060
    { 15, 13, 245, 0, 13, 25, 75982 }, // U+D06C
    { 15, 16, 245, 0, 14, 30, 76007 }, // U+D06D
    { 15, 16, 245, 0, 14, 30, 76037 }, // U+D070
    { 15, 16, 245, 0, 14, 30, 76067 }, // U+D074
    { 15, 16, 245, 0, 14, 30, 76097 }, // U+D07C
    { 15, 16, 245, 0, 14, 30, 76127 }, // U+D07D
    { 15, 16, 245, 0, 14, 30, 76157 }, // U+D081
    { 13, 17, 245, 1, 15, 28, 76187 }, // U+D0A4
    { 13, 17, 245, 1, 15, 28, 76215 }, // U+D0A5
    { 13, 17, 245, 1, 15, 28, 76243 }, // U+D0A8
    { 13, 17, 245, 1, 15, 28, 76271 }, // U+D0AC
    { 13, 17, 245, 1, 15, 28, 76299 }, // U+D0B4
    { 13, 17, 245, 1, 15, 28, 76327 }, // U+D0B5
    { 13, 17, 245, 1, 15, 28, 76355 }, // U+D0B7
    { 13, 17, 245, 1, 15, 28, 76383 }, // U+D0B9
    { 14, 17, 245, 1, 15, 30, 76411 }, // U+D0C0
    { 14, 17, 245, 1, 15, 30, 76441 }, // U+D0C1
    { 14, 17, 245, 1, 15, 30, 76471 }, // U+D0C4
    { 14, 17, 245, 1, 15, 30, 76501 }, // U+D0C8
    { 14, 17, 245, 1, 15, 30, 76531 }, // U+D0C9
    { 14, 17, 245, 1, 15, 30, 76561 }, // U+D0D0
    { 14, 17, 245, 1, 15, 30, 76591 }, // U+D0D1
    { 14, 17, 245, 1, 15, 30, 76621 }, // U+D0D3
    { 14, 17, 245, 1, 15, 30, 76651 }, // U+D0D4
    { 14, 17, 245, 1, 15, 30, 76681 }, // U+D0D5
    { 13, 17, 245, 1, 15, 28, 76711 }, // U+D0DC
    { 13, 17, 245, 1, 15, 28, 76739 }, // U+D0DD
    { 13, 17, 245, 1, 15, 28, 76767 }, // U+D0E0
    { 14, 17, 245, 1, 15, 30, 76795 }, // U+D0E4
    { 13, 17, 245, 1, 15, 28, 76825 }, // U+D0EC
    { 13, 17, 245, 1, 15, 28, 76853 }, // U+D0ED
    { 14, 17, 245, 1, 15, 30, 76881 }, // U+D0EF
    { 14, 17, 245, 1, 15, 30, 76911 }, // U+D0F0
    { 13, 17, 245, 1, 15, 28, 76941 }, // U+D0F1
    { 14, 17, 245, 1, 15, 30, 76969 }, // U+D0F8
    { 14, 17, 245, 1, 15, 30, 76999 }, // U+D10D
    { 13, 17, 245, 1, 15, 28, 77029 }, // U+D130
    { 13, 17, 245, 1, 15, 28, 77057 }, // U+D131
    { 13, 17, 245, 1, 15, 28, 77085 }, // U+D134
    { 13, 17, 245, 1, 15, 28, 77113 }, // U+D138
    { 13, 17, 245, 1, 15, 28, 77141 }, // U+D13A
    { 13, 17, 245, 1, 15, 28, 77169 }, // U+D140
    { 13, 17, 245, 1, 15, 28, 77197 }, // U+D141
    { 14, 17, 245, 1, 15, 30, 77225 }, // U+D143
    { 14, 17, 245, 1, 15, 30, 77255 }, // U+D144
    { 13, 17, 245, 1, 15, 28, 77285 }, // U+D145
    { 13, 17, 245, 1, 15, 28, 77313 }, // U+D14C
    { 13, 17, 245, 1, 15, 28, 77341 }, // U+D14D
    { 13, 17, 245, 1, 15, 28, 77369 }, // U+D150
    { 14, 17, 245, 1, 15, 30, 77397 }, // U+D154
    { 13, 17, 245, 1, 15, 28, 77427 }, // U+D15C
    { 13, 17, 245, 1, 15, 28, 77455 }, // U+D15D
    { 14, 17, 245, 1, 15, 30, 77483 }, // U+D15F
    { 13, 17, 245, 1, 15, 28, 77513 }, // U+D161
    { 13, 17, 245, 1, 15, 28, 77541 }, // U+D168
    { 13, 17, 245, 1, 15, 28, 77569 }, // U+D16C
    { 14, 17, 245, 1, 15, 30, 77597 }, // U+D17C
    { 13, 17, 245, 1, 15, 28, 77627 }, // U+D184
    { 13, 17, 245, 1, 15, 28, 77655 }, // U+D188
    { 15, 14, 245, 0, 14, 27, 77683 }, // U+D1A0
    { 15, 17, 245, 0, 15, 32, 77710 }, // U+D1A1
    { 15, 16, 245, 0, 14, 30, 77742 }, // U+D1A4
    { 15, 16, 245, 0, 14, 30, 77772 }, // U+D1A8
    { 15, 17, 245, 0, 15, 32, 77802 }, // U+D1B0
    { 15, 17, 245, 0, 15, 32, 77834 }, // U+D1B1
    { 15, 17, 245, 0, 15, 32, 77866 }, // U+D1B3
    { 15, 16, 245, 0, 14, 30, 77898 }, // U+D1B5
    { 15, 17, 245, 0, 15, 32, 77928 }, // U+D1BA
    { 15, 17, 245, 0, 15, 32, 77960 }, // U+D1BC
    { 15, 17, 245, 0, 15, 32, 77992 }, // U+D1C0
    { 14, 17, 245, 0, 15, 30, 78024 }, // U+D1D8
    { 14, 17, 245, 0, 15, 30, 78054 }, // U+D1F4
    { 14, 17, 245, 0, 15, 30, 78084 }, // U+D1F8
    { 14, 17, 245, 0, 15, 30, 78114 }, // U+D207
    { 14, 17, 245, 0, 15, 30, 78144 }, // U+D209
    { 15, 14, 245, 0, 14, 27, 78174 }, // U+D210
    { 15, 16, 245, 0, 14, 30, 78201 }, // U+D22C
    { 15, 16, 245, 0, 14, 30, 78231 }, // U+D22D
    { 15, 16, 245, 0, 14, 30, 78261 }, // U+D230
    { 15, 16, 245, 0, 14, 30, 78291 }, // U+D234
    { 15, 17, 245, 0, 15, 32, 78321 }, // U+D23C
    { 15, 17, 245, 0, 15, 32, 78353 }, // U+D23D
    { 15, 17, 245, 0, 15, 32, 78385 }, // U+D23F
    { 15, 16, 245, 0, 14, 30, 78417 }, // U+D241
    { 14, 17, 245, 0, 15, 30, 78447 }, // U+D248
    { 15, 17, 245, 0, 15, 32, 78477 }, // U+D25C
    { 14, 17, 245, 0, 15, 30, 78509 }, // U+D264
    { 14, 17, 245, 0, 15, 30, 78539 }, // U+D280
    { 14, 17, 245, 0, 15, 30, 78569 }, // U+D281
    { 14, 17, 245, 0, 15, 30, 78599 }, // U+D284
    { 14, 17, 245, 0, 15, 30, 78629 }, // U+D288
    { 14, 17, 245, 0, 15, 30, 78659 }, // U+D290
    { 14, 17, 245, 0, 15, 30, 78689 }, // U+D291
    { 14, 17, 245, 0, 15, 30, 78719 }, // U+D295
    { 15, 16, 245, 0, 14, 30, 78749 }, // U+D29C
    { 15, 16, 245, 0, 14, 30, 78779 }, // U+D2A0
    { 15, 16, 245, 0, 14, 30, 78809 }, // U+D2A4
    { 15, 17, 245, 0, 15, 32, 78839 }, // U+D2AC
    { 15, 16, 245, 0, 14, 30, 78871 }, // U+D2B1
    { 15, 14, 245, 0, 14, 27, 78901 }, // U+D2B8
    { 15, 17, 245, 0, 15, 32, 78928 }, // U+D2B9
    { 15, 16, 245, 0, 14, 30, 78960 }, // U+D2BC
    { 15, 16, 245, 0, 14, 30, 78990 }, // U+D2BF
    { 15, 16, 245, 0, 14, 30, 79020 }, // U+D2C0
    { 15, 16, 245, 0, 14, 30, 79050 }, // U+D2C2
    { 15, 17, 245, 0, 15, 32, 79080 }, // U+D2C8
    { 15, 17, 245, 0, 15, 32, 79112 }, // U+D2C9
    { 15, 16, 245, 0, 14, 30, 79144 }, // U+D2CB
    { 14, 17, 245, 0, 15, 30, 79174 }, // U+D2D4
    { 14, 17, 245, 0, 15, 30, 79204 }, // U+D2D8
    { 14, 17, 245, 0, 15, 30, 79234 }, // U+D2DC
    { 14, 17, 245, 0, 15, 30, 79264 }, // U+D2E4
    { 14, 17, 245, 0, 15, 30, 79294 }, // U+D2E5
    { 13, 17, 245, 1, 15, 28, 79324 }, // U+D2F0
    { 13, 17, 245, 1, 15, 28, 79352 }, // U+D2F1
    { 13, 17, 245, 1, 15, 28, 79380 }, // U+D2F4
    { 13, 17, 245, 1, 15, 28, 79408 }, // U+D2F8
    { 13, 17, 245, 1, 15, 28, 79436 }, // U+D300
    { 13, 17, 245, 1, 15, 28, 79464 }, // U+D301
    { 14, 17, 245, 1, 15, 30, 79492 }, // U+D303
    { 13, 17, 245, 1, 15, 28, 79522 }, // U+D305
    { 15, 17, 245, 0, 15, 32, 79550 }, // U+D30C
    { 15, 17, 245, 0, 15, 32, 79582 }, // U+D30D
    { 15, 17, 245, 0, 15, 32, 79614 }, // U+D30E
    { 15, 17, 245, 0, 15, 32, 79646 }, // U+D310
    { 15, 17, 245, 0, 15, 32, 79678 }, // U+D314
    { 15, 17, 245, 0, 15, 32, 79710 }, // U+D316
    { 15, 17, 245, 0, 15, 32, 79742 }, // U+D31C
    { 15, 17, 245, 0, 15, 32, 79774 }, // U+D31D
    { 15, 17, 245, 0, 15, 32, 79806 }, // U+D31F
    { 15, 17, 245, 0, 15, 32, 79838 }, // U+D320
    { 15, 17, 245, 0, 15, 32, 79870 }, // U+D321
    { 15, 17, 245, 0, 15, 32, 79902 }, // U+D325
    { 14, 17, 245, 0, 15, 30, 79934 }, // U+D328
    { 14, 17, 245, 0, 15, 30, 79964 }, // U+D329
    { 14, 17, 245, 0, 15, 30, 79994 }, // U+D32C
    { 15, 17, 245, 0, 15, 32, 80024 }, // U+D330
    { 14, 17, 245, 0, 15, 30, 80056 }, // U+D338
    { 14, 17, 245, 0, 15, 30, 80086 }, // U+D339
    { 15, 17, 245, 0, 15, 32, 80116 }, // U+D33B
    { 15, 17, 245, 0, 15, 32, 80148 }, // U+D33C
    { 14, 17, 245, 0, 15, 30, 80180 }, // U+D33D
    { 15, 17, 245, 0, 15, 32, 80210 }, // U+D344
    { 15, 17, 245, 0, 15, 32, 80242 }, // U+D345
    { 14, 17, 245, 0, 15, 30, 80274 }, // U+D37C
    { 14, 17, 245, 0, 15, 30, 80304 }, // U+D37D
    { 14, 17, 245, 0, 15, 30, 80334 }, // U+D380
    { 14, 17, 245, 0, 15, 30, 80364 }, // U+D384
    { 14, 17, 245, 0, 15, 30, 80394 }, // U+D38C
    { 14, 17, 245, 0, 15, 30, 80424 }, // U+D38D
    { 15, 17, 245, 0, 15, 32, 80454 }, // U+D38F
    { 15, 17, 245, 0, 15, 32, 80486 }, // U+D390
    { 14, 17, 245, 0, 15, 30, 80518 }, // U+D391
    { 14, 17, 245, 0, 15, 30, 80548 }, // U+D398
    { 14, 17, 245, 0, 15, 30, 80578 }, // U+D399
    { 15, 17, 245, 0, 15, 32, 80608 }, // U+D39C
    { 15, 17, 245, 0, 15, 32, 80640 }, // U+D3A0
    { 14, 17, 245, 0, 15, 30, 80672 }, // U+D3A8
    { 14, 17, 245, 0, 15, 30, 80702 }, // U+D3A9
    { 15, 17, 245, 0, 15, 32, 80732 }, // U+D3AB
    { 14, 17, 245, 0, 15, 30, 80764 }, // U+D3AD
    { 14, 17, 245, 0, 15, 30, 80794 }, // U+D3B4
    { 14, 17, 245, 0, 15, 30, 80824 }, // U+D3B8
    { 14, 17, 245, 0, 15, 30, 80854 }, // U+D3BC
    { 14, 17, 245, 0, 15, 30, 80884 }, // U+D3C4
    { 14, 17, 245, 0, 15, 30, 80914 }, // U+D3C5
    { 15, 17, 245, 0, 15, 32, 80944 }, // U+D3C8
    { 14, 17, 245, 0, 15, 30, 80976 }, // U+D3C9
    { 14, 17, 245, 0, 15, 30, 81006 }, // U+D3D0
    { 15, 17, 245, 0, 15, 32, 81036 }, // U+D3D8
    { 14, 17, 245, 0, 15, 30, 81068 }, // U+D3E1
    { 15, 17, 245, 0, 15, 32, 81098 }, // U+D3E3
    { 15, 13, 245, 0, 13, 25, 81130 }, // U+D3EC
    { 15, 16, 245, 0, 14, 30, 81155 }, // U+D3ED
    { 15, 16, 245, 0, 14, 30, 81185 }, // U+D3F0
    { 15, 17, 245, 0, 15, 32, 81215 }, // U+D3F4
    { 15, 16, 245, 0, 14, 30, 81247 }, // U+D3FC
    { 15, 16, 245, 0, 14, 30, 81277 }, // U+D3FD
    { 15, 16, 245, 0, 14, 30, 81307 }, // U+D3FF
    { 15, 16, 245, 0, 14, 30, 81337 }, // U+D401
    { 15, 17, 245, 0, 15, 32, 81367 }, // U+D408
    { 15, 17, 245, 0, 15, 32, 81399 }, // U+D41D
    { 14, 17, 245, 0, 15, 30, 81431 }, // U+D440
    { 14, 17, 245, 0, 15, 30, 81461 }, // U+D444
    { 15, 13, 245, 0, 13, 25, 81491 }, // U+D45C
    { 15, 16, 245, 0, 14, 30, 81516 }, // U+D460
    { 15, 17, 245, 0, 15, 32, 81546 }, // U+D464
    { 15, 17, 245, 0, 15, 32, 81578 }, // U+D46D
    { 15, 16, 245, 0, 14, 30, 81610 }, // U+D46F
    { 15, 16, 245, 0, 14, 30, 81640 }, // U+D478
    { 15, 16, 245, 0, 14, 30, 81670 }, // U+D479
    { 15, 16, 245, 0, 14, 30, 81700 }, // U+D47C
    { 15, 16, 245, 0, 14, 30, 81730 }, // U+D47F
    { 15, 17, 245, 0, 15, 32, 81760 }, // U+D480
    { 15, 16, 245, 0, 14, 30, 81792 }, // U+D482
    { 15, 16, 245, 0, 14, 30, 81822 }, // U+D488
    { 15, 16, 245, 0, 14, 30, 81852 }, // U+D489
    { 15, 16, 245, 0, 14, 30, 81882 }, // U+D48B
    { 15, 16, 245, 0, 14, 30, 81912 }, // U+D48D
    { 14, 17, 245, 0, 15, 30, 81942 }, // U+D494
    { 14, 17, 245, 0, 15, 30, 81972 }, // U+D4A9
    { 14, 17, 245, 0, 15, 30, 82002 }, // U+D4CC
    { 14, 17, 245, 0, 15, 30, 82032 }, // U+D4D0
    { 14, 17, 245, 0, 15, 30, 82062 }, // U+D4D4
    { 14, 17, 245, 0, 15, 30, 82092 }, // U+D4DC
    { 15, 17, 245, 0, 15, 32, 82122 }, // U+D4DF
    { 15, 16, 245, 0, 14, 30, 82154 }, // U+D4E8
    { 15, 16, 245, 0, 14, 30, 82184 }, // U+D4EC
    { 15, 17, 245, 0, 15, 32, 82214 }, // U+D4F0
    { 15, 16, 245, 0, 14, 30, 82246 }, // U+D4F8
    { 15, 16, 245, 0, 14, 30, 82276 }, // U+D4FB
    { 15, 16, 245, 0, 14, 30, 82306 }, // U+D4FD
    { 15, 13, 245, 0, 13, 25, 82336 }, // U+D504
    { 15, 16, 245, 0, 14, 30, 82361 }, // U+D508
    { 15, 16, 245, 0, 14, 30, 82391 }, // U+D50C
    { 15, 16, 245, 0, 14, 30, 82421 }, // U+D514
    { 15, 16, 245, 0, 14, 30, 82451 }, // U+D515
    { 15, 16, 245, 0, 14, 30, 82481 }, // U+D517
    { 14, 17, 245, 0, 15, 30, 82511 }, // U+D53C
    { 13, 17, 245, 1, 15, 28, 82541 }, // U+D53D
    { 13, 17, 245, 1, 15, 28, 82569 }, // U+D540
    { 13, 17, 245, 1, 15, 28, 82597 }, // U+D544
    { 13, 17, 245, 1, 15, 28, 82625 }, // U+D54C
    { 13, 17, 245, 1, 15, 28, 82653 }, // U+D54D
    { 14, 17, 245, 1, 15, 30, 82681 }, // U+D54F
    { 13, 17, 245, 1, 15, 28, 82711 }, // U+D551
    { 15, 17, 245, 0, 15, 32, 82739 }, // U+D558
    { 15, 17, 245, 0, 15, 32, 82771 }, // U+D559
    { 15, 16, 245, 0, 14, 30, 82803 }, // U+D55C
    { 15, 17, 245, 0, 15, 32, 82833 }, // U+D560
    { 15, 17, 245, 0, 15, 32, 82865 }, // U+D565
    { 15, 17, 245, 0, 15, 32, 82897 }, // U+D568
    { 15, 17, 245, 0, 15, 32, 82929 }, // U+D569
    { 15, 17, 245, 0, 15, 32, 82961 }, // U+D56B
    { 15, 17, 245, 0, 15, 32, 82993 }, // U+D56D
    { 14, 17, 245, 0, 15, 30, 83025 }, // U+D574
    { 14, 17, 245, 0, 15, 30, 83055 }, // U+D575
    { 14, 17, 245, 0, 15, 30, 83085 }, // U+D578
    { 15, 17, 245, 0, 15, 32, 83115 }, // U+D57C
    { 14, 17, 245, 0, 15, 30, 83147 }, // U+D584
    { 14, 17, 245, 0, 15, 30, 83177 }, // U+D585
    { 15, 17, 245, 0, 15, 32, 83207 }, // U+D587
    { 15, 17, 245, 0, 15, 32, 83239 }, // U+D588
    { 14, 17, 245, 0, 15, 30, 83271 }, // U+D589
    { 15, 17, 245, 0, 15, 32, 83301 }, // U+D590
    { 15, 17, 245, 0, 15, 32, 83333 }, // U+D5A5
    { 14, 17, 245, 0, 15, 30, 83365 }, // U+D5C8
    { 14, 17, 245, 0, 15, 30, 83395 }, // U+D5C9
    { 14, 16, 245, 0, 14, 28, 83425 }, // U+D5CC
    { 14, 17, 245, 0, 15, 30, 83453 }, // U+D5D0
    { 14, 17, 245, 0, 15, 30, 83483 }, // U+D5D2
    { 14, 17, 245, 0, 15, 30, 83513 }, // U+D5D8
    { 14, 17, 245, 0, 15, 30, 83543 }, // U+D5D9
    { 15, 17, 245, 0, 15, 32, 83573 }, // U+D5DB
    { 14, 17, 245, 0, 15, 30, 83605 }, // U+D5DD
    { 14, 17, 245, 0, 15, 30, 83635 }, // U+D5E4
    { 14, 17, 245, 0, 15, 30, 83665 }, // U+D5E5
    { 14, 17, 245, 0, 15, 30, 83695 }, // U+D5E8
    { 15, 17, 245, 0, 15, 32, 83725 }, // U+D5EC
    { 14, 17, 245, 0, 15, 30, 83757 }, // U+D5F4
    { 14, 17, 245, 0, 15, 30, 83787 }, // U+D5F5
    { 15, 17, 245, 0, 15, 32, 83817 }, // U+D5F7
    { 14, 17, 245, 0, 15, 30, 83849 }, // U+D5F9
    { 14, 17, 245, 0, 15, 30, 83879 }, // U+D600
    { 14, 17, 245, 0, 15, 30, 83909 }, // U+D601
    { 14, 17, 245, 0, 15, 30, 83939 }, // U+D604
    { 14, 17, 245, 0, 15, 30, 83969 }, // U+D608
    { 14, 17, 245, 0, 15, 30, 83999 }, // U+D610
    { 14, 17, 245, 0, 15, 30, 84029 }, // U+D611
    { 15, 17, 245, 0, 15, 32, 84059 }, // U+D613
    { 15, 17, 245, 0, 15, 32, 84091 }, // U+D614
    { 14, 17, 245, 0, 15, 30, 84123 }, // U+D615
    { 14, 17, 245, 0, 15, 30, 84153 }, // U+D61C
    { 14, 17, 245, 0, 15, 30, 84183 }, // U+D620
    { 15, 17, 245, 0, 15, 32, 84213 }, // U+D624
    { 14, 17, 245, 0, 15, 30, 84245 }, // U+D62D
    { 15, 15, 245, 0, 15, 29, 84275 }, // U+D638
    { 15, 17, 245, 0, 15, 32, 84304 }, // U+D639
    { 15, 17, 245, 0, 15, 32, 84336 }, // U+D63C
    { 15, 17, 245, 0, 15, 32, 84368 }, // U+D640
    { 15, 17, 245, 0, 15, 32, 84400 }, // U+D645
    { 15, 17, 245, 0, 15, 32, 84432 }, // U+D648
    { 15, 17, 245, 0, 15, 32, 84464 }, // U+D649
    { 15, 17, 245, 0, 15, 32, 84496 }, // U+D64B
    { 15, 17, 245, 0, 15, 32, 84528 }, // U+D64D
    { 15, 17, 245, 0, 15, 32, 84560 }, // U+D651
    { 15, 16, 245, 0, 14, 30, 84592 }, // U+D654
    { 15, 17, 245, 0, 15, 32, 84622 }, // U+D655
    { 15, 17, 245, 0, 15, 32, 84654 }, // U+D658
    { 15, 17, 245, 0, 15, 32, 84686 }, // U+D65C
    { 15, 17, 245, 0, 15, 32, 84718 }, // U+D667
    { 15, 17, 245, 0, 15, 32, 84750 }, // U+D669
    { 14, 17, 245, 0, 15, 30, 84782 }, // U+D670
    { 14, 17, 245, 0, 15, 30, 84812 }, // U+D671
    { 14, 17, 245, 0, 15, 30, 84842 }, // U+D674
    { 15, 17, 245, 0, 15, 32, 84872 }, // U+D683
    { 14, 17, 245, 0, 15, 30, 84904 }, // U+D685
    { 14, 17, 245, 0, 15, 30, 84934 }, // U+D68C
    { 14, 17, 245, 0, 15, 30, 84964 }, // U+D68D
    { 14, 17, 245, 0, 15, 30, 84994 }, // U+D690
    { 14, 17, 245, 0, 15, 30, 85024 }, // U+D694
    { 14, 17, 245, 0, 15, 30, 85054 }, // U+D69D
    { 14, 17, 245, 0, 15, 30, 85084 }, // U+D69F
    { 14, 17, 245, 0, 15, 30, 85114 }, // U+D6A1
    { 15, 15, 245, 0, 15, 29, 85144 }, // U+D6A8
    { 15, 17, 245, 0, 15, 32, 85173 }, // U+D6AC
    { 15, 17, 245, 0, 15, 32, 85205 }, // U+D6B0
    { 15, 17, 245, 0, 15, 32, 85237 }, // U+D6B9
    { 15, 17, 245, 0, 15, 32, 85269 }, // U+D6BB
    { 15, 17, 245, 0, 15, 32, 85301 }, // U+D6C4
    { 15, 17, 245, 0, 15, 32, 85333 }, // U+D6C5
    { 15, 17, 245, 0, 15, 32, 85365 }, // U+D6C8
    { 15, 17, 245, 0, 15, 32, 85397 }, // U+D6CC
    { 15, 17, 245, 0, 15, 32, 85429 }, // U+D6D1
    { 15, 17, 245, 0, 15, 32, 85461 }, // U+D6D4
    { 15, 17, 245, 0, 15, 32, 85493 }, // U+D6D7
    { 15, 17, 245, 0, 15, 32, 85525 }, // U+D6D9
    { 14, 17, 245, 0, 15, 30, 85557 }, // U+D6E0
    { 14, 17, 245, 0, 15, 30, 85587 }, // U+D6E4
    { 14, 17, 245, 0, 15, 30, 85617 }, // U+D6E8
    { 14, 17, 245, 0, 15, 30, 85647 }, // U+D6F0
    { 14, 17, 245, 0, 15, 30, 85677 }, // U+D6F5
    { 14, 17, 245, 0, 15, 30, 85707 }, // U+D6FC
    { 14, 17, 245, 0, 15, 30, 85737 }, // U+D6FD
    { 14, 17, 245, 0, 15, 30, 85767 }, // U+D700
    { 15, 17, 245, 0, 15, 32, 85797 }, // U+D704
    { 14, 17, 245, 0, 15, 30, 85829 }, // U+D711
    { 14, 17, 245, 0, 15, 30, 85859 }, // U+D718
    { 14, 17, 245, 0, 15, 30, 85889 }, // U+D719
    { 14, 17, 245, 0, 15, 30, 85919 }, // U+D71C
    { 14, 17, 245, 0, 15, 30, 85949 }, // U+D720
    { 14, 17, 245, 0, 15, 30, 85979 }, // U+D728
    { 14, 17, 245, 0, 15, 30, 86009 }, // U+D729
    { 15, 17, 245, 0, 15, 32, 86039 }, // U+D72B
    { 14, 17, 245, 0, 15, 30, 86071 }, // U+D72D
    { 15, 17, 245, 0, 15, 32, 86101 }, // U+D734
    { 15, 17, 245, 0, 15, 32, 86133 }, // U+D735
    { 15, 17, 245, 0, 15, 32, 86165 }, // U+D738
    { 15, 17, 245, 0, 15, 32, 86197 }, // U+D73C
    { 15, 17, 245, 0, 15, 32, 86229 }, // U+D744
    { 15, 17, 245, 0, 15, 32, 86261 }, // U+D747
    { 15, 17, 245, 0, 15, 32, 86293 }, // U+D749
    { 15, 15, 245, 0, 15, 29, 86325 }, // U+D750
    { 15, 17, 245, 0, 15, 32, 86354 }, // U+D751
    { 15, 17, 245, 0, 15, 32, 86386 }, // U+D754
    { 15, 17, 245, 0, 15, 32, 86418 }, // U+D756
    { 15, 17, 245, 0, 15, 32, 86450 }, // U+D757
    { 15, 17, 245, 0, 15, 32, 86482 }, // U+D758
    { 15, 18, 245, 0, 15, 34, 86514 }, // U+D759
    { 15, 17, 245, 0, 15, 32, 86548 }, // U+D760
    { 15, 17, 245, 0, 15, 32, 86580 }, // U+D761
    { 15, 17, 245, 0, 15, 32, 86612 }, // U+D763
    { 15, 17, 245, 0, 15, 32, 86644 }, // U+D765
    { 15, 17, 245, 0, 15, 32, 86676 }, // U+D769
    { 14, 17, 245, 0, 15, 30, 86708 }, // U+D76C
    { 14, 17, 245, 0, 15, 30, 86738 }, // U+D770
    { 14, 17, 245, 0, 15, 30, 86768 }, // U+D774
    { 14, 17, 245, 0, 15, 30, 86798 }, // U+D77C
    { 14, 17, 245, 0, 15, 30, 86828 }, // U+D77D
    { 14, 17, 245, 0, 15, 30, 86858 }, // U+D781
    { 13, 17, 245, 1, 15, 28, 86888 }, // U+D788
    { 13, 17, 245, 1, 15, 28, 86916 }, // U+D789
    { 13, 17, 245, 1, 15, 28, 86944 }, // U+D78C
    { 13, 17, 245, 1, 15, 28, 86972 }, // U+D790
    { 13, 17, 245, 1, 15, 28, 87000 }, // U+D798
    { 13, 17, 245, 1, 15, 28, 87028 }, // U+D799
    { 13, 17, 245, 1, 15, 28, 87056 }, // U+D79B
    { 13, 17, 245, 1, 15, 28, 87084 }, // U+D79D
    { 13, 13, 184, 0, 13, 22, 87112 }, // U+FB00
    { 9, 13, 161, 0, 13, 15, 87134 }, // U+FB01
    { 9, 13, 161, 0, 13, 15, 87149 }, // U+FB02
    { 15, 13, 252, 0, 13, 25, 87164 }, // U+FB03
    { 15, 13, 252, 0, 13, 25, 87189 }, // U+FB04
    { 10, 14, 180, 1, 13, 18, 87214 }, // U+FB05
    { 14, 14, 224, 0, 13, 25, 87232 }, // U+FB06
    { 16, 12, 265, 0, 7, 24, 87257 }, // U+FB56
    { 20, 11, 292, 0, 6, 28, 87281 }, // U+FB57
    { 5, 12, 80, -1, 7, 8, 87309 }, // U+FB58
    { 8, 10, 99, 0, 5, 10, 87317 }, // U+FB59
    { 16, 13, 265, 0, 12, 26, 87327 }, // U+FB66
    { 20, 13, 292, 0, 12, 33, 87353 }, // U+FB67
    { 5, 15, 72, 0, 14, 10, 87386 }, // U+FB68
    { 8, 13, 99, 0, 12, 13, 87396 }, // U+FB69
    { 11, 14, 176, 0, 7, 20, 87409 }, // U+FB7A
    { 13, 14, 192, 0, 7, 23, 87429 }, // U+FB7B
    { 10, 11, 157, 0, 6, 14, 87452 }, // U+FB7C
    { 12, 11, 170, 0, 6, 17, 87466 }, // U+FB7D
    { 8, 15, 127, 0, 14, 15, 87483 }, // U+FB88
    { 10, 15, 142, 0, 14, 19, 87498 }, // U+FB89
    { 7, 15, 98, -1, 11, 14, 87517 }, // U+FB8A
    { 9, 15, 106, -1, 11, 17, 87531 }, // U+FB8B
    { 7, 17, 98, -1, 13, 15, 87548 }, // U+FB8C
    { 9, 17, 106, -1, 13, 20, 87563 }, // U+FB8D
    { 15, 13, 234, 0, 12, 25, 87583 }, // U+FB8E
    { 18, 13, 260, 0, 12, 30, 87608 }, // U+FB8F
    { 8, 13, 110, 0, 12, 13, 87638 }, // U+FB90
    { 10, 13, 136, 0, 12, 17, 87651 }, // U+FB91
    { 15, 15, 234, 0, 14, 29, 87668 }, // U+FB92
    { 18, 15, 260, 0, 14, 34, 87697 }, // U+FB93
    { 8, 15, 110, 0, 14, 15, 87731 }, // U+FB94
    { 10, 15, 136, 0, 14, 19, 87746 }, // U+FB95
    { 11, 10, 183, 0, 6, 14, 87765 }, // U+FB9E
    { 13, 9, 195, 0, 5, 15, 87779 }, // U+FB9F
    { 7, 8, 108, 0, 8, 7, 87794 }, // U+FBA6
    { 9, 7, 128, 0, 6, 8, 87801 }, // U+FBA7
    { 4, 11, 72, 0, 7, 6, 87809 }, // U+FBA8
    { 9, 8, 117, 0, 3, 9, 87815 }, // U+FBA9
    { 11, 10, 179, 0, 9, 14, 87824 }, // U+FBAA
    { 12, 11, 164, 0, 7, 17, 87838 }, // U+FBAB
    { 9, 10, 153, 0, 9, 12, 87855 }, // U+FBAC
    { 10, 11, 135, 0, 7, 14, 87867 }, // U+FBAD
    { 16, 9, 251, 0, 8, 18, 87881 }, // U+FBAE
    { 10, 7, 146, 0, 2, 9, 87899 }, // U+FBAF
    { 16, 13, 251, 0, 12, 26, 87908 }, // U+FBB0
    { 10, 11, 146, 0, 6, 14, 87934 }, // U+FBB1
    { 13, 11, 203, 0, 7, 18, 87948 }, // U+FBFC
    { 14, 7, 196, 0, 3, 13, 87966 }, // U+FBFD
    { 5, 11, 80, -1, 7, 7, 87979 }, // U+FBFE
    { 8, 9, 99, 0, 5, 9, 87986 }, // U+FBFF
    { 7, 7, 110, 0, 6, 7, 87995 }, // U+FE80
    { 6, 14, 63, -1, 14, 11, 88002 }, // U+FE81
    { 7, 16, 78, -1, 15, 14, 88013 }, // U+FE82
    { 4, 16, 63, 0, 16, 8, 88027 }, // U+FE83
    { 6, 18, 78, 0, 17, 14, 88035 }, // U+FE84
    { 7, 15, 119, 0, 11, 14, 88049 }, // U+FE85
    { 9, 15, 126, 0, 11, 17, 88063 }, // U+FE86
    { 5, 18, 63, 0, 12, 12, 88080 }, // U+FE87
    { 6, 18, 78, 0, 12, 14, 88092 }, // U+FE88
    { 13, 12, 203, 0, 8, 20, 88106 }, // U+FE89
    { 14, 12, 196, 0, 8, 21, 88126 }, // U+FE8A
    { 4, 13, 72, 0, 12, 7, 88147 }, // U+FE8B
    { 7, 11, 91, 0, 10, 10, 88154 }, // U+FE8C
    { 2, 12, 63, 1, 12, 3, 88164 }, // U+FE8D
    { 5, 13, 78, 1, 12, 9, 88167 }, // U+FE8E
    { 16, 11, 265, 0, 7, 22, 88176 }, // U+FE8F
    { 20, 10, 292, 0, 6, 25, 88198 }, // U+FE90
    { 4, 11, 72, 0, 7, 6, 88223 }, // U+FE91
    { 7, 9, 91, 0, 5, 8, 88229 }, // U+FE92
    { 7, 12, 108, 0, 12, 11, 88237 }, // U+FE93
    { 9, 14, 130, 0, 13, 16, 88248 }, // U+FE94
    { 16, 10, 265, 0, 9, 20, 88264 }, // U+FE95
    { 20, 10, 292, 0, 9, 25, 88284 }, // U+FE96
    { 5, 12, 72, 0, 11, 8, 88309 }, // U+FE97
    { 8, 10, 99, 0, 9, 10, 88317 }, // U+FE98
    { 16, 11, 265, 0, 10, 22, 88327 }, // U+FE99
    { 20, 11, 292, 0, 10, 28, 88349 }, // U+FE9A
    { 5, 13, 72, 0, 12, 9, 88377 }, // U+FE9B
    { 8, 11, 99, 0, 10, 11, 88386 }, // U+FE9C
    { 10, 14, 170, 0, 7, 18, 88397 }, // U+FE9D
    { 12, 14, 173, 0, 7, 21, 88415 }, // U+FE9E
    { 10, 10, 157, 0, 6, 13, 88436 }, // U+FE9F
    { 12, 10, 170, 0, 6, 15, 88449 }, // U+FEA0
    { 10, 14, 170, 0, 7, 18, 88464 }, // U+FEA1
    { 12, 14, 173, 0, 7, 21, 88482 }, // U+FEA2
    { 10, 7, 157, 0, 6, 9, 88503 }, // U+FEA3
    { 12, 7, 170, 0, 6, 11, 88512 }, // U+FEA4
    { 10, 18, 170, 0, 11, 23, 88523 }, // U+FEA5
    { 12, 18, 173, 0, 11, 27, 88546 }, // U+FEA6
    { 10, 11, 157, 0, 10, 14, 88573 }, // U+FEA7
    { 12, 11, 170, 0, 10, 17, 88587 }, // U+FEA8
    { 8, 9, 127, 0, 8, 9, 88604 }, // U+FEA9
    { 10, 9, 142, 0, 8, 12, 88613 }, // U+FEAA
    { 8, 13, 127, 0, 12, 13, 88625 }, // U+FEAB
    { 10, 13, 142, 0, 12, 17, 88638 }, // U+FEAC
    { 7, 10, 98, -1, 6, 9, 88655 }, // U+FEAD
    { 9, 10, 106, -1, 6, 12, 88664 }, // U+FEAE
    { 7, 14, 98, -1, 10, 13, 88676 }, // U+FEAF
    { 9, 14, 106, -1, 10, 16, 88689 }, // U+FEB0
    { 20, 11, 323, 0, 7, 28, 88705 }, // U+FEB1
    { 22, 10, 339, 0, 6, 28, 88733 }, // U+FEB2
    { 13, 8, 209, 0, 7, 13, 88761 }, // U+FEB3
    { 15, 7, 227, 0, 6, 14, 88774 }, // U+FEB4
    { 20, 15, 323, 0, 11, 38, 88788 }, // U+FEB5
    { 22, 15, 339, 0, 11, 42, 88826 }, // U+FEB6
    { 13, 12, 209, 0, 11, 20, 88868 }, // U+FEB7
    { 15, 12, 227, 0, 11, 23, 88888 }, // U+FEB8
    { 22, 11, 348, 0, 7, 31, 88911 }, // U+FEB9
    { 24, 11, 361, 0, 7, 33, 88942 }, // U+FEBA
    { 15, 8, 241, 0, 7, 15, 88975 }, // U+FEBB
    { 17, 8, 253, 0, 7, 17, 88990 }, // U+FEBC
    { 22, 15, 348, 0, 11, 42, 89007 }, // U+FEBD
    { 24, 15, 361, 0, 11, 45, 89049 }, // U+FEBE
    { 15, 11, 241, 0, 10, 21, 89094 }, // U+FEBF
    { 17, 11, 253, 0, 10, 24, 89115 }, // U+FEC0
    { 13, 13, 210, 0, 12, 22, 89139 }, // U+FEC1
    { 15, 13, 222, 0, 12, 25, 89161 }, // U+FEC2
    { 11, 13, 181, 0, 12, 18, 89186 }, // U+FEC3
    { 13, 13, 189, 0, 12, 22, 89204 }, // U+FEC4
    { 13, 13, 210, 0, 12, 22, 89226 }, // U+FEC5
    { 15, 13, 222, 0, 12, 25, 89248 }, // U+FEC6
    { 11, 13, 181, 0, 12, 18, 89273 }, // U+FEC7
    { 13, 13, 189, 0, 12, 22, 89291 }, // U+FEC8
    { 10, 16, 135, 0, 9, 20, 89313 }, // U+FEC9
    { 10, 14, 142, 0, 7, 18, 89333 }, // U+FECA
    { 8, 9, 134, 0, 8, 9, 89351 }, // U+FECB
    { 10, 8, 139, 0, 7, 10, 89360 }, // U+FECC
    { 10, 20, 135, 0, 13, 25, 89370 }, // U+FECD
    { 10, 18, 142, 0, 11, 23, 89395 }, // U+FECE
    { 8, 13, 134, 0, 12, 13, 89418 }, // U+FECF
    { 10, 12, 139, 0, 11, 15, 89431 }, // U+FED0
    { 16, 14, 262, 0, 13, 28, 89446 }, // U+FED1
    { 20, 12, 293, 0, 11, 30, 89474 }, // U+FED2
    { 7, 14, 119, 0, 13, 13, 89504 }, // U+FED3
    { 10, 12, 132, 0, 11, 15, 89517 }, // U+FED4
    { 13, 15, 206, 0, 11, 25, 89532 }, // U+FED5
    { 15, 15, 216, 0, 10, 29, 89557 }, // U+FED6
    { 7, 14, 119, 0, 13, 13, 89586 }, // U+FED7
    { 10, 12, 132, 0, 11, 15, 89599 }, // U+FED8
    { 14, 13, 235, 0, 12, 23, 89614 }, // U+FED9
    { 17, 13, 246, 0, 12, 28, 89637 }, // U+FEDA
    { 8, 13, 110, 0, 12, 13, 89665 }, // U+FEDB
    { 10, 13, 136, 0, 12, 17, 89678 }, // U+FEDC
    { 11, 16, 185, 0, 12, 22, 89695 }, // U+FEDD
    { 13, 16, 195, 0, 12, 26, 89717 }, // U+FEDE
    { 4, 13, 69, 0, 12, 7, 89743 }, // U+FEDF
    { 6, 13, 80, 0, 12, 10, 89750 }, // U+FEE0
    { 8, 14, 129, 0, 7, 14, 89760 }, // U+FEE1
    { 11, 14, 150, 0, 7, 20, 89774 }, // U+FEE2
    { 8, 7, 140, 0, 6, 7, 89794 }, // U+FEE3
    { 11, 8, 154, 0, 7, 11, 89801 }, // U+FEE4
    { 11, 13, 183, 0, 9, 18, 89812 }, // U+FEE5
    { 13, 13, 195, 0, 9, 22, 89830 }, // U+FEE6
    { 4, 12, 72, 0, 11, 6, 89852 }, // U+FEE7
    { 7, 10, 91, 0, 9, 9, 89858 }, // U+FEE8
    { 7, 8, 108, 0, 8, 7, 89867 }, // U+FEE9
    { 9, 10, 130, 0, 9, 12, 89874 }, // U+FEEA
    { 9, 10, 153, 0, 9, 12, 89886 }, // U+FEEB
    { 10, 11, 135, 0, 7, 14, 89898 }, // U+FEEC
    { 7, 10, 119, 0, 6, 9, 89912 }, // U+FEED
    { 9, 10, 126, 0, 6, 12, 89921 }, // U+FEEE
    { 13, 11, 203, 0, 7, 18, 89933 }, // U+FEEF
    { 14, 7, 196, 0, 3, 13, 89951 }, // U+FEF0
    { 13, 15, 203, 0, 7, 25, 89964 }, // U+FEF1
    { 14, 11, 196, 0, 3, 20, 89989 }, // U+FEF2
    { 5, 11, 80, -1, 7, 7, 90009 }, // U+FEF3
    { 8, 9, 99, 0, 5, 9, 90016 }, // U+FEF4
    { 11, 13, 155, -2, 13, 18, 90025 }, // U+FEF5
    { 12, 14, 160, -1, 13, 21, 90043 }, // U+FEF6
    { 10, 15, 155, -1, 15, 19, 90064 }, // U+FEF7
    { 11, 16, 160, 0, 15, 22, 90083 }, // U+FEF8
    { 9, 18, 155, 0, 12, 21, 90105 }, // U+FEF9
    { 11, 18, 160, 0, 12, 25, 90126 }, // U+FEFA
    { 9, 12, 155, 0, 12, 14, 90151 }, // U+FEFB
    { 11, 13, 160, 0, 12, 18, 90165 }, // U+FEFC
    { 16, 16, 267, 0, 13, 32, 90183 }, // U+FFFD
};

static const EpdUnicodeInterval notosans_8_regularIntervals[] = {
    { 0x0, 0x0, 0x0 },
    { 0xD, 0xD, 0x1 },
    { 0x20, 0x7E, 0x2 },
    { 0xA0, 0x17F, 0x61 },
    { 0x1A0, 0x1A1, 0x141 },
    { 0x1AF, 0x1B0, 0x143 },
    { 0x1C4, 0x21F, 0x145 },
    { 0x300, 0x36F, 0x1A1 },
    { 0x400, 0x4FF, 0x211 },
    { 0x5D0, 0x5EA, 0x311 },
    { 0x60C, 0x60C, 0x32C },
    { 0x61B, 0x61B, 0x32D },
    { 0x61F, 0x61F, 0x32E },
    { 0x621, 0x621, 0x32F },
    { 0x640, 0x640, 0x330 },
    { 0x660, 0x669, 0x331 },
    { 0x6BA, 0x6BA, 0x33B },
    { 0x6D4, 0x6D4, 0x33C },
    { 0x6F0, 0x6F9, 0x33D },
    { 0x1EA0, 0x1EF9, 0x347 },
    { 0x2000, 0x2064, 0x3A1 },
    { 0x2066, 0x2071, 0x406 },
    { 0x2074, 0x208E, 0x412 },
    { 0x2090, 0x209C, 0x42D },
    { 0x20A0, 0x20C0, 0x43A },
    { 0x2212, 0x2212, 0x45B },
    { 0x221A, 0x221A, 0x45C },
    { 0x3131, 0x3163, 0x45D },
    { 0xAC00, 0xAC01, 0x490 },
    { 0xAC04, 0xAC04, 0x492 },
    { 0xAC07, 0xAC0A, 0x493 },
    { 0xAC10, 0xAC17, 0x497 },
    { 0xAC19, 0xAC1D, 0x49F },
    { 0xAC20, 0xAC20, 0x4A4 },
    { 0xAC24, 0xAC24, 0x4A5 },
    { 0xAC2C, 0xAC2D, 0x4A6 },
    { 0xAC2F, 0xAC31, 0x4A8 },
    { 0xAC38, 0xAC39, 0x4AB },
    { 0xAC3C, 0xAC3C, 0x4AD },
    { 0xAC40, 0xAC40, 0x4AE },
    { 0xAC4B, 0xAC4B, 0x4AF },
    { 0xAC4D, 0xAC4D, 0x4B0 },
    { 0xAC54, 0xAC54, 0x4B1 },
    { 0xAC58, 0xAC58, 0x4B2 },
    { 0xAC5C, 0xAC5C, 0x4B3 },
    { 0xAC70, 0xAC71, 0x4B4 },
    { 0xAC74, 0xAC74, 0x4B6 },
    { 0xAC77, 0xAC78, 0x4B7 },
    { 0xAC7A, 0xAC7A, 0x4B9 },
    { 0xAC80, 0xAC81, 0x4BA },
    { 0xAC83, 0xAC86, 0x4BC },
    { 0xAC89, 0xAC8C, 0x4C0 },
    { 0xAC90, 0xAC90, 0x4C4 },
    { 0xAC94, 0xAC94, 0x4C5 },
    { 0xAC9C, 0xAC9D, 0x4C6 },
    { 0xAC9F, 0xACA1, 0x4C8 },
    { 0xACA8, 0xACAA, 0x4CB },
    { 0xACAC, 0xACAC, 0x4CE },
    { 0xACAF, 0xACB0, 0x4CF },
    { 0xACB8, 0xACB9, 0x4D1 },
    { 0xACBB, 0xACBD, 0x4D3 },
    { 0xACC1, 0xACC1, 0x4D6 },
    { 0xACC4, 0xACC4, 0x4D7 },
    { 0xACC8, 0xACC8, 0x4D8 },
    { 0xACCC, 0xACCC, 0x4D9 },
    { 0xACD5, 0xACD5, 0x4DA },
    { 0xACD7, 0xACD7, 0x4DB },
    { 0xACE0, 0xACE1, 0x4DC },
    { 0xACE4, 0xACE4, 0x4DE },
    { 0xACE7, 0xACE8, 0x4DF },
    { 0xACEA, 0xACEA, 0x4E1 },
    { 0xACEC, 0xACEC, 0x4E2 },
    { 0xACEF, 0xACF1, 0x4E3 },
    { 0xACF3, 0xACF3, 0x4E6 },
    { 0xACF5, 0xACF6, 0x4E7 },
    { 0xACFC, 0xACFD, 0x4E9 },
    { 0xAD00, 0xAD00, 0x4EB },
    { 0xAD04, 0xAD04, 0x4EC },
    { 0xAD06, 0xAD06, 0x4ED },
    { 0xAD0C, 0xAD0D, 0x4EE },
    { 0xAD0F, 0xAD0F, 0x4F0 },
    { 0xAD11, 0xAD11, 0x4F1 },
    { 0xAD18, 0xAD18, 0x4F2 },
    { 0xAD1C, 0xAD1C, 0x4F3 },
    { 0xAD20, 0xAD20, 0x4F4 },
    { 0xAD29, 0xAD29, 0x4F5 },
    { 0xAD2C, 0xAD2D, 0x4F6 },
    { 0xAD34, 0xAD35, 0x4F8 },
    { 0xAD38, 0xAD38, 0x4FA },
    { 0xAD3C, 0xAD3C, 0x4FB },
    { 0xAD44, 0xAD45, 0x4FC },
    { 0xAD47, 0xAD47, 0x4FE },
    { 0xAD49, 0xAD49, 0x4FF },
    { 0xAD50, 0xAD50, 0x500 },
    { 0xAD54, 0xAD54, 0x501 },
    { 0xAD58, 0xAD58, 0x502 },
    { 0xAD61, 0xAD61, 0x503 },
    { 0xAD63, 0xAD63, 0x504 },
    { 0xAD6C, 0xAD6D, 0x505 },
    { 0xAD70, 0xAD70, 0x507 },
    { 0xAD73, 0xAD76, 0x508 },
    { 0xAD7B, 0xAD7D, 0x50C },
    { 0xAD7F, 0xAD7F, 0x50F },
    { 0xAD81, 0xAD82, 0x510 },
    { 0xAD88, 0xAD89, 0x512 },
    { 0xAD8C, 0xAD8C, 0x514 },
    { 0xAD90, 0xAD90, 0x515 },
    { 0xAD9C, 0xAD9D, 0x516 },
    { 0xADA4, 0xADA4, 0x518 },
    { 0xADB7, 0xADB7, 0x519 },
    { 0xADC0, 0xADC1, 0x51A },
    { 0xADC4, 0xADC4, 0x51C },
    { 0xADC8, 0xADC8, 0x51D },
    { 0xADD0, 0xADD1, 0x51E },
    { 0xADD3, 0xADD3, 0x520 },
    { 0xADDC, 0xADDC, 0x521 },
    { 0xADE0, 0xADE0, 0x522 },
    { 0xADE4, 0xADE4, 0x523 },
    { 0xADF8, 0xADF9, 0x524 },
    { 0xADFC, 0xADFC, 0x526 },
    { 0xADFF, 0xAE01, 0x527 },
    { 0xAE08, 0xAE09, 0x52A },
    { 0xAE0B, 0xAE0B, 0x52C },
    { 0xAE0D, 0xAE0D, 0x52D },
    { 0xAE14, 0xAE14, 0x52E },
    { 0xAE30, 0xAE31, 0x52F },
    { 0xAE34, 0xAE34, 0x531 },
    { 0xAE37, 0xAE38, 0x532 },
    { 0xAE3A, 0xAE3A, 0x534 },
    { 0xAE40, 0xAE41, 0x535 },
    { 0xAE43, 0xAE43, 0x537 },
    { 0xAE45, 0xAE46, 0x538 },
    { 0xAE4A, 0xAE4A, 0x53A },
    { 0xAE4C, 0xAE4E, 0x53B },
    { 0xAE50, 0xAE50, 0x53E },
    { 0xAE54, 0xAE54, 0x53F },
    { 0xAE56, 0xAE56, 0x540 },
    { 0xAE5C, 0xAE5D, 0x541 },
    { 0xAE5F, 0xAE61, 0x543 },
    { 0xAE65, 0xAE65, 0x546 },
    { 0xAE68, 0xAE69, 0x547 },
    { 0xAE6C, 0xAE6C, 0x549 },
    { 0xAE70, 0xAE70, 0x54A },
    { 0xAE78, 0xAE79, 0x54B },
    { 0xAE7B, 0xAE7D, 0x54D },
    { 0xAE84, 0xAE85, 0x550 },
    { 0xAE8C, 0xAE8C, 0x552 },
    { 0xAEBC, 0xAEBE, 0x553 },
    { 0xAEC0, 0xAEC0, 0x556 },
    { 0xAEC4, 0xAEC4, 0x557 },
    { 0xAECC, 0xAECD, 0x558 },
    { 0xAECF, 0xAED1, 0x55A },
    { 0xAED8, 0xAED9, 0x55D },
    { 0xAEDC, 0xAEDC, 0x55F },
    { 0xAEE8, 0xAEE8, 0x560 },
    { 0xAEEB, 0xAEEB, 0x561 },
    { 0xAEED, 0xAEED, 0x562 },
    { 0xAEF4, 0xAEF4, 0x563 },
    { 0xAEF8, 0xAEF8, 0x564 },
    { 0xAEFC, 0xAEFC, 0x565 },
    { 0xAF07, 0xAF08, 0x566 },
    { 0xAF0D, 0xAF0D, 0x568 },
    { 0xAF10, 0xAF10, 0x569 },
    { 0xAF2C, 0xAF2D, 0x56A },
    { 0xAF30, 0xAF30, 0x56C },
    { 0xAF32, 0xAF32, 0x56D },
    { 0xAF34, 0xAF34, 0x56E },
    { 0xAF3C, 0xAF3D, 0x56F },
    { 0xAF3F, 0xAF3F, 0x571 },
    { 0xAF41, 0xAF43, 0x572 },
    { 0xAF48, 0xAF49, 0x575 },
    { 0xAF50, 0xAF50, 0x577 },
    { 0xAF5C, 0xAF5D, 0x578 },
    { 0xAF64, 0xAF65, 0x57A },
    { 0xAF79, 0xAF79, 0x57C },
    { 0xAF80, 0xAF80, 0x57D },
    { 0xAF84, 0xAF84, 0x57E },
    { 0xAF88, 0xAF88, 0x57F },
    { 0xAF90, 0xAF91, 0x580 },
    { 0xAF95, 0xAF95, 0x582 },
    { 0xAF9C, 0xAF9C, 0x583 },
    { 0xAFB8, 0xAFB9, 0x584 },
    { 0xAFBC, 0xAFBC, 0x586 },
    { 0xAFC0, 0xAFC0, 0x587 },
    { 0xAFC7, 0xAFC9, 0x588 },
    { 0xAFCB, 0xAFCB, 0x58B },
    { 0xAFCD, 0xAFCE, 0x58C },
    { 0xAFD4, 0xAFD4, 0x58E },
    { 0xAFDC, 0xAFDC, 0x58F },
    { 0xAFE8, 0xAFE9, 0x590 },
    { 0xAFF0, 0xAFF1, 0x592 },
    { 0xAFF4, 0xAFF4, 0x594 },
    { 0xAFF8, 0xAFF8, 0x595 },
    { 0xB000, 0xB001, 0x596 },
    { 0xB004, 0xB004, 0x598 },
    { 0xB00C, 0xB00C, 0x599 },
    { 0xB010, 0xB010, 0x59A },
    { 0xB014, 0xB014, 0x59B },
    { 0xB01C, 0xB01D, 0x59C },
    { 0xB028, 0xB028, 0x59E },
    { 0xB044, 0xB045, 0x59F },
    { 0xB048, 0xB048, 0x5A1 },
    { 0xB04A, 0xB04A, 0x5A2 },
    { 0xB04C, 0xB04C, 0x5A3 },
    { 0xB04E, 0xB04E, 0x5A4 },
    { 0xB053, 0xB055, 0x5A5 },
    { 0xB057, 0xB057, 0x5A8 },
    { 0xB059, 0xB059, 0x5A9 },
    { 0xB05D, 0xB05D, 0x5AA },
    { 0xB07C, 0xB07D, 0x5AB },
    { 0xB080, 0xB080, 0x5AD },
    { 0xB084, 0xB084, 0x5AE },
    { 0xB08C, 0xB08D, 0x5AF },
    { 0xB08F, 0xB08F, 0x5B1 },
    { 0xB091, 0xB091, 0x5B2 },
    { 0xB098, 0xB09A, 0x5B3 },
    { 0xB09C, 0xB09C, 0x5B6 },
    { 0xB09F, 0xB0A2, 0x5B7 },
    { 0xB0A8, 0xB0A9, 0x5BB },
    { 0xB0AB, 0xB0AF, 0x5BD },
    { 0xB0B1, 0xB0B1, 0x5C2 },
    { 0xB0B3, 0xB0B5, 0x5C3 },
    { 0xB0B8, 0xB0B8, 0x5C6 },
    { 0xB0BC, 0xB0BC, 0x5C7 },
    { 0xB0C4, 0xB0C5, 0x5C8 },
    { 0xB0C7, 0xB0C9, 0x5CA },
    { 0xB0D0, 0xB0D1, 0x5CD },
    { 0xB0D4, 0xB0D4, 0x5CF },
    { 0xB0D8, 0xB0D8, 0x5D0 },
    { 0xB0E0, 0xB0E0, 0x5D1 },
    { 0xB0E5, 0xB0E5, 0x5D2 },
    { 0xB108, 0xB109, 0x5D3 },
    { 0xB10B, 0xB10C, 0x5D5 },
    { 0xB110, 0xB110, 0x5D7 },
    { 0xB112, 0xB113, 0x5D8 },
    { 0xB118, 0xB119, 0x5DA },
    { 0xB11B, 0xB11D, 0x5DC },
    { 0xB123, 0xB125, 0x5DF },
    { 0xB128, 0xB128, 0x5E2 },
    { 0xB12C, 0xB12C, 0x5E3 },
    { 0xB134, 0xB135, 0x5E4 },
    { 0xB137, 0xB139, 0x5E6 },
    { 0xB140, 0xB141, 0x5E9 },
    { 0xB144, 0xB144, 0x5EB },
    { 0xB148, 0xB148, 0x5EC },
    { 0xB150, 0xB151, 0x5ED },
    { 0xB154, 0xB155, 0x5EF },
    { 0xB158, 0xB158, 0x5F1 },
    { 0xB15C, 0xB15C, 0x5F2 },
    { 0xB160, 0xB160, 0x5F3 },
    { 0xB178, 0xB179, 0x5F4 },
    { 0xB17C, 0xB17C, 0x5F6 },
    { 0xB180, 0xB180, 0x5F7 },
    { 0xB182, 0xB182, 0x5F8 },
    { 0xB188, 0xB189, 0x5F9 },
    { 0xB18B, 0xB18B, 0x5FB },
    { 0xB18D, 0xB18D, 0x5FC },
    { 0xB192, 0xB194, 0x5FD },
    { 0xB198, 0xB198, 0x600 },
    { 0xB19C, 0xB19C, 0x601 },
    { 0xB1A8, 0xB1A8, 0x602 },
    { 0xB1CC, 0xB1CC, 0x603 },
    { 0xB1D0, 0xB1D0, 0x604 },
    { 0xB1D4, 0xB1D4, 0x605 },
    { 0xB1DC, 0xB1DD, 0x606 },
    { 0xB1DF, 0xB1DF, 0x608 },
    { 0xB1E8, 0xB1E9, 0x609 },
    { 0xB1EC, 0xB1EC, 0x60B },
    { 0xB1F0, 0xB1F0, 0x60C },
    { 0xB1F9, 0xB1F9, 0x60D },
    { 0xB1FB, 0xB1FB, 0x60E },
    { 0xB1FD, 0xB1FD, 0x60F },
    { 0xB204, 0xB205, 0x610 },
    { 0xB208, 0xB208, 0x612 },
    { 0xB20B, 0xB20C, 0x613 },
    { 0xB214, 0xB215, 0x615 },
    { 0xB217, 0xB217, 0x617 },
    { 0xB219, 0xB219, 0x618 },
    { 0xB220, 0xB220, 0x619 },
    { 0xB234, 0xB234, 0x61A },
    { 0xB23C, 0xB23C, 0x61B },
    { 0xB258, 0xB258, 0x61C },
    { 0xB25C, 0xB25C, 0x61D },
    { 0xB260, 0xB260, 0x61E },
    { 0xB268, 0xB269, 0x61F },
    { 0xB274, 0xB275, 0x621 },
    { 0xB27C, 0xB27C, 0x623 },
    { 0xB284, 0xB285, 0x624 },
    { 0xB289, 0xB289, 0x626 },
    { 0xB290, 0xB291, 0x627 },
    { 0xB294, 0xB294, 0x629 },
    { 0xB298, 0xB29A, 0x62A },
    { 0xB2A0, 0xB2A1, 0x62D },
    { 0xB2A3, 0xB2A3, 0x62F },
    { 0xB2A5, 0xB2A6, 0x630 },
    { 0xB2AA, 0xB2AA, 0x632 },
    { 0xB2AC, 0xB2AC, 0x633 },
    { 0xB2B0, 0xB2B0, 0x634 },
    { 0xB2B4, 0xB2B4, 0x635 },
    { 0xB2C8, 0xB2C9, 0x636 },
    { 0xB2CC, 0xB2CC, 0x638 },
    { 0xB2D0, 0xB2D0, 0x639 },
    { 0xB2D2, 0xB2D2, 0x63A },
    { 0xB2D8, 0xB2D9, 0x63B },
    { 0xB2DB, 0xB2DB, 0x63D },
    { 0xB2DD, 0xB2DD, 0x63E },
    { 0xB2E2, 0xB2E2, 0x63F },
    { 0xB2E4, 0xB2E6, 0x640 },
    { 0xB2E8, 0xB2E8, 0x643 },
    { 0xB2EB, 0xB2EF, 0x644 },
    { 0xB2F3, 0xB2F5, 0x649 },
    { 0xB2F7, 0xB2FB, 0x64C },
    { 0xB2FF, 0xB301, 0x651 },
    { 0xB304, 0xB304, 0x654 },
    { 0xB308, 0xB308, 0x655 },
    { 0xB310, 0xB311, 0x656 },
    { 0xB313, 0xB315, 0x658 },
    { 0xB31C, 0xB31C, 0x65B },
    { 0xB354, 0xB356, 0x65C },
    { 0xB358, 0xB358, 0x65F },
    { 0xB35B, 0xB35C, 0x660 },
    { 0xB35E, 0xB35F, 0x662 },
    { 0xB364, 0xB365, 0x664 },
    { 0xB367, 0xB367, 0x666 },
    { 0xB369, 0xB369, 0x667 },
    { 0xB36B, 0xB36B, 0x668 },
    { 0xB36E, 0xB36E, 0x669 },
    { 0xB370, 0xB371, 0x66A },
    { 0xB374, 0xB374, 0x66C },
    { 0xB378, 0xB378, 0x66D },
    { 0xB380, 0xB381, 0x66E },
    { 0xB383, 0xB385, 0x670 },
    { 0xB38C, 0xB38C, 0x673 },
    { 0xB390, 0xB390, 0x674 },
    { 0xB394, 0xB394, 0x675 },
    { 0xB3A0, 0xB3A1, 0x676 },
    { 0xB3A8, 0xB3A8, 0x678 },
    { 0xB3AC, 0xB3AC, 0x679 },
    { 0xB3C4, 0xB3C5, 0x67A },
    { 0xB3C8, 0xB3C8, 0x67C },
    { 0xB3CB, 0xB3CC, 0x67D },
    { 0xB3CE, 0xB3CE, 0x67F },
    { 0xB3D0, 0xB3D0, 0x680 },
    { 0xB3D4, 0xB3D5, 0x681 },
    { 0xB3D7, 0xB3D7, 0x683 },
    { 0xB3D9, 0xB3D9, 0x684 },
    { 0xB3DB, 0xB3DB, 0x685 },
    { 0xB3DD, 0xB3DD, 0x686 },
    { 0xB3E0, 0xB3E0, 0x687 },
    { 0xB3E4, 0xB3E4, 0x688 },
    { 0xB3E8, 0xB3E8, 0x689 },
    { 0xB3FC, 0xB3FC, 0x68A },
    { 0xB410, 0xB410, 0x68B },
    { 0xB418, 0xB418, 0x68C },
    { 0xB41C, 0xB41C, 0x68D },
    { 0xB420, 0xB420, 0x68E },
    { 0xB428, 0xB429, 0x68F },
    { 0xB42B, 0xB42B, 0x691 },
    { 0xB434, 0xB434, 0x692 },
    { 0xB450, 0xB451, 0x693 },
    { 0xB454, 0xB454, 0x695 },
    { 0xB458, 0xB458, 0x696 },
    { 0xB460, 0xB461, 0x697 },
    { 0xB463, 0xB463, 0x699 },
    { 0xB465, 0xB465, 0x69A },
    { 0xB46C, 0xB46C, 0x69B },
    { 0xB480, 0xB480, 0x69C },
    { 0xB488, 0xB488, 0x69D },
    { 0xB49D, 0xB49D, 0x69E },
    { 0xB4A4, 0xB4A4, 0x69F },
    { 0xB4A8, 0xB4A8, 0x6A0 },
    { 0xB4AC, 0xB4AC, 0x6A1 },
    { 0xB4B5, 0xB4B5, 0x6A2 },
    { 0xB4B7, 0xB4B7, 0x6A3 },
    { 0xB4B9, 0xB4B9, 0x6A4 },
    { 0xB4C0, 0xB4C0, 0x6A5 },
    { 0xB4C4, 0xB4C4, 0x6A6 },
    { 0xB4C8, 0xB4C8, 0x6A7 },
    { 0xB4D0, 0xB4D0, 0x6A8 },
    { 0xB4D5, 0xB4D5, 0x6A9 },
    { 0xB4DC, 0xB4DD, 0x6AA },
    { 0xB4E0, 0xB4E0, 0x6AC },
    { 0xB4E3, 0xB4E4, 0x6AD },
    { 0xB4E6, 0xB4E6, 0x6AF },
    { 0xB4EC, 0xB4ED, 0x6B0 },
    { 0xB4EF, 0xB4EF, 0x6B2 },
    { 0xB4F1, 0xB4F1, 0x6B3 },
    { 0xB4F8, 0xB4F8, 0x6B4 },
    { 0xB514, 0xB515, 0x6B5 },
    { 0xB518, 0xB518, 0x6B7 },
    { 0xB51B, 0xB51C, 0x6B8 },
    { 0xB524, 0xB525, 0x6BA },
    { 0xB527, 0xB52A, 0x6BC },
    { 0xB530, 0xB531, 0x6C0 },
    { 0xB534, 0xB534, 0x6C2 },
    { 0xB538, 0xB538, 0x6C3 },
    { 0xB540, 0xB541, 0x6C4 },
    { 0xB543, 0xB545, 0x6C6 },
    { 0xB54B, 0xB54D, 0x6C9 },
    { 0xB550, 0xB550, 0x6CC },
    { 0xB554, 0xB554, 0x6CD },
    { 0xB55C, 0xB55D, 0x6CE },
    { 0xB55F, 0xB561, 0x6D0 },
    { 0xB5A0, 0xB5A1, 0x6D3 },
    { 0xB5A4, 0xB5A4, 0x6D5 },
    { 0xB5A8, 0xB5A8, 0x6D6 },
    { 0xB5AA, 0xB5AB, 0x6D7 },
    { 0xB5B0, 0xB5B1, 0x6D9 },
    { 0xB5B3, 0xB5B5, 0x6DB },
    { 0xB5BB, 0xB5BD, 0x6DE },
    { 0xB5C0, 0xB5C0, 0x6E1 },
    { 0xB5C4, 0xB5C4, 0x6E2 },
    { 0xB5CC, 0xB5CD, 0x6E3 },
    { 0xB5CF, 0xB5D1, 0x6E5 },
    { 0xB5D8, 0xB5D8, 0x6E8 },
    { 0xB5EC, 0xB5EC, 0x6E9 },
    { 0xB610, 0xB611, 0x6EA },
    { 0xB614, 0xB614, 0x6EC },
    { 0xB618, 0xB618, 0x6ED },
    { 0xB625, 0xB625, 0x6EE },
    { 0xB62C, 0xB62C, 0x6EF },
    { 0xB634, 0xB634, 0x6F0 },
    { 0xB648, 0xB648, 0x6F1 },
    { 0xB664, 0xB664, 0x6F2 },
    { 0xB668, 0xB668, 0x6F3 },
    { 0xB69C, 0xB69D, 0x6F4 },
    { 0xB6A0, 0xB6A0, 0x6F6 },
    { 0xB6A4, 0xB6A4, 0x6F7 },
    { 0xB6AB, 0xB6AC, 0x6F8 },
    { 0xB6B1, 0xB6B1, 0x6FA },
    { 0xB6D4, 0xB6D4, 0x6FB },
    { 0xB6F0, 0xB6F0, 0x6FC },
    { 0xB6F4, 0xB6F4, 0x6FD },
    { 0xB6F8, 0xB6F8, 0x6FE },
    { 0xB700, 0xB701, 0x6FF },
    { 0xB705, 0xB705, 0x701 },
    { 0xB728, 0xB729, 0x702 },
    { 0xB72C, 0xB72C, 0x704 },
    { 0xB72F, 0xB730, 0x705 },
    { 0xB738, 0xB739, 0x707 },
    { 0xB73B, 0xB73B, 0x709 },
    { 0xB744, 0xB744, 0x70A },
    { 0xB748, 0xB748, 0x70B },
    { 0xB74C, 0xB74C, 0x70C },
    { 0xB754, 0xB755, 0x70D },
    { 0xB760, 0xB760, 0x70F },
    { 0xB764, 0xB764, 0x710 },
    { 0xB768, 0xB768, 0x711 },
    { 0xB770, 0xB771, 0x712 },
    { 0xB773, 0xB773, 0x714 },
    { 0xB775, 0xB775, 0x715 },
    { 0xB77C, 0xB77D, 0x716 },
    { 0xB780, 0xB780, 0x718 },
    { 0xB784, 0xB784, 0x719 },
    { 0xB78C, 0xB78D, 0x71A },
    { 0xB78F, 0xB792, 0x71C },
    { 0xB796, 0xB799, 0x720 },
    { 0xB79C, 0xB79C, 0x724 },
    { 0xB7A0, 0xB7A0, 0x725 },
    { 0xB7A8, 0xB7A9, 0x726 },
    { 0xB7AB, 0xB7AD, 0x728 },
    { 0xB7B4, 0xB7B5, 0x72B },
    { 0xB7B8, 0xB7B8, 0x72D },
    { 0xB7C7, 0xB7C7, 0x72E },
    { 0xB7C9, 0xB7C9, 0x72F },
    { 0xB7EC, 0xB7ED, 0x730 },
    { 0xB7F0, 0xB7F0, 0x732 },
    { 0xB7F4, 0xB7F4, 0x733 },
    { 0xB7FC, 0xB7FD, 0x734 },
    { 0xB7FF, 0xB801, 0x736 },
    { 0xB807, 0xB809, 0x739 },
    { 0xB80C, 0xB80C, 0x73C },
    { 0xB810, 0xB810, 0x73D },
    { 0xB818, 0xB819, 0x73E },
    { 0xB81B, 0xB81B, 0x740 },
    { 0xB81D, 0xB81D, 0x741 },
    { 0xB824, 0xB825, 0x742 },
    { 0xB828, 0xB828, 0x744 },
    { 0xB82C, 0xB82C, 0x745 },
    { 0xB834, 0xB835, 0x746 },
    { 0xB837, 0xB839, 0x748 },
    { 0xB840, 0xB840, 0x74B },
    { 0xB844, 0xB844, 0x74C },
    { 0xB851, 0xB851, 0x74D },
    { 0xB853, 0xB853, 0x74E },
    { 0xB85C, 0xB85D, 0x74F },
    { 0xB860, 0xB860, 0x751 },
    { 0xB864, 0xB864, 0x752 },
    { 0xB86C, 0xB86D, 0x753 },
    { 0xB86F, 0xB86F, 0x755 },
    { 0xB871, 0xB871, 0x756 },
    { 0xB878, 0xB878, 0x757 },
    { 0xB87C, 0xB87C, 0x758 },
    { 0xB88D, 0xB88D, 0x759 },
    { 0xB8A8, 0xB8A8, 0x75A },
    { 0xB8B0, 0xB8B0, 0x75B },
    { 0xB8B4, 0xB8B4, 0x75C },
    { 0xB8B8, 0xB8B8, 0x75D },
    { 0xB8C0, 0xB8C1, 0x75E },
    { 0xB8C3, 0xB8C3, 0x760 },
    { 0xB8C5, 0xB8C5, 0x761 },
    { 0xB8CC, 0xB8CC, 0x762 },
    { 0xB8D0, 0xB8D0, 0x763 },
    { 0xB8D4, 0xB8D4, 0x764 },
    { 0xB8DD, 0xB8DD, 0x765 },
    { 0xB8DF, 0xB8DF, 0x766 },
    { 0xB8E1, 0xB8E1, 0x767 },
    { 0xB8E8, 0xB8E9, 0x768 },
    { 0xB8EC, 0xB8EC, 0x76A },
    { 0xB8F0, 0xB8F0, 0x76B },
    { 0xB8F8, 0xB8F9, 0x76C },
    { 0xB8FB, 0xB8FB, 0x76E },
    { 0xB8FD, 0xB8FD, 0x76F },
    { 0xB904, 0xB904, 0x770 },
    { 0xB918, 0xB918, 0x771 },
    { 0xB920, 0xB920, 0x772 },
    { 0xB93C, 0xB93D, 0x773 },
    { 0xB940, 0xB940, 0x775 },
    { 0xB944, 0xB944, 0x776 },
    { 0xB94C, 0xB94C, 0x777 },
    { 0xB94F, 0xB94F, 0x778 },
    { 0xB951, 0xB951, 0x779 },
    { 0xB958, 0xB959, 0x77A },
    { 0xB95C, 0xB95C, 0x77C },
    { 0xB960, 0xB960, 0x77D },
    { 0xB968, 0xB969, 0x77E },
    { 0xB96B, 0xB96B, 0x780 },
    { 0xB96D, 0xB96D, 0x781 },
    { 0xB974, 0xB975, 0x782 },
    { 0xB978, 0xB978, 0x784 },
    { 0xB97C, 0xB97C, 0x785 },
    { 0xB984, 0xB985, 0x786 },
    { 0xB987, 0xB987, 0x788 },
    { 0xB989, 0xB98A, 0x789 },
    { 0xB98D, 0xB98E, 0x78B },
    { 0xB9AC, 0xB9AD, 0x78D },
    { 0xB9B0, 0xB9B0, 0x78F },
    { 0xB9B4, 0xB9B4, 0x790 },
    { 0xB9BC, 0xB9BD, 0x791 },
    { 0xB9BF, 0xB9BF, 0x793 },
    { 0xB9C1, 0xB9C1, 0x794 },
    { 0xB9C8, 0xB9C9, 0x795 },
    { 0xB9CC, 0xB9CC, 0x797 },
    { 0xB9CE, 0xB9D2, 0x798 },
    { 0xB9D8, 0xB9D9, 0x79D },
    { 0xB9DB, 0xB9DB, 0x79F },
    { 0xB9DD, 0xB9DE, 0x7A0 },
    { 0xB9E1, 0xB9E1, 0x7A2 },
    { 0xB9E3, 0xB9E5, 0x7A3 },
    { 0xB9E8, 0xB9E8, 0x7A6 },
    { 0xB9EC, 0xB9EC, 0x7A7 },
    { 0xB9F4, 0xB9F5, 0x7A8 },
    { 0xB9F7, 0xB9FA, 0x7AA },
    { 0xBA00, 0xBA01, 0x7AE },
    { 0xBA08, 0xBA08, 0x7B0 },
    { 0xBA15, 0xBA15, 0x7B1 },
    { 0xBA38, 0xBA39, 0x7B2 },
    { 0xBA3C, 0xBA3C, 0x7B4 },
    { 0xBA40, 0xBA40, 0x7B5 },
    { 0xBA42, 0xBA42, 0x7B6 },
    { 0xBA48, 0xBA49, 0x7B7 },
    { 0xBA4B, 0xBA4B, 0x7B9 },
    { 0xBA4D, 0xBA4E, 0x7BA },
    { 0xBA53, 0xBA55, 0x7BC },
    { 0xBA58, 0xBA58, 0x7BF },
    { 0xBA5C, 0xBA5C, 0x7C0 },
    { 0xBA64, 0xBA65, 0x7C1 },
    { 0xBA67, 0xBA69, 0x7C3 },
    { 0xBA70, 0xBA71, 0x7C6 },
    { 0xBA74, 0xBA74, 0x7C8 },
    { 0xBA78, 0xBA78, 0x7C9 },
    { 0xBA83, 0xBA85, 0x7CA },
    { 0xBA87, 0xBA87, 0x7CD },
    { 0xBA8C, 0xBA8C, 0x7CE },
    { 0xBAA8, 0xBAA9, 0x7CF },
    { 0xBAAB, 0xBAAC, 0x7D1 },
    { 0xBAB0, 0xBAB0, 0x7D3 },
    { 0xBAB2, 0xBAB2, 0x7D4 },
    { 0xBAB8, 0xBAB9, 0x7D5 },
    { 0xBABB, 0xBABB, 0x7D7 },
    { 0xBABD, 0xBABD, 0x7D8 },
    { 0xBAC4, 0xBAC4, 0x7D9 },
    { 0xBAC8, 0xBAC8, 0x7DA },
    { 0xBAD8, 0xBAD9, 0x7DB },
    { 0xBAFC, 0xBAFC, 0x7DD },
    { 0xBB00, 0xBB00, 0x7DE },
    { 0xBB04, 0xBB04, 0x7DF },
    { 0xBB0D, 0xBB0D, 0x7E0 },
    { 0xBB0F, 0xBB0F, 0x7E1 },
    { 0xBB11, 0xBB11, 0x7E2 },
    { 0xBB18, 0xBB18, 0x7E3 },
    { 0xBB1C, 0xBB1C, 0x7E4 },
    { 0xBB20, 0xBB20, 0x7E5 },
    { 0xBB29, 0xBB29, 0x7E6 },
    { 0xBB2B, 0xBB2B, 0x7E7 },
    { 0xBB34, 0xBB36, 0x7E8 },
    { 0xBB38, 0xBB38, 0x7EB },
    { 0xBB3B, 0xBB3E, 0x7EC },
    { 0xBB44, 0xBB45, 0x7F0 },
    { 0xBB47, 0xBB47, 0x7F2 },
    { 0xBB49, 0xBB49, 0x7F3 },
    { 0xBB4D, 0xBB4D, 0x7F4 },
    { 0xBB4F, 0xBB50, 0x7F5 },
    { 0xBB54, 0xBB54, 0x7F7 },
    { 0xBB58, 0xBB58, 0x7F8 },
    { 0xBB61, 0xBB61, 0x7F9 },
    { 0xBB63, 0xBB63, 0x7FA },
    { 0xBB6C, 0xBB6C, 0x7FB },
    { 0xBB88, 0xBB88, 0x7FC },
    { 0xBB8C, 0xBB8C, 0x7FD },
    { 0xBB90, 0xBB90, 0x7FE },
    { 0xBBA4, 0xBBA4, 0x7FF },
    { 0xBBA8, 0xBBA8, 0x800 },
    { 0xBBAC, 0xBBAC, 0x801 },
    { 0xBBB4, 0xBBB4, 0x802 },
    { 0xBBB7, 0xBBB7, 0x803 },
    { 0xBBC0, 0xBBC0, 0x804 },
    { 0xBBC4, 0xBBC4, 0x805 },
    { 0xBBC8, 0xBBC8, 0x806 },
    { 0xBBD0, 0xBBD0, 0x807 },
    { 0xBBD3, 0xBBD3, 0x808 },
    { 0xBBF8, 0xBBF9, 0x809 },
    { 0xBBFC, 0xBBFC, 0x80B },
    { 0xBBFF, 0xBC00, 0x80C },
    { 0xBC02, 0xBC02, 0x80E },
    { 0xBC08, 0xBC09, 0x80F },
    { 0xBC0B, 0xBC0D, 0x811 },
    { 0xBC0F, 0xBC0F, 0x814 },
    { 0xBC11, 0xBC11, 0x815 },
    { 0xBC14, 0xBC18, 0x816 },
    { 0xBC1B, 0xBC1F, 0x81B },
    { 0xBC24, 0xBC25, 0x820 },
    { 0xBC27, 0xBC27, 0x822 },
    { 0xBC29, 0xBC29, 0x823 },
    { 0xBC2D, 0xBC2D, 0x824 },
    { 0xBC30, 0xBC31, 0x825 },
    { 0xBC34, 0xBC34, 0x827 },
    { 0xBC38, 0xBC38, 0x828 },
    { 0xBC40, 0xBC41, 0x829 },
    { 0xBC43, 0xBC45, 0x82B },
    { 0xBC49, 0xBC49, 0x82E },
    { 0xBC4C, 0xBC4D, 0x82F },
    { 0xBC50, 0xBC50, 0x831 },
    { 0xBC5D, 0xBC5D, 0x832 },
    { 0xBC84, 0xBC85, 0x833 },
    { 0xBC88, 0xBC88, 0x835 },
    { 0xBC8B, 0xBC8C, 0x836 },
    { 0xBC8E, 0xBC8E, 0x838 },
    { 0xBC94, 0xBC95, 0x839 },
    { 0xBC97, 0xBC97, 0x83B },
    { 0xBC99, 0xBC9A, 0x83C },
    { 0xBCA0, 0xBCA1, 0x83E },
    { 0xBCA4, 0xBCA4, 0x840 },
    { 0xBCA7, 0xBCA8, 0x841 },
    { 0xBCB0, 0xBCB1, 0x843 },
    { 0xBCB3, 0xBCB5, 0x845 },
    { 0xBCBC, 0xBCBD, 0x848 },
    { 0xBCC0, 0xBCC0, 0x84A },
    { 0xBCC4, 0xBCC4, 0x84B },
    { 0xBCCD, 0xBCCD, 0x84C },
    { 0xBCCF, 0xBCD1, 0x84D },
    { 0xBCD5, 0xBCD5, 0x850 },
    { 0xBCD8, 0xBCD8, 0x851 },
    { 0xBCDC, 0xBCDC, 0x852 },
    { 0xBCF4, 0xBCF6, 0x853 },
    { 0xBCF8, 0xBCF8, 0x856 },
    { 0xBCFC, 0xBCFC, 0x857 },
    { 0xBD04, 0xBD05, 0x858 },
    { 0xBD07, 0xBD07, 0x85A },
    { 0xBD09, 0xBD09, 0x85B },
    { 0xBD10, 0xBD10, 0x85C },
    { 0xBD14, 0xBD14, 0x85D },
    { 0xBD24, 0xBD24, 0x85E },
    { 0xBD2C, 0xBD2C, 0x85F },
    { 0xBD40, 0xBD40, 0x860 },
    { 0xBD48, 0xBD49, 0x861 },
    { 0xBD4C, 0xBD4C, 0x863 },
    { 0xBD50, 0xBD50, 0x864 },
    { 0xBD58, 0xBD59, 0x865 },
    { 0xBD64, 0xBD64, 0x867 },
    { 0xBD68, 0xBD68, 0x868 },
    { 0xBD80, 0xBD81, 0x869 },
    { 0xBD84, 0xBD84, 0x86B },
    { 0xBD87, 0xBD8A, 0x86C },
    { 0xBD90, 0xBD91, 0x870 },
    { 0xBD93, 0xBD93, 0x872 },
    { 0xBD95, 0xBD95, 0x873 },
    { 0xBD99, 0xBD9A, 0x874 },
    { 0xBD9C, 0xBD9C, 0x876 },
    { 0xBDA4, 0xBDA4, 0x877 },
    { 0xBDB0, 0xBDB0, 0x878 },
    { 0xBDB8, 0xBDB8, 0x879 },
    { 0xBDD4, 0xBDD5, 0x87A },
    { 0xBDD8, 0xBDD8, 0x87C },
    { 0xBDDC, 0xBDDC, 0x87D },
    { 0xBDE9, 0xBDE9, 0x87E },
    { 0xBDF0, 0xBDF0, 0x87F },
    { 0xBDF4, 0xBDF4, 0x880 },
    { 0xBDF8, 0xBDF8, 0x881 },
    { 0xBE00, 0xBE00, 0x882 },
    { 0xBE03, 0xBE03, 0x883 },
    { 0xBE05, 0xBE05, 0x884 },
    { 0xBE0C, 0xBE0D, 0x885 },
    { 0xBE10, 0xBE10, 0x887 },
    { 0xBE14, 0xBE14, 0x888 },
    { 0xBE1C, 0xBE1D, 0x889 },
    { 0xBE1F, 0xBE1F, 0x88B },
    { 0xBE44, 0xBE45, 0x88C },
    { 0xBE48, 0xBE48, 0x88E },
    { 0xBE4C, 0xBE4C, 0x88F },
    { 0xBE4E, 0xBE4E, 0x890 },
    { 0xBE54, 0xBE55, 0x891 },
    { 0xBE57, 0xBE57, 0x893 },
    { 0xBE59, 0xBE5B, 0x894 },
    { 0xBE60, 0xBE61, 0x897 },
    { 0xBE64, 0xBE64, 0x899 },
    { 0xBE68, 0xBE68, 0x89A },
    { 0xBE6A, 0xBE6A, 0x89B },
    { 0xBE70, 0xBE71, 0x89C },
    { 0xBE73, 0xBE75, 0x89E },
    { 0xBE7B, 0xBE7D, 0x8A1 },
    { 0xBE80, 0xBE80, 0x8A4 },
    { 0xBE84, 0xBE84, 0x8A5 },
    { 0xBE8C, 0xBE8D, 0x8A6 },
    { 0xBE8F, 0xBE91, 0x8A8 },
    { 0xBE98, 0xBE99, 0x8AB },
    { 0xBEA8, 0xBEA8, 0x8AD },
    { 0xBED0, 0xBED1, 0x8AE },
    { 0xBED4, 0xBED4, 0x8B0 },
    { 0xBED7, 0xBED8, 0x8B1 },
    { 0xBEE0, 0xBEE0, 0x8B3 },
    { 0xBEE3, 0xBEE5, 0x8B4 },
    { 0xBEEC, 0xBEEC, 0x8B7 },
    { 0xBF01, 0xBF01, 0x8B8 },
    { 0xBF08, 0xBF09, 0x8B9 },
    { 0xBF18, 0xBF19, 0x8BB },
    { 0xBF1B, 0xBF1D, 0x8BD },
    { 0xBF40, 0xBF41, 0x8C0 },
    { 0xBF44, 0xBF44, 0x8C2 },
    { 0xBF48, 0xBF48, 0x8C3 },
    { 0xBF50, 0xBF51, 0x8C4 },
    { 0xBF55, 0xBF55, 0x8C6 },
    { 0xBF94, 0xBF94, 0x8C7 },
    { 0xBFB0, 0xBFB0, 0x8C8 },
    { 0xBFC5, 0xBFC5, 0x8C9 },
    { 0xBFCC, 0xBFCD, 0x8CA },
    { 0xBFD0, 0xBFD0, 0x8CC },
    { 0xBFD4, 0xBFD4, 0x8CD },
    { 0xBFDC, 0xBFDC, 0x8CE },
    { 0xBFDF, 0xBFDF, 0x8CF },
    { 0xBFE1, 0xBFE1, 0x8D0 },
    { 0xC03C, 0xC03C, 0x8D1 },
    { 0xC051, 0xC051, 0x8D2 },
    { 0xC058, 0xC058, 0x8D3 },
    { 0xC05C, 0xC05C, 0x8D4 },
    { 0xC060, 0xC060, 0x8D5 },
    { 0xC068, 0xC069, 0x8D6 },
    { 0xC090, 0xC091, 0x8D8 },
    { 0xC094, 0xC094, 0x8DA },
    { 0xC098, 0xC098, 0x8DB },
    { 0xC0A0, 0xC0A1, 0x8DC },
    { 0xC0A3, 0xC0A3, 0x8DE },
    { 0xC0A5, 0xC0A5, 0x8DF },
    { 0xC0AC, 0xC0AD, 0x8E0 },
    { 0xC0AF, 0xC0B0, 0x8E2 },
    { 0xC0B3, 0xC0B6, 0x8E4 },
    { 0xC0BC, 0xC0BD, 0x8E8 },
    { 0xC0BF, 0xC0C1, 0x8EA },
    { 0xC0C5, 0xC0C5, 0x8ED },
    { 0xC0C8, 0xC0C9, 0x8EE },
    { 0xC0CC, 0xC0CC, 0x8F0 },
    { 0xC0D0, 0xC0D0, 0x8F1 },
    { 0xC0D8, 0xC0D9, 0x8F2 },
    { 0xC0DB, 0xC0DD, 0x8F4 },
    { 0xC0E4, 0xC0E5, 0x8F7 },
    { 0xC0E8, 0xC0E8, 0x8F9 },
    { 0xC0EC, 0xC0EC, 0x8FA },
    { 0xC0F4, 0xC0F5, 0x8FB },
    { 0xC0F7, 0xC0F7, 0x8FD },
    { 0xC0F9, 0xC0F9, 0x8FE },
    { 0xC100, 0xC100, 0x8FF },
    { 0xC104, 0xC104, 0x900 },
    { 0xC108, 0xC108, 0x901 },
    { 0xC110, 0xC110, 0x902 },
    { 0xC115, 0xC115, 0x903 },
    { 0xC11C, 0xC120, 0x904 },
    { 0xC123, 0xC124, 0x909 },
    { 0xC126, 0xC127, 0x90B },
    { 0xC12C, 0xC12D, 0x90D },
    { 0xC12F, 0xC131, 0x90F },
    { 0xC136, 0xC136, 0x912 },
    { 0xC138, 0xC139, 0x913 },
    { 0xC13C, 0xC13C, 0x915 },
    { 0xC140, 0xC140, 0x916 },
    { 0xC148, 0xC149, 0x917 },
    { 0xC14B, 0xC14D, 0x919 },
    { 0xC154, 0xC155, 0x91C },
    { 0xC158, 0xC158, 0x91E },
    { 0xC15C, 0xC15C, 0x91F },
    { 0xC164, 0xC165, 0x920 },
    { 0xC167, 0xC169, 0x922 },
    { 0xC170, 0xC170, 0x925 },
    { 0xC174, 0xC174, 0x926 },
    { 0xC178, 0xC178, 0x927 },
    { 0xC185, 0xC185, 0x928 },
    { 0xC18C, 0xC18E, 0x929 },
    { 0xC190, 0xC190, 0x92C },
    { 0xC194, 0xC194, 0x92D },
    { 0xC196, 0xC196, 0x92E },
    { 0xC19C, 0xC19D, 0x92F },
    { 0xC19F, 0xC19F, 0x931 },
    { 0xC1A1, 0xC1A1, 0x932 },
    { 0xC1A5, 0xC1A5, 0x933 },
    { 0xC1A8, 0xC1A9, 0x934 },
    { 0xC1AC, 0xC1AC, 0x936 },
    { 0xC1B0, 0xC1B0, 0x937 },
    { 0xC1BD, 0xC1BD, 0x938 },
    { 0xC1C4, 0xC1C4, 0x939 },
    { 0xC1C8, 0xC1C8, 0x93A },
    { 0xC1CC, 0xC1CC, 0x93B },
    { 0xC1D4, 0xC1D4, 0x93C },
    { 0xC1D7, 0xC1D8, 0x93D },
    { 0xC1E0, 0xC1E0, 0x93F },
    { 0xC1E4, 0xC1E4, 0x940 },
    { 0xC1E8, 0xC1E8, 0x941 },
    { 0xC1F0, 0xC1F1, 0x942 },
    { 0xC1F3, 0xC1F3, 0x944 },
    { 0xC1FC, 0xC1FD, 0x945 },
    { 0xC200, 0xC200, 0x947 },
    { 0xC204, 0xC204, 0x948 },
    { 0xC20C, 0xC20D, 0x949 },
    { 0xC20F, 0xC20F, 0x94B },
    { 0xC211, 0xC211, 0x94C },
    { 0xC218, 0xC219, 0x94D },
    { 0xC21C, 0xC21C, 0x94F },
    { 0xC21F, 0xC220, 0x950 },
    { 0xC228, 0xC229, 0x952 },
    { 0xC22B, 0xC22B, 0x954 },
    { 0xC22D, 0xC22D, 0x955 },
    { 0xC22F, 0xC22F, 0x956 },
    { 0xC231, 0xC232, 0x957 },
    { 0xC234, 0xC234, 0x959 },
    { 0xC248, 0xC248, 0x95A },
    { 0xC250, 0xC251, 0x95B },
    { 0xC254, 0xC254, 0x95D },
    { 0xC258, 0xC258, 0x95E },
    { 0xC260, 0xC260, 0x95F },
    { 0xC265, 0xC265, 0x960 },
    { 0xC26C, 0xC26D, 0x961 },
    { 0xC270, 0xC270, 0x963 },
    { 0xC274, 0xC274, 0x964 },
    { 0xC27C, 0xC27D, 0x965 },
    { 0xC27F, 0xC27F, 0x967 },
    { 0xC281, 0xC281, 0x968 },
    { 0xC288, 0xC289, 0x969 },
    { 0xC290, 0xC290, 0x96B },
    { 0xC298, 0xC298, 0x96C },
    { 0xC29B, 0xC29B, 0x96D },
    { 0xC29D, 0xC29D, 0x96E },
    { 0xC2A4, 0xC2A5, 0x96F },
    { 0xC2A8, 0xC2A8, 0x971 },
    { 0xC2AC, 0xC2AD, 0x972 },
    { 0xC2B4, 0xC2B5, 0x974 },
    { 0xC2B7, 0xC2B7, 0x976 },
    { 0xC2B9, 0xC2B9, 0x977 },
    { 0xC2DC, 0xC2DD, 0x978 },
    { 0xC2E0, 0xC2E0, 0x97A },
    { 0xC2E3, 0xC2E4, 0x97B },
    { 0xC2EB, 0xC2ED, 0x97D },
    { 0xC2EF, 0xC2EF, 0x980 },
    { 0xC2F1, 0xC2F1, 0x981 },
    { 0xC2F6, 0xC2F6, 0x982 },
    { 0xC2F8, 0xC2F9, 0x983 },
    { 0xC2FB, 0xC2FC, 0x985 },
    { 0xC300, 0xC300, 0x987 },
    { 0xC308, 0xC309, 0x988 },
    { 0xC30C, 0xC30D, 0x98A },
    { 0xC313, 0xC315, 0x98C },
    { 0xC318, 0xC318, 0x98F },
    { 0xC31C, 0xC31C, 0x990 },
    { 0xC324, 0xC325, 0x991 },
    { 0xC328, 0xC329, 0x993 },
    { 0xC345, 0xC345, 0x995 },
    { 0xC368, 0xC369, 0x996 },
    { 0xC36C, 0xC36C, 0x998 },
    { 0xC370, 0xC370, 0x999 },
    { 0xC372, 0xC372, 0x99A },
    { 0xC378, 0xC379, 0x99B },
    { 0xC37C, 0xC37D, 0x99D },
    { 0xC384, 0xC384, 0x99F },
    { 0xC388, 0xC388, 0x9A0 },
    { 0xC38C, 0xC38C, 0x9A1 },
    { 0xC3C0, 0xC3C0, 0x9A2 },
    { 0xC3D8, 0xC3D9, 0x9A3 },
    { 0xC3DC, 0xC3DC, 0x9A5 },
    { 0xC3DF, 0xC3E0, 0x9A6 },
    { 0xC3E2, 0xC3E2, 0x9A8 },
    { 0xC3E8, 0xC3E9, 0x9A9 },
    { 0xC3ED, 0xC3ED, 0x9AB },
    { 0xC3F4, 0xC3F5, 0x9AC },
    { 0xC3F8, 0xC3F8, 0x9AE },
    { 0xC408, 0xC408, 0x9AF },
    { 0xC410, 0xC410, 0x9B0 },
    { 0xC424, 0xC424, 0x9B1 },
    { 0xC42C, 0xC42C, 0x9B2 },
    { 0xC430, 0xC430, 0x9B3 },
    { 0xC434, 0xC434, 0x9B4 },
    { 0xC43C, 0xC43D, 0x9B5 },
    { 0xC448, 0xC448, 0x9B7 },
    { 0xC464, 0xC465, 0x9B8 },
    { 0xC468, 0xC468, 0x9BA },
    { 0xC46C, 0xC46C, 0x9BB },
    { 0xC474, 0xC475, 0x9BC },
    { 0xC479, 0xC479, 0x9BE },
    { 0xC480, 0xC480, 0x9BF },
    { 0xC494, 0xC494, 0x9C0 },
    { 0xC49C, 0xC49C, 0x9C1 },
    { 0xC4B8, 0xC4B8, 0x9C2 },
    { 0xC4BC, 0xC4BC, 0x9C3 },
    { 0xC4E9, 0xC4E9, 0x9C4 },
    { 0xC4F0, 0xC4F1, 0x9C5 },
    { 0xC4F4, 0xC4F4, 0x9C7 },
    { 0xC4F8, 0xC4F8, 0x9C8 },
    { 0xC4FA, 0xC4FA, 0x9C9 },
    { 0xC4FF, 0xC501, 0x9CA },
    { 0xC50C, 0xC50C, 0x9CD },
    { 0xC510, 0xC510, 0x9CE },
    { 0xC514, 0xC514, 0x9CF },
    { 0xC51C, 0xC51C, 0x9D0 },
    { 0xC528, 0xC529, 0x9D1 },
    { 0xC52C, 0xC52C, 0x9D3 },
    { 0xC530, 0xC530, 0x9D4 },
    { 0xC538, 0xC539, 0x9D5 },
    { 0xC53B, 0xC53B, 0x9D7 },
    { 0xC53D, 0xC53D, 0x9D8 },
    { 0xC544, 0xC545, 0x9D9 },
    { 0xC548, 0xC54A, 0x9DB },
    { 0xC54C, 0xC54E, 0x9DE },
    { 0xC553, 0xC555, 0x9E1 },
    { 0xC557, 0xC559, 0x9E4 },
    { 0xC55D, 0xC55E, 0x9E7 },
    { 0xC560, 0xC561, 0x9E9 },
    { 0xC564, 0xC564, 0x9EB },
    { 0xC568, 0xC568, 0x9EC },
    { 0xC570, 0xC571, 0x9ED },
    { 0xC573, 0xC575, 0x9EF },
    { 0xC57C, 0xC57D, 0x9F2 },
    { 0xC580, 0xC580, 0x9F4 },
    { 0xC584, 0xC584, 0x9F5 },
    { 0xC587, 0xC587, 0x9F6 },
    { 0xC58C, 0xC58D, 0x9F7 },
    { 0xC58F, 0xC58F, 0x9F9 },
    { 0xC591, 0xC591, 0x9FA },
    { 0xC595, 0xC595, 0x9FB },
    { 0xC597, 0xC598, 0x9FC },
    { 0xC59C, 0xC59C, 0x9FE },
    { 0xC5A0, 0xC5A0, 0x9FF },
    { 0xC5A9, 0xC5A9, 0xA00 },
    { 0xC5B4, 0xC5B5, 0xA01 },
    { 0xC5B8, 0xC5B9, 0xA03 },
    { 0xC5BB, 0xC5BE, 0xA05 },
    { 0xC5C4, 0xC5CA, 0xA09 },
    { 0xC5CC, 0xC5CC, 0xA10 },
    { 0xC5CE, 0xC5CE, 0xA11 },
    { 0xC5D0, 0xC5D1, 0xA12 },
    { 0xC5D4, 0xC5D4, 0xA14 },
    { 0xC5D8, 0xC5D8, 0xA15 },
    { 0xC5E0, 0xC5E1, 0xA16 },
    { 0xC5E3, 0xC5E3, 0xA18 },
    { 0xC5E5, 0xC5E5, 0xA19 },
    { 0xC5EC, 0xC5EE, 0xA1A },
    { 0xC5F0, 0xC5F0, 0xA1D },
    { 0xC5F4, 0xC5F4, 0xA1E },
    { 0xC5F6, 0xC5F7, 0xA1F },
    { 0xC5FC, 0xC601, 0xA21 },
    { 0xC605, 0xC608, 0xA27 },
    { 0xC60C, 0xC60C, 0xA2B },
    { 0xC610, 0xC610, 0xA2C },
    { 0xC618, 0xC619, 0xA2D },
    { 0xC61B, 0xC61C, 0xA2F },
    { 0xC624, 0xC625, 0xA31 },
    { 0xC628, 0xC628, 0xA33 },
    { 0xC62C, 0xC62E, 0xA34 },
    { 0xC630, 0xC630, 0xA37 },
    { 0xC633, 0xC635, 0xA38 },
    { 0xC637, 0xC637, 0xA3B },
    { 0xC639, 0xC639, 0xA3C },
    { 0xC63B, 0xC63B, 0xA3D },
    { 0xC640, 0xC641, 0xA3E },
    { 0xC644, 0xC644, 0xA40 },
    { 0xC648, 0xC648, 0xA41 },
    { 0xC650, 0xC651, 0xA42 },
    { 0xC653, 0xC655, 0xA44 },
    { 0xC65C, 0xC65D, 0xA47 },
    { 0xC660, 0xC660, 0xA49 },
    { 0xC66C, 0xC66C, 0xA4A },
    { 0xC66F, 0xC66F, 0xA4B },
    { 0xC671, 0xC671, 0xA4C },
    { 0xC678, 0xC679, 0xA4D },
    { 0xC67C, 0xC67C, 0xA4F },
    { 0xC680, 0xC680, 0xA50 },
    { 0xC688, 0xC689, 0xA51 },
    { 0xC68B, 0xC68B, 0xA53 },
    { 0xC68D, 0xC68D, 0xA54 },
    { 0xC694, 0xC695, 0xA55 },
    { 0xC698, 0xC698, 0xA57 },
    { 0xC69C, 0xC69C, 0xA58 },
    { 0xC6A4, 0xC6A5, 0xA59 },
    { 0xC6A7, 0xC6A7, 0xA5B },
    { 0xC6A9, 0xC6A9, 0xA5C },
    { 0xC6B0, 0xC6B1, 0xA5D },
    { 0xC6B4, 0xC6B4, 0xA5F },
    { 0xC6B8, 0xC6BA, 0xA60 },
    { 0xC6C0, 0xC6C1, 0xA63 },
    { 0xC6C3, 0xC6C3, 0xA65 },
    { 0xC6C5, 0xC6C5, 0xA66 },
    { 0xC6CC, 0xC6CD, 0xA67 },
    { 0xC6D0, 0xC6D0, 0xA69 },
    { 0xC6D4, 0xC6D4, 0xA6A },
    { 0xC6DC, 0xC6DD, 0xA6B },
    { 0xC6E0, 0xC6E1, 0xA6D },
    { 0xC6E8, 0xC6E9, 0xA6F },
    { 0xC6EC, 0xC6EC, 0xA71 },
    { 0xC6F0, 0xC6F0, 0xA72 },
    { 0xC6F8, 0xC6F9, 0xA73 },
    { 0xC6FD, 0xC6FD, 0xA75 },
    { 0xC704, 0xC705, 0xA76 },
    { 0xC708, 0xC708, 0xA78 },
    { 0xC70C, 0xC70C, 0xA79 },
    { 0xC714, 0xC715, 0xA7A },
    { 0xC717, 0xC717, 0xA7C },
    { 0xC719, 0xC719, 0xA7D },
    { 0xC720, 0xC721, 0xA7E },
    { 0xC724, 0xC724, 0xA80 },
    { 0xC728, 0xC728, 0xA81 },
    { 0xC730, 0xC731, 0xA82 },
    { 0xC733, 0xC733, 0xA84 },
    { 0xC735, 0xC735, 0xA85 },
    { 0xC737, 0xC737, 0xA86 },
    { 0xC73C, 0xC73D, 0xA87 },
    { 0xC740, 0xC740, 0xA89 },
    { 0xC744, 0xC744, 0xA8A },
    { 0xC74A, 0xC74A, 0xA8B },
    { 0xC74C, 0xC74D, 0xA8C },
    { 0xC74F, 0xC74F, 0xA8E },
    { 0xC751, 0xC758, 0xA8F },
    { 0xC75C, 0xC75C, 0xA97 },
    { 0xC760, 0xC760, 0xA98 },
    { 0xC768, 0xC768, 0xA99 },
    { 0xC76B, 0xC76B, 0xA9A },
    { 0xC774, 0xC775, 0xA9B },
    { 0xC778, 0xC778, 0xA9D },
    { 0xC77C, 0xC77E, 0xA9E },
    { 0xC783, 0xC785, 0xAA1 },
    { 0xC787, 0xC78A, 0xAA4 },
    { 0xC78E, 0xC78E, 0xAA8 },
    { 0xC790, 0xC791, 0xAA9 },
    { 0xC794, 0xC794, 0xAAB },
    { 0xC796, 0xC798, 0xAAC },
    { 0xC79A, 0xC79A, 0xAAF },
    { 0xC7A0, 0xC7A1, 0xAB0 },
    { 0xC7A3, 0xC7A6, 0xAB2 },
    { 0xC7AC, 0xC7AD, 0xAB6 },
    { 0xC7B0, 0xC7B0, 0xAB8 },
    { 0xC7B4, 0xC7B4, 0xAB9 },
    { 0xC7BC, 0xC7BD, 0xABA },
    { 0xC7BF, 0xC7C1, 0xABC },
    { 0xC7C8, 0xC7C9, 0xABF },
    { 0xC7CC, 0xC7CC, 0xAC1 },
    { 0xC7CE, 0xC7CE, 0xAC2 },
    { 0xC7D0, 0xC7D0, 0xAC3 },
    { 0xC7D8, 0xC7D8, 0xAC4 },
    { 0xC7DD, 0xC7DD, 0xAC5 },
    { 0xC7E4, 0xC7E4, 0xAC6 },
    { 0xC7E8, 0xC7E8, 0xAC7 },
    { 0xC7EC, 0xC7EC, 0xAC8 },
    { 0xC800, 0xC801, 0xAC9 },
    { 0xC804, 0xC804, 0xACB },
    { 0xC808, 0xC808, 0xACC },
    { 0xC80A, 0xC80A, 0xACD },
    { 0xC810, 0xC811, 0xACE },
    { 0xC813, 0xC813, 0xAD0 },
    { 0xC815, 0xC816, 0xAD1 },
    { 0xC81C, 0xC81D, 0xAD3 },
    { 0xC820, 0xC820, 0xAD5 },
    { 0xC824, 0xC824, 0xAD6 },
    { 0xC82C, 0xC82D, 0xAD7 },
    { 0xC82F, 0xC82F, 0xAD9 },
    { 0xC831, 0xC831, 0xADA },
    { 0xC838, 0xC838, 0xADB },
    { 0xC83C, 0xC83C, 0xADC },
    { 0xC840, 0xC840, 0xADD },
    { 0xC848, 0xC849, 0xADE },
    { 0xC84C, 0xC84D, 0xAE0 },
    { 0xC854, 0xC854, 0xAE2 },
    { 0xC870, 0xC871, 0xAE3 },
    { 0xC874, 0xC874, 0xAE5 },
    { 0xC878, 0xC878, 0xAE6 },
    { 0xC87A, 0xC87A, 0xAE7 },
    { 0xC880, 0xC881, 0xAE8 },
    { 0xC883, 0xC883, 0xAEA },
    { 0xC885, 0xC887, 0xAEB },
    { 0xC88B, 0xC88D, 0xAEE },
    { 0xC894, 0xC894, 0xAF1 },
    { 0xC89D, 0xC89D, 0xAF2 },
    { 0xC89F, 0xC89F, 0xAF3 },
    { 0xC8A1, 0xC8A1, 0xAF4 },
    { 0xC8A8, 0xC8A8, 0xAF5 },
    { 0xC8BC, 0xC8BD, 0xAF6 },
    { 0xC8C4, 0xC8C4, 0xAF8 },
    { 0xC8C8, 0xC8C8, 0xAF9 },
    { 0xC8CC, 0xC8CC, 0xAFA },
    { 0xC8D4, 0xC8D5, 0xAFB },
    { 0xC8D7, 0xC8D7, 0xAFD },
    { 0xC8D9, 0xC8D9, 0xAFE },
    { 0xC8E0, 0xC8E1, 0xAFF },
    { 0xC8E4, 0xC8E4, 0xB01 },
    { 0xC8F5, 0xC8F5, 0xB02 },
    { 0xC8FC, 0xC8FD, 0xB03 },
    { 0xC900, 0xC900, 0xB05 },
    { 0xC904, 0xC906, 0xB06 },
    { 0xC90C, 0xC90D, 0xB09 },
    { 0xC90F, 0xC90F, 0xB0B },
    { 0xC911, 0xC911, 0xB0C },
    { 0xC918, 0xC918, 0xB0D },
    { 0xC92C, 0xC92C, 0xB0E },
    { 0xC934, 0xC934, 0xB0F },
    { 0xC950, 0xC951, 0xB10 },
    { 0xC954, 0xC954, 0xB12 },
    { 0xC958, 0xC958, 0xB13 },
    { 0xC960, 0xC961, 0xB14 },
    { 0xC963, 0xC963, 0xB16 },
    { 0xC96C, 0xC96C, 0xB17 },
    { 0xC970, 0xC970, 0xB18 },
    { 0xC974, 0xC974, 0xB19 },
    { 0xC97C, 0xC97C, 0xB1A },
    { 0xC988, 0xC989, 0xB1B },
    { 0xC98C, 0xC98C, 0xB1D },
    { 0xC990, 0xC990, 0xB1E },
    { 0xC998, 0xC999, 0xB1F },
    { 0xC99B, 0xC99B, 0xB21 },
    { 0xC99D, 0xC99D, 0xB22 },
    { 0xC9C0, 0xC9C1, 0xB23 },
    { 0xC9C4, 0xC9C4, 0xB25 },
    { 0xC9C7, 0xC9C8, 0xB26 },
    { 0xC9CA, 0xC9CA, 0xB28 },
    { 0xC9D0, 0xC9D1, 0xB29 },
    { 0xC9D3, 0xC9D3, 0xB2B },
    { 0xC9D5, 0xC9D6, 0xB2C },
    { 0xC9D9, 0xC9DA, 0xB2E },
    { 0xC9DC, 0xC9DD, 0xB30 },
    { 0xC9E0, 0xC9E0, 0xB32 },
    { 0xC9E2, 0xC9E2, 0xB33 },
    { 0xC9E4, 0xC9E4, 0xB34 },
    { 0xC9E7, 0xC9E7, 0xB35 },
    { 0xC9EC, 0xC9ED, 0xB36 },
    { 0xC9EF, 0xC9F1, 0xB38 },
    { 0xC9F8, 0xC9F9, 0xB3B },
    { 0xC9FC, 0xC9FC, 0xB3D },
    { 0xCA00, 0xCA00, 0xB3E },
    { 0xCA08, 0xCA09, 0xB3F },
    { 0xCA0B, 0xCA0D, 0xB41 },
    { 0xCA14, 0xCA14, 0xB44 },
    { 0xCA18, 0xCA18, 0xB45 },
    { 0xCA29, 0xCA29, 0xB46 },
    { 0xCA4C, 0xCA4D, 0xB47 },
    { 0xCA50, 0xCA50, 0xB49 },
    { 0xCA54, 0xCA54, 0xB4A },
    { 0xCA5C, 0xCA5D, 0xB4B },
    { 0xCA5F, 0xCA61, 0xB4D },
    { 0xCA68, 0xCA68, 0xB50 },
    { 0xCA7D, 0xCA7D, 0xB51 },
    { 0xCA84, 0xCA84, 0xB52 },
    { 0xCA98, 0xCA98, 0xB53 },
    { 0xCABC, 0xCABD, 0xB54 },
    { 0xCAC0, 0xCAC0, 0xB56 },
    { 0xCAC4, 0xCAC4, 0xB57 },
    { 0xCACC, 0xCACD, 0xB58 },
    { 0xCACF, 0xCACF, 0xB5A },
    { 0xCAD1, 0xCAD1, 0xB5B },
    { 0xCAD3, 0xCAD3, 0xB5C },
    { 0xCAD8, 0xCAD9, 0xB5D },
    { 0xCAE0, 0xCAE0, 0xB5F },
    { 0xCAEC, 0xCAEC, 0xB60 },
    { 0xCAF4, 0xCAF4, 0xB61 },
    { 0xCB08, 0xCB08, 0xB62 },
    { 0xCB10, 0xCB10, 0xB63 },
    { 0xCB14, 0xCB14, 0xB64 },
    { 0xCB18, 0xCB18, 0xB65 },
    { 0xCB20, 0xCB21, 0xB66 },
    { 0xCB41, 0xCB41, 0xB68 },
    { 0xCB48, 0xCB49, 0xB69 },
    { 0xCB4C, 0xCB4C, 0xB6B },
    { 0xCB50, 0xCB50, 0xB6C },
    { 0xCB58, 0xCB59, 0xB6D },
    { 0xCB5D, 0xCB5D, 0xB6F },
    { 0xCB64, 0xCB64, 0xB70 },
    { 0xCB78, 0xCB79, 0xB71 },
    { 0xCB9C, 0xCB9C, 0xB73 },
    { 0xCBB8, 0xCBB8, 0xB74 },
    { 0xCBD4, 0xCBD4, 0xB75 },
    { 0xCBE4, 0xCBE4, 0xB76 },
    { 0xCBE7, 0xCBE7, 0xB77 },
    { 0xCBE9, 0xCBE9, 0xB78 },
    { 0xCC0C, 0xCC0D, 0xB79 },
    { 0xCC10, 0xCC10, 0xB7B },
    { 0xCC14, 0xCC14, 0xB7C },
    { 0xCC1C, 0xCC1D, 0xB7D },
    { 0xCC21, 0xCC22, 0xB7F },
    { 0xCC27, 0xCC29, 0xB81 },
    { 0xCC2C, 0xCC2C, 0xB84 },
    { 0xCC2E, 0xCC2E, 0xB85 },
    { 0xCC30, 0xCC30, 0xB86 },
    { 0xCC38, 0xCC39, 0xB87 },
    { 0xCC3B, 0xCC3E, 0xB89 },
    { 0xCC44, 0xCC45, 0xB8D },
    { 0xCC48, 0xCC48, 0xB8F },
    { 0xCC4C, 0xCC4C, 0xB90 },
    { 0xCC54, 0xCC55, 0xB91 },
    { 0xCC57, 0xCC59, 0xB93 },
    { 0xCC60, 0xCC60, 0xB96 },
    { 0xCC64, 0xCC64, 0xB97 },
    { 0xCC66, 0xCC66, 0xB98 },
    { 0xCC68, 0xCC68, 0xB99 },
    { 0xCC70, 0xCC70, 0xB9A },
    { 0xCC75, 0xCC75, 0xB9B },
    { 0xCC98, 0xCC99, 0xB9C },
    { 0xCC9C, 0xCC9C, 0xB9E },
    { 0xCCA0, 0xCCA0, 0xB9F },
    { 0xCCA8, 0xCCA9, 0xBA0 },
    { 0xCCAB, 0xCCAD, 0xBA2 },
    { 0xCCB4, 0xCCB5, 0xBA5 },
    { 0xCCB8, 0xCCB8, 0xBA7 },
    { 0xCCBC, 0xCCBC, 0xBA8 },
    { 0xCCC4, 0xCCC5, 0xBA9 },
    { 0xCCC7, 0xCCC7, 0xBAB },
    { 0xCCC9, 0xCCC9, 0xBAC },
    { 0xCCD0, 0xCCD0, 0xBAD },
    { 0xCCD4, 0xCCD4, 0xBAE },
    { 0xCCE4, 0xCCE4, 0xBAF },
    { 0xCCEC, 0xCCEC, 0xBB0 },
    { 0xCCF0, 0xCCF0, 0xBB1 },
    { 0xCD01, 0xCD01, 0xBB2 },
    { 0xCD08, 0xCD09, 0xBB3 },
    { 0xCD0C, 0xCD0C, 0xBB5 },
    { 0xCD10, 0xCD10, 0xBB6 },
    { 0xCD18, 0xCD19, 0xBB7 },
    { 0xCD1B, 0xCD1B, 0xBB9 },
    { 0xCD1D, 0xCD1D, 0xBBA },
    { 0xCD24, 0xCD24, 0xBBB },
    { 0xCD28, 0xCD28, 0xBBC },
    { 0xCD2C, 0xCD2C, 0xBBD },
    { 0xCD39, 0xCD39, 0xBBE },
    { 0xCD5C, 0xCD5C, 0xBBF },
    { 0xCD60, 0xCD60, 0xBC0 },
    { 0xCD64, 0xCD64, 0xBC1 },
    { 0xCD6C, 0xCD6D, 0xBC2 },
    { 0xCD6F, 0xCD6F, 0xBC4 },
    { 0xCD71, 0xCD71, 0xBC5 },
    { 0xCD78, 0xCD78, 0xBC6 },
    { 0xCD88, 0xCD88, 0xBC7 },
    { 0xCD94, 0xCD95, 0xBC8 },
    { 0xCD98, 0xCD98, 0xBCA },
    { 0xCD9C, 0xCD9C, 0xBCB },
    { 0xCDA4, 0xCDA5, 0xBCC },
    { 0xCDA7, 0xCDA7, 0xBCE },
    { 0xCDA9, 0xCDA9, 0xBCF },
    { 0xCDB0, 0xCDB0, 0xBD0 },
    { 0xCDC4, 0xCDC4, 0xBD1 },
    { 0xCDCC, 0xCDCC, 0xBD2 },
    { 0xCDD0, 0xCDD0, 0xBD3 },
    { 0xCDE8, 0xCDE8, 0xBD4 },
    { 0xCDEC, 0xCDEC, 0xBD5 },
    { 0xCDF0, 0xCDF0, 0xBD6 },
    { 0xCDF8, 0xCDF9, 0xBD7 },
    { 0xCDFB, 0xCDFB, 0xBD9 },
    { 0xCDFD, 0xCDFD, 0xBDA },
    { 0xCE04, 0xCE04, 0xBDB },
    { 0xCE08, 0xCE08, 0xBDC },
    { 0xCE0C, 0xCE0C, 0xBDD },
    { 0xCE14, 0xCE14, 0xBDE },
    { 0xCE19, 0xCE19, 0xBDF },
    { 0xCE20, 0xCE21, 0xBE0 },
    { 0xCE24, 0xCE24, 0xBE2 },
    { 0xCE28, 0xCE28, 0xBE3 },
    { 0xCE30, 0xCE31, 0xBE4 },
    { 0xCE33, 0xCE33, 0xBE6 },
    { 0xCE35, 0xCE35, 0xBE7 },
    { 0xCE58, 0xCE59, 0xBE8 },
    { 0xCE5C, 0xCE5C, 0xBEA },
    { 0xCE5F, 0xCE61, 0xBEB },
    { 0xCE68, 0xCE69, 0xBEE },
    { 0xCE6B, 0xCE6B, 0xBF0 },
    { 0xCE6D, 0xCE6D, 0xBF1 },
    { 0xCE74, 0xCE75, 0xBF2 },
    { 0xCE78, 0xCE78, 0xBF4 },
    { 0xCE7C, 0xCE7C, 0xBF5 },
    { 0xCE84, 0xCE85, 0xBF6 },
    { 0xCE87, 0xCE87, 0xBF8 },
    { 0xCE89, 0xCE89, 0xBF9 },
    { 0xCE90, 0xCE91, 0xBFA },
    { 0xCE94, 0xCE94, 0xBFC },
    { 0xCE98, 0xCE98, 0xBFD },
    { 0xCEA0, 0xCEA1, 0xBFE },
    { 0xCEA3, 0xCEA5, 0xC00 },
    { 0xCEAC, 0xCEAD, 0xC03 },
    { 0xCEC1, 0xCEC1, 0xC05 },
    { 0xCEE4, 0xCEE5, 0xC06 },
    { 0xCEE8, 0xCEE8, 0xC08 },
    { 0xCEEB, 0xCEEC, 0xC09 },
    { 0xCEF4, 0xCEF5, 0xC0B },
    { 0xCEF7, 0xCEF9, 0xC0D },
    { 0xCF00, 0xCF01, 0xC10 },
    { 0xCF04, 0xCF04, 0xC12 },
    { 0xCF08, 0xCF08, 0xC13 },
    { 0xCF10, 0xCF11, 0xC14 },
    { 0xCF13, 0xCF13, 0xC16 },
    { 0xCF15, 0xCF15, 0xC17 },
    { 0xCF1C, 0xCF1C, 0xC18 },
    { 0xCF20, 0xCF20, 0xC19 },
    { 0xCF24, 0xCF24, 0xC1A },
    { 0xCF2C, 0xCF2D, 0xC1B },
    { 0xCF2F, 0xCF31, 0xC1D },
    { 0xCF38, 0xCF38, 0xC20 },
    { 0xCF54, 0xCF55, 0xC21 },
    { 0xCF58, 0xCF58, 0xC23 },
    { 0xCF5C, 0xCF5C, 0xC24 },
    { 0xCF64, 0xCF65, 0xC25 },
    { 0xCF67, 0xCF67, 0xC27 },
    { 0xCF69, 0xCF69, 0xC28 },
    { 0xCF70, 0xCF71, 0xC29 },
    { 0xCF74, 0xCF74, 0xC2B },
    { 0xCF78, 0xCF78, 0xC2C },
    { 0xCF80, 0xCF80, 0xC2D },
    { 0xCF85, 0xCF85, 0xC2E },
    { 0xCF8C, 0xCF8C, 0xC2F },
    { 0xCFA1, 0xCFA1, 0xC30 },
    { 0xCFA8, 0xCFA8, 0xC31 },
    { 0xCFB0, 0xCFB0, 0xC32 },
    { 0xCFC4, 0xCFC4, 0xC33 },
    { 0xCFE0, 0xCFE1, 0xC34 },
    { 0xCFE4, 0xCFE4, 0xC36 },
    { 0xCFE8, 0xCFE8, 0xC37 },
    { 0xCFF0, 0xCFF1, 0xC38 },
    { 0xCFF3, 0xCFF3, 0xC3A },
    { 0xCFF5, 0xCFF5, 0xC3B },
    { 0xCFFC, 0xCFFC, 0xC3C },
    { 0xD000, 0xD000, 0xC3D },
    { 0xD004, 0xD004, 0xC3E },
    { 0xD011, 0xD011, 0xC3F },
    { 0xD018, 0xD018, 0xC40 },
    { 0xD02D, 0xD02D, 0xC41 },
    { 0xD034, 0xD035, 0xC42 },
    { 0xD038, 0xD038, 0xC44 },
    { 0xD03C, 0xD03C, 0xC45 },
    { 0xD044, 0xD045, 0xC46 },
    { 0xD047, 0xD047, 0xC48 },
    { 0xD049, 0xD049, 0xC49 },
    { 0xD050, 0xD050, 0xC4A },
    { 0xD054, 0xD054, 0xC4B },
    { 0xD058, 0xD058, 0xC4C },
    { 0xD060, 0xD060, 0xC4D },
    { 0xD06C, 0xD06D, 0xC4E },
    { 0xD070, 0xD070, 0xC50 },
    { 0xD074, 0xD074, 0xC51 },
    { 0xD07C, 0xD07D, 0xC52 },
    { 0xD081, 0xD081, 0xC54 },
    { 0xD0A4, 0xD0A5, 0xC55 },
    { 0xD0A8, 0xD0A8, 0xC57 },
    { 0xD0AC, 0xD0AC, 0xC58 },
    { 0xD0B4, 0xD0B5, 0xC59 },
    { 0xD0B7, 0xD0B7, 0xC5B },
    { 0xD0B9, 0xD0B9, 0xC5C },
    { 0xD0C0, 0xD0C1, 0xC5D },
    { 0xD0C4, 0xD0C4, 0xC5F },
    { 0xD0C8, 0xD0C9, 0xC60 },
    { 0xD0D0, 0xD0D1, 0xC62 },
    { 0xD0D3, 0xD0D5, 0xC64 },
    { 0xD0DC, 0xD0DD, 0xC67 },
    { 0xD0E0, 0xD0E0, 0xC69 },
    { 0xD0E4, 0xD0E4, 0xC6A },
    { 0xD0EC, 0xD0ED, 0xC6B },
    { 0xD0EF, 0xD0F1, 0xC6D },
    { 0xD0F8, 0xD0F8, 0xC70 },
    { 0xD10D, 0xD10D, 0xC71 },
    { 0xD130, 0xD131, 0xC72 },
    { 0xD134, 0xD134, 0xC74 },
    { 0xD138, 0xD138, 0xC75 },
    { 0xD13A, 0xD13A, 0xC76 },
    { 0xD140, 0xD141, 0xC77 },
    { 0xD143, 0xD145, 0xC79 },
    { 0xD14C, 0xD14D, 0xC7C },
    { 0xD150, 0xD150, 0xC7E },
    { 0xD154, 0xD154, 0xC7F },
    { 0xD15C, 0xD15D, 0xC80 },
    { 0xD15F, 0xD15F, 0xC82 },
    { 0xD161, 0xD161, 0xC83 },
    { 0xD168, 0xD168, 0xC84 },
    { 0xD16C, 0xD16C, 0xC85 },
    { 0xD17C, 0xD17C, 0xC86 },
    { 0xD184, 0xD184, 0xC87 },
    { 0xD188, 0xD188, 0xC88 },
    { 0xD1A0, 0xD1A1, 0xC89 },
    { 0xD1A4, 0xD1A4, 0xC8B },
    { 0xD1A8, 0xD1A8, 0xC8C },
    { 0xD1B0, 0xD1B1, 0xC8D },
    { 0xD1B3, 0xD1B3, 0xC8F },
    { 0xD1B5, 0xD1B5, 0xC90 },
    { 0xD1BA, 0xD1BA, 0xC91 },
    { 0xD1BC, 0xD1BC, 0xC92 },
    { 0xD1C0, 0xD1C0, 0xC93 },
    { 0xD1D8, 0xD1D8, 0xC94 },
    { 0xD1F4, 0xD1F4, 0xC95 },
    { 0xD1F8, 0xD1F8, 0xC96 },
    { 0xD207, 0xD207, 0xC97 },
    { 0xD209, 0xD209, 0xC98 },
    { 0xD210, 0xD210, 0xC99 },
    { 0xD22C, 0xD22D, 0xC9A },
    { 0xD230, 0xD230, 0xC9C },
    { 0xD234, 0xD234, 0xC9D },
    { 0xD23C, 0xD23D, 0xC9E },
    { 0xD23F, 0xD23F, 0xCA0 },
    { 0xD241, 0xD241, 0xCA1 },
    { 0xD248, 0xD248, 0xCA2 },
    { 0xD25C, 0xD25C, 0xCA3 },
    { 0xD264, 0xD264, 0xCA4 },
    { 0xD280, 0xD281, 0xCA5 },
    { 0xD284, 0xD284, 0xCA7 },
    { 0xD288, 0xD288, 0xCA8 },
    { 0xD290, 0xD291, 0xCA9 },
    { 0xD295, 0xD295, 0xCAB },
    { 0xD29C, 0xD29C, 0xCAC },
    { 0xD2A0, 0xD2A0, 0xCAD },
    { 0xD2A4, 0xD2A4, 0xCAE },
    { 0xD2AC, 0xD2AC, 0xCAF },
    { 0xD2B1, 0xD2B1, 0xCB0 },
    { 0xD2B8, 0xD2B9, 0xCB1 },
    { 0xD2BC, 0xD2BC, 0xCB3 },
    { 0xD2BF, 0xD2C0, 0xCB4 },
    { 0xD2C2, 0xD2C2, 0xCB6 },
    { 0xD2C8, 0xD2C9, 0xCB7 },
    { 0xD2CB, 0xD2CB, 0xCB9 },
    { 0xD2D4, 0xD2D4, 0xCBA },
    { 0xD2D8, 0xD2D8, 0xCBB },
    { 0xD2DC, 0xD2DC, 0xCBC },
    { 0xD2E4, 0xD2E5, 0xCBD },
    { 0xD2F0, 0xD2F1, 0xCBF },
    { 0xD2F4, 0xD2F4, 0xCC1 },
    { 0xD2F8, 0xD2F8, 0xCC2 },
    { 0xD300, 0xD301, 0xCC3 },
    { 0xD303, 0xD303, 0xCC5 },
    { 0xD305, 0xD305, 0xCC6 },
    { 0xD30C, 0xD30E, 0xCC7 },
    { 0xD310, 0xD310, 0xCCA },
    { 0xD314, 0xD314, 0xCCB },
    { 0xD316, 0xD316, 0xCCC },
    { 0xD31C, 0xD31D, 0xCCD },
    { 0xD31F, 0xD321, 0xCCF },
    { 0xD325, 0xD325, 0xCD2 },
    { 0xD328, 0xD329, 0xCD3 },
    { 0xD32C, 0xD32C, 0xCD5 },
    { 0xD330, 0xD330, 0xCD6 },
    { 0xD338, 0xD339, 0xCD7 },
    { 0xD33B, 0xD33D, 0xCD9 },
    { 0xD344, 0xD345, 0xCDC },
    { 0xD37C, 0xD37D, 0xCDE },
    { 0xD380, 0xD380, 0xCE0 },
    { 0xD384, 0xD384, 0xCE1 },
    { 0xD38C, 0xD38D, 0xCE2 },
    { 0xD38F, 0xD391, 0xCE4 },
    { 0xD398, 0xD399, 0xCE7 },
    { 0xD39C, 0xD39C, 0xCE9 },
    { 0xD3A0, 0xD3A0, 0xCEA },
    { 0xD3A8, 0xD3A9, 0xCEB },
    { 0xD3AB, 0xD3AB, 0xCED },
    { 0xD3AD, 0xD3AD, 0xCEE },
    { 0xD3B4, 0xD3B4, 0xCEF },
    { 0xD3B8, 0xD3B8, 0xCF0 },
    { 0xD3BC, 0xD3BC, 0xCF1 },
    { 0xD3C4, 0xD3C5, 0xCF2 },
    { 0xD3C8, 0xD3C9, 0xCF4 },
    { 0xD3D0, 0xD3D0, 0xCF6 },
    { 0xD3D8, 0xD3D8, 0xCF7 },
    { 0xD3E1, 0xD3E1, 0xCF8 },
    { 0xD3E3, 0xD3E3, 0xCF9 },
    { 0xD3EC, 0xD3ED, 0xCFA },
    { 0xD3F0, 0xD3F0, 0xCFC },
    { 0xD3F4, 0xD3F4, 0xCFD },
    { 0xD3FC, 0xD3FD, 0xCFE },
    { 0xD3FF, 0xD3FF, 0xD00 },
    { 0xD401, 0xD401, 0xD01 },
    { 0xD408, 0xD408, 0xD02 },
    { 0xD41D, 0xD41D, 0xD03 },
    { 0xD440, 0xD440, 0xD04 },
    { 0xD444, 0xD444, 0xD05 },
    { 0xD45C, 0xD45C, 0xD06 },
    { 0xD460, 0xD460, 0xD07 },
    { 0xD464, 0xD464, 0xD08 },
    { 0xD46D, 0xD46D, 0xD09 },
    { 0xD46F, 0xD46F, 0xD0A },
    { 0xD478, 0xD479, 0xD0B },
    { 0xD47C, 0xD47C, 0xD0D },
    { 0xD47F, 0xD480, 0xD0E },
    { 0xD482, 0xD482, 0xD10 },
    { 0xD488, 0xD489, 0xD11 },
    { 0xD48B, 0xD48B, 0xD13 },
    { 0xD48D, 0xD48D, 0xD14 },
    { 0xD494, 0xD494, 0xD15 },
    { 0xD4A9, 0xD4A9, 0xD16 },
    { 0xD4CC, 0xD4CC, 0xD17 },
    { 0xD4D0, 0xD4D0, 0xD18 },
    { 0xD4D4, 0xD4D4, 0xD19 },
    { 0xD4DC, 0xD4DC, 0xD1A },
    { 0xD4DF, 0xD4DF, 0xD1B },
    { 0xD4E8, 0xD4E8, 0xD1C },
    { 0xD4EC, 0xD4EC, 0xD1D },
    { 0xD4F0, 0xD4F0, 0xD1E },
    { 0xD4F8, 0xD4F8, 0xD1F },
    { 0xD4FB, 0xD4FB, 0xD20 },
    { 0xD4FD, 0xD4FD, 0xD21 },
    { 0xD504, 0xD504, 0xD22 },
    { 0xD508, 0xD508, 0xD23 },
    { 0xD50C, 0xD50C, 0xD24 },
    { 0xD514, 0xD515, 0xD25 },
    { 0xD517, 0xD517, 0xD27 },
    { 0xD53C, 0xD53D, 0xD28 },
    { 0xD540, 0xD540, 0xD2A },
    { 0xD544, 0xD544, 0xD2B },
    { 0xD54C, 0xD54D, 0xD2C },
    { 0xD54F, 0xD54F, 0xD2E },
    { 0xD551, 0xD551, 0xD2F },
    { 0xD558, 0xD559, 0xD30 },
    { 0xD55C, 0xD55C, 0xD32 },
    { 0xD560, 0xD560, 0xD33 },
    { 0xD565, 0xD565, 0xD34 },
    { 0xD568, 0xD569, 0xD35 },
    { 0xD56B, 0xD56B, 0xD37 },
    { 0xD56D, 0xD56D, 0xD38 },
    { 0xD574, 0xD575, 0xD39 },
    { 0xD578, 0xD578, 0xD3B },
    { 0xD57C, 0xD57C, 0xD3C },
    { 0xD584, 0xD585, 0xD3D },
    { 0xD587, 0xD589, 0xD3F },
    { 0xD590, 0xD590, 0xD42 },
    { 0xD5A5, 0xD5A5, 0xD43 },
    { 0xD5C8, 0xD5C9, 0xD44 },
    { 0xD5CC, 0xD5CC, 0xD46 },
    { 0xD5D0, 0xD5D0, 0xD47 },
    { 0xD5D2, 0xD5D2, 0xD48 },
    { 0xD5D8, 0xD5D9, 0xD49 },
    { 0xD5DB, 0xD5DB, 0xD4B },
    { 0xD5DD, 0xD5DD, 0xD4C },
    { 0xD5E4, 0xD5E5, 0xD4D },
    { 0xD5E8, 0xD5E8, 0xD4F },
    { 0xD5EC, 0xD5EC, 0xD50 },
    { 0xD5F4, 0xD5F5, 0xD51 },
    { 0xD5F7, 0xD5F7, 0xD53 },
    { 0xD5F9, 0xD5F9, 0xD54 },
    { 0xD600, 0xD601, 0xD55 },
    { 0xD604, 0xD604, 0xD57 },
    { 0xD608, 0xD608, 0xD58 },
    { 0xD610, 0xD611, 0xD59 },
    { 0xD613, 0xD615, 0xD5B },
    { 0xD61C, 0xD61C, 0xD5E },
    { 0xD620, 0xD620, 0xD5F },
    { 0xD624, 0xD624, 0xD60 },
    { 0xD62D, 0xD62D, 0xD61 },
    { 0xD638, 0xD639, 0xD62 },
    { 0xD63C, 0xD63C, 0xD64 },
    { 0xD640, 0xD640, 0xD65 },
    { 0xD645, 0xD645, 0xD66 },
    { 0xD648, 0xD649, 0xD67 },
    { 0xD64B, 0xD64B, 0xD69 },
    { 0xD64D, 0xD64D, 0xD6A },
    { 0xD651, 0xD651, 0xD6B },
    { 0xD654, 0xD655, 0xD6C },
    { 0xD658, 0xD658, 0xD6E },
    { 0xD65C, 0xD65C, 0xD6F },
    { 0xD667, 0xD667, 0xD70 },
    { 0xD669, 0xD669, 0xD71 },
    { 0xD670, 0xD671, 0xD72 },
    { 0xD674, 0xD674, 0xD74 },
    { 0xD683, 0xD683, 0xD75 },
    { 0xD685, 0xD685, 0xD76 },
    { 0xD68C, 0xD68D, 0xD77 },
    { 0xD690, 0xD690, 0xD79 },
    { 0xD694, 0xD694, 0xD7A },
    { 0xD69D, 0xD69D, 0xD7B },
    { 0xD69F, 0xD69F, 0xD7C },
    { 0xD6A1, 0xD6A1, 0xD7D },
    { 0xD6A8, 0xD6A8, 0xD7E },
    { 0xD6AC, 0xD6AC, 0xD7F },
    { 0xD6B0, 0xD6B0, 0xD80 },
    { 0xD6B9, 0xD6B9, 0xD81 },
    { 0xD6BB, 0xD6BB, 0xD82 },
    { 0xD6C4, 0xD6C5, 0xD83 },
    { 0xD6C8, 0xD6C8, 0xD85 },
    { 0xD6CC, 0xD6CC, 0xD86 },
    { 0xD6D1, 0xD6D1, 0xD87 },
    { 0xD6D4, 0xD6D4, 0xD88 },
    { 0xD6D7, 0xD6D7, 0xD89 },
    { 0xD6D9, 0xD6D9, 0xD8A },
    { 0xD6E0, 0xD6E0, 0xD8B },
    { 0xD6E4, 0xD6E4, 0xD8C },
    { 0xD6E8, 0xD6E8, 0xD8D },
    { 0xD6F0, 0xD6F0, 0xD8E },
    { 0xD6F5, 0xD6F5, 0xD8F },
    { 0xD6FC, 0xD6FD, 0xD90 },
    { 0xD700, 0xD700, 0xD92 },
    { 0xD704, 0xD704, 0xD93 },
    { 0xD711, 0xD711, 0xD94 },
    { 0xD718, 0xD719, 0xD95 },
    { 0xD71C, 0xD71C, 0xD97 },
    { 0xD720, 0xD720, 0xD98 },
    { 0xD728, 0xD729, 0xD99 },
    { 0xD72B, 0xD72B, 0xD9B },
    { 0xD72D, 0xD72D, 0xD9C },
    { 0xD734, 0xD735, 0xD9D },
    { 0xD738, 0xD738, 0xD9F },
    { 0xD73C, 0xD73C, 0xDA0 },
    { 0xD744, 0xD744, 0xDA1 },
    { 0xD747, 0xD747, 0xDA2 },
    { 0xD749, 0xD749, 0xDA3 },
    { 0xD750, 0xD751, 0xDA4 },
    { 0xD754, 0xD754, 0xDA6 },
    { 0xD756, 0xD759, 0xDA7 },
    { 0xD760, 0xD761, 0xDAB },
    { 0xD763, 0xD763, 0xDAD },
    { 0xD765, 0xD765, 0xDAE },
    { 0xD769, 0xD769, 0xDAF },
    { 0xD76C, 0xD76C, 0xDB0 },
    { 0xD770, 0xD770, 0xDB1 },
    { 0xD774, 0xD774, 0xDB2 },
    { 0xD77C, 0xD77D, 0xDB3 },
    { 0xD781, 0xD781, 0xDB5 },
    { 0xD788, 0xD789, 0xDB6 },
    { 0xD78C, 0xD78C, 0xDB8 },
    { 0xD790, 0xD790, 0xDB9 },
    { 0xD798, 0xD799, 0xDBA },
    { 0xD79B, 0xD79B, 0xDBC },
    { 0xD79D, 0xD79D, 0xDBD },
    { 0xFB00, 0xFB06, 0xDBE },
    { 0xFB56, 0xFB59, 0xDC5 },
    { 0xFB66, 0xFB69, 0xDC9 },
    { 0xFB7A, 0xFB7D, 0xDCD },
    { 0xFB88, 0xFB95, 0xDD1 },
    { 0xFB9E, 0xFB9F, 0xDDF },
    { 0xFBA6, 0xFBB1, 0xDE1 },
    { 0xFBFC, 0xFBFF, 0xDED },
    { 0xFE80, 0xFEFC, 0xDF1 },
    { 0xFFFD, 0xFFFD, 0xE6E },
};

static const EpdKernClassEntry notosans_8_regularKernLeftClasses[] = {
    { 0x0022, 1 }, // "
    { 0x0026, 2 }, // &
    { 0x0027, 1 }, // '
    { 0x0028, 3 }, // (
    { 0x002C, 4 }, // ,
    { 0x002D, 5 }, // -
    { 0x002E, 4 }, // .
    { 0x003A, 6 }, // :
    { 0x0041, 7 }, // A
    { 0x0042, 8 }, // B
    { 0x0043, 9 }, // C
    { 0x0044, 10 }, // D
    { 0x0045, 11 }, // E
    { 0x0046, 12 }, // F
    { 0x004B, 9 }, // K
    { 0x004C, 13 }, // L
    { 0x004F, 10 }, // O
    { 0x0050, 14 }, // P
    { 0x0051, 10 }, // Q
    { 0x0052, 15 }, // R
    { 0x0054, 16 }, // T
    { 0x0055, 17 }, // U
    { 0x0056, 18 }, // V
    { 0x0057, 18 }, // W
    { 0x0058, 9 }, // X
    { 0x0059, 19 }, // Y
    { 0x005A, 20 }, // Z
    { 0x005B, 3 }, // [
    { 0x005F, 21 }, // _
    { 0x0061, 22 }, // a
    { 0x0062, 23 }, // b
    { 0x0063, 24 }, // c
    { 0x0065, 23 }, // e
    { 0x0066, 25 }, // f
    { 0x0068, 22 }, // h
    { 0x006D, 22 }, // m
    { 0x006E, 22 }, // n
    { 0x006F, 23 }, // o
    { 0x0070, 23 }, // p
    { 0x0072, 26 }, // r
    { 0x0074, 24 }, // t
    { 0x0076, 27 }, // v
    { 0x0077, 27 }, // w
    { 0x0078, 28 }, // x
    { 0x0079, 27 }, // y
    { 0x007B, 3 }, // {
    { 0x00A1, 29 }, // U+00A1
    { 0x00AB, 30 }, // U+00AB
    { 0x00BB, 31 }, // U+00BB
    { 0x00BF, 32 }, // U+00BF
    { 0x00C0, 7 }, // U+00C0
    { 0x00C1, 7 }, // U+00C1
    { 0x00C2, 7 }, // U+00C2
    { 0x00C3, 7 }, // U+00C3
    { 0x00C4, 7 }, // U+00C4
    { 0x00C5, 7 }, // U+00C5
    { 0x00C6, 11 }, // U+00C6
    { 0x00C7, 9 }, // U+00C7
    { 0x00C8, 11 }, // U+00C8
    { 0x00C9, 11 }, // U+00C9
    { 0x00CA, 11 }, // U+00CA
    { 0x00CB, 11 }, // U+00CB
    { 0x00D0, 10 }, // U+00D0
    { 0x00D2, 10 }, // U+00D2
    { 0x00D3, 10 }, // U+00D3
    { 0x00D4, 10 }, // U+00D4
    { 0x00D5, 10 }, // U+00D5
    { 0x00D6, 10 }, // U+00D6
    { 0x00D8, 10 }, // U+00D8
    { 0x00D9, 17 }, // U+00D9
    { 0x00DA, 17 }, // U+00DA
    { 0x00DB, 17 }, // U+00DB
    { 0x00DC, 17 }, // U+00DC
    { 0x00DD, 19 }, // U+00DD
    { 0x00DE, 14 }, // U+00DE
    { 0x00E0, 22 }, // U+00E0
    { 0x00E1, 22 }, // U+00E1
    { 0x00E2, 22 }, // U+00E2
    { 0x00E3, 22 }, // U+00E3
    { 0x00E4, 22 }, // U+00E4
    { 0x00E5, 22 }, // U+00E5
    { 0x00E6, 23 }, // U+00E6
    { 0x00E8, 23 }, // U+00E8
    { 0x00E9, 23 }, // U+00E9
    { 0x00EA, 23 }, // U+00EA
    { 0x00EB, 23 }, // U+00EB
    { 0x00EE, 33 }, // U+00EE
    { 0x00EF, 33 }, // U+00EF
    { 0x00F0, 23 }, // U+00F0
    { 0x00F2, 23 }, // U+00F2
    { 0x00F3, 23 }, // U+00F3
    { 0x00F4, 23 }, // U+00F4
    { 0x00F5, 23 }, // U+00F5
    { 0x00F6, 23 }, // U+00F6
    { 0x00F8, 23 }, // U+00F8
    { 0x00FD, 27 }, // U+00FD
    { 0x00FE, 23 }, // U+00FE
    { 0x00FF, 27 }, // U+00FF
    { 0x0100, 7 }, // U+0100
    { 0x0101, 22 }, // U+0101
    { 0x0102, 7 }, // U+0102
    { 0x0103, 22 }, // U+0103
    { 0x0104, 34 }, // U+0104
    { 0x0105, 22 }, // U+0105
    { 0x0106, 9 }, // U+0106
    { 0x0108, 9 }, // U+0108
    { 0x010A, 9 }, // U+010A
    { 0x010C, 9 }, // U+010C
    { 0x010E, 10 }, // U+010E
    { 0x010F, 35 }, // U+010F
    { 0x0110, 10 }, // U+0110
    { 0x0112, 11 }, // U+0112
    { 0x0113, 23 }, // U+0113
    { 0x0114, 11 }, // U+0114
    { 0x0115, 23 }, // U+0115
    { 0x0116, 11 }, // U+0116
    { 0x0117, 23 }, // U+0117
    { 0x0118, 11 }, // U+0118
    { 0x0119, 23 }, // U+0119
    { 0x011A, 11 }, // U+011A
    { 0x011B, 23 }, // U+011B
    { 0x0125, 22 }, // U+0125
    { 0x0129, 36 }, // U+0129
    { 0x012B, 33 }, // U+012B
    { 0x012E, 37 }, // U+012E
    { 0x0136, 9 }, // U+0136
    { 0x0138, 28 }, // U+0138
    { 0x0139, 13 }, // U+0139
    { 0x013B, 13 }, // U+013B
    { 0x013D, 13 }, // U+013D
    { 0x013E, 35 }, // U+013E
    { 0x013F, 13 }, // U+013F
    { 0x0141, 13 }, // U+0141
    { 0x0144, 22 }, // U+0144
    { 0x0146, 22 }, // U+0146
    { 0x0149, 22 }, // U+0149
    { 0x014B, 22 }, // U+014B
    { 0x014C, 10 }, // U+014C
    { 0x014D, 23 }, // U+014D
    { 0x014E, 10 }, // U+014E
    { 0x014F, 23 }, // U+014F
    { 0x0150, 10 }, // U+0150
    { 0x0151, 23 }, // U+0151
    { 0x0152, 11 }, // U+0152
    { 0x0153, 23 }, // U+0153
    { 0x0155, 26 }, // U+0155
    { 0x0157, 26 }, // U+0157
    { 0x0159, 26 }, // U+0159
    { 0x0162, 16 }, // U+0162
    { 0x0163, 24 }, // U+0163
    { 0x0164, 16 }, // U+0164
    { 0x0165, 38 }, // U+0165
    { 0x0166, 16 }, // U+0166
    { 0x0167, 24 }, // U+0167
    { 0x0168, 17 }, // U+0168
    { 0x016A, 17 }, // U+016A
    { 0x016C, 17 }, // U+016C
    { 0x016E, 17 }, // U+016E
    { 0x0170, 17 }, // U+0170
    { 0x0172, 17 }, // U+0172
    { 0x0174, 18 }, // U+0174
    { 0x0175, 27 }, // U+0175
    { 0x0176, 19 }, // U+0176
    { 0x0177, 27 }, // U+0177
    { 0x0178, 19 }, // U+0178
    { 0x0179, 20 }, // U+0179
    { 0x017B, 20 }, // U+017B
    { 0x017D, 20 }, // U+017D
    { 0x01A0, 39 }, // U+01A0
    { 0x01A1, 40 }, // U+01A1
    { 0x01AF, 41 }, // U+01AF
    { 0x01B0, 42 }, // U+01B0
    { 0x01FA, 7 }, // U+01FA
    { 0x01FB, 22 }, // U+01FB
    { 0x01FC, 11 }, // U+01FC
    { 0x01FD, 23 }, // U+01FD
    { 0x01FE, 10 }, // U+01FE
    { 0x020B, 33 }, // U+020B
    { 0x021A, 16 }, // U+021A
    { 0x021B, 24 }, // U+021B
    { 0x0400, 43 }, // U+0400
    { 0x0401, 43 }, // U+0401
    { 0x0402, 44 }, // U+0402
    { 0x0403, 45 }, // U+0403
    { 0x0404, 46 }, // U+0404
    { 0x0405, 47 }, // U+0405
    { 0x0409, 48 }, // U+0409
    { 0x040A, 48 }, // U+040A
    { 0x040B, 44 }, // U+040B
    { 0x040C, 49 }, // U+040C
    { 0x040E, 50 }, // U+040E
    { 0x0410, 51 }, // U+0410
    { 0x0411, 52 }, // U+0411
    { 0x0412, 53 }, // U+0412
    { 0x0413, 45 }, // U+0413
    { 0x0414, 54 }, // U+0414
    { 0x0415, 43 }, // U+0415
    { 0x0416, 49 }, // U+0416
    { 0x0417, 53 }, // U+0417
    { 0x041A, 49 }, // U+041A
    { 0x041E, 55 }, // U+041E
    { 0x0420, 56 }, // U+0420
    { 0x0421, 46 }, // U+0421
    { 0x0422, 45 }, // U+0422
    { 0x0423, 50 }, // U+0423
    { 0x0424, 57 }, // U+0424
    { 0x0425, 49 }, // U+0425
    { 0x0426, 54 }, // U+0426
    { 0x0429, 54 }, // U+0429
    { 0x042A, 48 }, // U+042A
    { 0x042C, 48 }, // U+042C
    { 0x042D, 55 }, // U+042D
    { 0x042E, 55 }, // U+042E
    { 0x0430, 58 }, // U+0430
    { 0x0431, 59 }, // U+0431
    { 0x0432, 60 }, // U+0432
    { 0x0433, 61 }, // U+0433
    { 0x0434, 62 }, // U+0434
    { 0x0435, 63 }, // U+0435
    { 0x0436, 64 }, // U+0436
    { 0x0437, 60 }, // U+0437
    { 0x0438, 65 }, // U+0438
    { 0x0439, 65 }, // U+0439
    { 0x043A, 64 }, // U+043A
    { 0x043B, 65 }, // U+043B
    { 0x043C, 65 }, // U+043C
    { 0x043D, 65 }, // U+043D
    { 0x043E, 63 }, // U+043E
    { 0x043F, 65 }, // U+043F
    { 0x0440, 63 }, // U+0440
    { 0x0441, 66 }, // U+0441
    { 0x0442, 61 }, // U+0442
    { 0x0443, 67 }, // U+0443
    { 0x0444, 63 }, // U+0444
    { 0x0445, 64 }, // U+0445
    { 0x0446, 62 }, // U+0446
    { 0x0447, 65 }, // U+0447
    { 0x0448, 65 }, // U+0448
    { 0x0449, 62 }, // U+0449
    { 0x044A, 68 }, // U+044A
    { 0x044B, 65 }, // U+044B
    { 0x044C, 68 }, // U+044C
    { 0x044D, 63 }, // U+044D
    { 0x044E, 63 }, // U+044E
    { 0x044F, 65 }, // U+044F
    { 0x0450, 63 }, // U+0450
    { 0x0451, 63 }, // U+0451
    { 0x0452, 69 }, // U+0452
    { 0x0453, 61 }, // U+0453
    { 0x0454, 66 }, // U+0454
    { 0x0455, 70 }, // U+0455
    { 0x0457, 71 }, // U+0457
    { 0x0458, 72 }, // U+0458
    { 0x0459, 68 }, // U+0459
    { 0x045A, 68 }, // U+045A
    { 0x045B, 73 }, // U+045B
    { 0x045C, 64 }, // U+045C
    { 0x045D, 65 }, // U+045D
    { 0x045E, 67 }, // U+045E
    { 0x045F, 65 }, // U+045F
    { 0x0460, 55 }, // U+0460
    { 0x0461, 74 }, // U+0461
    { 0x0462, 75 }, // U+0462
    { 0x0463, 68 }, // U+0463
    { 0x0464, 46 }, // U+0464
    { 0x0465, 66 }, // U+0465
    { 0x0466, 51 }, // U+0466
    { 0x0467, 76 }, // U+0467
    { 0x0468, 51 }, // U+0468
    { 0x0469, 76 }, // U+0469
    { 0x046E, 77 }, // U+046E
    { 0x0471, 63 }, // U+0471
    { 0x0472, 55 }, // U+0472
    { 0x0473, 63 }, // U+0473
    { 0x0474, 50 }, // U+0474
    { 0x0475, 74 }, // U+0475
    { 0x0476, 50 }, // U+0476
    { 0x0477, 74 }, // U+0477
    { 0x0478, 67 }, // U+0478
    { 0x0479, 67 }, // U+0479
    { 0x047A, 55 }, // U+047A
    { 0x047B, 63 }, // U+047B
    { 0x047C, 55 }, // U+047C
    { 0x047D, 63 }, // U+047D
    { 0x047E, 55 }, // U+047E
    { 0x047F, 74 }, // U+047F
    { 0x0480, 46 }, // U+0480
    { 0x048A, 54 }, // U+048A
    { 0x048B, 62 }, // U+048B
    { 0x048C, 75 }, // U+048C
    { 0x048D, 68 }, // U+048D
    { 0x048E, 56 }, // U+048E
    { 0x048F, 63 }, // U+048F
    { 0x0490, 78 }, // U+0490
    { 0x0491, 79 }, // U+0491
    { 0x0492, 80 }, // U+0492
    { 0x0493, 81 }, // U+0493
    { 0x0496, 82 }, // U+0496
    { 0x0497, 83 }, // U+0497
    { 0x0498, 77 }, // U+0498
    { 0x0499, 60 }, // U+0499
    { 0x049A, 82 }, // U+049A
    { 0x049B, 83 }, // U+049B
    { 0x049C, 49 }, // U+049C
    { 0x049D, 64 }, // U+049D
    { 0x049E, 49 }, // U+049E
    { 0x049F, 64 }, // U+049F
    { 0x04A0, 49 }, // U+04A0
    { 0x04A1, 64 }, // U+04A1
    { 0x04A2, 54 }, // U+04A2
    { 0x04A3, 62 }, // U+04A3
    { 0x04A4, 80 }, // U+04A4
    { 0x04A5, 79 }, // U+04A5
    { 0x04A9, 63 }, // U+04A9
    { 0x04AA, 46 }, // U+04AA
    { 0x04AB, 66 }, // U+04AB
    { 0x04AC, 78 }, // U+04AC
    { 0x04AD, 79 }, // U+04AD
    { 0x04AE, 84 }, // U+04AE
    { 0x04AF, 85 }, // U+04AF
    { 0x04B0, 84 }, // U+04B0
    { 0x04B1, 85 }, // U+04B1
    { 0x04B2, 82 }, // U+04B2
    { 0x04B3, 83 }, // U+04B3
    { 0x04B4, 54 }, // U+04B4
    { 0x04B5, 62 }, // U+04B5
    { 0x04B6, 54 }, // U+04B6
    { 0x04B7, 62 }, // U+04B7
    { 0x04BC, 86 }, // U+04BC
    { 0x04BD, 87 }, // U+04BD
    { 0x04BE, 86 }, // U+04BE
    { 0x04BF, 87 }, // U+04BF
    { 0x04C1, 49 }, // U+04C1
    { 0x04C2, 64 }, // U+04C2
    { 0x04C5, 54 }, // U+04C5
    { 0x04C6, 62 }, // U+04C6
    { 0x04C9, 54 }, // U+04C9
    { 0x04CA, 62 }, // U+04CA
    { 0x04CD, 54 }, // U+04CD
    { 0x04CE, 62 }, // U+04CE
    { 0x04D0, 51 }, // U+04D0
    { 0x04D1, 58 }, // U+04D1
    { 0x04D2, 51 }, // U+04D2
    { 0x04D3, 58 }, // U+04D3
    { 0x04D4, 43 }, // U+04D4
    { 0x04D5, 87 }, // U+04D5
    { 0x04D6, 43 }, // U+04D6
    { 0x04D7, 87 }, // U+04D7
    { 0x04D8, 55 }, // U+04D8
    { 0x04D9, 63 }, // U+04D9
    { 0x04DA, 55 }, // U+04DA
    { 0x04DB, 63 }, // U+04DB
    { 0x04DC, 49 }, // U+04DC
    { 0x04DD, 64 }, // U+04DD
    { 0x04DE, 77 }, // U+04DE
    { 0x04DF, 60 }, // U+04DF
    { 0x04E3, 65 }, // U+04E3
    { 0x04E5, 65 }, // U+04E5
    { 0x04E6, 55 }, // U+04E6
    { 0x04E7, 63 }, // U+04E7
    { 0x04E8, 55 }, // U+04E8
    { 0x04E9, 63 }, // U+04E9
    { 0x04EA, 55 }, // U+04EA
    { 0x04EB, 63 }, // U+04EB
    { 0x04EC, 55 }, // U+04EC
    { 0x04ED, 63 }, // U+04ED
    { 0x04EE, 50 }, // U+04EE
    { 0x04EF, 67 }, // U+04EF
    { 0x04F0, 50 }, // U+04F0
    { 0x04F1, 67 }, // U+04F1
    { 0x04F2, 50 }, // U+04F2
    { 0x04F3, 67 }, // U+04F3
    { 0x04F5, 65 }, // U+04F5
    { 0x04F6, 78 }, // U+04F6
    { 0x04F7, 79 }, // U+04F7
    { 0x04F9, 65 }, // U+04F9
    { 0x04FA, 80 }, // U+04FA
    { 0x04FB, 81 }, // U+04FB
    { 0x04FC, 82 }, // U+04FC
    { 0x04FD, 83 }, // U+04FD
    { 0x04FE, 49 }, // U+04FE
    { 0x04FF, 83 }, // U+04FF
    { 0x05D0, 88 }, // U+05D0
    { 0x05D1, 89 }, // U+05D1
    { 0x05D2, 90 }, // U+05D2
    { 0x05D3, 91 }, // U+05D3
    { 0x05D5, 92 }, // U+05D5
    { 0x05D6, 93 }, // U+05D6
    { 0x05D8, 94 }, // U+05D8
    { 0x05D9, 95 }, // U+05D9
    { 0x05DB, 96 }, // U+05DB
    { 0x05DC, 97 }, // U+05DC
    { 0x05DE, 98 }, // U+05DE
    { 0x05E0, 99 }, // U+05E0
    { 0x05E1, 100 }, // U+05E1
    { 0x05E2, 101 }, // U+05E2
    { 0x05E4, 102 }, // U+05E4
    { 0x05E6, 103 }, // U+05E6
    { 0x05E8, 104 }, // U+05E8
    { 0x05E9, 105 }, // U+05E9
    { 0x05EA, 106 }, // U+05EA
    { 0x1EA0, 7 }, // U+1EA0
    { 0x1EA1, 22 }, // U+1EA1
    { 0x1EA2, 7 }, // U+1EA2
    { 0x1EA3, 22 }, // U+1EA3
    { 0x1EA4, 7 }, // U+1EA4
    { 0x1EA5, 22 }, // U+1EA5
    { 0x1EA6, 7 }, // U+1EA6
    { 0x1EA7, 22 }, // U+1EA7
    { 0x1EA8, 7 }, // U+1EA8
    { 0x1EA9, 22 }, // U+1EA9
    { 0x1EAA, 7 }, // U+1EAA
    { 0x1EAB, 22 }, // U+1EAB
    { 0x1EAC, 7 }, // U+1EAC
    { 0x1EAD, 22 }, // U+1EAD
    { 0x1EAE, 7 }, // U+1EAE
    { 0x1EAF, 22 }, // U+1EAF
    { 0x1EB0, 7 }, // U+1EB0
    { 0x1EB1, 22 }, // U+1EB1
    { 0x1EB2, 7 }, // U+1EB2
    { 0x1EB3, 22 }, // U+1EB3
    { 0x1EB4, 7 }, // U+1EB4
    { 0x1EB5, 22 }, // U+1EB5
    { 0x1EB6, 7 }, // U+1EB6
    { 0x1EB7, 22 }, // U+1EB7
    { 0x1EB8, 11 }, // U+1EB8
    { 0x1EB9, 23 }, // U+1EB9
    { 0x1EBA, 11 }, // U+1EBA
    { 0x1EBB, 23 }, // U+1EBB
    { 0x1EBC, 11 }, // U+1EBC
    { 0x1EBD, 23 }, // U+1EBD
    { 0x1EBE, 11 }, // U+1EBE
    { 0x1EBF, 23 }, // U+1EBF
    { 0x1EC0, 11 }, // U+1EC0
    { 0x1EC1, 23 }, // U+1EC1
    { 0x1EC2, 11 }, // U+1EC2
    { 0x1EC3, 23 }, // U+1EC3
    { 0x1EC4, 11 }, // U+1EC4
    { 0x1EC5, 23 }, // U+1EC5
    { 0x1EC6, 11 }, // U+1EC6
    { 0x1EC7, 23 }, // U+1EC7
    { 0x1ECC, 10 }, // U+1ECC
    { 0x1ECD, 23 }, // U+1ECD
    { 0x1ECE, 10 }, // U+1ECE
    { 0x1ECF, 23 }, // U+1ECF
    { 0x1ED0, 10 }, // U+1ED0
    { 0x1ED1, 23 }, // U+1ED1
    { 0x1ED2, 10 }, // U+1ED2
    { 0x1ED3, 23 }, // U+1ED3
    { 0x1ED4, 10 }, // U+1ED4
    { 0x1ED5, 23 }, // U+1ED5
    { 0x1ED6, 10 }, // U+1ED6
    { 0x1ED7, 23 }, // U+1ED7
    { 0x1ED8, 10 }, // U+1ED8
    { 0x1ED9, 23 }, // U+1ED9
    { 0x1EDA, 39 }, // U+1EDA
    { 0x1EDB, 40 }, // U+1EDB
    { 0x1EDC, 39 }, // U+1EDC
    { 0x1EDD, 40 }, // U+1EDD
    { 0x1EDE, 39 }, // U+1EDE
    { 0x1EDF, 40 }, // U+1EDF
    { 0x1EE0, 39 }, // U+1EE0
    { 0x1EE1, 40 }, // U+1EE1
    { 0x1EE2, 39 }, // U+1EE2
    { 0x1EE3, 40 }, // U+1EE3
    { 0x1EE4, 17 }, // U+1EE4
    { 0x1EE6, 17 }, // U+1EE6
    { 0x1EE8, 41 }, // U+1EE8
    { 0x1EE9, 42 }, // U+1EE9
    { 0x1EEA, 41 }, // U+1EEA
    { 0x1EEB, 42 }, // U+1EEB
    { 0x1EEC, 41 }, // U+1EEC
    { 0x1EED, 42 }, // U+1EED
    { 0x1EEE, 41 }, // U+1EEE
    { 0x1EEF, 42 }, // U+1EEF
    { 0x1EF0, 41 }, // U+1EF0
    { 0x1EF1, 42 }, // U+1EF1
    { 0x1EF2, 19 }, // U+1EF2
    { 0x1EF3, 27 }, // U+1EF3
    { 0x1EF4, 19 }, // U+1EF4
    { 0x1EF5, 27 }, // U+1EF5
    { 0x1EF6, 19 }, // U+1EF6
    { 0x1EF7, 27 }, // U+1EF7
    { 0x1EF8, 19 }, // U+1EF8
    { 0x1EF9, 27 }, // U+1EF9
    { 0x2013, 5 }, // U+2013
    { 0x2014, 5 }, // U+2014
    { 0x2015, 5 }, // U+2015
    { 0x2018, 1 }, // U+2018
    { 0x2019, 1 }, // U+2019
    { 0x201A, 4 }, // U+201A
    { 0x201C, 1 }, // U+201C
    { 0x201D, 1 }, // U+201D
    { 0x201E, 4 }, // U+201E
    { 0x2039, 30 }, // U+2039
    { 0x203A, 31 }, // U+203A
    { 0xFB00, 25 }, // U+FB00
    { 0xFB8C, 107 }, // U+FB8C
    { 0xFEAD, 107 }, // U+FEAD
    { 0xFEAE, 107 }, // U+FEAE
    { 0xFEAF, 107 }, // U+FEAF
};

static const EpdKernClassEntry notosans_8_regularKernRightClasses[] = {
    { 0x0021, 1 }, // !
    { 0x0022, 2 }, // "
    { 0x0026, 3 }, // &
    { 0x0027, 2 }, // '
    { 0x0029, 4 }, // )
    { 0x002C, 5 }, // ,
    { 0x002D, 6 }, // -
    { 0x002E, 5 }, // .
    { 0x003A, 7 }, // :
    { 0x003B, 7 }, // ;
    { 0x003F, 8 }, // ?
    { 0x0041, 9 }, // A
    { 0x0043, 10 }, // C
    { 0x0047, 10 }, // G
    { 0x0049, 11 }, // I
    { 0x004A, 12 }, // J
    { 0x004F, 10 }, // O
    { 0x0051, 10 }, // Q
    { 0x0054, 13 }, // T
    { 0x0055, 14 }, // U
    { 0x0056, 15 }, // V
    { 0x0057, 15 }, // W
    { 0x0058, 16 }, // X
    { 0x0059, 17 }, // Y
    { 0x005A, 18 }, // Z
    { 0x005D, 4 }, // ]
    { 0x0061, 19 }, // a
    { 0x0062, 20 }, // b
    { 0x0063, 21 }, // c
    { 0x0064, 21 }, // d
    { 0x0065, 21 }, // e
    { 0x0066, 22 }, // f
    { 0x0067, 23 }, // g
    { 0x0068, 20 }, // h
    { 0x006A, 24 }, // j
    { 0x006B, 20 }, // k
    { 0x006C, 20 }, // l
    { 0x006D, 25 }, // m
    { 0x006E, 25 }, // n
    { 0x006F, 21 }, // o
    { 0x0070, 25 }, // p
    { 0x0071, 21 }, // q
    { 0x0072, 25 }, // r
    { 0x0073, 26 }, // s
    { 0x0074, 22 }, // t
    { 0x0075, 25 }, // u
    { 0x0076, 27 }, // v
    { 0x0077, 27 }, // w
    { 0x0078, 27 }, // x
    { 0x0079, 27 }, // y
    { 0x007A, 28 }, // z
    { 0x007D, 4 }, // }
    { 0x00AB, 29 }, // U+00AB
    { 0x00BB, 30 }, // U+00BB
    { 0x00C0, 9 }, // U+00C0
    { 0x00C1, 9 }, // U+00C1
    { 0x00C2, 9 }, // U+00C2
    { 0x00C3, 9 }, // U+00C3
    { 0x00C4, 9 }, // U+00C4
    { 0x00C5, 9 }, // U+00C5
    { 0x00C6, 31 }, // U+00C6
    { 0x00C7, 10 }, // U+00C7
    { 0x00D2, 10 }, // U+00D2
    { 0x00D3, 10 }, // U+00D3
    { 0x00D4, 10 }, // U+00D4
    { 0x00D5, 10 }, // U+00D5
    { 0x00D6, 10 }, // U+00D6
    { 0x00D8, 10 }, // U+00D8
    { 0x00D9, 14 }, // U+00D9
    { 0x00DA, 14 }, // U+00DA
    { 0x00DB, 14 }, // U+00DB
    { 0x00DC, 14 }, // U+00DC
    { 0x00DD, 17 }, // U+00DD
    { 0x00E0, 21 }, // U+00E0
    { 0x00E1, 19 }, // U+00E1
    { 0x00E2, 19 }, // U+00E2
    { 0x00E3, 19 }, // U+00E3
    { 0x00E4, 19 }, // U+00E4
    { 0x00E5, 19 }, // U+00E5
    { 0x00E6, 19 }, // U+00E6
    { 0x00E7, 21 }, // U+00E7
    { 0x00E8, 21 }, // U+00E8
    { 0x00E9, 21 }, // U+00E9
    { 0x00EA, 21 }, // U+00EA
    { 0x00EB, 21 }, // U+00EB
    { 0x00F2, 21 }, // U+00F2
    { 0x00F3, 21 }, // U+00F3
    { 0x00F4, 21 }, // U+00F4
    { 0x00F5, 21 }, // U+00F5
    { 0x00F6, 21 }, // U+00F6
    { 0x00F8, 21 }, // U+00F8
    { 0x00F9, 25 }, // U+00F9
    { 0x00FA, 25 }, // U+00FA
    { 0x00FB, 25 }, // U+00FB
    { 0x00FC, 25 }, // U+00FC
    { 0x00FD, 27 }, // U+00FD
    { 0x00FE, 20 }, // U+00FE
    { 0x00FF, 27 }, // U+00FF
    { 0x0100, 9 }, // U+0100
    { 0x0101, 19 }, // U+0101
    { 0x0102, 9 }, // U+0102
    { 0x0103, 19 }, // U+0103
    { 0x0104, 9 }, // U+0104
    { 0x0105, 19 }, // U+0105
    { 0x0106, 10 }, // U+0106
    { 0x0107, 21 }, // U+0107
    { 0x0108, 10 }, // U+0108
    { 0x0109, 21 }, // U+0109
    { 0x010A, 10 }, // U+010A
    { 0x010B, 21 }, // U+010B
    { 0x010C, 10 }, // U+010C
    { 0x010D, 21 }, // U+010D
    { 0x010F, 21 }, // U+010F
    { 0x0111, 21 }, // U+0111
    { 0x0113, 21 }, // U+0113
    { 0x0115, 21 }, // U+0115
    { 0x0117, 21 }, // U+0117
    { 0x0119, 21 }, // U+0119
    { 0x011B, 21 }, // U+011B
    { 0x011C, 10 }, // U+011C
    { 0x011D, 23 }, // U+011D
    { 0x011E, 10 }, // U+011E
    { 0x011F, 23 }, // U+011F
    { 0x0120, 10 }, // U+0120
    { 0x0121, 23 }, // U+0121
    { 0x0122, 10 }, // U+0122
    { 0x0123, 23 }, // U+0123
    { 0x0125, 20 }, // U+0125
    { 0x0127, 32 }, // U+0127
    { 0x0129, 33 }, // U+0129
    { 0x0137, 20 }, // U+0137
    { 0x0138, 25 }, // U+0138
    { 0x013A, 20 }, // U+013A
    { 0x013C, 20 }, // U+013C
    { 0x013E, 20 }, // U+013E
    { 0x0140, 20 }, // U+0140
    { 0x0144, 25 }, // U+0144
    { 0x0146, 25 }, // U+0146
    { 0x014B, 25 }, // U+014B
    { 0x014C, 10 }, // U+014C
    { 0x014D, 21 }, // U+014D
    { 0x014E, 10 }, // U+014E
    { 0x014F, 21 }, // U+014F
    { 0x0150, 10 }, // U+0150
    { 0x0151, 21 }, // U+0151
    { 0x0152, 10 }, // U+0152
    { 0x0153, 21 }, // U+0153
    { 0x0155, 25 }, // U+0155
    { 0x0157, 25 }, // U+0157
    { 0x015B, 26 }, // U+015B
    { 0x015F, 26 }, // U+015F
    { 0x0162, 13 }, // U+0162
    { 0x0163, 22 }, // U+0163
    { 0x0164, 13 }, // U+0164
    { 0x0165, 22 }, // U+0165
    { 0x0166, 13 }, // U+0166
    { 0x0167, 22 }, // U+0167
    { 0x0168, 14 }, // U+0168
    { 0x0169, 25 }, // U+0169
    { 0x016A, 14 }, // U+016A
    { 0x016B, 25 }, // U+016B
    { 0x016C, 14 }, // U+016C
    { 0x016D, 25 }, // U+016D
    { 0x016E, 14 }, // U+016E
    { 0x016F, 25 }, // U+016F
    { 0x0170, 14 }, // U+0170
    { 0x0171, 25 }, // U+0171
    { 0x0172, 14 }, // U+0172
    { 0x0173, 25 }, // U+0173
    { 0x0174, 15 }, // U+0174
    { 0x0175, 27 }, // U+0175
    { 0x0176, 17 }, // U+0176
    { 0x0177, 27 }, // U+0177
    { 0x0178, 17 }, // U+0178
    { 0x0179, 18 }, // U+0179
    { 0x017A, 28 }, // U+017A
    { 0x017B, 18 }, // U+017B
    { 0x017C, 28 }, // U+017C
    { 0x017D, 18 }, // U+017D
    { 0x017E, 28 }, // U+017E
    { 0x01A0, 10 }, // U+01A0
    { 0x01A1, 21 }, // U+01A1
    { 0x01AF, 14 }, // U+01AF
    { 0x01B0, 25 }, // U+01B0
    { 0x01FA, 9 }, // U+01FA
    { 0x01FB, 19 }, // U+01FB
    { 0x01FC, 31 }, // U+01FC
    { 0x01FD, 19 }, // U+01FD
    { 0x01FE, 10 }, // U+01FE
    { 0x01FF, 21 }, // U+01FF
    { 0x0219, 26 }, // U+0219
    { 0x021A, 13 }, // U+021A
    { 0x021B, 22 }, // U+021B
    { 0x0402, 34 }, // U+0402
    { 0x0404, 35 }, // U+0404
    { 0x0405, 36 }, // U+0405
    { 0x0408, 37 }, // U+0408
    { 0x0409, 38 }, // U+0409
    { 0x040B, 34 }, // U+040B
    { 0x040E, 39 }, // U+040E
    { 0x0410, 40 }, // U+0410
    { 0x0414, 41 }, // U+0414
    { 0x0416, 42 }, // U+0416
    { 0x0417, 43 }, // U+0417
    { 0x041B, 38 }, // U+041B
    { 0x041E, 35 }, // U+041E
    { 0x0421, 35 }, // U+0421
    { 0x0422, 34 }, // U+0422
    { 0x0423, 39 }, // U+0423
    { 0x0424, 44 }, // U+0424
    { 0x0425, 42 }, // U+0425
    { 0x0427, 45 }, // U+0427
    { 0x042A, 34 }, // U+042A
    { 0x042D, 43 }, // U+042D
    { 0x042F, 46 }, // U+042F
    { 0x0430, 47 }, // U+0430
    { 0x0431, 48 }, // U+0431
    { 0x0432, 49 }, // U+0432
    { 0x0433, 49 }, // U+0433
    { 0x0434, 50 }, // U+0434
    { 0x0435, 51 }, // U+0435
    { 0x0436, 52 }, // U+0436
    { 0x0437, 53 }, // U+0437
    { 0x0438, 49 }, // U+0438
    { 0x0439, 49 }, // U+0439
    { 0x043A, 49 }, // U+043A
    { 0x043B, 54 }, // U+043B
    { 0x043C, 49 }, // U+043C
    { 0x043D, 49 }, // U+043D
    { 0x043E, 51 }, // U+043E
    { 0x043F, 49 }, // U+043F
    { 0x0440, 49 }, // U+0440
    { 0x0441, 51 }, // U+0441
    { 0x0442, 55 }, // U+0442
    { 0x0443, 56 }, // U+0443
    { 0x0444, 51 }, // U+0444
    { 0x0445, 52 }, // U+0445
    { 0x0446, 49 }, // U+0446
    { 0x0447, 57 }, // U+0447
    { 0x0448, 49 }, // U+0448
    { 0x0449, 49 }, // U+0449
    { 0x044A, 55 }, // U+044A
    { 0x044B, 49 }, // U+044B
    { 0x044C, 49 }, // U+044C
    { 0x044D, 53 }, // U+044D
    { 0x044E, 49 }, // U+044E
    { 0x044F, 58 }, // U+044F
    { 0x0450, 51 }, // U+0450
    { 0x0451, 51 }, // U+0451
    { 0x0452, 59 }, // U+0452
    { 0x0453, 49 }, // U+0453
    { 0x0454, 51 }, // U+0454
    { 0x0455, 60 }, // U+0455
    { 0x0457, 61 }, // U+0457
    { 0x0458, 62 }, // U+0458
    { 0x0459, 54 }, // U+0459
    { 0x045A, 49 }, // U+045A
    { 0x045B, 59 }, // U+045B
    { 0x045C, 49 }, // U+045C
    { 0x045D, 49 }, // U+045D
    { 0x045E, 56 }, // U+045E
    { 0x045F, 49 }, // U+045F
    { 0x0460, 63 }, // U+0460
    { 0x0461, 64 }, // U+0461
    { 0x0462, 65 }, // U+0462
    { 0x0465, 66 }, // U+0465
    { 0x0466, 40 }, // U+0466
    { 0x0467, 50 }, // U+0467
    { 0x0469, 66 }, // U+0469
    { 0x046D, 66 }, // U+046D
    { 0x046E, 43 }, // U+046E
    { 0x0470, 45 }, // U+0470
    { 0x0472, 63 }, // U+0472
    { 0x0473, 47 }, // U+0473
    { 0x0474, 67 }, // U+0474
    { 0x0475, 64 }, // U+0475
    { 0x0476, 67 }, // U+0476
    { 0x0477, 64 }, // U+0477
    { 0x0478, 63 }, // U+0478
    { 0x0479, 47 }, // U+0479
    { 0x047A, 63 }, // U+047A
    { 0x047B, 47 }, // U+047B
    { 0x047C, 63 }, // U+047C
    { 0x047D, 47 }, // U+047D
    { 0x047E, 63 }, // U+047E
    { 0x047F, 64 }, // U+047F
    { 0x0480, 63 }, // U+0480
    { 0x0481, 47 }, // U+0481
    { 0x048B, 66 }, // U+048B
    { 0x048C, 65 }, // U+048C
    { 0x048D, 59 }, // U+048D
    { 0x048F, 66 }, // U+048F
    { 0x0491, 66 }, // U+0491
    { 0x0492, 65 }, // U+0492
    { 0x0495, 66 }, // U+0495
    { 0x0496, 42 }, // U+0496
    { 0x0497, 52 }, // U+0497
    { 0x0498, 43 }, // U+0498
    { 0x0499, 53 }, // U+0499
    { 0x049B, 66 }, // U+049B
    { 0x049D, 66 }, // U+049D
    { 0x049F, 59 }, // U+049F
    { 0x04A0, 68 }, // U+04A0
    { 0x04A1, 55 }, // U+04A1
    { 0x04A3, 66 }, // U+04A3
    { 0x04A5, 66 }, // U+04A5
    { 0x04A7, 66 }, // U+04A7
    { 0x04A8, 63 }, // U+04A8
    { 0x04A9, 47 }, // U+04A9
    { 0x04AA, 63 }, // U+04AA
    { 0x04AB, 47 }, // U+04AB
    { 0x04AC, 34 }, // U+04AC
    { 0x04AD, 55 }, // U+04AD
    { 0x04AE, 69 }, // U+04AE
    { 0x04AF, 70 }, // U+04AF
    { 0x04B0, 69 }, // U+04B0
    { 0x04B1, 70 }, // U+04B1
    { 0x04B2, 42 }, // U+04B2
    { 0x04B3, 52 }, // U+04B3
    { 0x04B4, 68 }, // U+04B4
    { 0x04B5, 55 }, // U+04B5
    { 0x04B6, 45 }, // U+04B6
    { 0x04B7, 57 }, // U+04B7
    { 0x04B8, 45 }, // U+04B8
    { 0x04B9, 57 }, // U+04B9
    { 0x04BB, 66 }, // U+04BB
    { 0x04BC, 71 }, // U+04BC
    { 0x04BD, 72 }, // U+04BD
    { 0x04BE, 71 }, // U+04BE
    { 0x04BF, 72 }, // U+04BF
    { 0x04C1, 42 }, // U+04C1
    { 0x04C2, 52 }, // U+04C2
    { 0x04C4, 66 }, // U+04C4
    { 0x04C5, 73 }, // U+04C5
    { 0x04C6, 50 }, // U+04C6
    { 0x04C8, 66 }, // U+04C8
    { 0x04CA, 66 }, // U+04CA
    { 0x04CB, 45 }, // U+04CB
    { 0x04CC, 57 }, // U+04CC
    { 0x04CE, 66 }, // U+04CE
    { 0x04D0, 40 }, // U+04D0
    { 0x04D1, 74 }, // U+04D1
    { 0x04D2, 40 }, // U+04D2
    { 0x04D3, 74 }, // U+04D3
    { 0x04D4, 40 }, // U+04D4
    { 0x04D5, 74 }, // U+04D5
    { 0x04D7, 47 }, // U+04D7
    { 0x04D8, 75 }, // U+04D8
    { 0x04D9, 74 }, // U+04D9
    { 0x04DA, 75 }, // U+04DA
    { 0x04DB, 74 }, // U+04DB
    { 0x04DC, 42 }, // U+04DC
    { 0x04DD, 52 }, // U+04DD
    { 0x04DE, 43 }, // U+04DE
    { 0x04DF, 53 }, // U+04DF
    { 0x04E3, 49 }, // U+04E3
    { 0x04E5, 49 }, // U+04E5
    { 0x04E6, 63 }, // U+04E6
    { 0x04E7, 47 }, // U+04E7
    { 0x04E8, 63 }, // U+04E8
    { 0x04E9, 47 }, // U+04E9
    { 0x04EA, 63 }, // U+04EA
    { 0x04EB, 47 }, // U+04EB
    { 0x04EC, 43 }, // U+04EC
    { 0x04ED, 53 }, // U+04ED
    { 0x04EE, 39 }, // U+04EE
    { 0x04EF, 56 }, // U+04EF
    { 0x04F0, 39 }, // U+04F0
    { 0x04F1, 56 }, // U+04F1
    { 0x04F2, 39 }, // U+04F2
    { 0x04F3, 56 }, // U+04F3
    { 0x04F4, 45 }, // U+04F4
    { 0x04F5, 57 }, // U+04F5
    { 0x04F7, 66 }, // U+04F7
    { 0x04F9, 49 }, // U+04F9
    { 0x04FA, 65 }, // U+04FA
    { 0x04FC, 42 }, // U+04FC
    { 0x04FD, 52 }, // U+04FD
    { 0x04FE, 42 }, // U+04FE
    { 0x04FF, 52 }, // U+04FF
    { 0x05D0, 76 }, // U+05D0
    { 0x05D1, 77 }, // U+05D1
    { 0x05D2, 78 }, // U+05D2
    { 0x05D3, 79 }, // U+05D3
    { 0x05D4, 80 }, // U+05D4
    { 0x05D6, 81 }, // U+05D6
    { 0x05D7, 82 }, // U+05D7
    { 0x05D8, 83 }, // U+05D8
    { 0x05D9, 84 }, // U+05D9
    { 0x05DA, 85 }, // U+05DA
    { 0x05DB, 86 }, // U+05DB
    { 0x05DC, 87 }, // U+05DC
    { 0x05DD, 88 }, // U+05DD
    { 0x05DE, 89 }, // U+05DE
    { 0x05E1, 90 }, // U+05E1
    { 0x05E2, 91 }, // U+05E2
    { 0x05E3, 92 }, // U+05E3
    { 0x05E4, 93 }, // U+05E4
    { 0x05E5, 94 }, // U+05E5
    { 0x05E7, 95 }, // U+05E7
    { 0x05E8, 96 }, // U+05E8
    { 0x05E9, 97 }, // U+05E9
    { 0x05EA, 98 }, // U+05EA
    { 0x1EA0, 9 }, // U+1EA0
    { 0x1EA1, 19 }, // U+1EA1
    { 0x1EA2, 9 }, // U+1EA2
    { 0x1EA3, 19 }, // U+1EA3
    { 0x1EA4, 9 }, // U+1EA4
    { 0x1EA5, 19 }, // U+1EA5
    { 0x1EA6, 9 }, // U+1EA6
    { 0x1EA7, 19 }, // U+1EA7
    { 0x1EA8, 9 }, // U+1EA8
    { 0x1EA9, 19 }, // U+1EA9
    { 0x1EAA, 9 }, // U+1EAA
    { 0x1EAB, 19 }, // U+1EAB
    { 0x1EAC, 9 }, // U+1EAC
    { 0x1EAD, 19 }, // U+1EAD
    { 0x1EAE, 9 }, // U+1EAE
    { 0x1EAF, 19 }, // U+1EAF
    { 0x1EB0, 9 }, // U+1EB0
    { 0x1EB1, 19 }, // U+1EB1
    { 0x1EB2, 9 }, // U+1EB2
    { 0x1EB3, 19 }, // U+1EB3
    { 0x1EB4, 9 }, // U+1EB4
    { 0x1EB5, 19 }, // U+1EB5
    { 0x1EB6, 9 }, // U+1EB6
    { 0x1EB7, 19 }, // U+1EB7
    { 0x1EB9, 21 }, // U+1EB9
    { 0x1EBB, 21 }, // U+1EBB
    { 0x1EBD, 21 }, // U+1EBD
    { 0x1EBF, 21 }, // U+1EBF
    { 0x1EC1, 21 }, // U+1EC1
    { 0x1EC3, 21 }, // U+1EC3
    { 0x1EC5, 21 }, // U+1EC5
    { 0x1EC7, 21 }, // U+1EC7
    { 0x1ECC, 10 }, // U+1ECC
    { 0x1ECD, 21 }, // U+1ECD
    { 0x1ECE, 10 }, // U+1ECE
    { 0x1ECF, 21 }, // U+1ECF
    { 0x1ED0, 10 }, // U+1ED0
    { 0x1ED1, 21 }, // U+1ED1
    { 0x1ED2, 10 }, // U+1ED2
    { 0x1ED3, 21 }, // U+1ED3
    { 0x1ED4, 10 }, // U+1ED4
    { 0x1ED5, 21 }, // U+1ED5
    { 0x1ED6, 10 }, // U+1ED6
    { 0x1ED7, 21 }, // U+1ED7
    { 0x1ED8, 10 }, // U+1ED8
    { 0x1ED9, 21 }, // U+1ED9
    { 0x1EDA, 10 }, // U+1EDA
    { 0x1EDB, 21 }, // U+1EDB
    { 0x1EDC, 10 }, // U+1EDC
    { 0x1EDD, 21 }, // U+1EDD
    { 0x1EDE, 10 }, // U+1EDE
    { 0x1EDF, 21 }, // U+1EDF
    { 0x1EE0, 10 }, // U+1EE0
    { 0x1EE1, 21 }, // U+1EE1
    { 0x1EE2, 10 }, // U+1EE2
    { 0x1EE3, 21 }, // U+1EE3
    { 0x1EE4, 14 }, // U+1EE4
    { 0x1EE5, 25 }, // U+1EE5
    { 0x1EE6, 14 }, // U+1EE6
    { 0x1EE7, 25 }, // U+1EE7
    { 0x1EE8, 14 }, // U+1EE8
    { 0x1EE9, 25 }, // U+1EE9
    { 0x1EEA, 14 }, // U+1EEA
    { 0x1EEB, 25 }, // U+1EEB
    { 0x1EEC, 14 }, // U+1EEC
    { 0x1EED, 25 }, // U+1EED
    { 0x1EEE, 14 }, // U+1EEE
    { 0x1EEF, 25 }, // U+1EEF
    { 0x1EF0, 14 }, // U+1EF0
    { 0x1EF1, 25 }, // U+1EF1
    { 0x1EF2, 17 }, // U+1EF2
    { 0x1EF4, 17 }, // U+1EF4
    { 0x1EF5, 27 }, // U+1EF5
    { 0x1EF6, 17 }, // U+1EF6
    { 0x1EF7, 27 }, // U+1EF7
    { 0x1EF8, 17 }, // U+1EF8
    { 0x1EF9, 27 }, // U+1EF9
    { 0x2013, 6 }, // U+2013
    { 0x2014, 6 }, // U+2014
    { 0x2015, 6 }, // U+2015
    { 0x2018, 99 }, // U+2018
    { 0x2019, 2 }, // U+2019
    { 0x201A, 5 }, // U+201A
    { 0x201C, 99 }, // U+201C
    { 0x201D, 2 }, // U+201D
    { 0x201E, 5 }, // U+201E
    { 0x2026, 5 }, // U+2026
    { 0x2039, 29 }, // U+2039
    { 0x203A, 30 }, // U+203A
    { 0xFB00, 22 }, // U+FB00
    { 0xFB01, 22 }, // U+FB01
    { 0xFB02, 22 }, // U+FB02
    { 0xFB03, 22 }, // U+FB03
    { 0xFB04, 22 }, // U+FB04
    { 0xFB8E, 100 }, // U+FB8E
    { 0xFBA6, 100 }, // U+FBA6
    { 0xFBAA, 100 }, // U+FBAA
    { 0xFE8D, 101 }, // U+FE8D
    { 0xFEA3, 100 }, // U+FEA3
    { 0xFEA9, 102 }, // U+FEA9
    { 0xFEB1, 102 }, // U+FEB1
    { 0xFEB3, 102 }, // U+FEB3
    { 0xFEB9, 102 }, // U+FEB9
    { 0xFEBB, 102 }, // U+FEBB
    { 0xFEC1, 102 }, // U+FEC1
    { 0xFEC3, 102 }, // U+FEC3
    { 0xFECB, 101 }, // U+FECB
    { 0xFEDB, 100 }, // U+FEDB
    { 0xFEDF, 101 }, // U+FEDF
    { 0xFEE1, 100 }, // U+FEE1
    { 0xFEE3, 100 }, // U+FEE3
    { 0xFEE9, 100 }, // U+FEE9
    { 0xFEEB, 100 }, // U+FEEB
};

static const int8_t notosans_8_regularKernMatrix[] = {
       0,    0,    0,    0,    0,    0,    0,    0,  -19,    0,    0,    0,    5,    0,    5,    0,    3,    0,  -11,    0,  -16,    0,   -8,    0,   -8,   -8,    0,    0,    0,    0,  -21,    0,   19,    5,    0,    0,    0,   -8,    5,  -19,  -16,    5,    0,   -3,    0,    0,  -11,    0,    0,  -19,    0,    0,    5,  -13,    8,    5,    0,    0,    8,    0,    8,    0,    0,    0,    0,    0,    0,    5,    0,    0,    0,    0,  -16,   -5,    0,    0,    0,    0,    0,    0,    0,    0,    0,    0,    0,    0,    0,    0,    0,    0,    0,    0,    0,    0,    0,    0,    0,    0,    0,    0,    0,    0,
       0,    0,    0,    0,    0,    0,    0,    0,    0,    0,    0,    0,  -16,    0,   -5,    0,   -8,    0,    0,    0,    0,    0,    0,    0,    0,    0,    0,    0,    0,    0,    0,    0,    0,    0,    0,    0,    0,    0,    0,    0,    0,    0,    0,    0,    0,    0,    0,    0,    0,    0,    0,    0,    0,    0,    0,    0,    0,    0,    0,    0,    0,    0,    0,    0,    0,    0,    0,    0,    0,    0,    0,    0,    0,    0,    0,    0,    0,    0,    0,    0,    0,    0,    0,    0,    0,    0,    0,    0,    0,    0,    0,    0,    0,    0,    0,    0,    0,    0,    0,    0,    0,    0,
       0,    0,    0,    0,    0,    0,    0,    0,    0,    0,    0,   24,    0,    0,    0,    0,    0,    0,    0,    0,    0,    0,    0,   11,    0,    0,    0,    0,    0,    0,    0,    0,    0,    0,    0,    0,   27,    0,    0,    0,    0,    0,    0,   -8,    0,    0,    0,    0,    0,    0,    0,    0,    0,    0,    0,    0,    0,    0,    0,    0,    0,   16,    0,    0,    0,    0,    0,    0,    0,    0,    0,    0,    0,    0,    0,    0,    0,    0,    0,    0,    0,    0,    0,    0,    0,    0,    0,    0,    0,    0,    0,    0,    0,    0,    0,    0,    0,    0,    0,    0,    0,    0,
       0,    0,    0,    0,    0,    0,    0,    0,    0,  -13,    0,    0,  -19,   -5,  -16,    0,  -16,    0,    0,    0,    0,    0,    0,    0,    0,    0,    0,    0,    0,    0,    0,    0,    0,  -13,    0,    0,   16,    0,   -5,    0,    0,    0,    0,  -11,  -21,    0,    0,    0,    0,    0,    0,    0,    0,    0,  -11,    0,  -16,    0,    0,    0,    0,    0,  -13,    0,    0,    0,  -16,  -19,  -16,    0,  -16,    0,    0,    0,    0,    0,    0,    0,    0,    0,    0,    0,    0,    0,    0,    0,    0,    0,    0,    0,    0,    0,    0,    0,    0,    0,    0,    0,    0,    0,    0,    0,
       0,    0,    0,    0,    0,    0,    0,    0,    0,    0,    0,    0,  -11,    0,    0,    0,    0,    0,    0,    0,    0,    0,    0,    0,    0,    0,    0,    0,    0,    0,    0,    0,    0,  -11,    0,    0,    0,    0,   -5,    0,    0,   -3,    0,    0,    0,    0,    0,    0,    0,    0,    0,   -3,    0,    0,   -5,    0,    0,    0,    0,    0,    0,    0,    0,    0,    0,    0,    0,  -11,    0,    0,    0,    0,    0,    0,    0,    0,    0,    0,    0,    0,    0,    0,    0,    0,    0,    0,    0,    0,    0,    0,    0,    0,    0,    0,    0,    0,    0,    0,    0,    0,    0,    0,
       0,    0,    0,    0,    0,    0,    0,    0,    0,    0,    0,    0,    0,    0,    0,    0,    0,    0,    0,    0,    0,    0,    0,    0,    0,    0,    0,    0,    0,    0,    0,    0,    0,   -8,    0,    0,    0,    0,    0,    0,    0,   -3,    0,   -3,   -3,    0,    0,    0,    0,    0,    0,    0,    0,    0,    0,    0,   -3,    0,    0,    0,    0,    0,    0,    0,    0,    0,    0,    0,    0,    0,    0,    0,    0,    0,    0,    0,    0,    0,    0,    0,    0,    0,    0,    0,    0,    0,    0,    0,    0,    0,    0,    0,    0,    0,    0,    0,    0,    0,    0,    0,    0,    0,
       0,  -19,    0,    0,    0,    0,    0,    0,    0,   -5,    0,   13,  -19,    0,  -11,    0,  -16,    0,    0,    0,    0,    0,    0,    0,    0,    0,    0,    0,    0,    0,    0,    0,    0,    0,    0,    0,    0,    0,    0,    0,    0,    0,    0,    0,    0,    0,    0,    0,    0,    0,    0,    0,    0,    0,    0,    0,    0,    0,    0,    0,    0,    0,    0,    0,    0,    0,    0,    0,    0,    0,    0,    0,    0,    0,    0,    0,    0,    0,    0,    0,    0,    0,    0,    0,    0,    0,    0,    0,    0,    0,    0,    0,    0,    0,    0,    0,    0,    0,    0,    0,    0,    0,
       0,    0,    0,    0,   -3,    0,    0,    0,    0,    0,    0,    0,    0,    0,    0,    0,    0,    0,    0,    0,    0,    0,    0,    0,    0,    0,    0,    0,    0,    0,    0,    0,    0,    0,    0,    0,    0,    0,    0,    0,    0,    0,    0,    0,    0,    0,    0,    0,    0,    0,    0,    0,    0,    0,    0,    0,    0,    0,    0,    0,    0,    0,    0,    0,    0,    0,    0,    0,    0,    0,    0,    0,    0,    0,    0,    0,    0,    0,    0,    0,    0,    0,    0,    0,    0,    0,    0,    0,    0,    0,    0,    0,    0,    0,    0,    0,    0,    0,    0,    0,    0,    0,
       0,    0,    0,    0,    0,    0,    0,    0,    0,   -5,    0,    0,    0,    0,    0,    0,    0,    0,    0,    0,    0,    0,    0,    0,    0,    0,    0,    0,   -5,    0,    0,    0,    0,    0,    0,    0,    0,    0,    0,    0,    0,    0,    0,    0,    0,    0,    0,    0,    0,    0,    0,    0,    0,    0,    0,    0,    0,    0,    0,    0,    0,    0,    0,    0,    0,    0,    0,    0,    0,    0,    0,    0,    0,    0,    0,    0,    0,    0,    0,    0,    0,    0,    0,    0,    0,    0,    0,    0,    0,    0,    0,    0,    0,    0,    0,    0,    0,    0,    0,    0,    0,    0,
       0,    0,    0,    0,  -11,    0,    0,    0,   -5,    0,    0,    0,   -8,    0,   -3,   -5,   -3,   -3,    0,    0,    0,    0,    0,    0,    0,    0,    0,    0,    0,    0,    0,    0,    0,    0,    0,    0,    0,    0,    0,    0,    0,    0,    0,    0,    0,    0,    0,    0,    0,    0,    0,    0,    0,    0,    0,    0,    0,    0,    0,    0,    0,    0,    0,    0,    0,    0,    0,    0,    0,    0,    0,    0,    0,    0,    0,    0,    0,    0,    0,    0,    0,    0,    0,    0,    0,    0,    0,    0,    0,    0,    0,    0,    0,    0,    0,    0,    0,    0,    0,    0,    0,    0,
       0,    0,    0,    0,    0,    0,    0,    0,    0,    0,    0,   16,    0,    0,    0,    0,    0,    0,    0,    0,    0,    0,    0,    0,    0,    0,    0,    0,    0,    0,    0,    0,    0,    0,    0,    0,    0,    0,    0,    0,    0,    0,    0,    0,    0,    0,    0,    0,    0,    0,    0,    0,    0,    0,    0,    0,    0,    0,    0,    0,    0,    0,    0,    0,    0,    0,    0,    0,    0,    0,    0,    0,    0,    0,    0,    0,    0,    0,    0,    0,    0,    0,    0,    0,    0,    0,    0,    0,    0,    0,    0,    0,    0,    0,    0,    0,    0,    0,    0,    0,    0,    0,
       0,    0,    0,    5,  -16,    0,    0,    5,   -5,    0,    0,    0,    0,    0,    0,    0,    0,    0,    0,    0,    0,    0,    0,    0,    0,    0,    0,    0,    0,    0,    0,    0,    0,    0,    0,    0,    0,    0,    0,    0,    0,    0,    0,    0,    0,    0,    0,    0,    0,    0,    0,    0,    0,    0,    0,    0,    0,    0,    0,    0,    0,    0,    0,    0,    0,    0,    0,    0,    0,    0,    0,    0,    0,    0,    0,    0,    0,    0,    0,    0,    0,    0,    0,    0,    0,    0,    0,    0,    0,    0,    0,    0,    0,    0,    0,    0,    0,    0,    0,    0,    0,    0,
       0,  -21,    0,    0,    0,    0,    0,    0,    0,   -5,    0,    0,   -5,   -3,   -5,    0,   -8,    0,    0,    0,    0,    0,    0,    0,    0,    0,    0,    0,    0,    0,    0,    0,    0,    0,    0,    0,    0,    0,    0,    0,    0,    0,    0,    0,    0,    0,    0,    0,    0,    0,    0,    0,    0,    0,    0,    0,    0,    0,    0,    0,    0,    0,    0,    0,    0,    0,    0,    0,    0,    0,    0,    0,    0,    0,    0,    0,    0,    0,    0,    0,    0,    0,    0,    0,    0,    0,    0,    0,    0,    0,    0,    0,    0,    0,    0,    0,    0,    0,    0,    0,    0,    0,
       0,    0,   -3,    0,  -35,    0,    0,    0,  -13,    0,    0,    0,    0,    0,    0,   -5,    0,   -3,    0,    0,    0,    0,    0,    0,    0,    0,    0,    0,   -5,    0,   -8,    0,    0,    0,    0,    0,    0,    0,    0,    0,    0,    0,    0,    0,    0,    0,    0,    0,    0,    0,    0,    0,    0,    0,    0,    0,    0,    0,    0,    0,    0,    0,    0,    0,    0,    0,    0,    0,    0,    0,    0,    0,    0,    0,    0,    0,    0,    0,    0,    0,    0,    0,    0,    0,    0,    0,    0,    0,    0,    0,    0,    0,    0,    0,    0,    0,    0,    0,    0,    0,    0,    0,
       0,    0,    0,    0,    0,    0,    0,    0,    0,    0,    0,    0,    0,    0,    0,    0,    0,    0,    0,    0,    0,    0,    0,    0,    0,    0,    0,    0,   -3,    0,    0,    0,    0,    0,    0,    0,    0,    0,    0,    0,    0,    0,    0,    0,    0,    0,    0,    0,    0,    0,    0,    0,    0,    0,    0,    0,    0,    0,    0,    0,    0,    0,    0,    0,    0,    0,    0,    0,    0,    0,    0,    0,    0,    0,    0,    0,    0,    0,    0,    0,    0,    0,    0,    0,    0,    0,    0,    0,    0,    0,    0,    0,    0,    0,    0,    0,    0,    0,    0,    0,    0,    0,
       0,    0,   -5,    0,  -16,  -11,    0,    5,  -19,   -5,    0,    0,    5,    0,    0,    0,    0,    0,  -21,    0,  -19,    0,  -19,    0,  -13,  -16,   -5,  -11,  -16,   -8,    0,    0,    0,    0,    0,    0,    0,    0,    0,    0,    0,    0,    0,    0,    0,    0,    0,    0,    0,    0,    0,    0,    0,    0,    0,    0,    0,    0,    0,    0,    0,    0,    0,    0,    0,    0,    0,    0,    0,    0,    0,    0,    0,    0,    0,    0,    0,    0,    0,    0,    0,    0,    0,    0,    0,    0,    0,    0,    0,    0,    0,    0,    0,    0,    0,    0,    0,    0,    0,    0,    0,    0,
       0,    0,    0,    0,   -5,    0,    0,    0,   -3,    0,    0,    0,    0,    0,    0,    0,    0,    0,    0,    0,    0,    0,    0,    0,    0,    0,    0,    0,    0,    0,    0,    0,    0,    0,    0,    0,    0,    0,    0,    0,    0,    0,    0,    0,    0,    0,    0,    0,    0,    0,    0,    0,    0,    0,    0,    0,    0,    0,    0,    0,    0,    0,    0,    0,    0,    0,    0,    0,    0,    0,    0,    0,    0,    0,    0,    0,    0,    0,    0,    0,    0,    0,    0,    0,    0,    0,    0,    0,    0,    0,    0,    0,    0,    0,    0,    0,    0,    0,    0,    0,    0,    0,
       0,    0,    0,    0,  -13,    0,    0,    5,  -11,   -3,    0,    0,    0,    0,    0,    0,    0,    0,   -5,    0,   -5,    0,   -3,    0,   -3,   -3,    0,    0,   -8,   -3,    0,    0,    0,    0,    0,    0,    0,    0,    0,    0,    0,    0,    0,    0,    0,    0,    0,    0,    0,    0,    0,    0,    0,    0,    0,    0,    0,    0,    0,    0,    0,    0,    0,    0,    0,    0,    0,    0,    0,    0,    0,    0,    0,    0,    0,    0,    0,    0,    0,    0,    0,    0,    0,    0,    0,    0,    0,    0,    0,    0,    0,    0,    0,    0,    0,    0,    0,    0,    0,    0,    0,    0,
       0,    0,   -8,    0,  -16,    0,    0,    5,  -16,   -5,    0,    0,    0,    0,    0,    0,    0,    0,  -13,    0,  -13,    0,  -13,    0,   -8,  -11,    0,   -5,  -21,   -8,    0,    0,    0,    0,    0,    0,    0,    0,    0,    0,    0,    0,    0,    0,    0,    0,    0,    0,    0,    0,    0,    0,    0,    0,    0,    0,    0,    0,    0,    0,    0,    0,    0,    0,    0,    0,    0,    0,    0,    0,    0,    0,    0,    0,    0,    0,    0,    0,    0,    0,    0,    0,    0,    0,    0,    0,    0,    0,    0,    0,    0,    0,    0,    0,    0,    0,    0,    0,    0,    0,    0,    0,
       0,    0,    0,    0,    0,    0,    0,    0,    0,   -3,    0,    0,    0,    0,    0,    0,    0,    0,    0,    0,    0,    0,    0,    0,    0,    0,    0,    0,   -5,    0,    0,    0,    0,    0,    0,    0,    0,    0,    0,    0,    0,    0,    0,    0,    0,    0,    0,    0,    0,    0,    0,    0,    0,    0,    0,    0,    0,    0,    0,    0,    0,    0,    0,    0,    0,    0,    0,    0,    0,    0,    0,    0,    0,    0,    0,    0,    0,    0,    0,    0,    0,    0,    0,    0,    0,    0,    0,    0,    0,    0,    0,    0,    0,    0,    0,    0,    0,    0,    0,    0,    0,    0,
       0,    0,    0,    0,    0,    0,    0,    0,    0,    0,    0,   25,    0,    0,    0,    0,    0,    0,    0,    0,    0,    0,    0,    0,    0,    0,    0,    0,    0,    0,    0,    0,    0,    0,    0,    0,    0,    0,    0,    0,    0,    0,    0,    0,    0,    0,    0,    0,    0,    0,    0,    0,    0,    0,    0,    0,    0,    0,    0,    0,    0,    0,    0,    0,    0,    0,    0,    0,    0,    0,    0,    0,    0,    0,    0,    0,    0,    0,    0,    0,    0,    0,    0,    0,    0,    0,    0,    0,    0,    0,    0,    0,    0,    0,    0,    0,    0,    0,    0,    0,    0,    0,
       0,   -3,    0,    0,    0,    0,    0,    0,    0,    0,    0,    0,    0,    0,    0,    0,    0,    0,    0,    0,    0,    0,    0,    0,    0,    0,    0,    0,    0,    0,    0,    0,    0,    0,    0,    0,    0,    0,    0,    0,    0,    0,    0,    0,    0,    0,    0,    0,    0,    0,    0,    0,    0,    0,    0,    0,    0,    0,    0,    0,    0,    0,    0,    0,    0,    0,    0,    0,    0,    0,    0,    0,    0,    0,    0,    0,    0,    0,    0,    0,    0,    0,    0,    0,    0,    0,    0,    0,    0,    0,    0,    0,    0,    0,    0,    0,    0,    0,    0,    0,    0,    0,
       0,   -3,    0,    0,    0,    0,    0,    0,    0,    0,    0,    0,    0,    0,    0,    0,    0,    0,    0,    0,    0,    0,    0,    0,    0,    0,   -5,   -3,    0,    0,    0,    0,    0,    0,    0,    0,    0,    0,    0,    0,    0,    0,    0,    0,    0,    0,    0,    0,    0,    0,    0,    0,    0,    0,    0,    0,    0,    0,    0,    0,    0,    0,    0,    0,    0,    0,    0,    0,    0,    0,    0,    0,    0,    0,    0,    0,    0,    0,    0,    0,    0,    0,    0,    0,    0,    0,    0,    0,    0,    0,    0,    0,    0,    0,    0,    0,    0,    0,    0,    0,    0,    0,
       0,    5,    0,    0,    0,    0,    0,    0,    0,    0,    0,    0,    0,    0,    0,    0,    0,    0,    0,    0,    0,    0,    0,    0,    0,    0,    0,    0,    0,    0,    0,    0,    0,    0,    0,    0,    0,    0,    0,    0,    0,    0,    0,    0,    0,    0,    0,    0,    0,    0,    0,    0,    0,    0,    0,    0,    0,    0,    0,    0,    0,    0,    0,    0,    0,    0,    0,    0,    0,    0,    0,    0,    0,    0,    0,    0,    0,    0,    0,    0,    0,    0,    0,    0,    0,    0,    0,    0,    0,    0,    0,    0,    0,    0,    0,    0,    0,    0,    0,    0,    0,    0,
       0,   16,    0,   11,   -5,    0,    0,    0,    0,    0,    0,    0,    0,    0,    0,    0,    0,    0,    0,    0,    0,    0,    0,    0,    0,    0,    0,    0,    0,    0,    0,    0,    0,    0,    0,    0,    0,    0,    0,    0,    0,    0,    0,    0,    0,    0,    0,    0,    0,    0,    0,    0,    0,    0,    0,    0,    0,    0,    0,    0,    0,    0,    0,    0,    0,    0,    0,    0,    0,    0,    0,    0,    0,    0,    0,    0,    0,    0,    0,    0,    0,    0,    0,    0,    0,    0,    0,    0,    0,    0,    0,    0,    0,    0,    0,    0,    0,    0,    0,    0,    0,    0,
       0,   11,    0,    0,  -43,    0,    0,    0,    0,    0,    0,    0,    0,    0,    0,    0,    0,    0,   -5,    0,   -5,    0,   -3,    0,    0,    0,    0,    0,    0,    0,    0,    0,    0,    0,    0,    0,    0,    0,    0,    0,    0,    0,    0,    0,    0,    0,    0,    0,    0,    0,    0,    0,    0,    0,    0,    0,    0,    0,    0,    0,    0,    0,    0,    0,    0,    0,    0,    0,    0,    0,    0,    0,    0,    0,    0,    0,    0,    0,    0,    0,    0,    0,    0,    0,    0,    0,    0,    0,    0,    0,    0,    0,    0,    0,    0,    0,    0,    0,    0,    0,    0,    0,
       0,   11,    0,    0,  -11,    0,    0,    5,    0,    0,    0,    0,    0,    0,    0,    0,    0,    0,    0,    0,    0,    0,    0,    0,    0,    0,    0,    0,    0,    0,    0,    0,    0,    0,    0,    0,    0,    0,    0,    0,    0,    0,    0,    0,    0,    0,    0,    0,    0,    0,    0,    0,    0,    0,    0,    0,    0,    0,    0,    0,    0,    0,    0,    0,    0,    0,    0,    0,    0,    0,    0,    0,    0,    0,    0,    0,    0,    0,    0,    0,    0,    0,    0,    0,    0,    0,    0,    0,    0,    0,    0,    0,    0,    0,    0,    0,    0,    0,    0,    0,    0,    0,
       0,    0,    0,    0,    0,    0,    0,    0,    0,    0,    0,    0,    0,    0,    0,    0,    0,    0,    0,    0,   -5,    0,    0,    0,    0,    0,    0,    0,    0,    0,    0,    0,    0,    0,    0,    0,    0,    0,    0,    0,    0,    0,    0,    0,    0,    0,    0,    0,    0,    0,    0,    0,    0,    0,    0,    0,    0,    0,    0,    0,    0,    0,    0,    0,    0,    0,    0,    0,    0,    0,    0,    0,    0,    0,    0,    0,    0,    0,    0,    0,    0,    0,    0,    0,    0,    0,    0,    0,    0,    0,    0,    0,    0,    0,    0,    0,    0,    0,    0,    0,    0,    0,
       0,    0,    0,    0,    0,    0,    0,    0,    0,    0,    0,   13,   -5,    0,   -3,    0,   -8,    0,    0,    0,    0,    0,    0,    0,    0,    0,    0,    0,    0,    0,    0,    0,    0,    0,    0,    0,    0,    0,    0,    0,    0,    0,    0,    0,    0,    0,    0,    0,    0,    0,    0,    0,    0,    0,    0,    0,    0,    0,    0,    0,    0,    0,    0,    0,    0,    0,    0,    0,    0,    0,    0,    0,    0,    0,    0,    0,    0,    0,    0,    0,    0,    0,    0,    0,    0,    0,    0,    0,    0,    0,    0,    0,    0,    0,    0,    0,    0,    0,    0,    0,    0,    0,
       0,    0,    0,    0,    0,    0,    0,    0,    0,    0,    0,    0,   -8,    0,   -3,    0,   -8,    0,    0,    0,    0,    0,    0,    0,    0,    0,    0,    0,    0,    0,    0,    0,    0,   -8,    0,    0,    0,    0,    0,   -3,    0,    0,    0,    0,    0,    0,    0,    0,    0,    0,    0,    0,    0,    0,    0,    0,    0,    0,    0,    0,    0,    0,    0,    0,    0,    0,    0,   -3,    0,    0,    0,    0,    0,    0,    0,    0,    0,    0,    0,    0,    0,    0,    0,    0,    0,    0,    0,    0,    0,    0,    0,    0,    0,    0,    0,    0,    0,    0,    0,    0,    0,    0,
       0,    0,    0,    0,    0,    0,    0,    0,    0,    0,    0,    0,  -16,    0,   -8,   -5,  -21,    0,    0,    0,    0,    0,    0,    0,    0,    0,    0,    0,    0,    0,    0,    0,    0,  -16,    0,    0,    0,    0,   -5,    0,    0,   -5,    0,    0,   -5,    0,    0,    0,    0,    0,    0,    0,    0,    0,    0,    0,    0,    0,    0,    0,    0,    0,    0,    0,    0,    0,    0,  -11,    0,    0,    0,    0,    0,    0,    0,    0,    0,    0,    0,    0,    0,    0,    0,    0,    0,    0,    0,    0,    0,    0,    0,    0,    0,    0,    0,    0,    0,    0,    0,    0,    0,    0,
       0,    0,    0,    0,    0,    0,    0,    0,    0,    0,    0,   27,  -11,    0,   -8,    0,  -11,    0,    0,    0,    0,    0,    0,    0,    0,    0,    0,    0,    0,    0,    0,    0,    0,    0,    0,    0,    0,    0,    0,    0,    0,    0,    0,    0,    0,    0,    0,    0,    0,    0,    0,    0,    0,    0,    0,    0,    0,    0,    0,    0,    0,    0,    0,    0,    0,    0,    0,    0,    0,    0,    0,    0,    0,    0,    0,    0,    0,    0,    0,    0,    0,    0,    0,    0,    0,    0,    0,    0,    0,    0,    0,    0,    0,    0,    0,    0,    0,    0,    0,    0,    0,    0,
       0,    0,    0,   13,    0,    0,    0,    0,    0,    0,    0,    0,    0,    0,    0,    0,    0,    0,    0,    0,    0,    0,    0,    0,    0,    0,    0,    0,    0,    0,    0,    0,    0,    0,    0,    0,    0,    0,    0,    0,    0,    0,    0,    0,    0,    0,    0,    0,    0,    0,    0,    0,    0,    0,    0,    0,    0,    0,    0,    0,    0,    0,    0,    0,    0,    0,    0,    0,    0,    0,    0,    0,    0,    0,    0,    0,    0,    0,    0,    0,    0,    0,    0,    0,    0,    0,    0,    0,    0,    0,    0,    0,    0,    0,    0,    0,    0,    0,    0,    0,    0,    0,
       0,  -19,    0,    0,    0,    0,    0,    0,    0,   -5,    0,   29,  -19,    0,  -11,    0,  -16,    0,    0,    0,    0,    0,    0,    0,    0,    0,    0,    0,    0,    0,    0,    0,    0,    0,    0,    0,    0,    0,    0,    0,    0,    0,    0,    0,    0,    0,    0,    0,    0,    0,    0,    0,    0,    0,    0,    0,    0,    0,    0,    0,    0,    0,    0,    0,    0,    0,    0,    0,    0,    0,    0,    0,    0,    0,    0,    0,    0,    0,    0,    0,    0,    0,    0,    0,    0,    0,    0,    0,    0,    0,    0,    0,    0,    0,    0,    0,    0,    0,    0,    0,    0,    0,
      13,   13,    0,   24,    0,    0,    0,   24,    0,    0,    0,    0,    0,    0,    0,    0,    0,    0,    0,    8,    0,    0,    0,    0,    0,    0,    0,    0,    0,    0,    0,   19,    0,    0,    0,    0,    0,    0,    0,    0,    0,    0,    0,    0,    0,    0,    0,    0,    0,    0,    0,    0,    0,    0,    0,    0,    0,    0,    0,    0,    0,    0,    0,    0,    0,    0,    0,    0,    0,    0,    0,    0,    0,    0,    0,    0,    0,    0,    0,    0,    0,    0,    0,    0,    0,    0,    0,    0,    0,    0,    0,    0,    0,    0,    0,    0,    0,    0,   19,    0,    0,    0,
       0,    0,    0,   13,    0,    0,    0,    0,    0,    0,    0,    0,    0,    0,    0,    0,    0,    0,    0,    0,    0,    0,    0,    0,    0,    0,    0,    0,    0,    0,    0,    0,   35,    0,    0,    0,    0,    0,    0,    0,    0,    0,    0,    0,    0,    0,    0,    0,    0,    0,    0,    0,    0,    0,    0,    0,    0,    0,    0,    0,    0,    0,    0,    0,    0,    0,    0,    0,    0,    0,    0,    0,    0,    0,    0,    0,    0,    0,    0,    0,    0,    0,    0,    0,    0,    0,    0,    0,    0,    0,    0,    0,    0,    0,    0,    0,    0,    0,    0,    0,    0,    0,
       0,    0,    0,    0,    0,    0,    0,    0,    0,    0,    0,   13,    0,    0,    0,    0,    0,    0,    0,    0,    0,    0,    0,    0,    0,    0,    0,    0,    0,    0,    0,    0,    0,    0,    0,    0,    0,    0,    0,    0,    0,    0,    0,    0,    0,    0,    0,    0,    0,    0,    0,    0,    0,    0,    0,    0,    0,    0,    0,    0,    0,    0,    0,    0,    0,    0,    0,    0,    0,    0,    0,    0,    0,    0,    0,    0,    0,    0,    0,    0,    0,    0,    0,    0,    0,    0,    0,    0,    0,    0,    0,    0,    0,    0,    0,    0,    0,    0,    0,    0,    0,    0,
      19,   29,    0,   32,    0,    0,    0,   29,    0,    0,    0,    0,    0,    0,    0,    0,    0,    0,    0,    0,    0,    0,    0,    0,    0,    0,    0,    0,    0,    0,    0,    0,    0,    0,    0,    0,    0,    0,    0,    0,    0,    0,    0,    0,    0,    0,    0,    0,    0,    0,    0,    0,    0,    0,    0,    0,    0,    0,    0,    0,    0,    0,    0,    0,    0,    0,    0,    0,    0,    0,    0,    0,    0,    0,    0,    0,    0,    0,    0,    0,    0,    0,    0,    0,    0,    0,    0,    0,    0,    0,    0,    0,    0,    0,    0,    0,    0,    0,   19,    0,    0,    0,
       0,    0,    0,    0,    0,    0,    0,    0,   -5,    0,    5,    0,   16,    0,   19,   13,   16,    0,    0,    0,    0,    0,    0,    0,    0,    0,    0,    0,    0,    0,    0,    0,    0,    0,    0,    0,    0,    0,    0,    0,    0,    0,    0,    0,    0,    0,    0,    0,    0,    0,    0,    0,    0,    0,    0,    0,    0,    0,    0,    0,    0,    0,    0,    0,    0,    0,    0,    0,    0,    0,    0,    0,    0,    0,    0,    0,    0,    0,    0,    0,    0,    0,    0,    0,    0,    0,    0,    0,    0,    0,    0,    0,    0,    0,    0,    0,    0,    0,    0,    0,    0,    0,
       0,    0,    0,    0,    0,    0,    0,    0,    0,    0,    0,    0,    0,    0,    0,    0,    0,    0,    0,    5,    0,   11,    0,    0,    0,    0,   13,    0,    0,    0,    0,    0,    0,    0,    0,    0,    0,    0,    0,    0,    0,    0,    0,    0,    0,    0,    0,    0,    0,    0,    0,    0,    0,    0,    0,    0,    0,    0,    0,    0,    0,    0,    0,    0,    0,    0,    0,    0,    0,    0,    0,    0,    0,    0,    0,    0,    0,    0,    0,    0,    0,    0,    0,    0,    0,    0,    0,    0,    0,    0,    0,    0,    0,    0,    0,    0,    0,    0,    0,    0,    0,    0,
       0,    0,    0,    0,    0,    0,    0,    0,   -8,   -3,    5,    0,   19,    0,   19,   13,   16,    0,   -8,    0,   -5,    0,   -5,    0,    0,    0,    0,    0,    0,    0,    0,    0,    0,    0,    0,    0,    0,    0,    0,    0,    0,    0,    0,    0,    0,    0,    0,    0,    0,    0,    0,    0,    0,    0,    0,    0,    0,    0,    0,    0,    0,    0,    0,    0,    0,    0,    0,    0,    0,    0,    0,    0,    0,    0,    0,    0,    0,    0,    0,    0,    0,    0,    0,    0,    0,    0,    0,    0,    0,    0,    0,    0,    0,    0,    0,    0,    0,    0,    0,    0,    0,    0,
       0,    0,    0,    0,    0,    0,    0,    0,    0,    0,    0,    0,    0,    0,    0,    0,    0,    0,    0,    5,    0,   13,    0,    0,    0,    0,   13,    0,    0,    0,    0,    0,    0,    0,    0,    0,    0,    0,    0,    0,    0,    0,    0,    0,    0,    0,    0,    0,    0,    0,    0,    0,    0,    0,    0,    0,    0,    0,    0,    0,    0,    0,    0,    0,    0,    0,    0,    0,    0,    0,    0,    0,    0,    0,    0,    0,    0,    0,    0,    0,    0,    0,    0,    0,    0,    0,    0,    0,    0,    0,    0,    0,    0,    0,    0,    0,    0,    0,    0,    0,    0,    0,
       0,    0,    0,    0,    0,    0,    0,    0,    0,    0,    0,    0,    0,    0,    0,    0,    0,    0,    0,    0,    0,    0,    0,    0,    0,    0,    0,    0,    0,    0,    0,    0,    0,    0,    0,    0,   13,    0,    0,    0,    0,    0,    0,    0,    0,    0,    0,    0,    0,    0,    0,    0,    0,    0,    0,    0,    0,    0,    0,    0,    0,    0,    0,    0,    0,    0,    0,    0,    0,    0,    0,    0,    0,    0,    0,    0,    0,    0,    0,    0,    0,    0,    0,    0,    0,    0,    0,    0,    0,    0,    0,    0,    0,    0,    0,    0,    0,    0,    0,    0,    0,    0,
       0,  -19,    0,    0,    0,    0,    0,    0,    0,    0,    0,    0,    0,    0,    0,    0,    0,    0,    0,    0,    0,    0,    0,    0,    0,    0,    0,    0,    0,    0,    0,    0,    0,  -13,    0,    0,    0,    0,   -5,    0,    0,    0,    0,    0,   -8,    0,    0,    0,    0,    0,    0,    0,    0,    0,   -5,   -5,   -5,    0,    0,    0,    0,    0,    0,    0,   -5,    0,  -11,  -16,  -13,   -5,    0,    0,    0,    0,    0,    0,    0,    0,    0,    0,    0,    0,    0,    0,    0,    0,    0,    0,    0,    0,    0,    0,    0,    0,    0,    0,    0,    0,   -8,    0,    0,    0,
       0,    5,    0,    0,  -13,  -11,   -8,    0,    0,    0,    0,    0,    0,    0,    0,    0,    0,    0,    0,    0,    0,    0,    0,    0,    0,    0,    0,    0,    0,   -8,    0,    0,    0,    5,   -5,    0,    0,   -7,    0,  -19,   -7,    0,    0,   -9,    0,    0,  -11,   -5,   -8,  -11,  -11,   -3,   -3,   -8,   -3,   -5,   -8,  -11,    0,   -5,    0,    0,    0,    0,    0,    0,    0,    3,    0,    0,    0,    0,    0,    0,    0,    0,    0,    0,    0,    0,    0,    0,    0,    0,    0,    0,    0,    0,    0,    0,    0,    0,    0,    0,    0,    0,    0,    0,    0,    0,    0,    0,
       0,    0,    0,    0,    0,    0,    0,    0,    0,    0,    0,    0,    0,    0,    0,    0,    0,    0,    0,    0,    0,    0,    0,    0,    0,    0,    0,    0,   -5,    0,    0,    0,    0,    0,   -5,    0,    0,    0,    0,    0,    0,    0,    0,   -8,    0,    0,    0,    0,    0,    0,    0,    0,    0,    0,    0,    0,   -5,    0,    0,    0,    0,    0,   -5,    0,    0,    0,    0,    0,    0,    0,   -5,    0,    0,    0,    0,    0,    0,    0,    0,    0,    0,    0,    0,    0,    0,    0,    0,    0,    0,    0,    0,    0,    0,    0,    0,    0,    0,    0,    0,    0,    0,    0,
       0,    0,    0,    0,   -5,    0,    0,    0,    0,    0,    0,    0,    0,    0,    0,    0,    0,    0,    0,    0,    0,    0,    0,    0,    0,    0,    0,    0,    0,    0,    0,    0,    0,    0,    0,    0,    0,    0,    0,    0,    0,    0,    0,   -3,    0,    0,    0,    0,    0,    0,    0,    0,    0,    0,    0,    0,    0,    0,    0,    0,    0,    0,    0,    0,    0,    0,    0,    0,    0,    0,    0,    0,    0,    0,    0,    0,    0,    0,    0,    0,    0,    0,    0,    0,    0,    0,    0,    0,    0,    0,    0,    0,    0,    0,    0,    0,    0,    0,    0,    0,    0,    0,
       0,  -24,    0,    0,   -3,    0,    0,    0,    0,    0,    0,    0,    0,    0,    0,    0,    0,    0,    0,    0,    0,    0,    0,    0,    0,    0,    0,    0,    0,    0,    0,    0,    0,  -16,    0,    0,    0,    0,   -5,    0,    0,    0,    0,    0,   -8,    0,    0,    0,    0,    0,    0,   -5,    0,    0,   -5,   -5,    0,   -5,    0,    0,    0,    0,    0,    0,    0,    0,    0,   -8,    0,    0,    0,    0,    0,    0,    0,    0,    0,    0,    0,    0,    0,    0,    0,    0,    0,    0,    0,    0,    0,    0,    0,    0,    0,    0,    0,    0,    0,    0,  -16,    0,    0,    0,
       0,    5,    0,    0,    0,   -3,   -3,    0,    0,    0,    0,    0,    0,    0,    0,    0,    0,    0,    0,    0,    0,    0,    0,    0,    0,    0,    0,    0,   -5,    0,    0,    0,    0,    0,   -5,    0,    0,    0,    0,    0,    0,    0,    0,  -11,   -3,    0,   -3,   -5,    0,    0,   -5,    0,    0,    0,   -3,   -3,   -5,    0,    0,    0,    0,    0,   -5,    0,    0,    0,    0,    0,    0,    0,  -13,    0,    0,    0,    0,    0,    0,    0,    0,    0,    0,    0,    0,    0,    0,    0,    0,    0,    0,    0,    0,    0,    0,    0,    0,    0,    0,    0,    0,    0,    0,    0,
       0,    5,    0,    0,  -19,   -5,   -3,    0,    0,    0,    0,    0,    0,    0,    0,    0,    0,    0,    0,    0,    0,    0,    0,    0,    0,    0,    0,    0,  -13,   -5,    0,    0,    0,    0,  -11,   -5,    0,  -24,    0,  -32,  -27,    0,    0,   -8,    0,   -8,  -13,  -11,   -3,  -27,  -16,   -8,   -5,  -13,    0,    0,   -5,  -13,   13,   -8,    0,    0,   -3,    0,    0,    0,    0,    0,    0,    0,   -5,   -8,  -13,    0,    0,    0,    0,    0,    0,    0,    0,    0,    0,    0,    0,    0,    0,    0,    0,    0,    0,    0,    0,    0,    0,    0,    0,    0,    0,    0,    0,    0,
       0,  -19,    0,    0,    0,    0,    0,    0,    0,    0,    0,    0,    0,    0,    0,    0,    0,    0,    0,    0,    0,    0,    0,    0,    0,    0,    0,    0,    0,   -3,    0,    0,    0,  -19,   -5,    0,   13,    0,   -8,    0,    0,    0,    0,   -9,  -16,    0,    0,    0,    0,    0,   -3,    0,    0,    0,   -8,   -5,   -8,    0,    0,    0,    0,    0,    0,    0,   -5,    0,  -11,  -13,  -16,    0,  -13,    0,    0,    0,   -3,    0,    0,    0,    0,    0,    0,    0,    0,    0,    0,    0,    0,    0,    0,    0,    0,    0,    0,    0,    0,    0,    0,    0,  -11,    0,    0,    0,
       0,    0,    0,    0,    0,    0,    0,    0,    0,    0,    0,    0,    0,    0,    0,    0,    0,    0,    0,    0,    0,    0,    0,    0,    0,    0,    0,    0,    0,    0,    0,    0,    0,    0,    0,    0,    0,    0,    0,    0,    0,    0,    0,    0,    0,    0,    0,    0,    0,    0,    0,   -3,    0,    0,    0,   -3,    0,    0,    0,    0,    0,    0,    0,    0,    0,    0,    0,    0,    0,    0,    0,    0,    0,    0,    0,    0,    0,    0,    0,    0,    0,    0,    0,    0,    0,    0,    0,    0,    0,    0,    0,    0,    0,    0,    0,    0,    0,    0,    0,    0,    0,    0,
       0,    0,    0,   -7,    0,    0,    0,    0,    0,    0,    0,    0,    0,    0,    0,    0,    0,    0,    0,    0,    0,    0,    0,    0,    0,    0,    0,    0,    0,    0,    0,    0,    0,    0,    0,    0,    0,    0,    0,    0,    0,    0,    0,    0,    0,    0,    0,    0,    0,    0,    0,   -3,    0,    0,    0,    0,   -4,   -3,    0,    0,    0,    0,    0,    0,    0,    0,    0,    0,    0,    0,    0,    0,    0,    0,    0,    0,    0,    0,    0,    0,    0,    0,    0,    0,    0,    0,    0,    0,    0,    0,    0,    0,    0,    0,    0,    0,    0,    0,    0,    0,    0,    0,
       0,    0,    0,    0,    8,    0,    0,    0,    0,    0,    0,    0,    0,    0,    0,    0,    0,    0,    0,    0,    0,    0,    0,    0,    0,    0,    0,    0,    0,    0,    0,    0,    0,    0,    0,    0,   24,    8,    0,    0,   11,    0,    0,   -3,   -7,    0,    0,    0,    0,    8,    0,    0,    0,    8,   -3,    8,   -5,    0,    0,    0,    0,   19,    0,    0,    0,    0,    0,    0,    0,    0,    0,    0,    0,    0,    0,    0,    0,    0,    0,    0,    0,    0,    0,    0,    0,    0,    0,    0,    0,    0,    0,    0,    0,    0,    0,    0,    0,    0,    0,    0,    0,    0,
       0,    0,    0,    0,  -11,    0,    0,    0,    0,    0,    0,    0,    0,    0,    0,    0,    0,    0,    0,    0,    0,    0,    0,    0,    0,    0,    0,    0,    0,    0,    0,    0,    0,   -5,    0,    0,    0,   -3,  -11,   -5,   -3,   -5,   -3,    0,    0,    0,    0,    0,    0,   -3,    0,   -4,    0,   -3,    0,    0,    0,   -3,    0,    0,    0,    0,    0,    0,    0,    0,   -3,   -3,   -3,    0,    0,    0,   -5,    0,    0,    0,    0,    0,    0,    0,    0,    0,    0,    0,    0,    0,    0,    0,    0,    0,    0,    0,    0,    0,    0,    0,    0,    0,    0,    0,    0,    0,
       0,    0,    0,    0,  -35,   -3,   -3,    0,    0,    0,    0,    0,    0,    0,    0,    0,    0,    0,    0,    0,    0,    0,    0,    0,    0,    0,    0,    0,   -5,   -3,    0,    0,    0,    0,    0,    0,    0,  -16,   -5,  -13,  -16,   -5,    0,   -3,    0,    0,   -7,    0,    0,  -13,   -3,    0,    0,  -11,    0,    0,    0,   -3,    0,    0,    0,    0,    0,    0,    0,    0,    0,    0,    0,    0,    0,    0,  -16,    0,    0,    0,    0,    0,    0,    0,    0,    0,    0,    0,    0,    0,    0,    0,    0,    0,    0,    0,    0,    0,    0,    0,    0,    0,    0,    0,    0,    0,
       0,   -3,    0,   -8,  -11,    0,   -3,    0,    0,    0,    0,    0,    0,    0,    0,    0,    0,    0,    0,    0,    0,    0,    0,    0,    0,    0,    0,    0,    0,    0,    0,    0,    0,   -9,    0,   -3,    0,   -7,   -8,   -9,   -8,  -11,   -8,    0,    0,   -3,    0,    0,    0,   -7,    0,   -4,    0,   -4,    0,    0,    0,   -3,    0,    0,    0,    0,    0,    0,    0,    0,    0,   -5,    0,    0,    0,    0,    0,    0,    0,    0,    0,    0,    0,    0,    0,    0,    0,    0,    0,    0,    0,    0,    0,    0,    0,    0,    0,    0,    0,    0,    0,    0,    0,    0,    0,    0,
       0,   -3,    0,    0,    0,    0,    0,    0,    0,    0,    0,    0,    0,    0,    0,    0,    0,    0,    0,    0,    0,    0,    0,    0,    0,    0,    0,    0,    0,    0,    0,    0,    0,  -11,    0,    0,    0,    0,  -11,    0,    0,    0,    0,    0,    0,    0,    0,    0,    0,    0,    0,   -5,    0,    0,   -3,   -3,    0,    0,    0,    0,    0,    0,    0,    0,    0,    0,    0,    0,    0,    0,    0,    0,    0,    0,    0,    0,    0,    0,    0,    0,    0,    0,    0,    0,    0,    0,    0,    0,    0,    0,    0,    0,    0,    0,    0,    0,    0,    0,    0,    0,    0,    0,
       0,    0,    0,    0,    0,    0,    0,    0,    0,    0,    0,    0,    0,    0,    0,    0,    0,    0,    0,    0,    0,    0,    0,    0,    0,    0,    0,    0,    0,    0,    0,    0,    0,  -16,    0,    0,    0,    0,  -11,   -3,    0,   -8,    0,    0,    0,   -5,    0,    0,    0,   -3,    0,   -5,    0,    0,   -3,   -8,   -3,   -3,    0,    0,    0,    0,    0,    0,    0,    0,    0,    0,    0,    0,    0,    0,    0,    0,    0,    0,    0,    0,    0,    0,    0,    0,    0,    0,    0,    0,    0,    0,    0,    0,    0,    0,    0,    0,    0,    0,    0,    0,    0,    0,    0,    0,
       0,    0,    0,   -3,    0,    0,    0,    0,    0,    0,    0,    0,    0,    0,    0,    0,    0,    0,    0,    0,    0,    0,    0,    0,    0,    0,    0,    0,    0,    0,    0,    0,    0,   -8,    0,    0,    0,    0,   -3,    0,    0,   -3,    0,    0,    0,   -3,    0,    0,    0,    0,    0,   -5,    0,    0,   -3,   -3,    0,    0,    0,    0,    0,    0,    0,    0,    0,    0,    0,    0,    0,    0,    0,    0,    0,    0,    0,    0,    0,    0,    0,    0,    0,    0,    0,    0,    0,    0,    0,    0,    0,    0,    0,    0,    0,    0,    0,    0,    0,    0,    0,    0,    0,    0,
       0,    8,    0,    0,  -11,   -5,    0,    0,    0,    0,    0,    0,    0,    0,    0,    0,    0,    0,    0,    0,    0,    0,    0,    0,    0,    0,    0,    0,    0,    0,    0,    0,    0,    0,    0,    0,    0,   -5,    0,   -8,   -8,   -3,    0,    0,    0,    0,    0,    0,    0,  -11,   -3,    0,    0,   -8,    0,    0,    0,    0,    0,    0,    0,    0,    0,    0,    0,    0,    0,    0,    0,    0,    0,    0,    0,    0,    0,    0,    0,    0,    0,    0,    0,    0,    0,    0,    0,    0,    0,    0,    0,    0,    0,    0,    0,    0,    0,    0,    0,    0,   11,    0,    0,    0,
       0,   -3,    0,    0,    5,    0,    0,    0,    0,    0,    0,    0,    0,    0,    0,    0,    0,    0,    0,    0,    0,    0,    0,    0,    0,    0,    0,    0,    0,    0,    0,    0,    0,   -8,    0,    0,   27,    5,    0,    0,    8,    0,    0,    0,   -4,    0,    0,    0,    0,    5,    0,    0,    0,    7,   -4,    0,   -8,    0,    0,    0,    0,   16,    0,    0,    0,    0,    0,    0,    0,    0,    0,    0,    0,    0,    0,    0,    0,    0,    0,    0,    0,    0,    0,    0,    0,    0,    0,    0,    0,    0,    0,    0,    0,    0,    0,    0,    0,    0,    0,    0,    0,    0,
       0,    0,    0,    0,    0,    0,    0,    0,    0,    0,    0,    0,    0,    0,    0,    0,    0,    0,    0,    0,    0,    0,    0,    0,    0,    0,    0,    0,    0,    0,    0,    0,    0,  -11,    0,    0,    0,    0,  -11,   -3,    0,   -5,    0,    0,    0,   -5,    0,    0,    0,   -3,    0,   -5,    0,    0,   -3,   -8,   -3,   -3,    0,    0,    0,    0,    0,    0,    0,    0,    0,    0,    0,    0,    0,    0,    0,    0,    0,    0,    0,    0,    0,    0,    0,    0,    0,    0,    0,    0,    0,    0,    0,    0,    0,    0,    0,    0,    0,    0,    0,    0,    0,    0,    0,    0,
       0,    0,    0,    0,    0,   -3,    0,    0,    0,    0,    0,    0,    0,    0,    0,    0,    0,    0,    0,    0,    0,    0,    0,    0,    0,    0,    0,    0,    0,    0,    0,    0,    0,   -3,   -4,    0,    0,    0,   -3,    0,    0,    0,    0,   -4,   -3,    0,   -5,    0,    0,    0,   -5,    0,    0,    0,    0,    0,   -5,   -3,    0,    0,    0,    0,    0,    0,    0,    0,    0,    0,    0,    0,    0,   -5,    0,    0,    0,    0,    0,    0,    0,    0,    0,    0,    0,    0,    0,    0,    0,    0,    0,    0,    0,    0,    0,    0,    0,    0,    0,    0,    8,    0,    0,    0,
       0,    0,    0,    0,    0,    0,    0,    0,    0,    0,    0,    0,    0,    0,    0,    0,    0,    0,    0,    0,    0,    0,    0,    0,    0,    0,    0,    0,    0,    0,    0,    0,    0,   -8,    0,    0,    0,    0,    0,    0,    0,    0,    0,    0,    0,    0,    0,    0,    0,    0,    0,    0,    0,    0,    0,    0,    0,    0,   -1,    0,    0,    0,    0,    0,    0,    0,    0,    0,    0,    0,    0,    0,    0,    0,    0,    0,    0,    0,    0,    0,    0,    0,    0,    0,    0,    0,    0,    0,    0,    0,    0,    0,    0,    0,    0,    0,    0,    0,    0,    0,    0,    0,
       0,    5,    0,    0,    0,    0,    0,    0,    0,    0,    0,    0,    0,    0,    0,    0,    0,    0,    0,    0,    0,    0,    0,    0,    0,    0,    0,    0,    0,    0,    0,    0,    0,   -5,    0,    0,    0,    0,    0,    0,    0,    0,    0,    0,    0,    0,    0,    0,    0,    0,   -3,    0,    0,    0,    0,    0,    0,   -3,    0,    0,    0,    0,    0,    0,    0,    0,    0,    0,    0,    0,    0,    0,    0,    0,    0,    0,    0,    0,    0,    0,    0,    0,    0,    0,    0,    0,    0,    0,    0,    0,    0,    0,    0,    0,    0,    0,    0,    0,    0,    0,    0,    0,
       0,    5,    0,    0,  -11,    0,    0,    0,    0,    0,    0,    0,    0,    0,    0,    0,    0,    0,    0,    0,    0,    0,    0,    0,    0,    0,    0,    0,    0,    0,    0,    0,    0,    0,    0,    0,    0,   -5,    0,   -5,   -8,   -3,    0,    0,    0,    0,   -3,    0,    0,  -13,   -8,    0,    0,  -13,    0,    0,    0,   -8,    0,    0,    0,    0,    0,    0,    0,    0,    0,    0,    0,    0,    0,    0,    0,    0,    0,    0,    0,    0,    0,    0,    0,    0,    0,    0,    0,    0,    0,    0,    0,    0,    0,    0,    0,    0,    0,    0,    0,    0,   11,    0,    0,    0,
       0,  -21,    0,    0,    0,    0,   -3,    0,    0,    0,    0,    0,    0,    0,    0,    0,    0,    0,    0,    0,    0,    0,    0,    0,    0,    0,    0,    0,    0,    0,    0,    0,    0,  -16,    0,    0,    0,    0,   -5,   -3,    0,   -3,    0,   -3,  -19,   -5,    0,    0,    0,    0,    0,   -5,    0,    0,  -16,  -12,  -11,   -5,    0,    0,    0,    0,    0,   -5,    0,    0,    0,    0,    0,   -8,    0,   -5,    0,    0,    0,    0,    0,    0,    0,    0,    0,    0,    0,    0,    0,    0,    0,    0,    0,    0,    0,    0,    0,    0,    0,    0,    0,    0,   -8,    0,    0,    0,
       0,   -3,    0,    0,    0,    0,    0,    0,    0,    0,    0,    0,    0,    0,    0,    0,    0,    0,    0,    0,    0,    0,    0,    0,    0,    0,    0,    0,    0,    0,    0,    0,    0,  -11,    0,    0,   21,    0,    0,    0,    0,    0,    0,    0,    0,    0,    0,    0,    0,    0,    0,    0,    0,    0,   -8,  -13,    0,    0,    0,    0,    0,    5,    0,    0,    0,    0,    0,    0,    0,    0,    0,    0,    0,    0,    0,    0,    0,    0,    0,    0,    0,    0,    0,    0,    0,    0,    0,    0,    0,    0,    0,    0,    0,    0,    0,    0,    0,    0,    0,    0,    0,    0,
       0,    0,    0,    0,    0,    0,    0,    0,    0,    0,    0,    0,    0,    0,    0,    0,    0,    0,    0,    0,    0,    0,    0,    0,    0,    0,    0,    0,    0,    0,    0,    0,    0,   -5,    0,    0,    0,    0,   -8,    0,    0,    0,    0,    0,    0,   -3,    0,    0,    0,    0,    0,    0,    0,    0,    0,    0,    0,   -5,    0,    0,    0,    0,    0,    0,    0,    0,    0,    0,    0,    0,    0,    0,    0,    0,    0,    0,    0,    0,    0,    0,    0,    0,    0,    0,    0,    0,    0,    0,    0,    0,    0,    0,    0,    0,    0,    0,    0,    0,    0,    0,    0,    0,
       0,    8,    0,    0,    0,    0,    0,    0,    0,    0,    0,    0,    0,    0,    0,    0,    0,    0,    0,    0,    0,    0,    0,    0,    0,    0,    0,    0,    0,    0,    0,    0,    0,    5,    0,    0,    0,    0,    0,    0,    0,    0,    0,    0,    0,    0,    0,    0,    0,    0,    0,    0,    0,    0,    0,    0,    0,    0,    8,    0,    3,    0,    0,    0,    0,    0,    0,    0,    0,    0,    0,    0,    0,    0,    0,    0,    0,    0,    0,    0,    0,    0,    0,    0,    0,    0,    0,    0,    0,    0,    0,    0,    0,    0,    0,    0,    0,    0,    0,    0,    0,    0,
       0,    0,    0,    0,    0,    0,    0,    0,    0,    0,    0,    0,    0,    0,    0,    0,    0,    0,    0,    0,    0,    0,    0,    0,    0,    0,    0,    0,    0,    0,    0,    0,    0,    0,    0,    0,    8,    0,    0,    0,    0,    0,    0,    0,    0,    0,    0,    0,    0,    0,    0,    0,    0,    0,    0,    0,    0,    0,    0,    0,    0,    5,    0,    0,    0,    0,    0,    0,    0,    0,    0,    0,    0,    0,    0,    0,    0,    0,    0,    0,    0,    0,    0,    0,    0,    0,    0,    0,    0,    0,    0,    0,    0,    0,    0,    0,    0,    0,    0,    0,    0,    0,
       0,   -3,    0,    0,    0,    0,    0,    0,    0,    0,    0,    0,    0,    0,    0,    0,    0,    0,    0,    0,    0,    0,    0,    0,    0,    0,    0,    0,    0,    0,    0,    0,    0,  -11,    0,    0,   11,    0,    0,    0,    0,    0,    0,    0,    0,    0,    0,    0,    0,    0,    0,    0,    0,    0,   -8,  -13,    0,    0,    0,    0,    0,    0,    0,    0,    0,    0,    0,    0,    0,    0,    0,    0,    0,    0,    0,    0,    0,    0,    0,    0,    0,    0,    0,    0,    0,    0,    0,    0,    0,    0,    0,    0,    0,    0,    0,    0,    0,    0,    0,    0,    0,    0,
       0,    0,    0,    0,  -11,    0,    0,    0,    0,    0,    0,    0,    0,    0,    0,    0,    0,    0,    0,    0,    0,    0,    0,    0,    0,    0,    0,    0,    0,    0,    0,    0,    0,    0,    0,    0,    0,    0,    0,    0,    0,    0,    0,    0,    0,    0,    0,    0,    0,   -5,    0,    0,    0,    0,    0,    0,    0,    0,    0,    0,    0,    0,    0,    0,    0,    0,    0,    0,    0,    0,    0,    0,    0,    0,    0,    0,    0,    0,    0,    0,    0,    0,    0,    0,    0,    0,    0,    0,    0,    0,    0,    0,    0,    0,    0,    0,    0,    0,    0,    0,    0,    0,
       0,  -11,    0,    0,    0,    0,    0,    0,    0,    0,    0,    0,    0,    0,    0,    0,    0,    0,    0,    0,    0,    0,    0,    0,    0,    0,    0,    0,    0,    0,    0,    0,    0,  -11,    0,    0,    0,    0,    0,    0,    0,    0,    0,    0,  -11,    0,    0,    0,    0,    0,    0,    0,    0,    0,   -5,    0,    0,    0,    0,    0,    0,    0,    0,    0,    0,    0,   -8,   -5,   -8,    0,    0,    0,    0,    0,    0,    0,    0,    0,    0,    0,    0,    0,    0,    0,    0,    0,    0,    0,    0,    0,    0,    0,    0,    0,    0,    0,    0,    0,    0,    0,    0,    0,
       0,  -19,    0,    0,    0,    0,    0,    0,    0,    0,    0,    0,    0,    0,    0,    0,    0,    0,    0,    0,    0,    0,    0,    0,    0,    0,    0,    0,    0,    0,    0,    0,    0,    0,    0,    0,    0,    0,    0,    0,    0,    0,    0,    0,    0,    0,   -5,    0,    0,    0,    0,    0,    0,    0,  -13,   -8,   -8,    0,    0,    0,    0,    0,    0,   -5,    0,    0,    0,    0,    0,   -5,    0,   -5,    0,    0,    0,    0,    0,    0,    0,    0,    0,    0,    0,    0,    0,    0,    0,    0,    0,    0,    0,    0,    0,    0,    0,    0,    0,    0,    0,    0,    0,    0,
       0,    0,    0,    0,  -11,    0,    0,    0,    0,    0,    0,    0,    0,    0,    0,    0,    0,    0,    0,    0,    0,    0,    0,    0,    0,    0,    0,    0,    0,    0,    0,    0,    0,    0,    0,    0,    0,    0,    0,    0,    0,    0,    0,    0,    0,    0,    0,    0,    0,    0,    0,    0,    0,    0,    0,    0,    0,    0,    0,    0,    0,    0,    0,    0,    0,    0,   -3,    0,   -3,    0,    0,    0,    0,    0,    0,    0,    0,    0,    0,    0,    0,    0,    0,    0,    0,    0,    0,    0,    0,    0,    0,    0,    0,    0,    0,    0,    0,    0,    0,    0,    0,    0,
       0,    0,    0,    0,  -16,  -11,    0,    0,    0,    0,    0,    0,    0,    0,    0,    0,    0,    0,    0,    0,    0,    0,    0,    0,    0,    0,    0,    0,  -16,   -8,    0,    0,    0,    5,   -5,    0,    0,  -11,    0,  -19,  -13,    0,    0,   -9,    0,    0,  -19,    0,    0,  -16,    0,   -5,   -5,    0,  -11,  -11,  -13,    0,    0,    0,    0,    0,   -5,   -5,    0,  -13,    0,    0,    0,  -11,  -13,  -19,  -13,  -21,    0,    0,    0,    0,    0,    0,    0,    0,    0,    0,    0,    0,    0,    0,    0,    0,    0,    0,    0,    0,    0,    0,    0,    0,    0,    0,    0,    0,
       0,    0,    0,    0,  -13,   -5,    0,    0,    0,    0,    0,    0,    0,    0,    0,    0,    0,    0,    0,    0,    0,    0,    0,    0,    0,    0,    0,    0,    0,    0,    0,    0,    0,    0,    0,    0,    0,    0,    0,   -8,    0,    0,    0,    0,    0,    0,   -3,    0,    0,  -11,   -3,    0,    0,   -8,    0,    0,    0,    0,    0,    0,    0,    0,    0,    0,    0,    0,    0,    0,    0,    0,    0,    0,    0,    0,    0,    0,    0,    0,    0,    0,    0,    0,    0,    0,    0,    0,    0,    0,    0,    0,    0,    0,    0,    0,    0,    0,    0,    0,    0,    0,    0,    0,
       0,    0,    0,    0,  -13,   -5,    0,    0,    0,    0,    0,    0,    0,    0,    0,    0,    0,    0,    0,    0,    0,    0,    0,    0,    0,    0,    0,    0,    0,    0,    0,    0,    0,    5,    0,    0,    0,    0,    0,  -16,    0,    0,    0,    0,    0,    0,  -11,    0,    0,  -13,    0,   -5,   -5,    0,    0,    0,  -13,    0,    5,    0,    0,    0,   -5,    0,    0,   -8,    0,    5,    0,    0,   -5,   -8,  -11,    0,    0,    0,    0,    0,    0,    0,    0,    0,    0,    0,    0,    0,    0,    0,    0,    0,    0,    0,    0,    0,    0,    0,    0,    0,    0,    0,    0,    0,
       0,    0,    0,    0,   -8,    0,    0,    0,    0,    0,    0,    0,    0,    0,    0,    0,    0,    0,    0,    0,    0,    0,    0,    0,    0,    0,    0,    0,    0,    0,    0,    0,    0,    0,    0,    0,    0,    0,    0,    0,    0,    0,    0,    0,    0,    0,   -5,    0,    0,   -8,    0,    0,    0,    0,    0,    0,    0,    0,    0,    0,    0,    0,    0,    0,    0,    0,    0,    0,    0,    0,    0,    0,    0,    0,    0,    0,    0,    0,    0,    0,    0,    0,    0,    0,    0,    0,    0,    0,    0,    0,    0,    0,    0,    0,    0,    0,    0,    0,    0,    0,    0,    0,
       0,    0,    0,    0,    0,    0,    0,    0,    0,    0,    0,    0,    0,    0,    0,    0,    0,    0,    0,    0,    0,    0,    0,    0,    0,    0,    0,    0,    0,    0,    0,    0,    0,    0,    0,    0,    0,    0,    0,    0,    0,    0,    0,    0,    0,    0,    0,    0,    0,    0,    0,    0,    0,    0,   -5,    0,  -13,    0,    0,    0,    0,    0,   -5,    0,    0,    0,    0,    0,    0,    0,  -13,   -5,    0,    0,    0,    0,    0,    0,    0,    0,    0,    0,    0,    0,    0,    0,    0,    0,    0,    0,    0,    0,    0,    0,    0,    0,    0,    0,    0,    0,    0,    0,
       0,    0,    0,    0,    0,    0,    0,    0,    0,    0,    0,    0,    0,    0,    0,    0,    0,    0,    0,    0,    0,    0,    0,    0,    0,    0,    0,    0,    0,    0,    0,    0,    0,    0,    0,    0,    0,    0,    0,    0,    0,    0,    0,    0,    0,    0,   -3,    0,    0,    0,    0,    0,    0,    0,    0,    0,   -3,    0,    0,    0,    0,    0,    0,    0,    0,    0,    0,    0,    0,    0,    0,    0,    0,    0,    0,    0,    0,    0,    0,    0,    0,    0,    0,    0,    0,    0,    0,    0,    0,    0,    0,    0,    0,    0,    0,    0,    0,    0,    0,    0,    0,    0,
       0,    0,    0,    0,  -16,    0,    0,    0,    0,    0,    0,    0,    0,    0,    0,    0,    0,    0,    0,    0,    0,    0,    0,    0,    0,    0,    0,    0,    0,    0,    0,    0,    0,    0,    0,    0,    0,    0,    0,  -16,    0,    0,    0,    0,    0,    0,  -13,    0,    0,  -13,    0,    0,    0,    0,    0,    0,  -11,    0,    5,    0,    0,    0,   -5,    0,    0,   -8,    0,    0,    0,    0,    0,  -11,  -11,  -11,   -3,    0,    0,    0,    0,    0,    0,    0,    0,    0,    0,    0,    0,    0,    0,    0,    0,    0,    0,    0,    0,    0,    0,    0,    0,    0,    0,    0,
       0,    0,    0,    0,  -11,    0,    0,    0,    0,    0,    0,    0,    0,    0,    0,    0,    0,    0,    0,    0,    0,    0,    0,    0,    0,    0,    0,    0,    0,    0,    0,    0,    0,    0,    0,    0,    0,    0,    0,    0,    0,    0,    0,    0,    0,    0,    0,    0,    0,   -3,    0,    0,    0,    0,    0,    0,    0,    0,    0,    0,    0,    0,    0,    0,    0,    0,    0,    0,    0,    0,    0,    0,    0,    0,    0,    0,    0,    0,    0,    0,    0,    0,    0,    0,    0,    0,    0,    0,    0,    0,    0,    0,    0,    0,    0,    0,    0,    0,    0,    0,    0,    0,
       0,    0,    0,    0,    0,    0,    0,    0,    0,    0,    0,    0,    0,    0,    0,    0,    0,    0,    0,    0,    0,    0,    0,    0,    0,    0,    0,    0,    0,    0,    0,    0,    0,   -5,    0,    0,    0,    0,    0,    0,    0,    0,    0,    0,    0,    0,    0,    0,    0,    0,    0,    0,    0,    0,    0,    0,    0,    0,    0,    0,    0,    0,    0,    0,    0,    0,   -3,    0,   -3,    0,    0,    0,    0,    0,    0,    0,    0,    0,    0,    0,    0,    0,    0,    0,    0,    0,    0,    0,    0,    0,    0,    0,    0,    0,    0,    0,    0,    0,    0,    0,    0,    0,
       0,   -3,    0,    0,    0,    0,    0,    0,    0,    0,    0,    0,    0,    0,    0,    0,    0,    0,    0,    0,    0,    0,    0,    0,    0,    0,    0,    0,    0,    0,    0,    0,    0,    0,    0,    0,    0,    0,    0,    0,    0,    0,    0,    0,    0,    0,    0,    0,    0,    0,    0,   -5,    0,    0,    0,   -3,    0,    0,    0,    0,    0,    0,    0,    0,    0,    0,    0,    0,    0,    0,    0,    0,    0,    0,    0,    0,    0,    0,    0,    0,    0,    0,    0,    0,    0,    0,    0,    0,    0,    0,    0,    0,    0,    0,    0,    0,    0,    0,    0,    0,    0,    0,
       0,    0,    0,    0,    0,    0,    0,    0,    0,    0,    0,    0,    0,    0,    0,    0,    0,    0,    0,    0,    0,    0,    0,    0,    0,    0,    0,    0,    0,    0,    0,    0,    0,    0,    0,    0,    0,    0,    0,    0,    0,    0,    0,    0,    0,    0,    0,    0,    0,    0,    0,    0,    0,    0,    0,    0,    0,    0,    0,    0,    0,    0,    0,    0,    0,    0,    0,    0,    0,    0,    0,    0,    0,    0,    0,    0,    0,    0,    0,    0,    0,    0,    0,   -5,    0,   -2,   -2,    0,    0,    0,    0,    0,   -5,    0,   -3,    0,   -5,    0,    0,    0,    0,    0,
       0,    0,    0,    0,    0,    0,    0,    0,    0,    0,    0,    0,    0,    0,    0,    0,    0,    0,    0,    0,    0,    0,    0,    0,    0,    0,    0,    0,    0,    0,    0,    0,    0,    0,    0,    0,    0,    0,    0,    0,    0,    0,    0,    0,    0,    0,    0,    0,    0,    0,    0,    0,    0,    0,    0,    0,    0,    0,    0,    0,    0,    0,    0,    0,    0,    0,    0,    0,    0,    0,    0,    0,    0,    0,    0,    0,    0,    0,   -3,    0,    0,    0,    0,    0,   -5,    0,    0,    0,    0,   -9,    0,    0,   -9,    0,    0,   -7,    0,    0,    0,    0,    0,    0,
       0,    0,    0,    0,    0,    0,    0,    0,    0,    0,    0,    0,    0,    0,    0,    0,    0,    0,    0,    0,    0,    0,    0,    0,    0,    0,    0,    0,    0,    0,    0,    0,    0,    0,    0,    0,    0,    0,    0,    0,    0,    0,    0,    0,    0,    0,    0,    0,    0,    0,    0,    0,    0,    0,    0,    0,    0,    0,    0,    0,    0,    0,    0,    0,    0,    0,    0,    0,    0,    0,    0,    0,    0,    0,    0,    0,    1,    0,    0,    0,    0,    0,   -5,   -9,    0,   -3,   -4,    0,   -6,    0,    0,    0,   -7,    0,    0,    0,    0,    0,    0,    0,    0,    0,
       0,    0,    0,    0,    0,    0,    0,    0,    0,    0,    0,    0,    0,    0,    0,    0,    0,    0,    0,    0,    0,    0,    0,    0,    0,    0,    0,    0,    0,    0,    0,    0,    0,    0,    0,    0,    0,    0,    0,    0,    0,    0,    0,    0,    0,    0,    0,    0,    0,    0,    0,    0,    0,    0,    0,    0,    0,    0,    0,    0,    0,    0,    0,    0,    0,    0,    0,    0,    0,    0,    0,    0,    0,    0,    0,    0,  -11,    0,    0,   -5,    0,    0,   -5,    0,  -13,  -10,    0,   -7,   -3,   -9,    0,  -13,  -10,    0,    0,  -10,    0,    0,    0,    0,    0,    0,
       0,    0,    0,    0,    0,    0,    0,    0,    0,    0,    0,    0,    0,    0,    0,    0,    0,    0,    0,    0,    0,    0,    0,    0,    0,    0,    0,    0,    0,    0,    0,    0,    0,    0,    0,    0,    0,    0,    0,    0,    0,    0,    0,    0,    0,    0,    0,    0,    0,    0,    0,    0,    0,    0,    0,    0,    0,    0,    0,    0,    0,    0,    0,    0,    0,    0,    0,    0,    0,    0,    0,    0,    0,    0,    0,    0,   -2,    0,    0,    0,    0,    0,   -4,    0,    0,    0,    0,   -3,    0,   -2,    0,    0,   -5,    0,    0,   -3,    0,    0,    0,    0,    0,    0,
       0,    0,    0,    0,    0,    0,    0,    0,    0,    0,    0,    0,    0,    0,    0,    0,    0,    0,    0,    0,    0,    0,    0,    0,    0,    0,    0,    0,    0,    0,    0,    0,    0,    0,    0,    0,    0,    0,    0,    0,    0,    0,    0,    0,    0,    0,    0,    0,    0,    0,    0,    0,    0,    0,    0,    0,    0,    0,    0,    0,    0,    0,    0,    0,    0,    0,    0,    0,    0,    0,    0,    0,    0,    0,    0,    0,   -5,    0,    0,    0,    0,    0,    0,    0,    0,    0,    0,    0,    0,    0,    0,    0,    0,    0,    0,    0,    0,    0,    0,    0,    0,    0,
       0,    0,    0,    0,    0,    0,    0,    0,    0,    0,    0,    0,    0,    0,    0,    0,    0,    0,    0,    0,    0,    0,    0,    0,    0,    0,    0,    0,    0,    0,    0,    0,    0,    0,    0,    0,    0,    0,    0,    0,    0,    0,    0,    0,    0,    0,    0,    0,    0,    0,    0,    0,    0,    0,    0,    0,    0,    0,    0,    0,    0,    0,    0,    0,    0,    0,    0,    0,    0,    0,    0,    0,    0,    0,    0,    0,    0,    0,   -3,    0,    0,    0,   -5,    0,   -5,   -2,    0,    0,    0,    0,    0,   -3,   -6,   -5,   -5,   -3,    0,    0,    0,    0,    0,    0,
       0,    0,    0,    0,    0,    0,    0,    0,    0,    0,    0,    0,    0,    0,    0,    0,    0,    0,    0,    0,    0,    0,    0,    0,    0,    0,    0,    0,    0,    0,    0,    0,    0,    0,    0,    0,    0,    0,    0,    0,    0,    0,    0,    0,    0,    0,    0,    0,    0,    0,    0,    0,    0,    0,    0,    0,    0,    0,    0,    0,    0,    0,    0,    0,    0,    0,    0,    0,    0,    0,    0,    0,    0,    0,    0,    0,  -17,    0,    0,   -5,    0,   -2,   -2,    0,    0,   -2,    0,   -8,   -2,   -2,    0,    0,   -6,    0,    0,   -5,    0,   -5,    0,    0,    0,    0,
       0,    0,    0,    0,    0,    0,    0,    0,    0,    0,    0,    0,    0,    0,    0,    0,    0,    0,    0,    0,    0,    0,    0,    0,    0,    0,    0,    0,    0,    0,    0,    0,    0,    0,    0,    0,    0,    0,    0,    0,    0,    0,    0,    0,    0,    0,    0,    0,    0,    0,    0,    0,    0,    0,    0,    0,    0,    0,    0,    0,    0,    0,    0,    0,    0,    0,    0,    0,    0,    0,    0,    0,    0,    0,    0,    0,    0,    0,    0,    0,    0,    0,   -5,    0,    0,   -3,    0,    0,   -4,   -4,    0,   -7,   -7,    0,    0,    0,    0,    0,    0,    0,    0,    0,
       0,    0,    0,    0,    0,    0,    0,    0,    0,    0,    0,    0,    0,    0,    0,    0,    0,    0,    0,    0,    0,    0,    0,    0,    0,    0,    0,    0,    0,    0,    0,    0,    0,    0,    0,    0,    0,    0,    0,    0,    0,    0,    0,    0,    0,    0,    0,    0,    0,    0,    0,    0,    0,    0,    0,    0,    0,    0,    0,    0,    0,    0,    0,    0,    0,    0,    0,    0,    0,    0,    0,    0,    0,    0,    0,    0,  -11,   -1,    0,    0,    0,    0,   -5,    0,   -8,   -7,    0,    0,    0,   -5,    0,  -10,   -4,    0,    0,    0,    5,   -2,    0,    0,    0,    0,
       0,    0,    0,    0,    0,    0,    0,    0,    0,    0,    0,    0,    0,    0,    0,    0,    0,    0,    0,    0,    0,    0,    0,    0,    0,    0,    0,    0,    0,    0,    0,    0,    0,    0,    0,    0,    0,    0,    0,    0,    0,    0,    0,    0,    0,    0,    0,    0,    0,    0,    0,    0,    0,    0,    0,    0,    0,    0,    0,    0,    0,    0,    0,    0,    0,    0,    0,    0,    0,    0,    0,    0,    0,    0,    0,    0,    0,    0,    0,    0,    0,    0,    0,    0,    0,   -5,    0,   -3,   -5,   -6,    0,    0,   -7,    0,    0,    0,    0,    0,    0,    0,    0,    0,
       0,    0,    0,    0,    0,    0,    0,    0,    0,    0,    0,    0,    0,    0,    0,    0,    0,    0,    0,    0,    0,    0,    0,    0,    0,    0,    0,    0,    0,    0,    0,    0,    0,    0,    0,    0,    0,    0,    0,    0,    0,    0,    0,    0,    0,    0,    0,    0,    0,    0,    0,    0,    0,    0,    0,    0,    0,    0,    0,    0,    0,    0,    0,    0,    0,    0,    0,    0,    0,    0,    0,    0,    0,    0,    0,    0,    0,    0,    0,    0,    0,    0,   -4,   -4,    0,   -7,    0,    0,    0,    0,    0,    0,    0,    0,    0,    0,    0,    0,    0,    0,    0,    0,
       0,    0,    0,    0,    0,    0,    0,    0,    0,    0,    0,    0,    0,    0,    0,    0,    0,    0,    0,    0,    0,    0,    0,    0,    0,    0,    0,    0,    0,    0,    0,    0,    0,    0,    0,    0,    0,    0,    0,    0,    0,    0,    0,    0,    0,    0,    0,    0,    0,    0,    0,    0,    0,    0,    0,    0,    0,    0,    0,    0,    0,    0,    0,    0,    0,    0,    0,    0,    0,    0,    0,    0,    0,    0,    0,    0,    0,    0,    0,    0,    0,    0,   -1,    0,   -8,    0,   -1,    0,    0,   -1,    0,   -8,   -3,    0,    0,   -3,    0,    0,    0,    0,    0,    0,
       0,    0,    0,    0,    0,    0,    0,    0,    0,    0,    0,    0,    0,    0,    0,    0,    0,    0,    0,    0,    0,    0,    0,    0,    0,    0,    0,    0,    0,    0,    0,    0,    0,    0,    0,    0,    0,    0,    0,    0,    0,    0,    0,    0,    0,    0,    0,    0,    0,    0,    0,    0,    0,    0,    0,    0,    0,    0,    0,    0,    0,    0,    0,    0,    0,    0,    0,    0,    0,    0,    0,    0,    0,    0,    0,    0,    0,    0,    0,    0,    0,    0,   -2,    0,    0,    0,    0,    0,    0,   -7,    0,    0,    0,    0,    0,    0,    0,    0,    0,    0,    0,    0,
       0,    0,    0,    0,    0,    0,    0,    0,    0,    0,    0,    0,    0,    0,    0,    0,    0,    0,    0,    0,    0,    0,    0,    0,    0,    0,    0,    0,    0,    0,    0,    0,    0,    0,    0,    0,    0,    0,    0,    0,    0,    0,    0,    0,    0,    0,    0,    0,    0,    0,    0,    0,    0,    0,    0,    0,    0,    0,    0,    0,    0,    0,    0,    0,    0,    0,    0,    0,    0,    0,    0,    0,    0,    0,    0,    0,    0,    0,    0,    0,    0,    0,    0,    0,   -2,   -5,   -2,    0,    0,   -2,    0,   -7,   -1,    0,    0,    0,   -2,    0,    0,    0,    0,    0,
       0,    0,    0,    0,    0,    0,    0,    0,    0,    0,    0,    0,    0,    0,    0,    0,    0,    0,    0,    0,    0,    0,    0,    0,    0,    0,    0,    0,    0,    0,    0,    0,    0,    0,    0,    0,    0,    0,    0,    0,    0,    0,    0,    0,    0,    0,    0,    0,    0,    0,    0,    0,    0,    0,    0,    0,    0,    0,    0,    0,    0,    0,    0,    0,    0,    0,    0,    0,    0,    0,    0,    0,    0,    0,    0,   -3,   -7,    0,   -5,    0,    0,    0,    0,   -5,    0,    0,    0,   -7,    0,   -9,    0,    0,   -7,    0,    0,    0,    0,    0,    0,    0,    0,    0,
       0,    0,    0,    0,    0,    0,    0,    0,    0,    0,    0,    0,    0,    0,    0,    0,    0,    0,    0,    0,    0,    0,    0,    0,    0,    0,    0,    0,    0,    0,    0,    0,    0,    0,    0,    0,    0,    0,    0,    0,    0,    0,    0,    0,    0,    0,    0,    0,    0,    0,    0,    0,    0,    0,    0,    0,    0,    0,    0,    0,    0,    0,    0,    0,    0,    0,    0,    0,    0,    0,    0,    0,    0,    0,    0,    0,  -11,    0,    0,    0,    0,    0,   -5,    0,   -4,   -5,    0,    0,   -2,   -3,    0,   -8,   -3,    0,    0,   -5,    0,   -6,    0,    0,    0,    0,
       0,    0,    0,    0,    0,    0,    0,    0,    0,    0,    0,    0,    0,    0,    0,    0,    0,    0,    0,    0,    0,    0,    0,    0,    0,    0,    0,    0,    0,    0,    0,    0,    0,    0,    0,    0,    0,    0,    0,    0,    0,    0,    0,    0,    0,    0,    0,    0,    0,    0,    0,    0,    0,    0,    0,    0,    0,    0,    0,    0,    0,    0,    0,    0,    0,    0,    0,    0,    0,    0,    0,    0,    0,    0,    0,    0,   -6,    0,    0,    0,    0,    0,   -1,    0,    0,   -6,    0,   -2,    0,   -3,    0,    0,   -2,    0,    0,   -2,    0,    0,    0,    0,    0,    0,
       0,    0,    0,    0,    0,    0,    0,    0,    0,    0,    0,    0,    0,    0,    0,    0,    0,    0,    0,    0,    0,    0,    0,    0,    0,    0,    0,    0,    0,    0,    0,    0,    0,    0,    0,    0,    0,    0,    0,    0,    0,    0,    0,    0,    0,    0,    0,    0,    0,    0,    0,    0,    0,    0,    0,    0,    0,    0,    0,    0,    0,    0,    0,    0,    0,    0,    0,    0,    0,    0,    0,    0,    0,    0,    0,    0,    0,    0,  -12,    0,  -13,    0,    0,   -4,    0,   -5,   -1,    0,   -9,  -11,  -11,    0,   -7,    0,    0,    0,   -5,    0,    0,    0,    0,    0,
       0,    0,    0,    0,    0,    0,    0,    0,    0,    0,    0,    0,    0,    0,    0,    0,    0,    0,    0,    0,    0,    0,    0,    0,    0,    0,    0,    0,    0,    0,    0,    0,    0,    0,    0,    0,    0,    0,    0,    0,    0,    0,    0,    0,    0,    0,    0,    0,    0,    0,    0,    0,    0,    0,    0,    0,    0,    0,    0,    0,    0,    0,    0,    0,    0,    0,    0,    0,    0,    0,    0,    0,    0,    0,    0,    0,    0,    0,    0,    0,    0,    0,    0,    0,    0,    0,    0,    0,    0,    0,    0,    0,    0,    0,    0,    0,    0,    0,    0,  -11,   -7,   -8,
};

static const EpdLigaturePair notosans_8_regularLigaturePairs[] = {
    { 0x00660066, 0xFB00 }, // f f -> U+FB00
    { 0x00660069, 0xFB01 }, // f i -> U+FB01
    { 0x0066006C, 0xFB02 }, // f l -> U+FB02
    { 0xFB000069, 0xFB03 }, // U+FB00 i -> U+FB03
    { 0xFB00006C, 0xFB04 }, // U+FB00 l -> U+FB04
};

static const EpdFontData notosans_8_regular = {
    notosans_8_regularBitmaps,
    notosans_8_regularGlyphs,
    notosans_8_regularIntervals,
    1651,
    23,
    18,
    -5,
    false,
    nullptr,
    0,
    nullptr,
    notosans_8_regularKernLeftClasses,
    notosans_8_regularKernRightClasses,
    notosans_8_regularKernMatrix,
    501,
    516,
    107,
    102,
    notosans_8_regularLigaturePairs,
    5,
};
